source,source_key,entity_type,release_window,window_start,window_end,entity_id,num_docs,inferred_log_docs,log_doc_rate
JIRA,jira,project,2021-01_to_2021-04,2021-01,2021-04,A,11,5,0.454545
JIRA,jira,project,2021-01_to_2021-04,2021-01,2021-04,AMQ Broker,155,32,0.206452
JIRA,jira,project,2021-01_to_2021-04,2021-01,2021-04,AMQ Clients,10,3,0.300000
JIRA,jira,project,2021-01_to_2021-04,2021-01,2021-04,AMQ Documentation,13,1,0.076923
JIRA,jira,project,2021-01_to_2021-04,2021-01,2021-04,AMQ Interconnect,23,1,0.043478
JIRA,jira,project,2021-01_to_2021-04,2021-01,2021-04,AMQ Streams,36,8,0.222222
JIRA,jira,project,2021-01_to_2021-04,2021-01,2021-04,ActiveMQ,13,13,1.000000
JIRA,jira,project,2021-01_to_2021-04,2021-01,2021-04,ActiveMQ (Read,11,2,0.181818
JIRA,jira,project,2021-01_to_2021-04,2021-01,2021-04,ActiveMQ .Net,4,3,0.750000
JIRA,jira,project,2021-01_to_2021-04,2021-01,2021-04,ActiveMQ Artemis,32,32,1.000000
JIRA,jira,project,2021-01_to_2021-04,2021-01,2021-04,ActiveMQ C++ Client,2,0,0.000000
JIRA,jira,project,2021-01_to_2021-04,2021-01,2021-04,Activity Streams,2,0,0.000000
JIRA,jira,project,2021-01_to_2021-04,2021-01,2021-04,Admin Experience,26,1,0.038462
JIRA,jira,project,2021-01_to_2021-04,2021-01,2021-04,Advanced Roadmaps,7,7,1.000000
JIRA,jira,project,2021-01_to_2021-04,2021-01,2021-04,AeroGear,1,1,1.000000
JIRA,jira,project,2021-01_to_2021-04,2021-01,2021-04,Aesh,1,1,1.000000
JIRA,jira,project,2021-01_to_2021-04,2021-01,2021-04,Agroal,2,1,0.500000
JIRA,jira,project,2021-01_to_2021-04,2021-01,2021-04,Airavata,9,4,0.444444
JIRA,jira,project,2021-01_to_2021-04,2021-01,2021-04,Ambari,30,18,0.600000
JIRA,jira,project,2021-01_to_2021-04,2021-01,2021-04,Apache AGE,1,0,0.000000
JIRA,jira,project,2021-01_to_2021-04,2021-01,2021-04,Apache AWF (Retired),1,0,0.000000
JIRA,jira,project,2021-01_to_2021-04,2021-01,2021-04,Apache Any23,1,1,1.000000
JIRA,jira,project,2021-01_to_2021-04,2021-01,2021-04,Apache Arrow,1503,273,0.181637
JIRA,jira,project,2021-01_to_2021-04,2021-01,2021-04,Apache AsterixDB,9,7,0.777778
JIRA,jira,project,2021-01_to_2021-04,2021-01,2021-04,Apache Avro,50,30,0.600000
JIRA,jira,project,2021-01_to_2021-04,2021-01,2021-04,Apache BlueMarlin (Retired),1,0,0.000000
JIRA,jira,project,2021-01_to_2021-04,2021-01,2021-04,Apache Cassandra,114,47,0.412281
JIRA,jira,project,2021-01_to_2021-04,2021-01,2021-04,Apache Curator,10,2,0.200000
JIRA,jira,project,2021-01_to_2021-04,2021-01,2021-04,Apache DataLab,1,1,1.000000
JIRA,jira,project,2021-01_to_2021-04,2021-01,2021-04,Apache DataLab (Retired),7,0,0.000000
JIRA,jira,project,2021-01_to_2021-04,2021-01,2021-04,Apache Datasketches,1,0,0.000000
JIRA,jira,project,2021-01_to_2021-04,2021-01,2021-04,Apache Drill,28,22,0.785714
JIRA,jira,project,2021-01_to_2021-04,2021-01,2021-04,Apache Dubbo,30,0,0.000000
JIRA,jira,project,2021-01_to_2021-04,2021-01,2021-04,Apache EventMesh,1,0,0.000000
JIRA,jira,project,2021-01_to_2021-04,2021-01,2021-04,Apache Fineract,35,11,0.314286
JIRA,jira,project,2021-01_to_2021-04,2021-01,2021-04,Apache Freemarker,4,2,0.500000
JIRA,jira,project,2021-01_to_2021-04,2021-01,2021-04,Apache Gobblin,31,8,0.258065
JIRA,jira,project,2021-01_to_2021-04,2021-01,2021-04,Apache Gora,2,2,1.000000
JIRA,jira,project,2021-01_to_2021-04,2021-01,2021-04,Apache HAWQ,2,2,1.000000
JIRA,jira,project,2021-01_to_2021-04,2021-01,2021-04,Apache Hop,35,35,1.000000
JIRA,jira,project,2021-01_to_2021-04,2021-01,2021-04,Apache Hop (Retired),64,4,0.062500
JIRA,jira,project,2021-01_to_2021-04,2021-01,2021-04,Apache Hudi,198,62,0.313131
JIRA,jira,project,2021-01_to_2021-04,2021-01,2021-04,Apache InLong,62,2,0.032258
JIRA,jira,project,2021-01_to_2021-04,2021-01,2021-04,Apache IoTDB,52,33,0.634615
JIRA,jira,project,2021-01_to_2021-04,2021-01,2021-04,Apache Jena,18,18,1.000000
JIRA,jira,project,2021-01_to_2021-04,2021-01,2021-04,Apache Knox,12,9,0.750000
JIRA,jira,project,2021-01_to_2021-04,2021-01,2021-04,Apache Liminal (Retired),3,0,0.000000
JIRA,jira,project,2021-01_to_2021-04,2021-01,2021-04,Apache MADlib,16,15,0.937500
JIRA,jira,project,2021-01_to_2021-04,2021-01,2021-04,Apache Marvin,2,2,1.000000
JIRA,jira,project,2021-01_to_2021-04,2021-01,2021-04,Apache Maven Resource Bundles (Moved to GitHub Issues),1,0,0.000000
JIRA,jira,project,2021-01_to_2021-04,2021-01,2021-04,Apache MetaModel (Retired),5,5,1.000000
JIRA,jira,project,2021-01_to_2021-04,2021-01,2021-04,Apache Nemo,1,1,1.000000
JIRA,jira,project,2021-01_to_2021-04,2021-01,2021-04,Apache Nemo (Retired),8,0,0.000000
JIRA,jira,project,2021-01_to_2021-04,2021-01,2021-04,Apache NiFi,146,75,0.513699
JIRA,jira,project,2021-01_to_2021-04,2021-01,2021-04,Apache NiFi MiNiFi ,3,3,1.000000
JIRA,jira,project,2021-01_to_2021-04,2021-01,2021-04,Apache NiFi MiNiFi C++,32,12,0.375000
JIRA,jira,project,2021-01_to_2021-04,2021-01,2021-04,Apache NuttX,5,0,0.000000
JIRA,jira,project,2021-01_to_2021-04,2021-01,2021-04,Apache Ozone,202,90,0.445545
JIRA,jira,project,2021-01_to_2021-04,2021-01,2021-04,Apache PLC4X,17,11,0.647059
JIRA,jira,project,2021-01_to_2021-04,2021-01,2021-04,Apache Roller,2,0,0.000000
JIRA,jira,project,2021-01_to_2021-04,2021-01,2021-04,Apache S4 (Retired),17,0,0.000000
JIRA,jira,project,2021-01_to_2021-04,2021-01,2021-04,Apache Science Data Analytics Platform,7,1,0.142857
JIRA,jira,project,2021-01_to_2021-04,2021-01,2021-04,Apache Sedona,4,2,0.500000
JIRA,jira,project,2021-01_to_2021-04,2021-01,2021-04,Apache ServiceComb,19,7,0.368421
JIRA,jira,project,2021-01_to_2021-04,2021-01,2021-04,Apache Storm,38,12,0.315789
JIRA,jira,project,2021-01_to_2021-04,2021-01,2021-04,Apache Submarine,23,6,0.260870
JIRA,jira,project,2021-01_to_2021-04,2021-01,2021-04,Apache Tez,21,19,0.904762
JIRA,jira,project,2021-01_to_2021-04,2021-01,2021-04,Apache Tomcat Maven Plugin,1,1,1.000000
JIRA,jira,project,2021-01_to_2021-04,2021-01,2021-04,Apache Unomi,47,1,0.021277
JIRA,jira,project,2021-01_to_2021-04,2021-01,2021-04,Apache Wayang,4,1,0.250000
JIRA,jira,project,2021-01_to_2021-04,2021-01,2021-04,Apache YuniKorn,161,16,0.099379
JIRA,jira,project,2021-01_to_2021-04,2021-01,2021-04,AppFormer,17,7,0.411765
JIRA,jira,project,2021-01_to_2021-04,2021-01,2021-04,Aries,6,3,0.500000
JIRA,jira,project,2021-01_to_2021-04,2021-01,2021-04,Artemis,42,10,0.238095
JIRA,jira,project,2021-01_to_2021-04,2021-01,2021-04,Artifactory Binary Repository,71,71,1.000000
JIRA,jira,project,2021-01_to_2021-04,2021-01,2021-04,Atlas,37,32,0.864865
JIRA,jira,project,2021-01_to_2021-04,2021-01,2021-04,Atlas SQL,1,0,0.000000
JIRA,jira,project,2021-01_to_2021-04,2021-01,2021-04,Atlassian Browser DevTools,1,0,0.000000
JIRA,jira,project,2021-01_to_2021-04,2021-01,2021-04,Atlassian Cache,1,0,0.000000
JIRA,jira,project,2021-01_to_2021-04,2021-01,2021-04,Atlassian Cloud,45,4,0.088889
JIRA,jira,project,2021-01_to_2021-04,2021-01,2021-04,Atlassian Connect,3,0,0.000000
JIRA,jira,project,2021-01_to_2021-04,2021-01,2021-04,Atlassian Connect Express (Node.js),1,0,0.000000
JIRA,jira,project,2021-01_to_2021-04,2021-01,2021-04,Atlassian Connect JavaScript API,4,1,0.250000
JIRA,jira,project,2021-01_to_2021-04,2021-01,2021-04,Atlassian Connect Spring Boot,1,1,1.000000
JIRA,jira,project,2021-01_to_2021-04,2021-01,2021-04,Atlassian Connect in Jira Cloud,30,6,0.200000
JIRA,jira,project,2021-01_to_2021-04,2021-01,2021-04,Atlassian Gadgets,3,2,0.666667
JIRA,jira,project,2021-01_to_2021-04,2021-01,2021-04,Atlassian Guard,47,3,0.063830
JIRA,jira,project,2021-01_to_2021-04,2021-01,2021-04,Atlassian Intelligence,17,0,0.000000
JIRA,jira,project,2021-01_to_2021-04,2021-01,2021-04,Atlassian Internationalization,44,0,0.000000
JIRA,jira,project,2021-01_to_2021-04,2021-01,2021-04,Atlassian Marketplace,4,0,0.000000
JIRA,jira,project,2021-01_to_2021-04,2021-01,2021-04,Atlassian Maven Plugin Suite,18,6,0.333333
JIRA,jira,project,2021-01_to_2021-04,2021-01,2021-04,Atlassian Plugin SDK,1,1,1.000000
JIRA,jira,project,2021-01_to_2021-04,2021-01,2021-04,Atlassian Plugins,1,1,1.000000
JIRA,jira,project,2021-01_to_2021-04,2021-01,2021-04,Atlassian Plugins Webresources,47,0,0.000000
JIRA,jira,project,2021-01_to_2021-04,2021-01,2021-04,Atlassian Product Integrations,16,1,0.062500
JIRA,jira,project,2021-01_to_2021-04,2021-01,2021-04,Atlassian REST,1,0,0.000000
JIRA,jira,project,2021-01_to_2021-04,2021-01,2021-04,Atlassian Troubleshooting & Support Tools Plugin,9,4,0.444444
JIRA,jira,project,2021-01_to_2021-04,2021-01,2021-04,Atlassian User Interface,45,3,0.066667
JIRA,jira,project,2021-01_to_2021-04,2021-01,2021-04,Automation Analytics,5,5,1.000000
JIRA,jira,project,2021-01_to_2021-04,2021-01,2021-04,Automation Hub,19,19,1.000000
JIRA,jira,project,2021-01_to_2021-04,2021-01,2021-04,Automation for Cloud,28,3,0.107143
JIRA,jira,project,2021-01_to_2021-04,2021-01,2021-04,Automation for Jira Server,51,5,0.098039
JIRA,jira,project,2021-01_to_2021-04,2021-01,2021-04,Avalon,1,1,1.000000
JIRA,jira,project,2021-01_to_2021-04,2021-01,2021-04,Axiom,1,1,1.000000
JIRA,jira,project,2021-01_to_2021-04,2021-01,2021-04,Axis2,1,1,1.000000
JIRA,jira,project,2021-01_to_2021-04,2021-01,2021-04,Bahir,3,3,1.000000
JIRA,jira,project,2021-01_to_2021-04,2021-01,2021-04,Bahir (Retired),2,0,0.000000
JIRA,jira,project,2021-01_to_2021-04,2021-01,2021-04,Bamboo,12,12,1.000000
JIRA,jira,project,2021-01_to_2021-04,2021-01,2021-04,Bamboo Artifactory Plug,4,4,1.000000
JIRA,jira,project,2021-01_to_2021-04,2021-01,2021-04,Bamboo Data Center,74,16,0.216216
JIRA,jira,project,2021-01_to_2021-04,2021-01,2021-04,BatchEE,2,1,0.500000
JIRA,jira,project,2021-01_to_2021-04,2021-01,2021-04,Batik,4,3,0.750000
JIRA,jira,project,2021-01_to_2021-04,2021-01,2021-04,Beam,542,165,0.304428
JIRA,jira,project,2021-01_to_2021-04,2021-01,2021-04,Bedrock Dedicated Server,35,35,1.000000
JIRA,jira,project,2021-01_to_2021-04,2021-01,2021-04,Bigtop,10,9,0.900000
JIRA,jira,project,2021-01_to_2021-04,2021-01,2021-04,Bitbucket Cloud,271,12,0.044280
JIRA,jira,project,2021-01_to_2021-04,2021-01,2021-04,Bitbucket Data Center,92,11,0.119565
JIRA,jira,project,2021-01_to_2021-04,2021-01,2021-04,Bitbucket Server,8,8,1.000000
JIRA,jira,project,2021-01_to_2021-04,2021-01,2021-04,Blockchain Explorer,4,4,1.000000
JIRA,jira,project,2021-01_to_2021-04,2021-01,2021-04,BxMS Documentation,17,3,0.176471
JIRA,jira,project,2021-01_to_2021-04,2021-01,2021-04,Byteman,4,4,1.000000
JIRA,jira,project,2021-01_to_2021-04,2021-01,2021-04,C Driver,106,14,0.132075
JIRA,jira,project,2021-01_to_2021-04,2021-01,2021-04,C# Driver,296,31,0.104730
JIRA,jira,project,2021-01_to_2021-04,2021-01,2021-04,C++ Driver,61,3,0.049180
JIRA,jira,project,2021-01_to_2021-04,2021-01,2021-04,CXF,111,99,0.891892
JIRA,jira,project,2021-01_to_2021-04,2021-01,2021-04,CaRT,6,6,1.000000
JIRA,jira,project,2021-01_to_2021-04,2021-01,2021-04,Calcite,66,37,0.560606
JIRA,jira,project,2021-01_to_2021-04,2021-01,2021-04,Camel,156,77,0.493590
JIRA,jira,project,2021-01_to_2021-04,2021-01,2021-04,CarbonData,13,13,1.000000
JIRA,jira,project,2021-01_to_2021-04,2021-01,2021-04,Cassandra,49,49,1.000000
JIRA,jira,project,2021-01_to_2021-04,2021-01,2021-04,Causeway,43,2,0.046512
JIRA,jira,project,2021-01_to_2021-04,2021-01,2021-04,Cayenne,4,1,0.250000
JIRA,jira,project,2021-01_to_2021-04,2021-01,2021-04,CentOS Stream Pipeline,304,8,0.026316
JIRA,jira,project,2021-01_to_2021-04,2021-01,2021-04,Clair,1,0,0.000000
JIRA,jira,project,2021-01_to_2021-04,2021-01,2021-04,Clerezza (Retired),3,0,0.000000
JIRA,jira,project,2021-01_to_2021-04,2021-01,2021-04,Client,34,3,0.088235
JIRA,jira,project,2021-01_to_2021-04,2021-01,2021-04,Cloud Enablement,29,2,0.068966
JIRA,jira,project,2021-01_to_2021-04,2021-01,2021-04,Cloud Infrastructure Security & Compliance,62,0,0.000000
JIRA,jira,project,2021-01_to_2021-04,2021-01,2021-04,Cloud Native Runtimes (CNR) Documentation,21,0,0.000000
JIRA,jira,project,2021-01_to_2021-04,2021-01,2021-04,CloudStack,4,0,0.000000
JIRA,jira,project,2021-01_to_2021-04,2021-01,2021-04,Cockpit,1,0,0.000000
JIRA,jira,project,2021-01_to_2021-04,2021-01,2021-04,Coin,25,4,0.160000
JIRA,jira,project,2021-01_to_2021-04,2021-01,2021-04,Comdev GSOC,12,0,0.000000
JIRA,jira,project,2021-01_to_2021-04,2021-01,2021-04,Commerce,1,0,0.000000
JIRA,jira,project,2021-01_to_2021-04,2021-01,2021-04,Commons BeanUtils,4,1,0.250000
JIRA,jira,project,2021-01_to_2021-04,2021-01,2021-04,Commons CSV,6,1,0.166667
JIRA,jira,project,2021-01_to_2021-04,2021-01,2021-04,Commons Collections,10,1,0.100000
JIRA,jira,project,2021-01_to_2021-04,2021-01,2021-04,Commons Compress,8,6,0.750000
JIRA,jira,project,2021-01_to_2021-04,2021-01,2021-04,Commons Configuration,8,2,0.250000
JIRA,jira,project,2021-01_to_2021-04,2021-01,2021-04,Commons Crypto,2,1,0.500000
JIRA,jira,project,2021-01_to_2021-04,2021-01,2021-04,Commons DBCP,7,2,0.285714
JIRA,jira,project,2021-01_to_2021-04,2021-01,2021-04,Commons Daemon,3,2,0.666667
JIRA,jira,project,2021-01_to_2021-04,2021-01,2021-04,Commons Exec,5,0,0.000000
JIRA,jira,project,2021-01_to_2021-04,2021-01,2021-04,Commons FileUpload,1,1,1.000000
JIRA,jira,project,2021-01_to_2021-04,2021-01,2021-04,Commons IO,15,6,0.400000
JIRA,jira,project,2021-01_to_2021-04,2021-01,2021-04,Commons Imaging,21,7,0.333333
JIRA,jira,project,2021-01_to_2021-04,2021-01,2021-04,Commons JCS,12,0,0.000000
JIRA,jira,project,2021-01_to_2021-04,2021-01,2021-04,Commons JEXL,3,2,0.666667
JIRA,jira,project,2021-01_to_2021-04,2021-01,2021-04,Commons Lang,14,3,0.214286
JIRA,jira,project,2021-01_to_2021-04,2021-01,2021-04,Commons Logging,5,0,0.000000
JIRA,jira,project,2021-01_to_2021-04,2021-01,2021-04,Commons Math,2,0,0.000000
JIRA,jira,project,2021-01_to_2021-04,2021-01,2021-04,Commons Net,2,1,0.500000
JIRA,jira,project,2021-01_to_2021-04,2021-01,2021-04,Commons Numbers,2,0,0.000000
JIRA,jira,project,2021-01_to_2021-04,2021-01,2021-04,Commons Pool,3,0,0.000000
JIRA,jira,project,2021-01_to_2021-04,2021-01,2021-04,Commons RNG,2,1,0.500000
JIRA,jira,project,2021-01_to_2021-04,2021-01,2021-04,Commons Text,1,0,0.000000
JIRA,jira,project,2021-01_to_2021-04,2021-01,2021-04,Commons VFS,6,3,0.500000
JIRA,jira,project,2021-01_to_2021-04,2021-01,2021-04,Community Development,2,0,0.000000
JIRA,jira,project,2021-01_to_2021-04,2021-01,2021-04,Community Support ,158,158,1.000000
JIRA,jira,project,2021-01_to_2021-04,2021-01,2021-04,Compass,128,10,0.078125
JIRA,jira,project,2021-01_to_2021-04,2021-01,2021-04,Confluence Cloud,378,34,0.089947
JIRA,jira,project,2021-01_to_2021-04,2021-01,2021-04,Confluence Copy Space Plugin,1,1,1.000000
JIRA,jira,project,2021-01_to_2021-04,2021-01,2021-04,Confluence Data Center,244,33,0.135246
JIRA,jira,project,2021-01_to_2021-04,2021-01,2021-04,Confluence Server and Data Center,11,11,1.000000
JIRA,jira,project,2021-01_to_2021-04,2021-01,2021-04,Container Tools,48,3,0.062500
JIRA,jira,project,2021-01_to_2021-04,2021-01,2021-04,Content Gateway,2,2,1.000000
JIRA,jira,project,2021-01_to_2021-04,2021-01,2021-04,Continuous Productization DevOps,2,2,1.000000
JIRA,jira,project,2021-01_to_2021-04,2021-01,2021-04,Core Server,2683,538,0.200522
JIRA,jira,project,2021-01_to_2021-04,2021-01,2021-04,CoreOS OCP,1,0,0.000000
JIRA,jira,project,2021-01_to_2021-04,2021-01,2021-04,Cost Management,55,30,0.545455
JIRA,jira,project,2021-01_to_2021-04,2021-01,2021-04,Crowd Data Center,24,4,0.166667
JIRA,jira,project,2021-01_to_2021-04,2021-01,2021-04,Crucible,2,1,0.500000
JIRA,jira,project,2021-01_to_2021-04,2021-01,2021-04,Crunch (Retired),1,1,1.000000
JIRA,jira,project,2021-01_to_2021-04,2021-01,2021-04,DAOS,297,297,1.000000
JIRA,jira,project,2021-01_to_2021-04,2021-01,2021-04,Daffodil,16,10,0.625000
JIRA,jira,project,2021-01_to_2021-04,2021-01,2021-04,Dashboard,1,1,1.000000
JIRA,jira,project,2021-01_to_2021-04,2021-01,2021-04,Data Foundation Bugs,1,0,0.000000
JIRA,jira,project,2021-01_to_2021-04,2021-01,2021-04,Database as a Service,3,0,0.000000
JIRA,jira,project,2021-01_to_2021-04,2021-01,2021-04,Debezium,322,131,0.406832
JIRA,jira,project,2021-01_to_2021-04,2021-01,2021-04,Derby,7,7,1.000000
JIRA,jira,project,2021-01_to_2021-04,2021-01,2021-04,Derby (Retired),3,3,1.000000
JIRA,jira,project,2021-01_to_2021-04,2021-01,2021-04,Dev ,72,72,1.000000
JIRA,jira,project,2021-01_to_2021-04,2021-01,2021-04,Directory ApacheDS,6,5,0.833333
JIRA,jira,project,2021-01_to_2021-04,2021-01,2021-04,Directory Client API,4,2,0.500000
JIRA,jira,project,2021-01_to_2021-04,2021-01,2021-04,Directory Kerberos,2,2,1.000000
JIRA,jira,project,2021-01_to_2021-04,2021-01,2021-04,Directory Studio,1,1,1.000000
JIRA,jira,project,2021-01_to_2021-04,2021-01,2021-04,Distributed Tracing,141,3,0.021277
JIRA,jira,project,2021-01_to_2021-04,2021-01,2021-04,Docs for Red Hat Developers,367,9,0.024523
JIRA,jira,project,2021-01_to_2021-04,2021-01,2021-04,Documentation,12,12,1.000000
JIRA,jira,project,2021-01_to_2021-04,2021-01,2021-04,Drivers,48,0,0.000000
JIRA,jira,project,2021-01_to_2021-04,2021-01,2021-04,Drools,232,49,0.211207
JIRA,jira,project,2021-01_to_2021-04,2021-01,2021-04,EAP Documentation,2,0,0.000000
JIRA,jira,project,2021-01_to_2021-04,2021-01,2021-04,EJB Client Library (AS7+),2,1,0.500000
JIRA,jira,project,2021-01_to_2021-04,2021-01,2021-04,ENTSBT,7,3,0.428571
JIRA,jira,project,2021-01_to_2021-04,2021-01,2021-04,Elytron Web,2,1,0.500000
JIRA,jira,project,2021-01_to_2021-04,2021-01,2021-04,Empire,10,0,0.000000
JIRA,jira,project,2021-01_to_2021-04,2021-01,2021-04,Evergreen,58,58,1.000000
JIRA,jira,project,2021-01_to_2021-04,2021-01,2021-04,FOP,8,4,0.500000
JIRA,jira,project,2021-01_to_2021-04,2021-01,2021-04,FORTRESS,1,1,1.000000
JIRA,jira,project,2021-01_to_2021-04,2021-01,2021-04,Fabric,25,25,1.000000
JIRA,jira,project,2021-01_to_2021-04,2021-01,2021-04,Fabric CA,1,1,1.000000
JIRA,jira,project,2021-01_to_2021-04,2021-01,2021-04,Fabric Chaincode Node,2,2,1.000000
JIRA,jira,project,2021-01_to_2021-04,2021-01,2021-04,Fabric Contract API Go,1,1,1.000000
JIRA,jira,project,2021-01_to_2021-04,2021-01,2021-04,Fabric Gateway,1,1,1.000000
JIRA,jira,project,2021-01_to_2021-04,2021-01,2021-04,Fabric Gateway Java,1,1,1.000000
JIRA,jira,project,2021-01_to_2021-04,2021-01,2021-04,Fabric SDK Go,2,2,1.000000
JIRA,jira,project,2021-01_to_2021-04,2021-01,2021-04,Fabric SDK Java,3,3,1.000000
JIRA,jira,project,2021-01_to_2021-04,2021-01,2021-04,Fabric SDK Node,5,5,1.000000
JIRA,jira,project,2021-01_to_2021-04,2021-01,2021-04,Fast Datapath Product,5,1,0.200000
JIRA,jira,project,2021-01_to_2021-04,2021-01,2021-04,Fedora,33,16,0.484848
JIRA,jira,project,2021-01_to_2021-04,2021-01,2021-04,Felix,14,10,0.714286
JIRA,jira,project,2021-01_to_2021-04,2021-01,2021-04,Fidelis AI,23,0,0.000000
JIRA,jira,project,2021-01_to_2021-04,2021-01,2021-04,Fineract Cloud Native,2,1,0.500000
JIRA,jira,project,2021-01_to_2021-04,2021-01,2021-04,FishEye,12,4,0.333333
JIRA,jira,project,2021-01_to_2021-04,2021-01,2021-04,Flink,648,441,0.680556
JIRA,jira,project,2021-01_to_2021-04,2021-01,2021-04,Flume,7,2,0.285714
JIRA,jira,project,2021-01_to_2021-04,2021-01,2021-04,Forge,73,7,0.095890
JIRA,jira,project,2021-01_to_2021-04,2021-01,2021-04,FtpServer,1,1,1.000000
JIRA,jira,project,2021-01_to_2021-04,2021-01,2021-04,Fuse Tooling,44,30,0.681818
JIRA,jira,project,2021-01_to_2021-04,2021-01,2021-04,Fuse/AMQ Documentation,2,0,0.000000
JIRA,jira,project,2021-01_to_2021-04,2021-01,2021-04,Geode,228,92,0.403509
JIRA,jira,project,2021-01_to_2021-04,2021-01,2021-04,Go Driver,123,12,0.097561
JIRA,jira,project,2021-01_to_2021-04,2021-01,2021-04,Griffin,1,1,1.000000
JIRA,jira,project,2021-01_to_2021-04,2021-01,2021-04,Griffin (Retired),1,1,1.000000
JIRA,jira,project,2021-01_to_2021-04,2021-01,2021-04,Groovy,131,87,0.664122
JIRA,jira,project,2021-01_to_2021-04,2021-01,2021-04,Guacamole,41,26,0.634146
JIRA,jira,project,2021-01_to_2021-04,2021-01,2021-04,HAL,8,2,0.250000
JIRA,jira,project,2021-01_to_2021-04,2021-01,2021-04,HBase,124,83,0.669355
JIRA,jira,project,2021-01_to_2021-04,2021-01,2021-04,Hadoop Common,130,55,0.423077
JIRA,jira,project,2021-01_to_2021-04,2021-01,2021-04,Hadoop HDFS,148,86,0.581081
JIRA,jira,project,2021-01_to_2021-04,2021-01,2021-04,Hadoop Map/Reduce,13,7,0.538462
JIRA,jira,project,2021-01_to_2021-04,2021-01,2021-04,Hadoop YARN,122,99,0.811475
JIRA,jira,project,2021-01_to_2021-04,2021-01,2021-04,Helm,2,2,1.000000
JIRA,jira,project,2021-01_to_2021-04,2021-01,2021-04,Hive,307,88,0.286645
JIRA,jira,project,2021-01_to_2021-04,2021-01,2021-04,Hivemall,3,3,1.000000
JIRA,jira,project,2021-01_to_2021-04,2021-01,2021-04,Hot Rod Native client,1,1,1.000000
JIRA,jira,project,2021-01_to_2021-04,2021-01,2021-04,HttpComponents HttpClient,9,6,0.666667
JIRA,jira,project,2021-01_to_2021-04,2021-01,2021-04,HttpComponents HttpCore,8,6,0.750000
JIRA,jira,project,2021-01_to_2021-04,2021-01,2021-04,Hybrid Cloud Console,83,4,0.048193
JIRA,jira,project,2021-01_to_2021-04,2021-01,2021-04,IMPALA,124,86,0.693548
JIRA,jira,project,2021-01_to_2021-04,2021-01,2021-04,Identity,21,5,0.238095
JIRA,jira,project,2021-01_to_2021-04,2021-01,2021-04,Ignite,212,118,0.556604
JIRA,jira,project,2021-01_to_2021-04,2021-01,2021-04,Infinispan,83,83,1.000000
JIRA,jira,project,2021-01_to_2021-04,2021-01,2021-04,Infinispan ProtoStream,6,6,1.000000
JIRA,jira,project,2021-01_to_2021-04,2021-01,2021-04,Infrastructure,37,37,1.000000
JIRA,jira,project,2021-01_to_2021-04,2021-01,2021-04,Insight Core ,6,6,1.000000
JIRA,jira,project,2021-01_to_2021-04,2021-01,2021-04,Insights Rule Analysis Tool,13,1,0.076923
JIRA,jira,project,2021-01_to_2021-04,2021-01,2021-04,Iroha,6,6,1.000000
JIRA,jira,project,2021-01_to_2021-04,2021-01,2021-04,IronJacamar,7,3,0.428571
JIRA,jira,project,2021-01_to_2021-04,2021-01,2021-04,Isis,4,4,1.000000
JIRA,jira,project,2021-01_to_2021-04,2021-01,2021-04,Ivy,4,2,0.500000
JIRA,jira,project,2021-01_to_2021-04,2021-01,2021-04,JBeret,3,1,0.333333
JIRA,jira,project,2021-01_to_2021-04,2021-01,2021-04,JBoss A,1,1,1.000000
JIRA,jira,project,2021-01_to_2021-04,2021-01,2021-04,JBoss Core Services,22,3,0.136364
JIRA,jira,project,2021-01_to_2021-04,2021-01,2021-04,JBoss Enterprise Application Platform,510,127,0.249020
JIRA,jira,project,2021-01_to_2021-04,2021-01,2021-04,JBoss Log Manager,4,2,0.500000
JIRA,jira,project,2021-01_to_2021-04,2021-01,2021-04,JBoss Remoting (3+),2,1,0.500000
JIRA,jira,project,2021-01_to_2021-04,2021-01,2021-04,JBoss Server Migration Tool,10,3,0.300000
JIRA,jira,project,2021-01_to_2021-04,2021-01,2021-04,JBoss Transaction Manager,35,12,0.342857
JIRA,jira,project,2021-01_to_2021-04,2021-01,2021-04,JBoss Web Server,17,2,0.117647
JIRA,jira,project,2021-01_to_2021-04,2021-01,2021-04,JBoss Web Services,2,1,0.500000
JIRA,jira,project,2021-01_to_2021-04,2021-01,2021-04,JDO,6,0,0.000000
JIRA,jira,project,2021-01_to_2021-04,2021-01,2021-04,JGroups,10,8,0.800000
JIRA,jira,project,2021-01_to_2021-04,2021-01,2021-04,JIRA Calendar Plugin,1,0,0.000000
JIRA,jira,project,2021-01_to_2021-04,2021-01,2021-04,JIRA Service Desk Ecosystem,2,1,0.500000
JIRA,jira,project,2021-01_to_2021-04,2021-01,2021-04,Jackrabbit Content Repository,23,2,0.086957
JIRA,jira,project,2021-01_to_2021-04,2021-01,2021-04,Jackrabbit FileVault,7,4,0.571429
JIRA,jira,project,2021-01_to_2021-04,2021-01,2021-04,Jackrabbit Oak,35,21,0.600000
JIRA,jira,project,2021-01_to_2021-04,2021-01,2021-04,James Mailbox,1,0,0.000000
JIRA,jira,project,2021-01_to_2021-04,2021-01,2021-04,James Server,18,5,0.277778
JIRA,jira,project,2021-01_to_2021-04,2021-01,2021-04,Java Driver,167,23,0.137725
JIRA,jira,project,2021-01_to_2021-04,2021-01,2021-04,Jenkins Artifactory Plug,3,3,1.000000
JIRA,jira,project,2021-01_to_2021-04,2021-01,2021-04,Jira Admin Support,2,0,0.000000
JIRA,jira,project,2021-01_to_2021-04,2021-01,2021-04,Jira Align,345,26,0.075362
JIRA,jira,project,2021-01_to_2021-04,2021-01,2021-04,Jira Cloud,70,15,0.214286
JIRA,jira,project,2021-01_to_2021-04,2021-01,2021-04,Jira Data Center,310,38,0.122581
JIRA,jira,project,2021-01_to_2021-04,2021-01,2021-04,Jira Performance Testing Tools,11,3,0.272727
JIRA,jira,project,2021-01_to_2021-04,2021-01,2021-04,Jira Platform Cloud,819,29,0.035409
JIRA,jira,project,2021-01_to_2021-04,2021-01,2021-04,Jira Server and Data Center,5,5,1.000000
JIRA,jira,project,2021-01_to_2021-04,2021-01,2021-04,Jira Service Management Cloud,265,18,0.067925
JIRA,jira,project,2021-01_to_2021-04,2021-01,2021-04,Jira Service Management Data Center,191,13,0.068063
JIRA,jira,project,2021-01_to_2021-04,2021-01,2021-04,Jira Service Management Server and Data Center,9,9,1.000000
JIRA,jira,project,2021-01_to_2021-04,2021-01,2021-04,Jira Software Cloud,5,5,1.000000
JIRA,jira,project,2021-01_to_2021-04,2021-01,2021-04,Jira Software Data Center,141,11,0.078014
JIRA,jira,project,2021-01_to_2021-04,2021-01,2021-04,Jira Software Server and Data Center,1,1,1.000000
JIRA,jira,project,2021-01_to_2021-04,2021-01,2021-04,Jira Work Management Cloud,4,1,0.250000
JIRA,jira,project,2021-01_to_2021-04,2021-01,2021-04,Johnzon,2,1,0.500000
JIRA,jira,project,2021-01_to_2021-04,2021-01,2021-04,KIE Cloud,31,1,0.032258
JIRA,jira,project,2021-01_to_2021-04,2021-01,2021-04,Kafka,239,115,0.481172
JIRA,jira,project,2021-01_to_2021-04,2021-01,2021-04,Kafka Connector,35,9,0.257143
JIRA,jira,project,2021-01_to_2021-04,2021-01,2021-04,Karaf,25,18,0.720000
JIRA,jira,project,2021-01_to_2021-04,2021-01,2021-04,Keycloak,151,151,1.000000
JIRA,jira,project,2021-01_to_2021-04,2021-01,2021-04,Kiali QE,6,6,1.000000
JIRA,jira,project,2021-01_to_2021-04,2021-01,2021-04,Knative Serving,50,3,0.060000
JIRA,jira,project,2021-01_to_2021-04,2021-01,2021-04,Kogito,654,76,0.116208
JIRA,jira,project,2021-01_to_2021-04,2021-01,2021-04,Konflux UI,1,0,0.000000
JIRA,jira,project,2021-01_to_2021-04,2021-01,2021-04,Konveyor Tackle,19,0,0.000000
JIRA,jira,project,2021-01_to_2021-04,2021-01,2021-04,Kudu,25,22,0.880000
JIRA,jira,project,2021-01_to_2021-04,2021-01,2021-04,Kylin,42,30,0.714286
JIRA,jira,project,2021-01_to_2021-04,2021-01,2021-04,Libmongocrypt,14,2,0.142857
JIRA,jira,project,2021-01_to_2021-04,2021-01,2021-04,Livy,13,5,0.384615
JIRA,jira,project,2021-01_to_2021-04,2021-01,2021-04,Log4cxx,4,1,0.250000
JIRA,jira,project,2021-01_to_2021-04,2021-01,2021-04,Log4j 2,30,17,0.566667
JIRA,jira,project,2021-01_to_2021-04,2021-01,2021-04,Log4net,1,0,0.000000
JIRA,jira,project,2021-01_to_2021-04,2021-01,2021-04,Lucene ,294,39,0.132653
JIRA,jira,project,2021-01_to_2021-04,2021-01,2021-04,MINA,1,1,1.000000
JIRA,jira,project,2021-01_to_2021-04,2021-01,2021-04,MINA SSHD,14,13,0.928571
JIRA,jira,project,2021-01_to_2021-04,2021-01,2021-04,Machine Config Operator,8,0,0.000000
JIRA,jira,project,2021-01_to_2021-04,2021-01,2021-04,Mahout,1,1,1.000000
JIRA,jira,project,2021-01_to_2021-04,2021-01,2021-04,Maistra,86,24,0.279070
JIRA,jira,project,2021-01_to_2021-04,2021-01,2021-04,Managed Service ,3,1,0.333333
JIRA,jira,project,2021-01_to_2021-04,2021-01,2021-04,ManifoldCF,3,1,0.333333
JIRA,jira,project,2021-01_to_2021-04,2021-01,2021-04,MariaDB ColumnStore,106,39,0.367925
JIRA,jira,project,2021-01_to_2021-04,2021-01,2021-04,MariaDB Connector/C,6,4,0.666667
JIRA,jira,project,2021-01_to_2021-04,2021-01,2021-04,MariaDB Connector/C++,7,0,0.000000
JIRA,jira,project,2021-01_to_2021-04,2021-01,2021-04,MariaDB Connector/J,4,1,0.250000
JIRA,jira,project,2021-01_to_2021-04,2021-01,2021-04,MariaDB Connector/ODBC,4,0,0.000000
JIRA,jira,project,2021-01_to_2021-04,2021-01,2021-04,MariaDB Connector/Python,2,1,0.500000
JIRA,jira,project,2021-01_to_2021-04,2021-01,2021-04,MariaDB Connector/R2DBC,1,0,0.000000
JIRA,jira,project,2021-01_to_2021-04,2021-01,2021-04,MariaDB Foundation Development,30,2,0.066667
JIRA,jira,project,2021-01_to_2021-04,2021-01,2021-04,MariaDB MaxScale,44,15,0.340909
JIRA,jira,project,2021-01_to_2021-04,2021-01,2021-04,MariaDB Server,589,428,0.726655
JIRA,jira,project,2021-01_to_2021-04,2021-01,2021-04,Maven (Moved to GitHub Issues),76,21,0.276316
JIRA,jira,project,2021-01_to_2021-04,2021-01,2021-04,Maven 3 Artifactory Plugin,1,1,1.000000
JIRA,jira,project,2021-01_to_2021-04,2021-01,2021-04,Maven Antrun Plugin (Moved to GitHub Issues),1,1,1.000000
JIRA,jira,project,2021-01_to_2021-04,2021-01,2021-04,Maven Archetype (Moved to GitHub Issues),1,0,0.000000
JIRA,jira,project,2021-01_to_2021-04,2021-01,2021-04,Maven Archetype Bundles (Moved to GitHub Issues),1,0,0.000000
JIRA,jira,project,2021-01_to_2021-04,2021-01,2021-04,Maven Artifact Plugin (Moved to GitHub Issues),10,1,0.100000
JIRA,jira,project,2021-01_to_2021-04,2021-01,2021-04,Maven Assembly Plugin (Moved to GitHub Issues),4,2,0.500000
JIRA,jira,project,2021-01_to_2021-04,2021-01,2021-04,Maven Build Cache Extension (Moved to GitHub Issues),1,0,0.000000
JIRA,jira,project,2021-01_to_2021-04,2021-01,2021-04,Maven Checkstyle Plugin (Moved to GitHub Issues),4,0,0.000000
JIRA,jira,project,2021-01_to_2021-04,2021-01,2021-04,Maven Clean Plugin (Moved to GitHub Issues),1,0,0.000000
JIRA,jira,project,2021-01_to_2021-04,2021-01,2021-04,Maven Compiler Plugin (Moved to GitHub Issues),13,9,0.692308
JIRA,jira,project,2021-01_to_2021-04,2021-01,2021-04,Maven DOAP Plugin (Moved to GitHub Issues),1,0,0.000000
JIRA,jira,project,2021-01_to_2021-04,2021-01,2021-04,Maven Dependency Plugin (Moved to GitHub Issues),11,6,0.545455
JIRA,jira,project,2021-01_to_2021-04,2021-01,2021-04,Maven Deploy Plugin (Moved to GitHub Issues),2,0,0.000000
JIRA,jira,project,2021-01_to_2021-04,2021-01,2021-04,Maven Doxia (Moved to GitHub Issues),3,1,0.333333
JIRA,jira,project,2021-01_to_2021-04,2021-01,2021-04,Maven Doxia Tools (Moved to GitHub Issues),1,0,0.000000
JIRA,jira,project,2021-01_to_2021-04,2021-01,2021-04,Maven EAR Plugin (Moved to GitHub Issues),4,1,0.250000
JIRA,jira,project,2021-01_to_2021-04,2021-01,2021-04,Maven Enforcer Plugin (Moved to GitHub Issues),11,3,0.272727
JIRA,jira,project,2021-01_to_2021-04,2021-01,2021-04,Maven Help Plugin (Moved to GitHub Issues),2,1,0.500000
JIRA,jira,project,2021-01_to_2021-04,2021-01,2021-04,Maven Indexer (Moved to GitHub Issues),1,0,0.000000
JIRA,jira,project,2021-01_to_2021-04,2021-01,2021-04,Maven Install Plugin (Moved to GitHub Issues),1,0,0.000000
JIRA,jira,project,2021-01_to_2021-04,2021-01,2021-04,Maven Invoker Plugin (Moved to GitHub Issues),3,1,0.333333
JIRA,jira,project,2021-01_to_2021-04,2021-01,2021-04,Maven JDeprScan Plugin (Moved to GitHub Issues),2,0,0.000000
JIRA,jira,project,2021-01_to_2021-04,2021-01,2021-04,Maven JDeps Plugin (Moved to GitHub Issues),1,1,1.000000
JIRA,jira,project,2021-01_to_2021-04,2021-01,2021-04,Maven JLink Plugin (Moved to GitHub Issues),2,1,0.500000
JIRA,jira,project,2021-01_to_2021-04,2021-01,2021-04,Maven JXR (Moved to GitHub Issues),4,1,0.250000
JIRA,jira,project,2021-01_to_2021-04,2021-01,2021-04,Maven Javadoc Plugin (Moved to GitHub Issues),8,5,0.625000
JIRA,jira,project,2021-01_to_2021-04,2021-01,2021-04,Maven PMD Plugin (Moved to GitHub Issues),2,1,0.500000
JIRA,jira,project,2021-01_to_2021-04,2021-01,2021-04,Maven POMs (Moved to GitHub issues),3,0,0.000000
JIRA,jira,project,2021-01_to_2021-04,2021-01,2021-04,Maven Plugin Tools (Moved to GitHub Issues),4,2,0.500000
JIRA,jira,project,2021-01_to_2021-04,2021-01,2021-04,Maven Project Info Reports Plugin (Moved to GitHub Issues),2,0,0.000000
JIRA,jira,project,2021-01_to_2021-04,2021-01,2021-04,Maven Project Web Site (Moved to GitHub Issues),8,0,0.000000
JIRA,jira,project,2021-01_to_2021-04,2021-01,2021-04,Maven Release Plugin (Moved to GitHub Issues),6,1,0.166667
JIRA,jira,project,2021-01_to_2021-04,2021-01,2021-04,Maven Remote Resources Plugin (Moved to GitHub Issues),1,0,0.000000
JIRA,jira,project,2021-01_to_2021-04,2021-01,2021-04,Maven Resolver (Moved to GitHub Issues),19,3,0.157895
JIRA,jira,project,2021-01_to_2021-04,2021-01,2021-04,Maven Resources Plugin (Moved to GitHub Issues),3,0,0.000000
JIRA,jira,project,2021-01_to_2021-04,2021-01,2021-04,Maven Scripting (Moved to GitHub Issues),2,0,0.000000
JIRA,jira,project,2021-01_to_2021-04,2021-01,2021-04,Maven Shade Plugin (Moved to GitHub Issues),6,2,0.333333
JIRA,jira,project,2021-01_to_2021-04,2021-01,2021-04,Maven Shared Components,12,1,0.083333
JIRA,jira,project,2021-01_to_2021-04,2021-01,2021-04,Maven Site Plugin (Moved to GitHub Issues),4,1,0.250000
JIRA,jira,project,2021-01_to_2021-04,2021-01,2021-04,Maven Surefire (Moved to GitHub Issues),39,18,0.461538
JIRA,jira,project,2021-01_to_2021-04,2021-01,2021-04,Maven Toolchains Plugin (Moved to GitHub Issues),4,4,1.000000
JIRA,jira,project,2021-01_to_2021-04,2021-01,2021-04,Maven WAR Plugin (Moved to GitHub Issues),1,0,0.000000
JIRA,jira,project,2021-01_to_2021-04,2021-01,2021-04,Maven Wagon (Moved to GitHub Issues),6,3,0.500000
JIRA,jira,project,2021-01_to_2021-04,2021-01,2021-04,Meecrowave,1,0,0.000000
JIRA,jira,project,2021-01_to_2021-04,2021-01,2021-04,Mesos,7,7,1.000000
JIRA,jira,project,2021-01_to_2021-04,2021-01,2021-04,Mesos (Retired),2,1,0.500000
JIRA,jira,project,2021-01_to_2021-04,2021-01,2021-04,Migration Platform,101,15,0.148515
JIRA,jira,project,2021-01_to_2021-04,2021-01,2021-04,Migration Toolkit for Virtualization,36,0,0.000000
JIRA,jira,project,2021-01_to_2021-04,2021-01,2021-04,Minecraft (Bedrock codebase),76,76,1.000000
JIRA,jira,project,2021-01_to_2021-04,2021-01,2021-04,Minecraft Dungeons,8,8,1.000000
JIRA,jira,project,2021-01_to_2021-04,2021-01,2021-04,Minecraft Launcher,101,101,1.000000
JIRA,jira,project,2021-01_to_2021-04,2021-01,2021-04,Minecraft Realms,42,42,1.000000
JIRA,jira,project,2021-01_to_2021-04,2021-01,2021-04,Minecraft: Java Edition,382,382,1.000000
JIRA,jira,project,2021-01_to_2021-04,2021-01,2021-04,Mnemonic,5,5,1.000000
JIRA,jira,project,2021-01_to_2021-04,2021-01,2021-04,ModeShape,2,1,0.500000
JIRA,jira,project,2021-01_to_2021-04,2021-01,2021-04,Mojang Web Services,8,8,1.000000
JIRA,jira,project,2021-01_to_2021-04,2021-01,2021-04,MongoDB Database Tools,51,8,0.156863
JIRA,jira,project,2021-01_to_2021-04,2021-01,2021-04,MongoDB Shell,175,33,0.188571
JIRA,jira,project,2021-01_to_2021-04,2021-01,2021-04,Mongoid,37,14,0.378378
JIRA,jira,project,2021-01_to_2021-04,2021-01,2021-04,Motor,50,2,0.040000
JIRA,jira,project,2021-01_to_2021-04,2021-01,2021-04,Multiple Architecture Enablement,56,12,0.214286
JIRA,jira,project,2021-01_to_2021-04,2021-01,2021-04,MyFaces Core,15,3,0.200000
JIRA,jira,project,2021-01_to_2021-04,2021-01,2021-04,MyFaces Tobago,5,0,0.000000
JIRA,jira,project,2021-01_to_2021-04,2021-01,2021-04,MyFaces Trinidad,1,1,1.000000
JIRA,jira,project,2021-01_to_2021-04,2021-01,2021-04,NLPCraft,9,9,1.000000
JIRA,jira,project,2021-01_to_2021-04,2021-01,2021-04,NLPCraft (Retired),1,0,0.000000
JIRA,jira,project,2021-01_to_2021-04,2021-01,2021-04,NetBeans,150,123,0.820000
JIRA,jira,project,2021-01_to_2021-04,2021-01,2021-04,Network Edge,66,2,0.030303
JIRA,jira,project,2021-01_to_2021-04,2021-01,2021-04,Network Hardware Enablement,10,0,0.000000
JIRA,jira,project,2021-01_to_2021-04,2021-01,2021-04,Network Observability,1,0,0.000000
JIRA,jira,project,2021-01_to_2021-04,2021-01,2021-04,Node.js Driver,216,47,0.217593
JIRA,jira,project,2021-01_to_2021-04,2021-01,2021-04,Nutch,21,10,0.476190
JIRA,jira,project,2021-01_to_2021-04,2021-01,2021-04,OCMUI ,9,0,0.000000
JIRA,jira,project,2021-01_to_2021-04,2021-01,2021-04,OFBiz,77,23,0.298701
JIRA,jira,project,2021-01_to_2021-04,2021-01,2021-04,OODT,1,1,1.000000
JIRA,jira,project,2021-01_to_2021-04,2021-01,2021-04,ORC,10,5,0.500000
JIRA,jira,project,2021-01_to_2021-04,2021-01,2021-04,OSS Index Vulnerabilities,1,1,1.000000
JIRA,jira,project,2021-01_to_2021-04,2021-01,2021-04,Observability Documentation,10,0,0.000000
JIRA,jira,project,2021-01_to_2021-04,2021-01,2021-04,Observability and Data Analysis Program,13,2,0.153846
JIRA,jira,project,2021-01_to_2021-04,2021-01,2021-04,Olingo,6,6,1.000000
JIRA,jira,project,2021-01_to_2021-04,2021-01,2021-04,On Prem Networking,14,0,0.000000
JIRA,jira,project,2021-01_to_2021-04,2021-01,2021-04,Oozie,1,1,1.000000
JIRA,jira,project,2021-01_to_2021-04,2021-01,2021-04,Open Data Hub,21,5,0.238095
JIRA,jira,project,2021-01_to_2021-04,2021-01,2021-04,OpenJDK,31,0,0.000000
JIRA,jira,project,2021-01_to_2021-04,2021-01,2021-04,OpenJPA,3,3,1.000000
JIRA,jira,project,2021-01_to_2021-04,2021-01,2021-04,OpenNLP,3,1,0.333333
JIRA,jira,project,2021-01_to_2021-04,2021-01,2021-04,OpenShift API Server,29,0,0.000000
JIRA,jira,project,2021-01_to_2021-04,2021-01,2021-04,OpenShift API for Data Protection,2,0,0.000000
JIRA,jira,project,2021-01_to_2021-04,2021-01,2021-04,OpenShift App Analytics,145,6,0.041379
JIRA,jira,project,2021-01_to_2021-04,2021-01,2021-04,OpenShift Authentication,6,0,0.000000
JIRA,jira,project,2021-01_to_2021-04,2021-01,2021-04,OpenShift Bugs,43,17,0.395349
JIRA,jira,project,2021-01_to_2021-04,2021-01,2021-04,OpenShift BuildConfig,5,0,0.000000
JIRA,jira,project,2021-01_to_2021-04,2021-01,2021-04,OpenShift Builds,24,0,0.000000
JIRA,jira,project,2021-01_to_2021-04,2021-01,2021-04,OpenShift Cloud,58,2,0.034483
JIRA,jira,project,2021-01_to_2021-04,2021-01,2021-04,OpenShift Cloud Credential Operator,41,3,0.073171
JIRA,jira,project,2021-01_to_2021-04,2021-01,2021-04,OpenShift Console,301,2,0.006645
JIRA,jira,project,2021-01_to_2021-04,2021-01,2021-04,OpenShift Container Platform (OCP) Strategy,28,0,0.000000
JIRA,jira,project,2021-01_to_2021-04,2021-01,2021-04,OpenShift Core Networking,173,6,0.034682
JIRA,jira,project,2021-01_to_2021-04,2021-01,2021-04,OpenShift Dev Console,7,7,1.000000
JIRA,jira,project,2021-01_to_2021-04,2021-01,2021-04,OpenShift Etcd,19,1,0.052632
JIRA,jira,project,2021-01_to_2021-04,2021-01,2021-04,OpenShift GitOps,137,9,0.065693
JIRA,jira,project,2021-01_to_2021-04,2021-01,2021-04,OpenShift Hive,149,23,0.154362
JIRA,jira,project,2021-01_to_2021-04,2021-01,2021-04,OpenShift Hosted Control Plane,85,2,0.023529
JIRA,jira,project,2021-01_to_2021-04,2021-01,2021-04,OpenShift Image Registry,8,0,0.000000
JIRA,jira,project,2021-01_to_2021-04,2021-01,2021-04,OpenShift Installer,75,7,0.093333
JIRA,jira,project,2021-01_to_2021-04,2021-01,2021-04,OpenShift Jenkins,12,0,0.000000
JIRA,jira,project,2021-01_to_2021-04,2021-01,2021-04,OpenShift Logging,198,19,0.095960
JIRA,jira,project,2021-01_to_2021-04,2021-01,2021-04,OpenShift Migration Toolkit for Containers,106,3,0.028302
JIRA,jira,project,2021-01_to_2021-04,2021-01,2021-04,OpenShift Monitoring,125,7,0.056000
JIRA,jira,project,2021-01_to_2021-04,2021-01,2021-04,OpenShift Node,60,0,0.000000
JIRA,jira,project,2021-01_to_2021-04,2021-01,2021-04,OpenShift Over the Air,61,3,0.049180
JIRA,jira,project,2021-01_to_2021-04,2021-01,2021-04,OpenShift Pipelines,137,15,0.109489
JIRA,jira,project,2021-01_to_2021-04,2021-01,2021-04,OpenShift Request For Enhancement,236,12,0.050847
JIRA,jira,project,2021-01_to_2021-04,2021-01,2021-04,OpenShift SDN,4,4,1.000000
JIRA,jira,project,2021-01_to_2021-04,2021-01,2021-04,OpenShift Service Mesh,159,9,0.056604
JIRA,jira,project,2021-01_to_2021-04,2021-01,2021-04,OpenShift Service Mesh Documentation,3,3,1.000000
JIRA,jira,project,2021-01_to_2021-04,2021-01,2021-04,OpenShift Specialist Platform Team,44,3,0.068182
JIRA,jira,project,2021-01_to_2021-04,2021-01,2021-04,OpenShift Storage,64,3,0.046875
JIRA,jira,project,2021-01_to_2021-04,2021-01,2021-04,OpenShift Top Level Product Strategy,342,29,0.084795
JIRA,jira,project,2021-01_to_2021-04,2021-01,2021-04,OpenShift UX Product Design,151,0,0.000000
JIRA,jira,project,2021-01_to_2021-04,2021-01,2021-04,OpenShift Virtualization,17,4,0.235294
JIRA,jira,project,2021-01_to_2021-04,2021-01,2021-04,OpenShift Windows Containers,41,8,0.195122
JIRA,jira,project,2021-01_to_2021-04,2021-01,2021-04,OpenShift Workloads,31,2,0.064516
JIRA,jira,project,2021-01_to_2021-04,2021-01,2021-04,OpenStack as Infra,160,4,0.025000
JIRA,jira,project,2021-01_to_2021-04,2021-01,2021-04,OpenWebBeans,2,1,0.500000
JIRA,jira,project,2021-01_to_2021-04,2021-01,2021-04,Openmeetings,8,7,0.875000
JIRA,jira,project,2021-01_to_2021-04,2021-01,2021-04,Openshift sandboxed containers,28,28,1.000000
JIRA,jira,project,2021-01_to_2021-04,2021-01,2021-04,Operator Ecosystem,140,3,0.021429
JIRA,jira,project,2021-01_to_2021-04,2021-01,2021-04,Operator Lifecycle Manager,1,1,1.000000
JIRA,jira,project,2021-01_to_2021-04,2021-01,2021-04,Operator Runtime,86,4,0.046512
JIRA,jira,project,2021-01_to_2021-04,2021-01,2021-04,Operator SDK,3,3,1.000000
JIRA,jira,project,2021-01_to_2021-04,2021-01,2021-04,Opsgenie,13,0,0.000000
JIRA,jira,project,2021-01_to_2021-04,2021-01,2021-04,OptaPlanner,46,17,0.369565
JIRA,jira,project,2021-01_to_2021-04,2021-01,2021-04,PDFBox,50,34,0.680000
JIRA,jira,project,2021-01_to_2021-04,2021-01,2021-04,PHP Driver: Extension,51,3,0.058824
JIRA,jira,project,2021-01_to_2021-04,2021-01,2021-04,PHP Driver: Library,41,1,0.024390
JIRA,jira,project,2021-01_to_2021-04,2021-01,2021-04,Parquet,83,21,0.253012
JIRA,jira,project,2021-01_to_2021-04,2021-01,2021-04,Performance and Scale for AI Platforms,44,1,0.022727
JIRA,jira,project,2021-01_to_2021-04,2021-01,2021-04,Phoenix,57,41,0.719298
JIRA,jira,project,2021-01_to_2021-04,2021-01,2021-04,Phoenix Omid,13,4,0.307692
JIRA,jira,project,2021-01_to_2021-04,2021-01,2021-04,Pig,2,1,0.500000
JIRA,jira,project,2021-01_to_2021-04,2021-01,2021-04,Pivot,1,1,1.000000
JIRA,jira,project,2021-01_to_2021-04,2021-01,2021-04,Pivot (Retired),1,0,0.000000
JIRA,jira,project,2021-01_to_2021-04,2021-01,2021-04,Product Technical Learning,293,13,0.044369
JIRA,jira,project,2021-01_to_2021-04,2021-01,2021-04,Project Quay,375,94,0.250667
JIRA,jira,project,2021-01_to_2021-04,2021-01,2021-04,PyLucene,1,1,1.000000
JIRA,jira,project,2021-01_to_2021-04,2021-01,2021-04,Python Driver,141,43,0.304965
JIRA,jira,project,2021-01_to_2021-04,2021-01,2021-04,Python Integrations,21,1,0.047619
JIRA,jira,project,2021-01_to_2021-04,2021-01,2021-04,"Qbs (""Cubes"")",14,4,0.285714
JIRA,jira,project,2021-01_to_2021-04,2021-01,2021-04,Qpid,12,11,0.916667
JIRA,jira,project,2021-01_to_2021-04,2021-01,2021-04,Qpid Dispatch,139,125,0.899281
JIRA,jira,project,2021-01_to_2021-04,2021-01,2021-04,Qpid JMS,2,2,1.000000
JIRA,jira,project,2021-01_to_2021-04,2021-01,2021-04,Qpid Proton,27,19,0.703704
JIRA,jira,project,2021-01_to_2021-04,2021-01,2021-04,Qt,1885,670,0.355438
JIRA,jira,project,2021-01_to_2021-04,2021-01,2021-04,Qt 3D Studio,4,0,0.000000
JIRA,jira,project,2021-01_to_2021-04,2021-01,2021-04,Qt Automotive Suite,3,3,1.000000
JIRA,jira,project,2021-01_to_2021-04,2021-01,2021-04,Qt Creator,325,101,0.310769
JIRA,jira,project,2021-01_to_2021-04,2021-01,2021-04,Qt Design Studio,162,8,0.049383
JIRA,jira,project,2021-01_to_2021-04,2021-01,2021-04,Qt Installer Framework,36,13,0.361111
JIRA,jira,project,2021-01_to_2021-04,2021-01,2021-04,Qt Project Website,12,1,0.083333
JIRA,jira,project,2021-01_to_2021-04,2021-01,2021-04,Qt Quality Assurance Infrastructure,123,25,0.203252
JIRA,jira,project,2021-01_to_2021-04,2021-01,2021-04,Qt Safe Renderer,5,5,1.000000
JIRA,jira,project,2021-01_to_2021-04,2021-01,2021-04,Qt Visual Studio Tools,50,19,0.380000
JIRA,jira,project,2021-01_to_2021-04,2021-01,2021-04,Qt WebBrowser,1,0,0.000000
JIRA,jira,project,2021-01_to_2021-04,2021-01,2021-04,Qt for MCUs,1,1,1.000000
JIRA,jira,project,2021-01_to_2021-04,2021-01,2021-04,Qt for Python,76,39,0.513158
JIRA,jira,project,2021-01_to_2021-04,2021-01,2021-04,Quarkus,185,24,0.129730
JIRA,jira,project,2021-01_to_2021-04,2021-01,2021-04,Quick Reload,2,1,0.500000
JIRA,jira,project,2021-01_to_2021-04,2021-01,2021-04,RESTEasy,47,15,0.319149
JIRA,jira,project,2021-01_to_2021-04,2021-01,2021-04,RHEL,17,3,0.176471
JIRA,jira,project,2021-01_to_2021-04,2021-01,2021-04,RHEL Conversions,6,6,1.000000
JIRA,jira,project,2021-01_to_2021-04,2021-01,2021-04,RHEL Testing,4,4,1.000000
JIRA,jira,project,2021-01_to_2021-04,2021-01,2021-04,Ranger,46,26,0.565217
JIRA,jira,project,2021-01_to_2021-04,2021-01,2021-04,Ratis,40,19,0.475000
JIRA,jira,project,2021-01_to_2021-04,2021-01,2021-04,Reactive JVM Platform,1,0,0.000000
JIRA,jira,project,2021-01_to_2021-04,2021-01,2021-04,Red Hat 3scale API Management,184,19,0.103261
JIRA,jira,project,2021-01_to_2021-04,2021-01,2021-04,Red Hat Advanced Cluster Management,1,0,0.000000
JIRA,jira,project,2021-01_to_2021-04,2021-01,2021-04,Red Hat Build of Apache Camel for Quarkus,1,0,0.000000
JIRA,jira,project,2021-01_to_2021-04,2021-01,2021-04,Red Hat Cluster Management Cloud Services,1,0,0.000000
JIRA,jira,project,2021-01_to_2021-04,2021-01,2021-04,Red Hat CodeReady Studio (devstudio),3,3,1.000000
JIRA,jira,project,2021-01_to_2021-04,2021-01,2021-04,Red Hat CodeReady Workspaces,35,35,1.000000
JIRA,jira,project,2021-01_to_2021-04,2021-01,2021-04,Red Hat Data Grid,26,12,0.461538
JIRA,jira,project,2021-01_to_2021-04,2021-01,2021-04,Red Hat Decision Manager,85,32,0.376471
JIRA,jira,project,2021-01_to_2021-04,2021-01,2021-04,Red Hat Fuse,184,77,0.418478
JIRA,jira,project,2021-01_to_2021-04,2021-01,2021-04,Red Hat Insights ,6,6,1.000000
JIRA,jira,project,2021-01_to_2021-04,2021-01,2021-04,Red Hat Insights Engineering,1,0,0.000000
JIRA,jira,project,2021-01_to_2021-04,2021-01,2021-04,Red Hat OpenShift Data Science,355,9,0.025352
JIRA,jira,project,2021-01_to_2021-04,2021-01,2021-04,Red Hat OpenShift Dev Spaces (formerly CodeReady Workspaces),162,50,0.308642
JIRA,jira,project,2021-01_to_2021-04,2021-01,2021-04,Red Hat OpenStack Services on OpenShift,30,9,0.300000
JIRA,jira,project,2021-01_to_2021-04,2021-01,2021-04,Red Hat Process Automation Manager,131,38,0.290076
JIRA,jira,project,2021-01_to_2021-04,2021-01,2021-04,Remoting JMX,2,0,0.000000
JIRA,jira,project,2021-01_to_2021-04,2021-01,2021-04,Ruby Driver,86,11,0.127907
JIRA,jira,project,2021-01_to_2021-04,2021-01,2021-04,Rust Driver,115,3,0.026087
JIRA,jira,project,2021-01_to_2021-04,2021-01,2021-04,Rya,1,1,1.000000
JIRA,jira,project,2021-01_to_2021-04,2021-01,2021-04,SAML for Atlassian Data Center,14,3,0.214286
JIRA,jira,project,2021-01_to_2021-04,2021-01,2021-04,Sakai,264,110,0.416667
JIRA,jira,project,2021-01_to_2021-04,2021-01,2021-04,Samza,6,3,0.500000
JIRA,jira,project,2021-01_to_2021-04,2021-01,2021-04,Santuario,5,3,0.600000
JIRA,jira,project,2021-01_to_2021-04,2021-01,2021-04,Satellite,73,8,0.109589
JIRA,jira,project,2021-01_to_2021-04,2021-01,2021-04,Sentry (Retired),1,1,1.000000
JIRA,jira,project,2021-01_to_2021-04,2021-01,2021-04,Server Deployments and Scale,5,3,0.600000
JIRA,jira,project,2021-01_to_2021-04,2021-01,2021-04,Server Platform Frontend,138,5,0.036232
JIRA,jira,project,2021-01_to_2021-04,2021-01,2021-04,ServiceMix,2,2,1.000000
JIRA,jira,project,2021-01_to_2021-04,2021-01,2021-04,Shiro,2,0,0.000000
JIRA,jira,project,2021-01_to_2021-04,2021-01,2021-04,Singa,1,1,1.000000
JIRA,jira,project,2021-01_to_2021-04,2021-01,2021-04,Sling,81,42,0.518519
JIRA,jira,project,2021-01_to_2021-04,2021-01,2021-04,Solr,153,57,0.372549
JIRA,jira,project,2021-01_to_2021-04,2021-01,2021-04,Sourcetree For Mac,20,6,0.300000
JIRA,jira,project,2021-01_to_2021-04,2021-01,2021-04,Sourcetree for Windows,28,19,0.678571
JIRA,jira,project,2021-01_to_2021-04,2021-01,2021-04,Spark,1079,215,0.199259
JIRA,jira,project,2021-01_to_2021-04,2021-01,2021-04,Spark Connector,6,5,0.833333
JIRA,jira,project,2021-01_to_2021-04,2021-01,2021-04,Spatial Information Systems,5,2,0.400000
JIRA,jira,project,2021-01_to_2021-04,2021-01,2021-04,Spring Data GemFire,2,2,1.000000
JIRA,jira,project,2021-01_to_2021-04,2021-01,2021-04,Spring Roo,1,1,1.000000
JIRA,jira,project,2021-01_to_2021-04,2021-01,2021-04,Spring Web Flow,1,1,1.000000
JIRA,jira,project,2021-01_to_2021-04,2021-01,2021-04,Sqoop (Retired),2,2,1.000000
JIRA,jira,project,2021-01_to_2021-04,2021-01,2021-04,StreamPipes,67,9,0.134328
JIRA,jira,project,2021-01_to_2021-04,2021-01,2021-04,Struts 2,11,4,0.363636
JIRA,jira,project,2021-01_to_2021-04,2021-01,2021-04,Subscription Watch,7,0,0.000000
JIRA,jira,project,2021-01_to_2021-04,2021-01,2021-04,Subversion,1,1,1.000000
JIRA,jira,project,2021-01_to_2021-04,2021-01,2021-04,Syncope,8,1,0.125000
JIRA,jira,project,2021-01_to_2021-04,2021-01,2021-04,SystemDS,50,19,0.380000
JIRA,jira,project,2021-01_to_2021-04,2021-01,2021-04,TOREE,1,1,1.000000
JIRA,jira,project,2021-01_to_2021-04,2021-01,2021-04,Tajo (Retired),1,1,1.000000
JIRA,jira,project,2021-01_to_2021-04,2021-01,2021-04,Tapestry 5,6,5,0.833333
JIRA,jira,project,2021-01_to_2021-04,2021-01,2021-04,TeamCity Artifactory Plug,1,1,1.000000
JIRA,jira,project,2021-01_to_2021-04,2021-01,2021-04,Teiid,5,3,0.600000
JIRA,jira,project,2021-01_to_2021-04,2021-01,2021-04,Teiid Spring Boot,2,2,1.000000
JIRA,jira,project,2021-01_to_2021-04,2021-01,2021-04,Test Project,3,0,0.000000
JIRA,jira,project,2021-01_to_2021-04,2021-01,2021-04,Thrift,20,11,0.550000
JIRA,jira,project,2021-01_to_2021-04,2021-01,2021-04,Tika,24,12,0.500000
JIRA,jira,project,2021-01_to_2021-04,2021-01,2021-04,TinkerPop,19,9,0.473684
JIRA,jira,project,2021-01_to_2021-04,2021-01,2021-04,TomEE,83,74,0.891566
JIRA,jira,project,2021-01_to_2021-04,2021-01,2021-04,Tools (JBoss Tools),60,29,0.483333
JIRA,jira,project,2021-01_to_2021-04,2021-01,2021-04,UIMA,8,4,0.500000
JIRA,jira,project,2021-01_to_2021-04,2021-01,2021-04,Undertow,34,19,0.558824
JIRA,jira,project,2021-01_to_2021-04,2021-01,2021-04,Universal Plugin Manager,2,0,0.000000
JIRA,jira,project,2021-01_to_2021-04,2021-01,2021-04,Use OCPBUGS now,60,5,0.083333
JIRA,jira,project,2021-01_to_2021-04,2021-01,2021-04,VS Code Extension,21,4,0.190476
JIRA,jira,project,2021-01_to_2021-04,2021-01,2021-04,Velocity,3,0,0.000000
JIRA,jira,project,2021-01_to_2021-04,2021-01,2021-04,Velocity Tools,1,1,1.000000
JIRA,jira,project,2021-01_to_2021-04,2021-01,2021-04,Visual Design,5,0,0.000000
JIRA,jira,project,2021-01_to_2021-04,2021-01,2021-04,WINDUP ,75,6,0.080000
JIRA,jira,project,2021-01_to_2021-04,2021-01,2021-04,WINDUPRULE ,14,1,0.071429
JIRA,jira,project,2021-01_to_2021-04,2021-01,2021-04,WSS4J,1,0,0.000000
JIRA,jira,project,2021-01_to_2021-04,2021-01,2021-04,Web Terminal for OpenShift,15,0,0.000000
JIRA,jira,project,2021-01_to_2021-04,2021-01,2021-04,Weld,9,7,0.777778
JIRA,jira,project,2021-01_to_2021-04,2021-01,2021-04,Whimsy,2,0,0.000000
JIRA,jira,project,2021-01_to_2021-04,2021-01,2021-04,Wicket,5,4,0.800000
JIRA,jira,project,2021-01_to_2021-04,2021-01,2021-04,WildFly,316,100,0.316456
JIRA,jira,project,2021-01_to_2021-04,2021-01,2021-04,WildFly Arquillian,1,0,0.000000
JIRA,jira,project,2021-01_to_2021-04,2021-01,2021-04,WildFly Client Configuration,1,1,1.000000
JIRA,jira,project,2021-01_to_2021-04,2021-01,2021-04,WildFly Core,65,32,0.492308
JIRA,jira,project,2021-01_to_2021-04,2021-01,2021-04,WildFly EJB HTTP Client,6,5,0.833333
JIRA,jira,project,2021-01_to_2021-04,2021-01,2021-04,WildFly Elytron,19,10,0.526316
JIRA,jira,project,2021-01_to_2021-04,2021-01,2021-04,WildFly Naming Client,2,2,1.000000
JIRA,jira,project,2021-01_to_2021-04,2021-01,2021-04,WildFly OpenSSL,4,3,0.750000
JIRA,jira,project,2021-01_to_2021-04,2021-01,2021-04,WildFly OpenSSL Natives,1,0,0.000000
JIRA,jira,project,2021-01_to_2021-04,2021-01,2021-04,WildFly Transaction Client,2,2,1.000000
JIRA,jira,project,2021-01_to_2021-04,2021-01,2021-04,WildFly WIP,7,7,1.000000
JIRA,jira,project,2021-01_to_2021-04,2021-01,2021-04,WiredTiger,358,154,0.430168
JIRA,jira,project,2021-01_to_2021-04,2021-01,2021-04,XBean,1,1,1.000000
JIRA,jira,project,2021-01_to_2021-04,2021-01,2021-04,XML Commons,1,0,0.000000
JIRA,jira,project,2021-01_to_2021-04,2021-01,2021-04,XMLBeans,7,6,0.857143
JIRA,jira,project,2021-01_to_2021-04,2021-01,2021-04,XNIO,2,1,0.500000
JIRA,jira,project,2021-01_to_2021-04,2021-01,2021-04,Xerces,2,0,0.000000
JIRA,jira,project,2021-01_to_2021-04,2021-01,2021-04,Xerces2,2,1,0.500000
JIRA,jira,project,2021-01_to_2021-04,2021-01,2021-04,Yetus,4,1,0.250000
JIRA,jira,project,2021-01_to_2021-04,2021-01,2021-04,Zeppelin,47,37,0.787234
JIRA,jira,project,2021-01_to_2021-04,2021-01,2021-04,ZooKeeper,58,36,0.620690
JIRA,jira,project,2021-01_to_2021-04,2021-01,2021-04,aardvark,2,2,1.000000
JIRA,jira,project,2021-01_to_2021-04,2021-01,2021-04,cTAKES,4,3,0.750000
JIRA,jira,project,2021-01_to_2021-04,2021-01,2021-04,jBPM,61,32,0.524590
JIRA,jira,project,2021-01_to_2021-04,2021-01,2021-04,jboss.org,1,0,0.000000
JIRA,jira,project,2021-01_to_2021-04,2021-01,2021-04,jclouds,5,5,1.000000
JIRA,jira,project,2021-01_to_2021-04,2021-01,2021-04,mod_cluster,3,0,0.000000
JIRA,jira,project,2021-01_to_2021-04,2021-01,2021-04,repository.jboss.org/nexus,2,2,1.000000
JIRA,jira,project,2021-01_to_2021-04,2021-01,2021-04,serf,1,0,0.000000
JIRA,jira,project,2021-01_to_2021-04,2021-01,2021-04,www.apache.org website,1,0,0.000000
JIRA,jira,project,2021-05_to_2021-08,2021-05,2021-08,A,8,1,0.125000
JIRA,jira,project,2021-05_to_2021-08,2021-05,2021-08,AMQ Broker,156,42,0.269231
JIRA,jira,project,2021-05_to_2021-08,2021-05,2021-08,AMQ Clients,17,4,0.235294
JIRA,jira,project,2021-05_to_2021-08,2021-05,2021-08,AMQ Documentation,16,1,0.062500
JIRA,jira,project,2021-05_to_2021-08,2021-05,2021-08,AMQ Interconnect,74,1,0.013514
JIRA,jira,project,2021-05_to_2021-08,2021-05,2021-08,AMQ Streams,76,10,0.131579
JIRA,jira,project,2021-05_to_2021-08,2021-05,2021-08,Aapche Age 2,1,1,1.000000
JIRA,jira,project,2021-05_to_2021-08,2021-05,2021-08,ActiveMQ,9,9,1.000000
JIRA,jira,project,2021-05_to_2021-08,2021-05,2021-08,ActiveMQ (Read,24,3,0.125000
JIRA,jira,project,2021-05_to_2021-08,2021-05,2021-08,ActiveMQ .Net,4,1,0.250000
JIRA,jira,project,2021-05_to_2021-08,2021-05,2021-08,ActiveMQ Artemis,22,22,1.000000
JIRA,jira,project,2021-05_to_2021-08,2021-05,2021-08,ActiveMQ OpenWire,1,0,0.000000
JIRA,jira,project,2021-05_to_2021-08,2021-05,2021-08,ActiveObjects,5,1,0.200000
JIRA,jira,project,2021-05_to_2021-08,2021-05,2021-08,Admin Experience,56,5,0.089286
JIRA,jira,project,2021-05_to_2021-08,2021-05,2021-08,Advanced Roadmaps,6,6,1.000000
JIRA,jira,project,2021-05_to_2021-08,2021-05,2021-08,Agroal,1,1,1.000000
JIRA,jira,project,2021-05_to_2021-08,2021-05,2021-08,Airavata,7,3,0.428571
JIRA,jira,project,2021-05_to_2021-08,2021-05,2021-08,Ambari,5,3,0.600000
JIRA,jira,project,2021-05_to_2021-08,2021-05,2021-08,Apache AGE,4,0,0.000000
JIRA,jira,project,2021-05_to_2021-08,2021-05,2021-08,Apache AGE (old),1,0,0.000000
JIRA,jira,project,2021-05_to_2021-08,2021-05,2021-08,Apache AWF (Retired),35,0,0.000000
JIRA,jira,project,2021-05_to_2021-08,2021-05,2021-08,Apache Any23 (Retired),1,0,0.000000
JIRA,jira,project,2021-05_to_2021-08,2021-05,2021-08,Apache Arrow,1186,226,0.190556
JIRA,jira,project,2021-05_to_2021-08,2021-05,2021-08,Apache AsterixDB,16,7,0.437500
JIRA,jira,project,2021-05_to_2021-08,2021-05,2021-08,Apache Avro,30,15,0.500000
JIRA,jira,project,2021-05_to_2021-08,2021-05,2021-08,Apache Cassandra,194,56,0.288660
JIRA,jira,project,2021-05_to_2021-08,2021-05,2021-08,Apache Commons All,2,0,0.000000
JIRA,jira,project,2021-05_to_2021-08,2021-05,2021-08,Apache Curator,17,4,0.235294
JIRA,jira,project,2021-05_to_2021-08,2021-05,2021-08,Apache DataLab (Retired),10,4,0.400000
JIRA,jira,project,2021-05_to_2021-08,2021-05,2021-08,Apache Drill,32,22,0.687500
JIRA,jira,project,2021-05_to_2021-08,2021-05,2021-08,Apache Fineract,24,4,0.166667
JIRA,jira,project,2021-05_to_2021-08,2021-05,2021-08,Apache Freemarker,4,4,1.000000
JIRA,jira,project,2021-05_to_2021-08,2021-05,2021-08,Apache Gobblin,16,2,0.125000
JIRA,jira,project,2021-05_to_2021-08,2021-05,2021-08,Apache Gora,6,6,1.000000
JIRA,jira,project,2021-05_to_2021-08,2021-05,2021-08,Apache HAWQ,2,2,1.000000
JIRA,jira,project,2021-05_to_2021-08,2021-05,2021-08,Apache Hop,29,29,1.000000
JIRA,jira,project,2021-05_to_2021-08,2021-05,2021-08,Apache Hop (Retired),102,6,0.058824
JIRA,jira,project,2021-05_to_2021-08,2021-05,2021-08,Apache Horn (Retired),21,0,0.000000
JIRA,jira,project,2021-05_to_2021-08,2021-05,2021-08,Apache Hudi,241,93,0.385892
JIRA,jira,project,2021-05_to_2021-08,2021-05,2021-08,Apache InLong,102,5,0.049020
JIRA,jira,project,2021-05_to_2021-08,2021-05,2021-08,Apache IoTDB,59,32,0.542373
JIRA,jira,project,2021-05_to_2021-08,2021-05,2021-08,Apache Jena,11,8,0.727273
JIRA,jira,project,2021-05_to_2021-08,2021-05,2021-08,Apache Knox,15,11,0.733333
JIRA,jira,project,2021-05_to_2021-08,2021-05,2021-08,Apache Liminal (Retired),2,0,0.000000
JIRA,jira,project,2021-05_to_2021-08,2021-05,2021-08,Apache MADlib,2,0,0.000000
JIRA,jira,project,2021-05_to_2021-08,2021-05,2021-08,Apache MXNet (Retired),1,0,0.000000
JIRA,jira,project,2021-05_to_2021-08,2021-05,2021-08,Apache Maven Resource Bundles (Moved to GitHub Issues),2,0,0.000000
JIRA,jira,project,2021-05_to_2021-08,2021-05,2021-08,Apache Nemo (Retired),3,0,0.000000
JIRA,jira,project,2021-05_to_2021-08,2021-05,2021-08,Apache NetBeans Infra,1,0,0.000000
JIRA,jira,project,2021-05_to_2021-08,2021-05,2021-08,Apache NiFi,226,71,0.314159
JIRA,jira,project,2021-05_to_2021-08,2021-05,2021-08,Apache NiFi MiNiFi C++,20,9,0.450000
JIRA,jira,project,2021-05_to_2021-08,2021-05,2021-08,Apache Ozone,252,95,0.376984
JIRA,jira,project,2021-05_to_2021-08,2021-05,2021-08,Apache PLC4X,7,4,0.571429
JIRA,jira,project,2021-05_to_2021-08,2021-05,2021-08,Apache RAT,5,2,0.400000
JIRA,jira,project,2021-05_to_2021-08,2021-05,2021-08,Apache Roller,2,1,0.500000
JIRA,jira,project,2021-05_to_2021-08,2021-05,2021-08,Apache S4 (Retired),2,0,0.000000
JIRA,jira,project,2021-05_to_2021-08,2021-05,2021-08,Apache SCIMple,1,0,0.000000
JIRA,jira,project,2021-05_to_2021-08,2021-05,2021-08,Apache Science Data Analytics Platform,14,0,0.000000
JIRA,jira,project,2021-05_to_2021-08,2021-05,2021-08,Apache Sedona,11,3,0.272727
JIRA,jira,project,2021-05_to_2021-08,2021-05,2021-08,Apache ServiceComb,14,2,0.142857
JIRA,jira,project,2021-05_to_2021-08,2021-05,2021-08,Apache Storm,23,5,0.217391
JIRA,jira,project,2021-05_to_2021-08,2021-05,2021-08,Apache Submarine,23,1,0.043478
JIRA,jira,project,2021-05_to_2021-08,2021-05,2021-08,Apache Tez,16,12,0.750000
JIRA,jira,project,2021-05_to_2021-08,2021-05,2021-08,Apache Unomi,17,5,0.294118
JIRA,jira,project,2021-05_to_2021-08,2021-05,2021-08,Apache Whisker,1,0,0.000000
JIRA,jira,project,2021-05_to_2021-08,2021-05,2021-08,Apache YuniKorn,158,10,0.063291
JIRA,jira,project,2021-05_to_2021-08,2021-05,2021-08,AppFormer,15,14,0.933333
JIRA,jira,project,2021-05_to_2021-08,2021-05,2021-08,Aries,8,2,0.250000
JIRA,jira,project,2021-05_to_2021-08,2021-05,2021-08,Artemis,67,12,0.179104
JIRA,jira,project,2021-05_to_2021-08,2021-05,2021-08,Artifactory Binary Repository,99,99,1.000000
JIRA,jira,project,2021-05_to_2021-08,2021-05,2021-08,Atlas,27,21,0.777778
JIRA,jira,project,2021-05_to_2021-08,2021-05,2021-08,Atlassian Access,3,3,1.000000
JIRA,jira,project,2021-05_to_2021-08,2021-05,2021-08,Atlassian Browser DevTools,16,0,0.000000
JIRA,jira,project,2021-05_to_2021-08,2021-05,2021-08,Atlassian Browsers,1,0,0.000000
JIRA,jira,project,2021-05_to_2021-08,2021-05,2021-08,Atlassian Cloud,40,5,0.125000
JIRA,jira,project,2021-05_to_2021-08,2021-05,2021-08,Atlassian Connect JavaScript API,3,0,0.000000
JIRA,jira,project,2021-05_to_2021-08,2021-05,2021-08,Atlassian Connect Spring Boot,11,5,0.454545
JIRA,jira,project,2021-05_to_2021-08,2021-05,2021-08,Atlassian Connect in Jira Cloud,26,4,0.153846
JIRA,jira,project,2021-05_to_2021-08,2021-05,2021-08,Atlassian Guard,40,3,0.075000
JIRA,jira,project,2021-05_to_2021-08,2021-05,2021-08,Atlassian Intelligence,24,2,0.083333
JIRA,jira,project,2021-05_to_2021-08,2021-05,2021-08,Atlassian Internationalization,30,1,0.033333
JIRA,jira,project,2021-05_to_2021-08,2021-05,2021-08,Atlassian Marketplace,10,1,0.100000
JIRA,jira,project,2021-05_to_2021-08,2021-05,2021-08,Atlassian Maven Plugin Suite,6,1,0.166667
JIRA,jira,project,2021-05_to_2021-08,2021-05,2021-08,Atlassian Plugins,1,0,0.000000
JIRA,jira,project,2021-05_to_2021-08,2021-05,2021-08,Atlassian Plugins Webresources,55,4,0.072727
JIRA,jira,project,2021-05_to_2021-08,2021-05,2021-08,Atlassian Product Integrations,20,2,0.100000
JIRA,jira,project,2021-05_to_2021-08,2021-05,2021-08,Atlassian Troubleshooting & Support Tools Plugin,7,1,0.142857
JIRA,jira,project,2021-05_to_2021-08,2021-05,2021-08,Atlassian User Interface,12,1,0.083333
JIRA,jira,project,2021-05_to_2021-08,2021-05,2021-08,Atlassian WebHooks Plugin,3,1,0.333333
JIRA,jira,project,2021-05_to_2021-08,2021-05,2021-08,Automation Analytics,4,4,1.000000
JIRA,jira,project,2021-05_to_2021-08,2021-05,2021-08,Automation Hub,10,10,1.000000
JIRA,jira,project,2021-05_to_2021-08,2021-05,2021-08,Automation for Cloud,42,2,0.047619
JIRA,jira,project,2021-05_to_2021-08,2021-05,2021-08,Automation for Jira Server,65,3,0.046154
JIRA,jira,project,2021-05_to_2021-08,2021-05,2021-08,Axiom,1,1,1.000000
JIRA,jira,project,2021-05_to_2021-08,2021-05,2021-08,Axis2,7,7,1.000000
JIRA,jira,project,2021-05_to_2021-08,2021-05,2021-08,Bahir,1,1,1.000000
JIRA,jira,project,2021-05_to_2021-08,2021-05,2021-08,Bahir (Retired),4,0,0.000000
JIRA,jira,project,2021-05_to_2021-08,2021-05,2021-08,Bamboo,11,11,1.000000
JIRA,jira,project,2021-05_to_2021-08,2021-05,2021-08,Bamboo Artifactory Plug,1,1,1.000000
JIRA,jira,project,2021-05_to_2021-08,2021-05,2021-08,Bamboo Data Center,59,9,0.152542
JIRA,jira,project,2021-05_to_2021-08,2021-05,2021-08,Batik,3,2,0.666667
JIRA,jira,project,2021-05_to_2021-08,2021-05,2021-08,Beam,445,150,0.337079
JIRA,jira,project,2021-05_to_2021-08,2021-05,2021-08,Bedrock Dedicated Server,14,14,1.000000
JIRA,jira,project,2021-05_to_2021-08,2021-05,2021-08,Bigtop,37,35,0.945946
JIRA,jira,project,2021-05_to_2021-08,2021-05,2021-08,Bitbucket Cloud,253,18,0.071146
JIRA,jira,project,2021-05_to_2021-08,2021-05,2021-08,Bitbucket Data Center,87,10,0.114943
JIRA,jira,project,2021-05_to_2021-08,2021-05,2021-08,Bitbucket Server,5,5,1.000000
JIRA,jira,project,2021-05_to_2021-08,2021-05,2021-08,Blockchain Explorer,3,3,1.000000
JIRA,jira,project,2021-05_to_2021-08,2021-05,2021-08,BxMS Documentation,32,0,0.000000
JIRA,jira,project,2021-05_to_2021-08,2021-05,2021-08,Byteman,2,2,1.000000
JIRA,jira,project,2021-05_to_2021-08,2021-05,2021-08,C Driver,144,18,0.125000
JIRA,jira,project,2021-05_to_2021-08,2021-05,2021-08,C# Driver,147,28,0.190476
JIRA,jira,project,2021-05_to_2021-08,2021-05,2021-08,C++ Driver,104,19,0.182692
JIRA,jira,project,2021-05_to_2021-08,2021-05,2021-08,CXF,26,20,0.769231
JIRA,jira,project,2021-05_to_2021-08,2021-05,2021-08,CaRT,2,2,1.000000
JIRA,jira,project,2021-05_to_2021-08,2021-05,2021-08,Calcite,78,48,0.615385
JIRA,jira,project,2021-05_to_2021-08,2021-05,2021-08,Camel,109,63,0.577982
JIRA,jira,project,2021-05_to_2021-08,2021-05,2021-08,CarbonData,25,22,0.880000
JIRA,jira,project,2021-05_to_2021-08,2021-05,2021-08,Cassandra,17,17,1.000000
JIRA,jira,project,2021-05_to_2021-08,2021-05,2021-08,Causeway,60,3,0.050000
JIRA,jira,project,2021-05_to_2021-08,2021-05,2021-08,Cayenne,3,2,0.666667
JIRA,jira,project,2021-05_to_2021-08,2021-05,2021-08,CentOS Stream Pipeline,521,55,0.105566
JIRA,jira,project,2021-05_to_2021-08,2021-05,2021-08,Cert Manager support for Red Hat OpenShift,1,0,0.000000
JIRA,jira,project,2021-05_to_2021-08,2021-05,2021-08,Chemistry,2,2,1.000000
JIRA,jira,project,2021-05_to_2021-08,2021-05,2021-08,Clair,1,0,0.000000
JIRA,jira,project,2021-05_to_2021-08,2021-05,2021-08,Clerezza,1,1,1.000000
JIRA,jira,project,2021-05_to_2021-08,2021-05,2021-08,Clerezza (Retired),1,0,0.000000
JIRA,jira,project,2021-05_to_2021-08,2021-05,2021-08,Client,15,3,0.200000
JIRA,jira,project,2021-05_to_2021-08,2021-05,2021-08,Cloud Enablement,12,0,0.000000
JIRA,jira,project,2021-05_to_2021-08,2021-05,2021-08,Cloud Infrastructure Security & Compliance,137,3,0.021898
JIRA,jira,project,2021-05_to_2021-08,2021-05,2021-08,Cloud Native Runtimes (CNR) Documentation,5,0,0.000000
JIRA,jira,project,2021-05_to_2021-08,2021-05,2021-08,Cluster Integration and Delivery,1,0,0.000000
JIRA,jira,project,2021-05_to_2021-08,2021-05,2021-08,Cockpit,1,0,0.000000
JIRA,jira,project,2021-05_to_2021-08,2021-05,2021-08,Coin,28,9,0.321429
JIRA,jira,project,2021-05_to_2021-08,2021-05,2021-08,Commons BCEL,1,0,0.000000
JIRA,jira,project,2021-05_to_2021-08,2021-05,2021-08,Commons BeanUtils,2,0,0.000000
JIRA,jira,project,2021-05_to_2021-08,2021-05,2021-08,Commons CLI,2,1,0.500000
JIRA,jira,project,2021-05_to_2021-08,2021-05,2021-08,Commons CSV,3,0,0.000000
JIRA,jira,project,2021-05_to_2021-08,2021-05,2021-08,Commons Collections,2,0,0.000000
JIRA,jira,project,2021-05_to_2021-08,2021-05,2021-08,Commons Compress,7,3,0.428571
JIRA,jira,project,2021-05_to_2021-08,2021-05,2021-08,Commons Configuration,1,1,1.000000
JIRA,jira,project,2021-05_to_2021-08,2021-05,2021-08,Commons Crypto,1,1,1.000000
JIRA,jira,project,2021-05_to_2021-08,2021-05,2021-08,Commons DBCP,1,1,1.000000
JIRA,jira,project,2021-05_to_2021-08,2021-05,2021-08,Commons Email,2,0,0.000000
JIRA,jira,project,2021-05_to_2021-08,2021-05,2021-08,Commons FileUpload,5,3,0.600000
JIRA,jira,project,2021-05_to_2021-08,2021-05,2021-08,Commons IO,5,1,0.200000
JIRA,jira,project,2021-05_to_2021-08,2021-05,2021-08,Commons Imaging,12,2,0.166667
JIRA,jira,project,2021-05_to_2021-08,2021-05,2021-08,Commons JCS,5,0,0.000000
JIRA,jira,project,2021-05_to_2021-08,2021-05,2021-08,Commons JEXL,2,2,1.000000
JIRA,jira,project,2021-05_to_2021-08,2021-05,2021-08,Commons Lang,7,1,0.142857
JIRA,jira,project,2021-05_to_2021-08,2021-05,2021-08,Commons Math,19,6,0.315789
JIRA,jira,project,2021-05_to_2021-08,2021-05,2021-08,Commons Net,2,1,0.500000
JIRA,jira,project,2021-05_to_2021-08,2021-05,2021-08,Commons Numbers,4,1,0.250000
JIRA,jira,project,2021-05_to_2021-08,2021-05,2021-08,Commons Pool,1,1,1.000000
JIRA,jira,project,2021-05_to_2021-08,2021-05,2021-08,Commons RNG,5,1,0.200000
JIRA,jira,project,2021-05_to_2021-08,2021-05,2021-08,Commons Statistics,3,0,0.000000
JIRA,jira,project,2021-05_to_2021-08,2021-05,2021-08,Commons Text,4,1,0.250000
JIRA,jira,project,2021-05_to_2021-08,2021-05,2021-08,Commons VFS,2,1,0.500000
JIRA,jira,project,2021-05_to_2021-08,2021-05,2021-08,Commons Validator,2,0,0.000000
JIRA,jira,project,2021-05_to_2021-08,2021-05,2021-08,Community Development,2,0,0.000000
JIRA,jira,project,2021-05_to_2021-08,2021-05,2021-08,Community Support ,144,144,1.000000
JIRA,jira,project,2021-05_to_2021-08,2021-05,2021-08,Compass,160,12,0.075000
JIRA,jira,project,2021-05_to_2021-08,2021-05,2021-08,Confluence Cloud,426,49,0.115023
JIRA,jira,project,2021-05_to_2021-08,2021-05,2021-08,Confluence Copy Space Plugin,1,0,0.000000
JIRA,jira,project,2021-05_to_2021-08,2021-05,2021-08,Confluence Data Center,293,39,0.133106
JIRA,jira,project,2021-05_to_2021-08,2021-05,2021-08,Confluence Server and Data Center,2,2,1.000000
JIRA,jira,project,2021-05_to_2021-08,2021-05,2021-08,Container Tools,68,3,0.044118
JIRA,jira,project,2021-05_to_2021-08,2021-05,2021-08,Content Gateway,8,0,0.000000
JIRA,jira,project,2021-05_to_2021-08,2021-05,2021-08,Continuous Productization DevOps,3,3,1.000000
JIRA,jira,project,2021-05_to_2021-08,2021-05,2021-08,Contrib: Big Blue Button,1,0,0.000000
JIRA,jira,project,2021-05_to_2021-08,2021-05,2021-08,Contrib: Certification,1,1,1.000000
JIRA,jira,project,2021-05_to_2021-08,2021-05,2021-08,Contrib: Evaluation System,1,1,1.000000
JIRA,jira,project,2021-05_to_2021-08,2021-05,2021-08,Contrib: SCORM Player,6,5,0.833333
JIRA,jira,project,2021-05_to_2021-08,2021-05,2021-08,Core Server,2830,427,0.150883
JIRA,jira,project,2021-05_to_2021-08,2021-05,2021-08,CoreOS OCP,3,0,0.000000
JIRA,jira,project,2021-05_to_2021-08,2021-05,2021-08,Cost Management,46,24,0.521739
JIRA,jira,project,2021-05_to_2021-08,2021-05,2021-08,Crowd,1,1,1.000000
JIRA,jira,project,2021-05_to_2021-08,2021-05,2021-08,Crowd Data Center,20,5,0.250000
JIRA,jira,project,2021-05_to_2021-08,2021-05,2021-08,Crucible,2,0,0.000000
JIRA,jira,project,2021-05_to_2021-08,2021-05,2021-08,DAOS,339,339,1.000000
JIRA,jira,project,2021-05_to_2021-08,2021-05,2021-08,Daffodil,18,9,0.500000
JIRA,jira,project,2021-05_to_2021-08,2021-05,2021-08,Data Foundation Bugs,1,0,0.000000
JIRA,jira,project,2021-05_to_2021-08,2021-05,2021-08,DataFu,1,0,0.000000
JIRA,jira,project,2021-05_to_2021-08,2021-05,2021-08,Database as a Service,10,1,0.100000
JIRA,jira,project,2021-05_to_2021-08,2021-05,2021-08,Debezium,387,140,0.361757
JIRA,jira,project,2021-05_to_2021-08,2021-05,2021-08,Derby,6,6,1.000000
JIRA,jira,project,2021-05_to_2021-08,2021-05,2021-08,Derby (Retired),1,0,0.000000
JIRA,jira,project,2021-05_to_2021-08,2021-05,2021-08,Dev ,62,62,1.000000
JIRA,jira,project,2021-05_to_2021-08,2021-05,2021-08,Directory ApacheDS,2,2,1.000000
JIRA,jira,project,2021-05_to_2021-08,2021-05,2021-08,Directory Studio,6,5,0.833333
JIRA,jira,project,2021-05_to_2021-08,2021-05,2021-08,Distributed Tracing,141,2,0.014184
JIRA,jira,project,2021-05_to_2021-08,2021-05,2021-08,Docs for Red Hat Developers,225,17,0.075556
JIRA,jira,project,2021-05_to_2021-08,2021-05,2021-08,Documentation,7,7,1.000000
JIRA,jira,project,2021-05_to_2021-08,2021-05,2021-08,Drivers,26,1,0.038462
JIRA,jira,project,2021-05_to_2021-08,2021-05,2021-08,Drools,159,58,0.364780
JIRA,jira,project,2021-05_to_2021-08,2021-05,2021-08,EJB Client Library (AS7+),2,1,0.500000
JIRA,jira,project,2021-05_to_2021-08,2021-05,2021-08,ENTSBT,4,4,1.000000
JIRA,jira,project,2021-05_to_2021-08,2021-05,2021-08,Empire,9,0,0.000000
JIRA,jira,project,2021-05_to_2021-08,2021-05,2021-08,Evergreen,57,57,1.000000
JIRA,jira,project,2021-05_to_2021-08,2021-05,2021-08,FOP,8,4,0.500000
JIRA,jira,project,2021-05_to_2021-08,2021-05,2021-08,FORTRESS,1,0,0.000000
JIRA,jira,project,2021-05_to_2021-08,2021-05,2021-08,Fabric,20,20,1.000000
JIRA,jira,project,2021-05_to_2021-08,2021-05,2021-08,Fabric CA,3,3,1.000000
JIRA,jira,project,2021-05_to_2021-08,2021-05,2021-08,Fabric Gateway Java,1,1,1.000000
JIRA,jira,project,2021-05_to_2021-08,2021-05,2021-08,Fabric SDK Go,2,2,1.000000
JIRA,jira,project,2021-05_to_2021-08,2021-05,2021-08,Fabric SDK Node,2,2,1.000000
JIRA,jira,project,2021-05_to_2021-08,2021-05,2021-08,Fast Datapath Product,5,0,0.000000
JIRA,jira,project,2021-05_to_2021-08,2021-05,2021-08,Fedora,23,9,0.391304
JIRA,jira,project,2021-05_to_2021-08,2021-05,2021-08,Felix,17,13,0.764706
JIRA,jira,project,2021-05_to_2021-08,2021-05,2021-08,Fidelis AI,30,4,0.133333
JIRA,jira,project,2021-05_to_2021-08,2021-05,2021-08,Fineract Cloud Native,2,1,0.500000
JIRA,jira,project,2021-05_to_2021-08,2021-05,2021-08,FishEye,5,2,0.400000
JIRA,jira,project,2021-05_to_2021-08,2021-05,2021-08,Flagon,1,0,0.000000
JIRA,jira,project,2021-05_to_2021-08,2021-05,2021-08,Flink,616,406,0.659091
JIRA,jira,project,2021-05_to_2021-08,2021-05,2021-08,Flume,2,1,0.500000
JIRA,jira,project,2021-05_to_2021-08,2021-05,2021-08,Forge,95,11,0.115789
JIRA,jira,project,2021-05_to_2021-08,2021-05,2021-08,FtpServer,1,0,0.000000
JIRA,jira,project,2021-05_to_2021-08,2021-05,2021-08,Fuse Tooling,16,8,0.500000
JIRA,jira,project,2021-05_to_2021-08,2021-05,2021-08,Fuse/AMQ Documentation,1,0,0.000000
JIRA,jira,project,2021-05_to_2021-08,2021-05,2021-08,Geode,265,99,0.373585
JIRA,jira,project,2021-05_to_2021-08,2021-05,2021-08,Go Driver,112,14,0.125000
JIRA,jira,project,2021-05_to_2021-08,2021-05,2021-08,Griffin,1,1,1.000000
JIRA,jira,project,2021-05_to_2021-08,2021-05,2021-08,Griffin (Retired),1,1,1.000000
JIRA,jira,project,2021-05_to_2021-08,2021-05,2021-08,Groovy,123,71,0.577236
JIRA,jira,project,2021-05_to_2021-08,2021-05,2021-08,Guacamole,29,15,0.517241
JIRA,jira,project,2021-05_to_2021-08,2021-05,2021-08,HAL,1,0,0.000000
JIRA,jira,project,2021-05_to_2021-08,2021-05,2021-08,HBase,162,91,0.561728
JIRA,jira,project,2021-05_to_2021-08,2021-05,2021-08,Hadoop Common,126,48,0.380952
JIRA,jira,project,2021-05_to_2021-08,2021-05,2021-08,Hadoop HDFS,135,72,0.533333
JIRA,jira,project,2021-05_to_2021-08,2021-05,2021-08,Hadoop Map/Reduce,18,12,0.666667
JIRA,jira,project,2021-05_to_2021-08,2021-05,2021-08,Hadoop YARN,119,68,0.571429
JIRA,jira,project,2021-05_to_2021-08,2021-05,2021-08,Helm,3,3,1.000000
JIRA,jira,project,2021-05_to_2021-08,2021-05,2021-08,Hive,258,90,0.348837
JIRA,jira,project,2021-05_to_2021-08,2021-05,2021-08,Hivemall,5,5,1.000000
JIRA,jira,project,2021-05_to_2021-08,2021-05,2021-08,HttpComponents HttpClient,9,6,0.666667
JIRA,jira,project,2021-05_to_2021-08,2021-05,2021-08,HttpComponents HttpCore,2,2,1.000000
JIRA,jira,project,2021-05_to_2021-08,2021-05,2021-08,Hybrid Cloud Console,99,3,0.030303
JIRA,jira,project,2021-05_to_2021-08,2021-05,2021-08,Hybrid Cloud Infrastructure Documentation,1,0,0.000000
JIRA,jira,project,2021-05_to_2021-08,2021-05,2021-08,IMPALA,120,61,0.508333
JIRA,jira,project,2021-05_to_2021-08,2021-05,2021-08,Identity,27,7,0.259259
JIRA,jira,project,2021-05_to_2021-08,2021-05,2021-08,Ignite,328,136,0.414634
JIRA,jira,project,2021-05_to_2021-08,2021-05,2021-08,Incubator,4,0,0.000000
JIRA,jira,project,2021-05_to_2021-08,2021-05,2021-08,Infinispan,49,49,1.000000
JIRA,jira,project,2021-05_to_2021-08,2021-05,2021-08,Infinispan ProtoStream,3,3,1.000000
JIRA,jira,project,2021-05_to_2021-08,2021-05,2021-08,Infrastructure,40,40,1.000000
JIRA,jira,project,2021-05_to_2021-08,2021-05,2021-08,Insights Rule Analysis Tool,7,0,0.000000
JIRA,jira,project,2021-05_to_2021-08,2021-05,2021-08,Iroha,1,1,1.000000
JIRA,jira,project,2021-05_to_2021-08,2021-05,2021-08,IronJacamar,4,0,0.000000
JIRA,jira,project,2021-05_to_2021-08,2021-05,2021-08,Isis,11,11,1.000000
JIRA,jira,project,2021-05_to_2021-08,2021-05,2021-08,JBeret,3,3,1.000000
JIRA,jira,project,2021-05_to_2021-08,2021-05,2021-08,JBoss A,2,1,0.500000
JIRA,jira,project,2021-05_to_2021-08,2021-05,2021-08,JBoss Core Services,23,6,0.260870
JIRA,jira,project,2021-05_to_2021-08,2021-05,2021-08,JBoss ESB,1,1,1.000000
JIRA,jira,project,2021-05_to_2021-08,2021-05,2021-08,JBoss Enterprise Application Platform,300,79,0.263333
JIRA,jira,project,2021-05_to_2021-08,2021-05,2021-08,JBoss Marshalling,1,1,1.000000
JIRA,jira,project,2021-05_to_2021-08,2021-05,2021-08,JBoss Remoting (3+),7,0,0.000000
JIRA,jira,project,2021-05_to_2021-08,2021-05,2021-08,JBoss Server Migration Tool,6,4,0.666667
JIRA,jira,project,2021-05_to_2021-08,2021-05,2021-08,JBoss Transaction Manager,20,8,0.400000
JIRA,jira,project,2021-05_to_2021-08,2021-05,2021-08,JBoss Web Server,21,3,0.142857
JIRA,jira,project,2021-05_to_2021-08,2021-05,2021-08,JBoss Web Services,1,1,1.000000
JIRA,jira,project,2021-05_to_2021-08,2021-05,2021-08,JDO,2,0,0.000000
JIRA,jira,project,2021-05_to_2021-08,2021-05,2021-08,JGroups,3,2,0.666667
JIRA,jira,project,2021-05_to_2021-08,2021-05,2021-08,JIRA Service Desk Ecosystem,2,0,0.000000
JIRA,jira,project,2021-05_to_2021-08,2021-05,2021-08,Jackrabbit Content Repository,28,3,0.107143
JIRA,jira,project,2021-05_to_2021-08,2021-05,2021-08,Jackrabbit FileVault,15,9,0.600000
JIRA,jira,project,2021-05_to_2021-08,2021-05,2021-08,Jackrabbit Oak,109,35,0.321101
JIRA,jira,project,2021-05_to_2021-08,2021-05,2021-08,James Server,10,6,0.600000
JIRA,jira,project,2021-05_to_2021-08,2021-05,2021-08,Java Driver,131,14,0.106870
JIRA,jira,project,2021-05_to_2021-08,2021-05,2021-08,Jenkins Artifactory Plug,7,7,1.000000
JIRA,jira,project,2021-05_to_2021-08,2021-05,2021-08,Jira Admin Support,3,0,0.000000
JIRA,jira,project,2021-05_to_2021-08,2021-05,2021-08,Jira Align,389,15,0.038560
JIRA,jira,project,2021-05_to_2021-08,2021-05,2021-08,Jira Cloud,73,13,0.178082
JIRA,jira,project,2021-05_to_2021-08,2021-05,2021-08,Jira Data Center,296,32,0.108108
JIRA,jira,project,2021-05_to_2021-08,2021-05,2021-08,Jira Performance Testing Tools,4,0,0.000000
JIRA,jira,project,2021-05_to_2021-08,2021-05,2021-08,Jira Platform Cloud,805,19,0.023602
JIRA,jira,project,2021-05_to_2021-08,2021-05,2021-08,Jira Server and Data Center,5,5,1.000000
JIRA,jira,project,2021-05_to_2021-08,2021-05,2021-08,Jira Service Management Cloud,307,18,0.058632
JIRA,jira,project,2021-05_to_2021-08,2021-05,2021-08,Jira Service Management Data Center,986,32,0.032454
JIRA,jira,project,2021-05_to_2021-08,2021-05,2021-08,Jira Service Management Server and Data Center,6,6,1.000000
JIRA,jira,project,2021-05_to_2021-08,2021-05,2021-08,Jira Software Cloud,5,5,1.000000
JIRA,jira,project,2021-05_to_2021-08,2021-05,2021-08,Jira Software Data Center,145,10,0.068966
JIRA,jira,project,2021-05_to_2021-08,2021-05,2021-08,Jira Software Server and Data Center,2,2,1.000000
JIRA,jira,project,2021-05_to_2021-08,2021-05,2021-08,Jira Work Management Cloud,60,4,0.066667
JIRA,jira,project,2021-05_to_2021-08,2021-05,2021-08,Johnzon,2,2,1.000000
JIRA,jira,project,2021-05_to_2021-08,2021-05,2021-08,KIE Cloud,29,2,0.068966
JIRA,jira,project,2021-05_to_2021-08,2021-05,2021-08,Kafka,244,104,0.426230
JIRA,jira,project,2021-05_to_2021-08,2021-05,2021-08,Kafka Connector,26,6,0.230769
JIRA,jira,project,2021-05_to_2021-08,2021-05,2021-08,Karaf,17,12,0.705882
JIRA,jira,project,2021-05_to_2021-08,2021-05,2021-08,Keycloak,171,171,1.000000
JIRA,jira,project,2021-05_to_2021-08,2021-05,2021-08,Kiali QE,4,4,1.000000
JIRA,jira,project,2021-05_to_2021-08,2021-05,2021-08,Knative Serving,65,7,0.107692
JIRA,jira,project,2021-05_to_2021-08,2021-05,2021-08,Kogito,560,92,0.164286
JIRA,jira,project,2021-05_to_2021-08,2021-05,2021-08,Konflux UI,1,0,0.000000
JIRA,jira,project,2021-05_to_2021-08,2021-05,2021-08,Konveyor Tackle,52,1,0.019231
JIRA,jira,project,2021-05_to_2021-08,2021-05,2021-08,Kudu,20,16,0.800000
JIRA,jira,project,2021-05_to_2021-08,2021-05,2021-08,Kylin,27,17,0.629630
JIRA,jira,project,2021-05_to_2021-08,2021-05,2021-08,Legal Discuss,4,0,0.000000
JIRA,jira,project,2021-05_to_2021-08,2021-05,2021-08,Libmongocrypt,12,3,0.250000
JIRA,jira,project,2021-05_to_2021-08,2021-05,2021-08,Livy,9,4,0.444444
JIRA,jira,project,2021-05_to_2021-08,2021-05,2021-08,Log4cxx,5,3,0.600000
JIRA,jira,project,2021-05_to_2021-08,2021-05,2021-08,Log4j 2,23,18,0.782609
JIRA,jira,project,2021-05_to_2021-08,2021-05,2021-08,Log4net,2,1,0.500000
JIRA,jira,project,2021-05_to_2021-08,2021-05,2021-08,Lucene ,134,21,0.156716
JIRA,jira,project,2021-05_to_2021-08,2021-05,2021-08,MINA,4,2,0.500000
JIRA,jira,project,2021-05_to_2021-08,2021-05,2021-08,MINA SSHD,22,17,0.772727
JIRA,jira,project,2021-05_to_2021-08,2021-05,2021-08,Machine Config Operator,30,1,0.033333
JIRA,jira,project,2021-05_to_2021-08,2021-05,2021-08,Maistra,103,42,0.407767
JIRA,jira,project,2021-05_to_2021-08,2021-05,2021-08,Managed Service ,2,0,0.000000
JIRA,jira,project,2021-05_to_2021-08,2021-05,2021-08,ManifoldCF,3,2,0.666667
JIRA,jira,project,2021-05_to_2021-08,2021-05,2021-08,MariaDB ColumnStore,92,26,0.282609
JIRA,jira,project,2021-05_to_2021-08,2021-05,2021-08,MariaDB Connector/C,4,0,0.000000
JIRA,jira,project,2021-05_to_2021-08,2021-05,2021-08,MariaDB Connector/C++,1,1,1.000000
JIRA,jira,project,2021-05_to_2021-08,2021-05,2021-08,MariaDB Connector/J,3,0,0.000000
JIRA,jira,project,2021-05_to_2021-08,2021-05,2021-08,MariaDB Connector/ODBC,9,3,0.333333
JIRA,jira,project,2021-05_to_2021-08,2021-05,2021-08,MariaDB Connector/Python,4,1,0.250000
JIRA,jira,project,2021-05_to_2021-08,2021-05,2021-08,MariaDB Connector/node.js,1,1,1.000000
JIRA,jira,project,2021-05_to_2021-08,2021-05,2021-08,MariaDB Foundation Development,21,6,0.285714
JIRA,jira,project,2021-05_to_2021-08,2021-05,2021-08,MariaDB MaxScale,57,14,0.245614
JIRA,jira,project,2021-05_to_2021-08,2021-05,2021-08,MariaDB Server,529,343,0.648393
JIRA,jira,project,2021-05_to_2021-08,2021-05,2021-08,Maven (Moved to GitHub Issues),77,22,0.285714
JIRA,jira,project,2021-05_to_2021-08,2021-05,2021-08,Maven Antrun Plugin (Moved to GitHub Issues),1,0,0.000000
JIRA,jira,project,2021-05_to_2021-08,2021-05,2021-08,Maven Archetype (Moved to GitHub Issues),3,1,0.333333
JIRA,jira,project,2021-05_to_2021-08,2021-05,2021-08,Maven Artifact Plugin (Moved to GitHub Issues),12,2,0.166667
JIRA,jira,project,2021-05_to_2021-08,2021-05,2021-08,Maven Assembly Plugin (Moved to GitHub Issues),2,1,0.500000
JIRA,jira,project,2021-05_to_2021-08,2021-05,2021-08,Maven Changes Plugin (Moved to GitHub Issues),1,1,1.000000
JIRA,jira,project,2021-05_to_2021-08,2021-05,2021-08,Maven Checkstyle Plugin (Moved to GitHub Issues),4,3,0.750000
JIRA,jira,project,2021-05_to_2021-08,2021-05,2021-08,Maven Compiler Plugin (Moved to GitHub Issues),6,2,0.333333
JIRA,jira,project,2021-05_to_2021-08,2021-05,2021-08,Maven Dependency Plugin (Moved to GitHub Issues),15,6,0.400000
JIRA,jira,project,2021-05_to_2021-08,2021-05,2021-08,Maven Deploy Plugin (Moved to GitHub Issues),2,0,0.000000
JIRA,jira,project,2021-05_to_2021-08,2021-05,2021-08,Maven Doxia (Moved to GitHub Issues),1,0,0.000000
JIRA,jira,project,2021-05_to_2021-08,2021-05,2021-08,Maven Doxia Sitetools (Moved to GitHub Issues),6,1,0.166667
JIRA,jira,project,2021-05_to_2021-08,2021-05,2021-08,Maven Doxia Tools (Moved to GitHub Issues),1,0,0.000000
JIRA,jira,project,2021-05_to_2021-08,2021-05,2021-08,Maven EAR Plugin (Moved to GitHub Issues),2,1,0.500000
JIRA,jira,project,2021-05_to_2021-08,2021-05,2021-08,Maven Enforcer Plugin (Moved to GitHub Issues),16,7,0.437500
JIRA,jira,project,2021-05_to_2021-08,2021-05,2021-08,Maven GPG Plugin (Moved to GitHub Issues),1,0,0.000000
JIRA,jira,project,2021-05_to_2021-08,2021-05,2021-08,Maven Help Plugin (Moved to GitHub Issues),5,1,0.200000
JIRA,jira,project,2021-05_to_2021-08,2021-05,2021-08,Maven Indexer (Moved to GitHub Issues),1,1,1.000000
JIRA,jira,project,2021-05_to_2021-08,2021-05,2021-08,Maven Invoker Plugin (Moved to GitHub Issues),5,2,0.400000
JIRA,jira,project,2021-05_to_2021-08,2021-05,2021-08,Maven JDeps Plugin (Moved to GitHub Issues),1,0,0.000000
JIRA,jira,project,2021-05_to_2021-08,2021-05,2021-08,Maven Jar Signer Plugin (Moved to GitHub Issues),1,0,0.000000
JIRA,jira,project,2021-05_to_2021-08,2021-05,2021-08,Maven Javadoc Plugin (Moved to GitHub Issues),13,6,0.461538
JIRA,jira,project,2021-05_to_2021-08,2021-05,2021-08,Maven Linkcheck Plugin (Moved to GitHub Issues),1,0,0.000000
JIRA,jira,project,2021-05_to_2021-08,2021-05,2021-08,Maven PMD Plugin (Moved to GitHub Issues),5,2,0.400000
JIRA,jira,project,2021-05_to_2021-08,2021-05,2021-08,Maven POMs (Moved to GitHub issues),4,0,0.000000
JIRA,jira,project,2021-05_to_2021-08,2021-05,2021-08,Maven Project Info Reports Plugin (Moved to GitHub Issues),2,1,0.500000
JIRA,jira,project,2021-05_to_2021-08,2021-05,2021-08,Maven Project Web Site (Moved to GitHub Issues),6,1,0.166667
JIRA,jira,project,2021-05_to_2021-08,2021-05,2021-08,Maven Release Plugin (Moved to GitHub Issues),4,1,0.250000
JIRA,jira,project,2021-05_to_2021-08,2021-05,2021-08,Maven Remote Resources Plugin (Moved to GitHub Issues),1,0,0.000000
JIRA,jira,project,2021-05_to_2021-08,2021-05,2021-08,Maven Resolver (Moved to GitHub Issues),22,3,0.136364
JIRA,jira,project,2021-05_to_2021-08,2021-05,2021-08,Maven Resources Plugin (Moved to GitHub Issues),1,1,1.000000
JIRA,jira,project,2021-05_to_2021-08,2021-05,2021-08,Maven SCM (Moved to GitHub Issues),4,2,0.500000
JIRA,jira,project,2021-05_to_2021-08,2021-05,2021-08,Maven Scripting (Moved to GitHub Issues),1,0,0.000000
JIRA,jira,project,2021-05_to_2021-08,2021-05,2021-08,Maven Shade Plugin (Moved to GitHub Issues),18,4,0.222222
JIRA,jira,project,2021-05_to_2021-08,2021-05,2021-08,Maven Shared Components,6,0,0.000000
JIRA,jira,project,2021-05_to_2021-08,2021-05,2021-08,Maven Site Plugin (Moved to GitHub Issues),3,1,0.333333
JIRA,jira,project,2021-05_to_2021-08,2021-05,2021-08,Maven Skins (Moved to GitHub Issues),2,0,0.000000
JIRA,jira,project,2021-05_to_2021-08,2021-05,2021-08,Maven Surefire (Moved to GitHub Issues),31,12,0.387097
JIRA,jira,project,2021-05_to_2021-08,2021-05,2021-08,Maven WAR Plugin (Moved to GitHub Issues),2,2,1.000000
JIRA,jira,project,2021-05_to_2021-08,2021-05,2021-08,Maven Wagon (Moved to GitHub Issues),2,1,0.500000
JIRA,jira,project,2021-05_to_2021-08,2021-05,2021-08,Maven Wrapper (Moved to GitHub Issues),1,1,1.000000
JIRA,jira,project,2021-05_to_2021-08,2021-05,2021-08,Mesos,6,6,1.000000
JIRA,jira,project,2021-05_to_2021-08,2021-05,2021-08,Migration Platform,110,28,0.254545
JIRA,jira,project,2021-05_to_2021-08,2021-05,2021-08,Migration Toolkit for Virtualization,74,3,0.040541
JIRA,jira,project,2021-05_to_2021-08,2021-05,2021-08,Minecraft (Bedrock codebase),67,67,1.000000
JIRA,jira,project,2021-05_to_2021-08,2021-05,2021-08,Minecraft Dungeons,8,8,1.000000
JIRA,jira,project,2021-05_to_2021-08,2021-05,2021-08,Minecraft Launcher,99,99,1.000000
JIRA,jira,project,2021-05_to_2021-08,2021-05,2021-08,Minecraft Realms,35,35,1.000000
JIRA,jira,project,2021-05_to_2021-08,2021-05,2021-08,Minecraft: Java Edition,405,405,1.000000
JIRA,jira,project,2021-05_to_2021-08,2021-05,2021-08,Mnemonic,12,12,1.000000
JIRA,jira,project,2021-05_to_2021-08,2021-05,2021-08,Mnemonic (Retired),2,1,0.500000
JIRA,jira,project,2021-05_to_2021-08,2021-05,2021-08,Modular Service Container,3,0,0.000000
JIRA,jira,project,2021-05_to_2021-08,2021-05,2021-08,Mojang Web Services,16,16,1.000000
JIRA,jira,project,2021-05_to_2021-08,2021-05,2021-08,MongoDB Database Tools,70,11,0.157143
JIRA,jira,project,2021-05_to_2021-08,2021-05,2021-08,MongoDB Shell,193,32,0.165803
JIRA,jira,project,2021-05_to_2021-08,2021-05,2021-08,Mongoid,65,14,0.215385
JIRA,jira,project,2021-05_to_2021-08,2021-05,2021-08,Motor,57,10,0.175439
JIRA,jira,project,2021-05_to_2021-08,2021-05,2021-08,Multiple Architecture Enablement,100,16,0.160000
JIRA,jira,project,2021-05_to_2021-08,2021-05,2021-08,MyFaces Core,5,3,0.600000
JIRA,jira,project,2021-05_to_2021-08,2021-05,2021-08,MyFaces Tobago,3,0,0.000000
JIRA,jira,project,2021-05_to_2021-08,2021-05,2021-08,NLPCraft,2,2,1.000000
JIRA,jira,project,2021-05_to_2021-08,2021-05,2021-08,NLPCraft (Retired),5,1,0.200000
JIRA,jira,project,2021-05_to_2021-08,2021-05,2021-08,NetBeans,121,94,0.776860
JIRA,jira,project,2021-05_to_2021-08,2021-05,2021-08,Network Edge,70,1,0.014286
JIRA,jira,project,2021-05_to_2021-08,2021-05,2021-08,Network Hardware Enablement,12,0,0.000000
JIRA,jira,project,2021-05_to_2021-08,2021-05,2021-08,Network Observability,17,0,0.000000
JIRA,jira,project,2021-05_to_2021-08,2021-05,2021-08,Node.js Driver,282,45,0.159574
JIRA,jira,project,2021-05_to_2021-08,2021-05,2021-08,Nutch,23,5,0.217391
JIRA,jira,project,2021-05_to_2021-08,2021-05,2021-08,OCMUI ,14,0,0.000000
JIRA,jira,project,2021-05_to_2021-08,2021-05,2021-08,OCP Technical Release Team,10,1,0.100000
JIRA,jira,project,2021-05_to_2021-08,2021-05,2021-08,OFBiz,51,7,0.137255
JIRA,jira,project,2021-05_to_2021-08,2021-05,2021-08,ORC,93,15,0.161290
JIRA,jira,project,2021-05_to_2021-08,2021-05,2021-08,OSS Index Vulnerabilities,1,1,1.000000
JIRA,jira,project,2021-05_to_2021-08,2021-05,2021-08,Observability Documentation,4,0,0.000000
JIRA,jira,project,2021-05_to_2021-08,2021-05,2021-08,Observability and Data Analysis Program,46,0,0.000000
JIRA,jira,project,2021-05_to_2021-08,2021-05,2021-08,Olingo,4,3,0.750000
JIRA,jira,project,2021-05_to_2021-08,2021-05,2021-08,On Prem Networking,11,0,0.000000
JIRA,jira,project,2021-05_to_2021-08,2021-05,2021-08,Oozie,7,7,1.000000
JIRA,jira,project,2021-05_to_2021-08,2021-05,2021-08,Oozie (Retired),1,1,1.000000
JIRA,jira,project,2021-05_to_2021-08,2021-05,2021-08,Open Data Hub,21,5,0.238095
JIRA,jira,project,2021-05_to_2021-08,2021-05,2021-08,OpenJDK,34,2,0.058824
JIRA,jira,project,2021-05_to_2021-08,2021-05,2021-08,OpenJPA,5,1,0.200000
JIRA,jira,project,2021-05_to_2021-08,2021-05,2021-08,OpenNLP,7,2,0.285714
JIRA,jira,project,2021-05_to_2021-08,2021-05,2021-08,OpenOffice,1,0,0.000000
JIRA,jira,project,2021-05_to_2021-08,2021-05,2021-08,OpenShift API Server,38,1,0.026316
JIRA,jira,project,2021-05_to_2021-08,2021-05,2021-08,OpenShift API for Data Protection,6,1,0.166667
JIRA,jira,project,2021-05_to_2021-08,2021-05,2021-08,OpenShift App Analytics,151,4,0.026490
JIRA,jira,project,2021-05_to_2021-08,2021-05,2021-08,OpenShift Application Platform Engineering,1,0,0.000000
JIRA,jira,project,2021-05_to_2021-08,2021-05,2021-08,OpenShift Authentication,35,0,0.000000
JIRA,jira,project,2021-05_to_2021-08,2021-05,2021-08,OpenShift Autoscaling,3,0,0.000000
JIRA,jira,project,2021-05_to_2021-08,2021-05,2021-08,OpenShift Bugs,103,43,0.417476
JIRA,jira,project,2021-05_to_2021-08,2021-05,2021-08,OpenShift BuildConfig,20,1,0.050000
JIRA,jira,project,2021-05_to_2021-08,2021-05,2021-08,OpenShift Builds,11,0,0.000000
JIRA,jira,project,2021-05_to_2021-08,2021-05,2021-08,OpenShift CFE,100,1,0.010000
JIRA,jira,project,2021-05_to_2021-08,2021-05,2021-08,OpenShift Cloud,82,3,0.036585
JIRA,jira,project,2021-05_to_2021-08,2021-05,2021-08,OpenShift Cloud Credential Operator,39,3,0.076923
JIRA,jira,project,2021-05_to_2021-08,2021-05,2021-08,OpenShift Console,103,1,0.009709
JIRA,jira,project,2021-05_to_2021-08,2021-05,2021-08,OpenShift Container Platform (OCP) Strategy,12,0,0.000000
JIRA,jira,project,2021-05_to_2021-08,2021-05,2021-08,OpenShift Core Networking,282,23,0.081560
JIRA,jira,project,2021-05_to_2021-08,2021-05,2021-08,OpenShift Dev Console,21,21,1.000000
JIRA,jira,project,2021-05_to_2021-08,2021-05,2021-08,OpenShift Edge,3,0,0.000000
JIRA,jira,project,2021-05_to_2021-08,2021-05,2021-08,OpenShift Etcd,32,1,0.031250
JIRA,jira,project,2021-05_to_2021-08,2021-05,2021-08,OpenShift GitOps,199,11,0.055276
JIRA,jira,project,2021-05_to_2021-08,2021-05,2021-08,OpenShift Hive,105,29,0.276190
JIRA,jira,project,2021-05_to_2021-08,2021-05,2021-08,OpenShift Hosted Control Plane,50,9,0.180000
JIRA,jira,project,2021-05_to_2021-08,2021-05,2021-08,OpenShift Image Registry,18,3,0.166667
JIRA,jira,project,2021-05_to_2021-08,2021-05,2021-08,OpenShift Installer,43,1,0.023256
JIRA,jira,project,2021-05_to_2021-08,2021-05,2021-08,OpenShift Jenkins,14,1,0.071429
JIRA,jira,project,2021-05_to_2021-08,2021-05,2021-08,OpenShift Logging,291,57,0.195876
JIRA,jira,project,2021-05_to_2021-08,2021-05,2021-08,OpenShift Migration Toolkit for Containers,130,3,0.023077
JIRA,jira,project,2021-05_to_2021-08,2021-05,2021-08,OpenShift Monitoring,137,8,0.058394
JIRA,jira,project,2021-05_to_2021-08,2021-05,2021-08,OpenShift Node,70,2,0.028571
JIRA,jira,project,2021-05_to_2021-08,2021-05,2021-08,OpenShift Over the Air,69,4,0.057971
JIRA,jira,project,2021-05_to_2021-08,2021-05,2021-08,OpenShift Pipelines,149,12,0.080537
JIRA,jira,project,2021-05_to_2021-08,2021-05,2021-08,OpenShift Pod Autoscaling,3,0,0.000000
JIRA,jira,project,2021-05_to_2021-08,2021-05,2021-08,OpenShift Request For Enhancement,218,8,0.036697
JIRA,jira,project,2021-05_to_2021-08,2021-05,2021-08,OpenShift SDN,20,20,1.000000
JIRA,jira,project,2021-05_to_2021-08,2021-05,2021-08,OpenShift Service Mesh,169,21,0.124260
JIRA,jira,project,2021-05_to_2021-08,2021-05,2021-08,OpenShift Service Mesh Documentation,1,1,1.000000
JIRA,jira,project,2021-05_to_2021-08,2021-05,2021-08,OpenShift Specialist Platform Team,64,6,0.093750
JIRA,jira,project,2021-05_to_2021-08,2021-05,2021-08,OpenShift Storage,74,1,0.013514
JIRA,jira,project,2021-05_to_2021-08,2021-05,2021-08,OpenShift Top Level Product Strategy,720,42,0.058333
JIRA,jira,project,2021-05_to_2021-08,2021-05,2021-08,OpenShift UX Product Design,101,0,0.000000
JIRA,jira,project,2021-05_to_2021-08,2021-05,2021-08,OpenShift Virtualization,35,7,0.200000
JIRA,jira,project,2021-05_to_2021-08,2021-05,2021-08,OpenShift Windows Containers,60,9,0.150000
JIRA,jira,project,2021-05_to_2021-08,2021-05,2021-08,OpenShift Workloads,52,1,0.019231
JIRA,jira,project,2021-05_to_2021-08,2021-05,2021-08,OpenStack Strategy,1,0,0.000000
JIRA,jira,project,2021-05_to_2021-08,2021-05,2021-08,OpenStack as Infra,231,5,0.021645
JIRA,jira,project,2021-05_to_2021-08,2021-05,2021-08,OpenWebBeans,2,2,1.000000
JIRA,jira,project,2021-05_to_2021-08,2021-05,2021-08,Openmeetings,12,4,0.333333
JIRA,jira,project,2021-05_to_2021-08,2021-05,2021-08,Openshift sandboxed containers,18,17,0.944444
JIRA,jira,project,2021-05_to_2021-08,2021-05,2021-08,Operator Ecosystem,166,5,0.030120
JIRA,jira,project,2021-05_to_2021-08,2021-05,2021-08,Operator Lifecycle Manager,2,2,1.000000
JIRA,jira,project,2021-05_to_2021-08,2021-05,2021-08,Operator Runtime,125,6,0.048000
JIRA,jira,project,2021-05_to_2021-08,2021-05,2021-08,Operator SDK,1,1,1.000000
JIRA,jira,project,2021-05_to_2021-08,2021-05,2021-08,Opsgenie,12,2,0.166667
JIRA,jira,project,2021-05_to_2021-08,2021-05,2021-08,OptaPlanner,49,10,0.204082
JIRA,jira,project,2021-05_to_2021-08,2021-05,2021-08,PDFBox,35,16,0.457143
JIRA,jira,project,2021-05_to_2021-08,2021-05,2021-08,PHP Driver: Extension,88,13,0.147727
JIRA,jira,project,2021-05_to_2021-08,2021-05,2021-08,PHP Driver: Library,56,0,0.000000
JIRA,jira,project,2021-05_to_2021-08,2021-05,2021-08,Parquet,43,8,0.186047
JIRA,jira,project,2021-05_to_2021-08,2021-05,2021-08,Performance and Scale for AI Platforms,105,3,0.028571
JIRA,jira,project,2021-05_to_2021-08,2021-05,2021-08,Phoenix,28,19,0.678571
JIRA,jira,project,2021-05_to_2021-08,2021-05,2021-08,Phoenix Omid,6,2,0.333333
JIRA,jira,project,2021-05_to_2021-08,2021-05,2021-08,Phoenix Tephra,1,0,0.000000
JIRA,jira,project,2021-05_to_2021-08,2021-05,2021-08,PicketBox,1,1,1.000000
JIRA,jira,project,2021-05_to_2021-08,2021-05,2021-08,Pig,1,1,1.000000
JIRA,jira,project,2021-05_to_2021-08,2021-05,2021-08,Pluto (Retired),6,0,0.000000
JIRA,jira,project,2021-05_to_2021-08,2021-05,2021-08,Podling Suitable Names Search,1,0,0.000000
JIRA,jira,project,2021-05_to_2021-08,2021-05,2021-08,Product Technical Learning,277,22,0.079422
JIRA,jira,project,2021-05_to_2021-08,2021-05,2021-08,Project Quay,330,109,0.330303
JIRA,jira,project,2021-05_to_2021-08,2021-05,2021-08,PyLucene,2,2,1.000000
JIRA,jira,project,2021-05_to_2021-08,2021-05,2021-08,Python Driver,154,52,0.337662
JIRA,jira,project,2021-05_to_2021-08,2021-05,2021-08,Python Integrations,12,2,0.166667
JIRA,jira,project,2021-05_to_2021-08,2021-05,2021-08,"Qbs (""Cubes"")",19,4,0.210526
JIRA,jira,project,2021-05_to_2021-08,2021-05,2021-08,Qpid,18,8,0.444444
JIRA,jira,project,2021-05_to_2021-08,2021-05,2021-08,Qpid Dispatch,89,85,0.955056
JIRA,jira,project,2021-05_to_2021-08,2021-05,2021-08,Qpid JMS,1,1,1.000000
JIRA,jira,project,2021-05_to_2021-08,2021-05,2021-08,Qpid Proton,12,6,0.500000
JIRA,jira,project,2021-05_to_2021-08,2021-05,2021-08,Qt,1868,599,0.320664
JIRA,jira,project,2021-05_to_2021-08,2021-05,2021-08,Qt 3D Studio,2,0,0.000000
JIRA,jira,project,2021-05_to_2021-08,2021-05,2021-08,Qt Automotive Suite,1,1,1.000000
JIRA,jira,project,2021-05_to_2021-08,2021-05,2021-08,Qt Creator,407,107,0.262899
JIRA,jira,project,2021-05_to_2021-08,2021-05,2021-08,Qt Design Studio,254,37,0.145669
JIRA,jira,project,2021-05_to_2021-08,2021-05,2021-08,Qt Extensions,6,4,0.666667
JIRA,jira,project,2021-05_to_2021-08,2021-05,2021-08,Qt Installer Framework,54,14,0.259259
JIRA,jira,project,2021-05_to_2021-08,2021-05,2021-08,Qt Playground Projects,1,0,0.000000
JIRA,jira,project,2021-05_to_2021-08,2021-05,2021-08,Qt Project Website,8,1,0.125000
JIRA,jira,project,2021-05_to_2021-08,2021-05,2021-08,Qt Quality Assurance Infrastructure,50,10,0.200000
JIRA,jira,project,2021-05_to_2021-08,2021-05,2021-08,Qt Safe Renderer,1,1,1.000000
JIRA,jira,project,2021-05_to_2021-08,2021-05,2021-08,Qt Visual Studio Tools,22,6,0.272727
JIRA,jira,project,2021-05_to_2021-08,2021-05,2021-08,Qt WebBrowser,1,1,1.000000
JIRA,jira,project,2021-05_to_2021-08,2021-05,2021-08,Qt for MCUs,6,6,1.000000
JIRA,jira,project,2021-05_to_2021-08,2021-05,2021-08,Qt for Python,73,38,0.520548
JIRA,jira,project,2021-05_to_2021-08,2021-05,2021-08,Quarkus,148,22,0.148649
JIRA,jira,project,2021-05_to_2021-08,2021-05,2021-08,Quick Reload,1,1,1.000000
JIRA,jira,project,2021-05_to_2021-08,2021-05,2021-08,RDO Project,2,0,0.000000
JIRA,jira,project,2021-05_to_2021-08,2021-05,2021-08,RESTEasy,56,12,0.214286
JIRA,jira,project,2021-05_to_2021-08,2021-05,2021-08,RH,9,1,0.111111
JIRA,jira,project,2021-05_to_2021-08,2021-05,2021-08,RHEL,6,2,0.333333
JIRA,jira,project,2021-05_to_2021-08,2021-05,2021-08,RHEL Conversions,4,0,0.000000
JIRA,jira,project,2021-05_to_2021-08,2021-05,2021-08,RHEL Testing,3,3,1.000000
JIRA,jira,project,2021-05_to_2021-08,2021-05,2021-08,RHOSP Docs,1,1,1.000000
JIRA,jira,project,2021-05_to_2021-08,2021-05,2021-08,Ranger,32,13,0.406250
JIRA,jira,project,2021-05_to_2021-08,2021-05,2021-08,Ratis,12,5,0.416667
JIRA,jira,project,2021-05_to_2021-08,2021-05,2021-08,Reactive JVM Platform,1,0,0.000000
JIRA,jira,project,2021-05_to_2021-08,2021-05,2021-08,Red Hat 3scale API Management,187,25,0.133690
JIRA,jira,project,2021-05_to_2021-08,2021-05,2021-08,Red Hat Advanced Cluster Management,2,0,0.000000
JIRA,jira,project,2021-05_to_2021-08,2021-05,2021-08,Red Hat CodeReady Studio (devstudio),1,1,1.000000
JIRA,jira,project,2021-05_to_2021-08,2021-05,2021-08,Red Hat CodeReady Workspaces,64,64,1.000000
JIRA,jira,project,2021-05_to_2021-08,2021-05,2021-08,Red Hat Data Grid,41,18,0.439024
JIRA,jira,project,2021-05_to_2021-08,2021-05,2021-08,Red Hat Decision Manager,36,15,0.416667
JIRA,jira,project,2021-05_to_2021-08,2021-05,2021-08,Red Hat Directory Server,1,1,1.000000
JIRA,jira,project,2021-05_to_2021-08,2021-05,2021-08,Red Hat Fuse,203,68,0.334975
JIRA,jira,project,2021-05_to_2021-08,2021-05,2021-08,Red Hat Insights ,5,5,1.000000
JIRA,jira,project,2021-05_to_2021-08,2021-05,2021-08,Red Hat Insights Engineering,1,0,0.000000
JIRA,jira,project,2021-05_to_2021-08,2021-05,2021-08,Red Hat OpenShift Data Science,497,12,0.024145
JIRA,jira,project,2021-05_to_2021-08,2021-05,2021-08,Red Hat OpenShift Dev Spaces (formerly CodeReady Workspaces),190,48,0.252632
JIRA,jira,project,2021-05_to_2021-08,2021-05,2021-08,Red Hat OpenStack Services on OpenShift,28,8,0.285714
JIRA,jira,project,2021-05_to_2021-08,2021-05,2021-08,Red Hat Process Automation Manager,102,29,0.284314
JIRA,jira,project,2021-05_to_2021-08,2021-05,2021-08,Red Hat Service Interconnect (Skupper),1,0,0.000000
JIRA,jira,project,2021-05_to_2021-08,2021-05,2021-08,Ruby Driver,161,19,0.118012
JIRA,jira,project,2021-05_to_2021-08,2021-05,2021-08,Rust Driver,196,8,0.040816
JIRA,jira,project,2021-05_to_2021-08,2021-05,2021-08,SAML for Atlassian Data Center,8,3,0.375000
JIRA,jira,project,2021-05_to_2021-08,2021-05,2021-08,Sakai,353,115,0.325779
JIRA,jira,project,2021-05_to_2021-08,2021-05,2021-08,Samza,6,2,0.333333
JIRA,jira,project,2021-05_to_2021-08,2021-05,2021-08,Santuario,3,1,0.333333
JIRA,jira,project,2021-05_to_2021-08,2021-05,2021-08,Satellite,291,31,0.106529
JIRA,jira,project,2021-05_to_2021-08,2021-05,2021-08,Server Deployments and Scale,2,0,0.000000
JIRA,jira,project,2021-05_to_2021-08,2021-05,2021-08,Server Platform Frontend,171,11,0.064327
JIRA,jira,project,2021-05_to_2021-08,2021-05,2021-08,Shiro,15,5,0.333333
JIRA,jira,project,2021-05_to_2021-08,2021-05,2021-08,ShrinkWrap Resolvers,1,1,1.000000
JIRA,jira,project,2021-05_to_2021-08,2021-05,2021-08,Sling,110,47,0.427273
JIRA,jira,project,2021-05_to_2021-08,2021-05,2021-08,Solr,128,44,0.343750
JIRA,jira,project,2021-05_to_2021-08,2021-05,2021-08,Sourcetree For Mac,26,10,0.384615
JIRA,jira,project,2021-05_to_2021-08,2021-05,2021-08,Sourcetree for Windows,29,16,0.551724
JIRA,jira,project,2021-05_to_2021-08,2021-05,2021-08,Spark,1114,203,0.182226
JIRA,jira,project,2021-05_to_2021-08,2021-05,2021-08,Spark Connector,13,3,0.230769
JIRA,jira,project,2021-05_to_2021-08,2021-05,2021-08,Spatial Information Systems,3,0,0.000000
JIRA,jira,project,2021-05_to_2021-08,2021-05,2021-08,StreamPipes,71,6,0.084507
JIRA,jira,project,2021-05_to_2021-08,2021-05,2021-08,Struts 2,6,0,0.000000
JIRA,jira,project,2021-05_to_2021-08,2021-05,2021-08,Subscription Watch,2,0,0.000000
JIRA,jira,project,2021-05_to_2021-08,2021-05,2021-08,Subversion,2,2,1.000000
JIRA,jira,project,2021-05_to_2021-08,2021-05,2021-08,Swift Driver,1,1,1.000000
JIRA,jira,project,2021-05_to_2021-08,2021-05,2021-08,Syncope,4,1,0.250000
JIRA,jira,project,2021-05_to_2021-08,2021-05,2021-08,SystemDS,48,24,0.500000
JIRA,jira,project,2021-05_to_2021-08,2021-05,2021-08,TOREE,2,1,0.500000
JIRA,jira,project,2021-05_to_2021-08,2021-05,2021-08,Tapestry 5,6,2,0.333333
JIRA,jira,project,2021-05_to_2021-08,2021-05,2021-08,TeamCity Artifactory Plug,2,2,1.000000
JIRA,jira,project,2021-05_to_2021-08,2021-05,2021-08,Teiid,6,4,0.666667
JIRA,jira,project,2021-05_to_2021-08,2021-05,2021-08,Thrift,25,11,0.440000
JIRA,jira,project,2021-05_to_2021-08,2021-05,2021-08,Tika,28,22,0.785714
JIRA,jira,project,2021-05_to_2021-08,2021-05,2021-08,TinkerPop,20,17,0.850000
JIRA,jira,project,2021-05_to_2021-08,2021-05,2021-08,TomEE,17,7,0.411765
JIRA,jira,project,2021-05_to_2021-08,2021-05,2021-08,Tools (JBoss Tools),37,16,0.432432
JIRA,jira,project,2021-05_to_2021-08,2021-05,2021-08,Turbine,1,1,1.000000
JIRA,jira,project,2021-05_to_2021-08,2021-05,2021-08,UIMA,12,0,0.000000
JIRA,jira,project,2021-05_to_2021-08,2021-05,2021-08,Undertow,39,21,0.538462
JIRA,jira,project,2021-05_to_2021-08,2021-05,2021-08,Use OCPBUGS now,95,5,0.052632
JIRA,jira,project,2021-05_to_2021-08,2021-05,2021-08,VCL,2,0,0.000000
JIRA,jira,project,2021-05_to_2021-08,2021-05,2021-08,VS Code Extension,24,4,0.166667
JIRA,jira,project,2021-05_to_2021-08,2021-05,2021-08,Velocity,1,1,1.000000
JIRA,jira,project,2021-05_to_2021-08,2021-05,2021-08,Visual Design,5,0,0.000000
JIRA,jira,project,2021-05_to_2021-08,2021-05,2021-08,WINDUP ,44,5,0.113636
JIRA,jira,project,2021-05_to_2021-08,2021-05,2021-08,WINDUPRULE ,14,0,0.000000
JIRA,jira,project,2021-05_to_2021-08,2021-05,2021-08,WSS4J,1,0,0.000000
JIRA,jira,project,2021-05_to_2021-08,2021-05,2021-08,Web Terminal for OpenShift,8,2,0.250000
JIRA,jira,project,2021-05_to_2021-08,2021-05,2021-08,Weld,5,3,0.600000
JIRA,jira,project,2021-05_to_2021-08,2021-05,2021-08,Whimsy,3,2,0.666667
JIRA,jira,project,2021-05_to_2021-08,2021-05,2021-08,Wicket,9,4,0.444444
JIRA,jira,project,2021-05_to_2021-08,2021-05,2021-08,WildFly,196,39,0.198980
JIRA,jira,project,2021-05_to_2021-08,2021-05,2021-08,WildFly Arquillian,2,1,0.500000
JIRA,jira,project,2021-05_to_2021-08,2021-05,2021-08,WildFly Core,74,11,0.148649
JIRA,jira,project,2021-05_to_2021-08,2021-05,2021-08,WildFly EJB HTTP Client,1,1,1.000000
JIRA,jira,project,2021-05_to_2021-08,2021-05,2021-08,WildFly Elytron,21,7,0.333333
JIRA,jira,project,2021-05_to_2021-08,2021-05,2021-08,WildFly Elytron EE,1,0,0.000000
JIRA,jira,project,2021-05_to_2021-08,2021-05,2021-08,WildFly Elytron MicroProfile,1,0,0.000000
JIRA,jira,project,2021-05_to_2021-08,2021-05,2021-08,WildFly Naming Client,1,0,0.000000
JIRA,jira,project,2021-05_to_2021-08,2021-05,2021-08,WildFly OpenSSL,1,1,1.000000
JIRA,jira,project,2021-05_to_2021-08,2021-05,2021-08,WildFly Transaction Client,1,1,1.000000
JIRA,jira,project,2021-05_to_2021-08,2021-05,2021-08,WildFly WIP,2,1,0.500000
JIRA,jira,project,2021-05_to_2021-08,2021-05,2021-08,WiredTiger,484,216,0.446281
JIRA,jira,project,2021-05_to_2021-08,2021-05,2021-08,XMLBeans,1,1,1.000000
JIRA,jira,project,2021-05_to_2021-08,2021-05,2021-08,XMLGraphicsCommons,1,0,0.000000
JIRA,jira,project,2021-05_to_2021-08,2021-05,2021-08,XNIO,1,0,0.000000
JIRA,jira,project,2021-05_to_2021-08,2021-05,2021-08,Xerces,7,4,0.571429
JIRA,jira,project,2021-05_to_2021-08,2021-05,2021-08,Xerces2,2,1,0.500000
JIRA,jira,project,2021-05_to_2021-08,2021-05,2021-08,Yetus,2,1,0.500000
JIRA,jira,project,2021-05_to_2021-08,2021-05,2021-08,Zeppelin,36,24,0.666667
JIRA,jira,project,2021-05_to_2021-08,2021-05,2021-08,ZooKeeper,45,21,0.466667
JIRA,jira,project,2021-05_to_2021-08,2021-05,2021-08,aardvark,11,11,1.000000
JIRA,jira,project,2021-05_to_2021-08,2021-05,2021-08,jBPM,54,35,0.648148
JIRA,jira,project,2021-05_to_2021-08,2021-05,2021-08,jclouds,6,6,1.000000
JIRA,jira,project,2021-05_to_2021-08,2021-05,2021-08,mod_cluster,2,1,0.500000
JIRA,jira,project,2021-05_to_2021-08,2021-05,2021-08,repository.jboss.org/nexus,1,1,1.000000
JIRA,jira,project,2021-05_to_2021-08,2021-05,2021-08,serf,1,1,1.000000
JIRA,jira,project,2021-05_to_2021-08,2021-05,2021-08,www.apache.org website,1,0,0.000000
JIRA,jira,project,2021-09_to_2021-12,2021-09,2021-12,A,3,2,0.666667
JIRA,jira,project,2021-09_to_2021-12,2021-09,2021-12,AMQ Broker,205,39,0.190244
JIRA,jira,project,2021-09_to_2021-12,2021-09,2021-12,AMQ Clients,8,3,0.375000
JIRA,jira,project,2021-09_to_2021-12,2021-09,2021-12,AMQ Documentation,11,0,0.000000
JIRA,jira,project,2021-09_to_2021-12,2021-09,2021-12,AMQ Interconnect,18,1,0.055556
JIRA,jira,project,2021-09_to_2021-12,2021-09,2021-12,AMQ Streams,141,7,0.049645
JIRA,jira,project,2021-09_to_2021-12,2021-09,2021-12,Aapche Age 2,1,1,1.000000
JIRA,jira,project,2021-09_to_2021-12,2021-09,2021-12,ActiveMQ,6,6,1.000000
JIRA,jira,project,2021-09_to_2021-12,2021-09,2021-12,ActiveMQ (Read,23,8,0.347826
JIRA,jira,project,2021-09_to_2021-12,2021-09,2021-12,ActiveMQ .Net,3,1,0.333333
JIRA,jira,project,2021-09_to_2021-12,2021-09,2021-12,ActiveMQ Apollo (Retired),1,0,0.000000
JIRA,jira,project,2021-09_to_2021-12,2021-09,2021-12,ActiveMQ Artemis,9,9,1.000000
JIRA,jira,project,2021-09_to_2021-12,2021-09,2021-12,ActiveMQ C++ Client,2,2,1.000000
JIRA,jira,project,2021-09_to_2021-12,2021-09,2021-12,ActiveObjects,3,1,0.333333
JIRA,jira,project,2021-09_to_2021-12,2021-09,2021-12,Admin Experience,53,2,0.037736
JIRA,jira,project,2021-09_to_2021-12,2021-09,2021-12,Advanced Roadmaps,2,2,1.000000
JIRA,jira,project,2021-09_to_2021-12,2021-09,2021-12,Agent,3,0,0.000000
JIRA,jira,project,2021-09_to_2021-12,2021-09,2021-12,Agroal,2,2,1.000000
JIRA,jira,project,2021-09_to_2021-12,2021-09,2021-12,Airavata,15,8,0.533333
JIRA,jira,project,2021-09_to_2021-12,2021-09,2021-12,Ambari,6,2,0.333333
JIRA,jira,project,2021-09_to_2021-12,2021-09,2021-12,Ansible Automation Platform RFEs,7,0,0.000000
JIRA,jira,project,2021-09_to_2021-12,2021-09,2021-12,Apache AGE,18,0,0.000000
JIRA,jira,project,2021-09_to_2021-12,2021-09,2021-12,Apache Any23,3,3,1.000000
JIRA,jira,project,2021-09_to_2021-12,2021-09,2021-12,Apache Any23 (Retired),17,1,0.058824
JIRA,jira,project,2021-09_to_2021-12,2021-09,2021-12,Apache Arrow,1407,273,0.194030
JIRA,jira,project,2021-09_to_2021-12,2021-09,2021-12,Apache AsterixDB,12,4,0.333333
JIRA,jira,project,2021-09_to_2021-12,2021-09,2021-12,Apache Avro,55,23,0.418182
JIRA,jira,project,2021-09_to_2021-12,2021-09,2021-12,Apache Cassandra,272,83,0.305147
JIRA,jira,project,2021-09_to_2021-12,2021-09,2021-12,Apache Crail,1,1,1.000000
JIRA,jira,project,2021-09_to_2021-12,2021-09,2021-12,Apache Curator,14,2,0.142857
JIRA,jira,project,2021-09_to_2021-12,2021-09,2021-12,Apache DataLab (Retired),3,0,0.000000
JIRA,jira,project,2021-09_to_2021-12,2021-09,2021-12,Apache Drill,59,29,0.491525
JIRA,jira,project,2021-09_to_2021-12,2021-09,2021-12,Apache Fineract,42,11,0.261905
JIRA,jira,project,2021-09_to_2021-12,2021-09,2021-12,Apache Freemarker,7,1,0.142857
JIRA,jira,project,2021-09_to_2021-12,2021-09,2021-12,Apache Gobblin,14,6,0.428571
JIRA,jira,project,2021-09_to_2021-12,2021-09,2021-12,Apache Gora (Retired),5,0,0.000000
JIRA,jira,project,2021-09_to_2021-12,2021-09,2021-12,Apache Helix,2,0,0.000000
JIRA,jira,project,2021-09_to_2021-12,2021-09,2021-12,Apache Hop,19,19,1.000000
JIRA,jira,project,2021-09_to_2021-12,2021-09,2021-12,Apache Hop (Retired),145,12,0.082759
JIRA,jira,project,2021-09_to_2021-12,2021-09,2021-12,Apache Horn (Retired),1,0,0.000000
JIRA,jira,project,2021-09_to_2021-12,2021-09,2021-12,Apache Hudi,584,116,0.198630
JIRA,jira,project,2021-09_to_2021-12,2021-09,2021-12,Apache InLong,2,0,0.000000
JIRA,jira,project,2021-09_to_2021-12,2021-09,2021-12,Apache IoTDB,207,57,0.275362
JIRA,jira,project,2021-09_to_2021-12,2021-09,2021-12,Apache Jena,34,13,0.382353
JIRA,jira,project,2021-09_to_2021-12,2021-09,2021-12,Apache Knox,16,5,0.312500
JIRA,jira,project,2021-09_to_2021-12,2021-09,2021-12,Apache Liminal (Retired),3,0,0.000000
JIRA,jira,project,2021-09_to_2021-12,2021-09,2021-12,Apache Maven Resource Bundles (Moved to GitHub Issues),4,1,0.250000
JIRA,jira,project,2021-09_to_2021-12,2021-09,2021-12,Apache NiFi,153,51,0.333333
JIRA,jira,project,2021-09_to_2021-12,2021-09,2021-12,Apache NiFi MiNiFi C++,34,7,0.205882
JIRA,jira,project,2021-09_to_2021-12,2021-09,2021-12,Apache Ozone,241,85,0.352697
JIRA,jira,project,2021-09_to_2021-12,2021-09,2021-12,Apache PLC4X,13,9,0.692308
JIRA,jira,project,2021-09_to_2021-12,2021-09,2021-12,Apache QPID Interoperability Test Suite,1,1,1.000000
JIRA,jira,project,2021-09_to_2021-12,2021-09,2021-12,Apache RAT,3,0,0.000000
JIRA,jira,project,2021-09_to_2021-12,2021-09,2021-12,Apache Roller,1,1,1.000000
JIRA,jira,project,2021-09_to_2021-12,2021-09,2021-12,Apache Science Data Analytics Platform,15,2,0.133333
JIRA,jira,project,2021-09_to_2021-12,2021-09,2021-12,Apache Sedona,11,3,0.272727
JIRA,jira,project,2021-09_to_2021-12,2021-09,2021-12,Apache ServiceComb,15,1,0.066667
JIRA,jira,project,2021-09_to_2021-12,2021-09,2021-12,Apache Storm,21,5,0.238095
JIRA,jira,project,2021-09_to_2021-12,2021-09,2021-12,Apache Submarine,73,6,0.082192
JIRA,jira,project,2021-09_to_2021-12,2021-09,2021-12,Apache Tentacles,1,0,0.000000
JIRA,jira,project,2021-09_to_2021-12,2021-09,2021-12,Apache Tez,26,12,0.461538
JIRA,jira,project,2021-09_to_2021-12,2021-09,2021-12,Apache Unomi,29,3,0.103448
JIRA,jira,project,2021-09_to_2021-12,2021-09,2021-12,Apache Wayang,3,2,0.666667
JIRA,jira,project,2021-09_to_2021-12,2021-09,2021-12,Apache Whisker,1,0,0.000000
JIRA,jira,project,2021-09_to_2021-12,2021-09,2021-12,Apache YuniKorn,147,11,0.074830
JIRA,jira,project,2021-09_to_2021-12,2021-09,2021-12,AppFormer,17,8,0.470588
JIRA,jira,project,2021-09_to_2021-12,2021-09,2021-12,Archiva (Retired),2,0,0.000000
JIRA,jira,project,2021-09_to_2021-12,2021-09,2021-12,Aries,2,0,0.000000
JIRA,jira,project,2021-09_to_2021-12,2021-09,2021-12,Arquillian,1,0,0.000000
JIRA,jira,project,2021-09_to_2021-12,2021-09,2021-12,Artemis,112,24,0.214286
JIRA,jira,project,2021-09_to_2021-12,2021-09,2021-12,Artifactory Binary Repository,85,85,1.000000
JIRA,jira,project,2021-09_to_2021-12,2021-09,2021-12,Atlas,44,23,0.522727
JIRA,jira,project,2021-09_to_2021-12,2021-09,2021-12,Atlassian Browser DevTools,11,0,0.000000
JIRA,jira,project,2021-09_to_2021-12,2021-09,2021-12,Atlassian Cloud,50,6,0.120000
JIRA,jira,project,2021-09_to_2021-12,2021-09,2021-12,Atlassian Connect JavaScript API,2,0,0.000000
JIRA,jira,project,2021-09_to_2021-12,2021-09,2021-12,Atlassian Connect Spring Boot,2,0,0.000000
JIRA,jira,project,2021-09_to_2021-12,2021-09,2021-12,Atlassian Connect in Jira Cloud,32,8,0.250000
JIRA,jira,project,2021-09_to_2021-12,2021-09,2021-12,Atlassian Ecosystem,3,1,0.333333
JIRA,jira,project,2021-09_to_2021-12,2021-09,2021-12,Atlassian Gadgets,1,0,0.000000
JIRA,jira,project,2021-09_to_2021-12,2021-09,2021-12,Atlassian Guard,38,2,0.052632
JIRA,jira,project,2021-09_to_2021-12,2021-09,2021-12,Atlassian Intelligence,14,1,0.071429
JIRA,jira,project,2021-09_to_2021-12,2021-09,2021-12,Atlassian Internationalization,45,0,0.000000
JIRA,jira,project,2021-09_to_2021-12,2021-09,2021-12,Atlassian Marketplace,11,1,0.090909
JIRA,jira,project,2021-09_to_2021-12,2021-09,2021-12,Atlassian Maven Plugin Suite,7,1,0.142857
JIRA,jira,project,2021-09_to_2021-12,2021-09,2021-12,Atlassian Plugins,2,1,0.500000
JIRA,jira,project,2021-09_to_2021-12,2021-09,2021-12,Atlassian Plugins Webresources,29,4,0.137931
JIRA,jira,project,2021-09_to_2021-12,2021-09,2021-12,Atlassian Product Integrations,18,1,0.055556
JIRA,jira,project,2021-09_to_2021-12,2021-09,2021-12,Atlassian Soy Templates,1,0,0.000000
JIRA,jira,project,2021-09_to_2021-12,2021-09,2021-12,Atlassian Troubleshooting & Support Tools Plugin,10,4,0.400000
JIRA,jira,project,2021-09_to_2021-12,2021-09,2021-12,Atlassian User Interface,7,0,0.000000
JIRA,jira,project,2021-09_to_2021-12,2021-09,2021-12,Atlassian WebHooks Plugin,1,0,0.000000
JIRA,jira,project,2021-09_to_2021-12,2021-09,2021-12,Attic,2,0,0.000000
JIRA,jira,project,2021-09_to_2021-12,2021-09,2021-12,Automation Analytics,8,8,1.000000
JIRA,jira,project,2021-09_to_2021-12,2021-09,2021-12,Automation Hub,8,8,1.000000
JIRA,jira,project,2021-09_to_2021-12,2021-09,2021-12,Automation for Cloud,42,3,0.071429
JIRA,jira,project,2021-09_to_2021-12,2021-09,2021-12,Automation for Jira Server,42,4,0.095238
JIRA,jira,project,2021-09_to_2021-12,2021-09,2021-12,Axiom,2,0,0.000000
JIRA,jira,project,2021-09_to_2021-12,2021-09,2021-12,Axis2,7,4,0.571429
JIRA,jira,project,2021-09_to_2021-12,2021-09,2021-12,BVal,1,1,1.000000
JIRA,jira,project,2021-09_to_2021-12,2021-09,2021-12,Bahir (Retired),8,1,0.125000
JIRA,jira,project,2021-09_to_2021-12,2021-09,2021-12,Bamboo,4,4,1.000000
JIRA,jira,project,2021-09_to_2021-12,2021-09,2021-12,Bamboo Data Center,103,20,0.194175
JIRA,jira,project,2021-09_to_2021-12,2021-09,2021-12,Batik,2,2,1.000000
JIRA,jira,project,2021-09_to_2021-12,2021-09,2021-12,Beam,704,125,0.177557
JIRA,jira,project,2021-09_to_2021-12,2021-09,2021-12,Bedrock Dedicated Server,17,17,1.000000
JIRA,jira,project,2021-09_to_2021-12,2021-09,2021-12,Bigtop,26,15,0.576923
JIRA,jira,project,2021-09_to_2021-12,2021-09,2021-12,Bitbucket Cloud,216,13,0.060185
JIRA,jira,project,2021-09_to_2021-12,2021-09,2021-12,Bitbucket Data Center,100,11,0.110000
JIRA,jira,project,2021-09_to_2021-12,2021-09,2021-12,Bitbucket Server,1,1,1.000000
JIRA,jira,project,2021-09_to_2021-12,2021-09,2021-12,Blockchain Explorer,2,2,1.000000
JIRA,jira,project,2021-09_to_2021-12,2021-09,2021-12,Build Info,1,1,1.000000
JIRA,jira,project,2021-09_to_2021-12,2021-09,2021-12,BxMS Documentation,47,1,0.021277
JIRA,jira,project,2021-09_to_2021-12,2021-09,2021-12,C Driver,96,24,0.250000
JIRA,jira,project,2021-09_to_2021-12,2021-09,2021-12,C# Driver,152,24,0.157895
JIRA,jira,project,2021-09_to_2021-12,2021-09,2021-12,C++ Driver,53,5,0.094340
JIRA,jira,project,2021-09_to_2021-12,2021-09,2021-12,COVIDSafeNC,5,5,1.000000
JIRA,jira,project,2021-09_to_2021-12,2021-09,2021-12,CXF,24,11,0.458333
JIRA,jira,project,2021-09_to_2021-12,2021-09,2021-12,CaRT,3,3,1.000000
JIRA,jira,project,2021-09_to_2021-12,2021-09,2021-12,Calcite,151,65,0.430464
JIRA,jira,project,2021-09_to_2021-12,2021-09,2021-12,Camel,220,94,0.427273
JIRA,jira,project,2021-09_to_2021-12,2021-09,2021-12,CarbonData,9,8,0.888889
JIRA,jira,project,2021-09_to_2021-12,2021-09,2021-12,Cassandra,18,18,1.000000
JIRA,jira,project,2021-09_to_2021-12,2021-09,2021-12,Causeway,58,5,0.086207
JIRA,jira,project,2021-09_to_2021-12,2021-09,2021-12,Cayenne,2,2,1.000000
JIRA,jira,project,2021-09_to_2021-12,2021-09,2021-12,CentOS Stream Pipeline,90,12,0.133333
JIRA,jira,project,2021-09_to_2021-12,2021-09,2021-12,Cert Manager support for Red Hat OpenShift,6,0,0.000000
JIRA,jira,project,2021-09_to_2021-12,2021-09,2021-12,Certification Partner Experience Public,3,0,0.000000
JIRA,jira,project,2021-09_to_2021-12,2021-09,2021-12,Clair,2,0,0.000000
JIRA,jira,project,2021-09_to_2021-12,2021-09,2021-12,Client,3,0,0.000000
JIRA,jira,project,2021-09_to_2021-12,2021-09,2021-12,Cloud Enablement,20,0,0.000000
JIRA,jira,project,2021-09_to_2021-12,2021-09,2021-12,Cloud Infrastructure Security & Compliance,73,1,0.013699
JIRA,jira,project,2021-09_to_2021-12,2021-09,2021-12,Cloud Native Runtimes (CNR) Documentation,1,0,0.000000
JIRA,jira,project,2021-09_to_2021-12,2021-09,2021-12,Cockpit,4,0,0.000000
JIRA,jira,project,2021-09_to_2021-12,2021-09,2021-12,Coin,30,5,0.166667
JIRA,jira,project,2021-09_to_2021-12,2021-09,2021-12,Commerce,1,0,0.000000
JIRA,jira,project,2021-09_to_2021-12,2021-09,2021-12,Commons BCEL,3,3,1.000000
JIRA,jira,project,2021-09_to_2021-12,2021-09,2021-12,Commons CLI,3,3,1.000000
JIRA,jira,project,2021-09_to_2021-12,2021-09,2021-12,Commons CSV,6,4,0.666667
JIRA,jira,project,2021-09_to_2021-12,2021-09,2021-12,Commons Codec,1,0,0.000000
JIRA,jira,project,2021-09_to_2021-12,2021-09,2021-12,Commons Collections,4,0,0.000000
JIRA,jira,project,2021-09_to_2021-12,2021-09,2021-12,Commons Compress,9,6,0.666667
JIRA,jira,project,2021-09_to_2021-12,2021-09,2021-12,Commons Configuration,2,0,0.000000
JIRA,jira,project,2021-09_to_2021-12,2021-09,2021-12,Commons DBCP,1,1,1.000000
JIRA,jira,project,2021-09_to_2021-12,2021-09,2021-12,Commons Daemon,3,2,0.666667
JIRA,jira,project,2021-09_to_2021-12,2021-09,2021-12,Commons Digester,1,1,1.000000
JIRA,jira,project,2021-09_to_2021-12,2021-09,2021-12,Commons FileUpload,3,0,0.000000
JIRA,jira,project,2021-09_to_2021-12,2021-09,2021-12,Commons Geometry,1,0,0.000000
JIRA,jira,project,2021-09_to_2021-12,2021-09,2021-12,Commons IO,9,5,0.555556
JIRA,jira,project,2021-09_to_2021-12,2021-09,2021-12,Commons Imaging,8,1,0.125000
JIRA,jira,project,2021-09_to_2021-12,2021-09,2021-12,Commons JCS,1,0,0.000000
JIRA,jira,project,2021-09_to_2021-12,2021-09,2021-12,Commons JEXL,3,2,0.666667
JIRA,jira,project,2021-09_to_2021-12,2021-09,2021-12,Commons Lang,7,1,0.142857
JIRA,jira,project,2021-09_to_2021-12,2021-09,2021-12,Commons Math,5,3,0.600000
JIRA,jira,project,2021-09_to_2021-12,2021-09,2021-12,Commons Net,2,0,0.000000
JIRA,jira,project,2021-09_to_2021-12,2021-09,2021-12,Commons Numbers,14,3,0.214286
JIRA,jira,project,2021-09_to_2021-12,2021-09,2021-12,Commons Pool,4,0,0.000000
JIRA,jira,project,2021-09_to_2021-12,2021-09,2021-12,Commons RNG,3,0,0.000000
JIRA,jira,project,2021-09_to_2021-12,2021-09,2021-12,Commons Statistics,12,2,0.166667
JIRA,jira,project,2021-09_to_2021-12,2021-09,2021-12,Commons VFS,1,1,1.000000
JIRA,jira,project,2021-09_to_2021-12,2021-09,2021-12,Community Development,6,2,0.333333
JIRA,jira,project,2021-09_to_2021-12,2021-09,2021-12,Community Support ,162,162,1.000000
JIRA,jira,project,2021-09_to_2021-12,2021-09,2021-12,Compass,221,5,0.022624
JIRA,jira,project,2021-09_to_2021-12,2021-09,2021-12,Composable Compute,1,0,0.000000
JIRA,jira,project,2021-09_to_2021-12,2021-09,2021-12,Confluence Cloud,438,40,0.091324
JIRA,jira,project,2021-09_to_2021-12,2021-09,2021-12,Confluence Copy Space Plugin,1,0,0.000000
JIRA,jira,project,2021-09_to_2021-12,2021-09,2021-12,Confluence Data Center,265,44,0.166038
JIRA,jira,project,2021-09_to_2021-12,2021-09,2021-12,Confluence Server and Data Center,5,5,1.000000
JIRA,jira,project,2021-09_to_2021-12,2021-09,2021-12,Container Tools,46,1,0.021739
JIRA,jira,project,2021-09_to_2021-12,2021-09,2021-12,Content Gateway,4,0,0.000000
JIRA,jira,project,2021-09_to_2021-12,2021-09,2021-12,Continuous Productization DevOps,6,6,1.000000
JIRA,jira,project,2021-09_to_2021-12,2021-09,2021-12,Contrib: Big Blue Button,2,2,1.000000
JIRA,jira,project,2021-09_to_2021-12,2021-09,2021-12,Contrib: Clog,4,2,0.500000
JIRA,jira,project,2021-09_to_2021-12,2021-09,2021-12,Core Server,2420,354,0.146281
JIRA,jira,project,2021-09_to_2021-12,2021-09,2021-12,CoreOS OCP,9,0,0.000000
JIRA,jira,project,2021-09_to_2021-12,2021-09,2021-12,Cost Management,33,22,0.666667
JIRA,jira,project,2021-09_to_2021-12,2021-09,2021-12,Crowd,1,1,1.000000
JIRA,jira,project,2021-09_to_2021-12,2021-09,2021-12,Crowd Data Center,22,1,0.045455
JIRA,jira,project,2021-09_to_2021-12,2021-09,2021-12,Crucible,2,0,0.000000
JIRA,jira,project,2021-09_to_2021-12,2021-09,2021-12,DAOS,336,336,1.000000
JIRA,jira,project,2021-09_to_2021-12,2021-09,2021-12,Daffodil,31,14,0.451613
JIRA,jira,project,2021-09_to_2021-12,2021-09,2021-12,DataFu,1,0,0.000000
JIRA,jira,project,2021-09_to_2021-12,2021-09,2021-12,Database as a Service,41,2,0.048780
JIRA,jira,project,2021-09_to_2021-12,2021-09,2021-12,Debezium,464,142,0.306034
JIRA,jira,project,2021-09_to_2021-12,2021-09,2021-12,Derby,1,1,1.000000
JIRA,jira,project,2021-09_to_2021-12,2021-09,2021-12,Derby (Retired),1,1,1.000000
JIRA,jira,project,2021-09_to_2021-12,2021-09,2021-12,Dev ,58,58,1.000000
JIRA,jira,project,2021-09_to_2021-12,2021-09,2021-12,Directory ApacheDS,6,3,0.500000
JIRA,jira,project,2021-09_to_2021-12,2021-09,2021-12,Directory Client API,2,2,1.000000
JIRA,jira,project,2021-09_to_2021-12,2021-09,2021-12,Directory Studio,3,3,1.000000
JIRA,jira,project,2021-09_to_2021-12,2021-09,2021-12,Distributed Tracing,83,2,0.024096
JIRA,jira,project,2021-09_to_2021-12,2021-09,2021-12,Docs for Red Hat Developers,205,4,0.019512
JIRA,jira,project,2021-09_to_2021-12,2021-09,2021-12,Documentation,7,7,1.000000
JIRA,jira,project,2021-09_to_2021-12,2021-09,2021-12,Drivers,57,6,0.105263
JIRA,jira,project,2021-09_to_2021-12,2021-09,2021-12,Drools,118,35,0.296610
JIRA,jira,project,2021-09_to_2021-12,2021-09,2021-12,EAP Documentation,3,0,0.000000
JIRA,jira,project,2021-09_to_2021-12,2021-09,2021-12,ENTSBT,8,2,0.250000
JIRA,jira,project,2021-09_to_2021-12,2021-09,2021-12,Eclipse Che development,1,1,1.000000
JIRA,jira,project,2021-09_to_2021-12,2021-09,2021-12,Elytron Web,9,0,0.000000
JIRA,jira,project,2021-09_to_2021-12,2021-09,2021-12,Empire,2,0,0.000000
JIRA,jira,project,2021-09_to_2021-12,2021-09,2021-12,Evergreen,40,40,1.000000
JIRA,jira,project,2021-09_to_2021-12,2021-09,2021-12,FOP,5,1,0.200000
JIRA,jira,project,2021-09_to_2021-12,2021-09,2021-12,FORTRESS,4,0,0.000000
JIRA,jira,project,2021-09_to_2021-12,2021-09,2021-12,Fast Datapath Product,3,0,0.000000
JIRA,jira,project,2021-09_to_2021-12,2021-09,2021-12,Fedora,44,19,0.431818
JIRA,jira,project,2021-09_to_2021-12,2021-09,2021-12,Felix,24,3,0.125000
JIRA,jira,project,2021-09_to_2021-12,2021-09,2021-12,Fidelis AI,65,8,0.123077
JIRA,jira,project,2021-09_to_2021-12,2021-09,2021-12,FishEye,1,0,0.000000
JIRA,jira,project,2021-09_to_2021-12,2021-09,2021-12,Flink,832,369,0.443510
JIRA,jira,project,2021-09_to_2021-12,2021-09,2021-12,Flume,2,0,0.000000
JIRA,jira,project,2021-09_to_2021-12,2021-09,2021-12,Forge,208,25,0.120192
JIRA,jira,project,2021-09_to_2021-12,2021-09,2021-12,Fuse Tooling,44,11,0.250000
JIRA,jira,project,2021-09_to_2021-12,2021-09,2021-12,Fuse/AMQ Documentation,17,1,0.058824
JIRA,jira,project,2021-09_to_2021-12,2021-09,2021-12,Geode,297,119,0.400673
JIRA,jira,project,2021-09_to_2021-12,2021-09,2021-12,Go Driver,82,9,0.109756
JIRA,jira,project,2021-09_to_2021-12,2021-09,2021-12,Griffin (Retired),1,0,0.000000
JIRA,jira,project,2021-09_to_2021-12,2021-09,2021-12,Groovy,204,101,0.495098
JIRA,jira,project,2021-09_to_2021-12,2021-09,2021-12,Guacamole,33,7,0.212121
JIRA,jira,project,2021-09_to_2021-12,2021-09,2021-12,HAL,4,2,0.500000
JIRA,jira,project,2021-09_to_2021-12,2021-09,2021-12,HBase,219,76,0.347032
JIRA,jira,project,2021-09_to_2021-12,2021-09,2021-12,Hadoop Common,127,48,0.377953
JIRA,jira,project,2021-09_to_2021-12,2021-09,2021-12,Hadoop HDFS,142,38,0.267606
JIRA,jira,project,2021-09_to_2021-12,2021-09,2021-12,Hadoop Map/Reduce,5,4,0.800000
JIRA,jira,project,2021-09_to_2021-12,2021-09,2021-12,Hadoop YARN,97,36,0.371134
JIRA,jira,project,2021-09_to_2021-12,2021-09,2021-12,Helm,3,3,1.000000
JIRA,jira,project,2021-09_to_2021-12,2021-09,2021-12,Hive,243,69,0.283951
JIRA,jira,project,2021-09_to_2021-12,2021-09,2021-12,Hot Rod Native client,1,1,1.000000
JIRA,jira,project,2021-09_to_2021-12,2021-09,2021-12,HttpComponents HttpClient,9,7,0.777778
JIRA,jira,project,2021-09_to_2021-12,2021-09,2021-12,HttpComponents HttpCore,11,7,0.636364
JIRA,jira,project,2021-09_to_2021-12,2021-09,2021-12,Hybrid Application Console,4,4,1.000000
JIRA,jira,project,2021-09_to_2021-12,2021-09,2021-12,Hybrid Cloud Console,135,8,0.059259
JIRA,jira,project,2021-09_to_2021-12,2021-09,2021-12,IMPALA,111,50,0.450450
JIRA,jira,project,2021-09_to_2021-12,2021-09,2021-12,Identity,22,3,0.136364
JIRA,jira,project,2021-09_to_2021-12,2021-09,2021-12,Ignite,466,161,0.345494
JIRA,jira,project,2021-09_to_2021-12,2021-09,2021-12,Incubator,1,0,0.000000
JIRA,jira,project,2021-09_to_2021-12,2021-09,2021-12,Infinispan,48,48,1.000000
JIRA,jira,project,2021-09_to_2021-12,2021-09,2021-12,Infinispan ProtoStream,1,1,1.000000
JIRA,jira,project,2021-09_to_2021-12,2021-09,2021-12,Infrastructure,32,32,1.000000
JIRA,jira,project,2021-09_to_2021-12,2021-09,2021-12,Insights Rule Analysis Tool,8,1,0.125000
JIRA,jira,project,2021-09_to_2021-12,2021-09,2021-12,Iroha,2,2,1.000000
JIRA,jira,project,2021-09_to_2021-12,2021-09,2021-12,IronJacamar,7,3,0.428571
JIRA,jira,project,2021-09_to_2021-12,2021-09,2021-12,Isis,6,6,1.000000
JIRA,jira,project,2021-09_to_2021-12,2021-09,2021-12,Ivy,3,1,0.333333
JIRA,jira,project,2021-09_to_2021-12,2021-09,2021-12,JBeret,4,0,0.000000
JIRA,jira,project,2021-09_to_2021-12,2021-09,2021-12,JBoss A,1,0,0.000000
JIRA,jira,project,2021-09_to_2021-12,2021-09,2021-12,JBoss Core Services,27,3,0.111111
JIRA,jira,project,2021-09_to_2021-12,2021-09,2021-12,JBoss Developer Materials,1,0,0.000000
JIRA,jira,project,2021-09_to_2021-12,2021-09,2021-12,JBoss Enterprise Application Platform,355,58,0.163380
JIRA,jira,project,2021-09_to_2021-12,2021-09,2021-12,JBoss Log Manager,6,1,0.166667
JIRA,jira,project,2021-09_to_2021-12,2021-09,2021-12,JBoss Logging,5,0,0.000000
JIRA,jira,project,2021-09_to_2021-12,2021-09,2021-12,JBoss Modules,3,3,1.000000
JIRA,jira,project,2021-09_to_2021-12,2021-09,2021-12,JBoss Server Migration Tool,11,0,0.000000
JIRA,jira,project,2021-09_to_2021-12,2021-09,2021-12,JBoss Transaction Manager,26,5,0.192308
JIRA,jira,project,2021-09_to_2021-12,2021-09,2021-12,JBoss Web Server,32,0,0.000000
JIRA,jira,project,2021-09_to_2021-12,2021-09,2021-12,JBoss Web Services,14,5,0.357143
JIRA,jira,project,2021-09_to_2021-12,2021-09,2021-12,JDO,3,0,0.000000
JIRA,jira,project,2021-09_to_2021-12,2021-09,2021-12,JFrog UX,1,1,1.000000
JIRA,jira,project,2021-09_to_2021-12,2021-09,2021-12,JGroups,20,4,0.200000
JIRA,jira,project,2021-09_to_2021-12,2021-09,2021-12,JIRA Service Desk Ecosystem,1,0,0.000000
JIRA,jira,project,2021-09_to_2021-12,2021-09,2021-12,JSPWiki,8,1,0.125000
JIRA,jira,project,2021-09_to_2021-12,2021-09,2021-12,Jackrabbit Content Repository,24,2,0.083333
JIRA,jira,project,2021-09_to_2021-12,2021-09,2021-12,Jackrabbit FileVault,13,9,0.692308
JIRA,jira,project,2021-09_to_2021-12,2021-09,2021-12,Jackrabbit Oak,74,27,0.364865
JIRA,jira,project,2021-09_to_2021-12,2021-09,2021-12,James Mailbox,2,2,1.000000
JIRA,jira,project,2021-09_to_2021-12,2021-09,2021-12,James Mime4j,5,3,0.600000
JIRA,jira,project,2021-09_to_2021-12,2021-09,2021-12,James Server,16,8,0.500000
JIRA,jira,project,2021-09_to_2021-12,2021-09,2021-12,James jDKIM,1,0,0.000000
JIRA,jira,project,2021-09_to_2021-12,2021-09,2021-12,James jSPF,1,0,0.000000
JIRA,jira,project,2021-09_to_2021-12,2021-09,2021-12,Java Driver,125,18,0.144000
JIRA,jira,project,2021-09_to_2021-12,2021-09,2021-12,Jenkins Artifactory Plug,4,4,1.000000
JIRA,jira,project,2021-09_to_2021-12,2021-09,2021-12,Jetspeed (Retired),1,0,0.000000
JIRA,jira,project,2021-09_to_2021-12,2021-09,2021-12,Jira Admin Support,3,0,0.000000
JIRA,jira,project,2021-09_to_2021-12,2021-09,2021-12,Jira Align,262,24,0.091603
JIRA,jira,project,2021-09_to_2021-12,2021-09,2021-12,Jira Cloud,58,15,0.258621
JIRA,jira,project,2021-09_to_2021-12,2021-09,2021-12,Jira Data Center,327,33,0.100917
JIRA,jira,project,2021-09_to_2021-12,2021-09,2021-12,Jira Performance Testing Tools,17,2,0.117647
JIRA,jira,project,2021-09_to_2021-12,2021-09,2021-12,Jira Platform Cloud,788,26,0.032995
JIRA,jira,project,2021-09_to_2021-12,2021-09,2021-12,Jira Service Management Cloud,353,16,0.045326
JIRA,jira,project,2021-09_to_2021-12,2021-09,2021-12,Jira Service Management Data Center,242,27,0.111570
JIRA,jira,project,2021-09_to_2021-12,2021-09,2021-12,Jira Service Management Server and Data Center,1,1,1.000000
JIRA,jira,project,2021-09_to_2021-12,2021-09,2021-12,Jira Software Cloud,4,4,1.000000
JIRA,jira,project,2021-09_to_2021-12,2021-09,2021-12,Jira Software Data Center,121,11,0.090909
JIRA,jira,project,2021-09_to_2021-12,2021-09,2021-12,Jira Software Server and Data Center,1,1,1.000000
JIRA,jira,project,2021-09_to_2021-12,2021-09,2021-12,Jira Work Management Cloud,47,1,0.021277
JIRA,jira,project,2021-09_to_2021-12,2021-09,2021-12,Johnzon,1,0,0.000000
JIRA,jira,project,2021-09_to_2021-12,2021-09,2021-12,KIE Cloud,38,8,0.210526
JIRA,jira,project,2021-09_to_2021-12,2021-09,2021-12,Kafka,209,86,0.411483
JIRA,jira,project,2021-09_to_2021-12,2021-09,2021-12,Kafka Connector,20,3,0.150000
JIRA,jira,project,2021-09_to_2021-12,2021-09,2021-12,Karaf,19,8,0.421053
JIRA,jira,project,2021-09_to_2021-12,2021-09,2021-12,Keycloak,82,82,1.000000
JIRA,jira,project,2021-09_to_2021-12,2021-09,2021-12,Kiali QE,6,6,1.000000
JIRA,jira,project,2021-09_to_2021-12,2021-09,2021-12,Knative Serving,54,5,0.092593
JIRA,jira,project,2021-09_to_2021-12,2021-09,2021-12,Kogito,491,56,0.114053
JIRA,jira,project,2021-09_to_2021-12,2021-09,2021-12,Konflux UI,1,0,0.000000
JIRA,jira,project,2021-09_to_2021-12,2021-09,2021-12,Konveyor Tackle,14,0,0.000000
JIRA,jira,project,2021-09_to_2021-12,2021-09,2021-12,Kudu,20,9,0.450000
JIRA,jira,project,2021-09_to_2021-12,2021-09,2021-12,Kylin,42,33,0.785714
JIRA,jira,project,2021-09_to_2021-12,2021-09,2021-12,Legal Discuss,4,0,0.000000
JIRA,jira,project,2021-09_to_2021-12,2021-09,2021-12,Libmongocrypt,25,4,0.160000
JIRA,jira,project,2021-09_to_2021-12,2021-09,2021-12,Livy,15,2,0.133333
JIRA,jira,project,2021-09_to_2021-12,2021-09,2021-12,Log4cxx,3,3,1.000000
JIRA,jira,project,2021-09_to_2021-12,2021-09,2021-12,Log4j 2,71,29,0.408451
JIRA,jira,project,2021-09_to_2021-12,2021-09,2021-12,Log4net,6,2,0.333333
JIRA,jira,project,2021-09_to_2021-12,2021-09,2021-12,Lucene ,263,46,0.174905
JIRA,jira,project,2021-09_to_2021-12,2021-09,2021-12,MINA,5,4,0.800000
JIRA,jira,project,2021-09_to_2021-12,2021-09,2021-12,MINA SSHD,8,7,0.875000
JIRA,jira,project,2021-09_to_2021-12,2021-09,2021-12,Machine Config Operator,57,2,0.035088
JIRA,jira,project,2021-09_to_2021-12,2021-09,2021-12,Mahout,1,0,0.000000
JIRA,jira,project,2021-09_to_2021-12,2021-09,2021-12,Maistra,47,28,0.595745
JIRA,jira,project,2021-09_to_2021-12,2021-09,2021-12,Managed Service ,4,0,0.000000
JIRA,jira,project,2021-09_to_2021-12,2021-09,2021-12,Managed Services ,1,0,0.000000
JIRA,jira,project,2021-09_to_2021-12,2021-09,2021-12,ManifoldCF,7,6,0.857143
JIRA,jira,project,2021-09_to_2021-12,2021-09,2021-12,MariaDB ColumnStore,78,35,0.448718
JIRA,jira,project,2021-09_to_2021-12,2021-09,2021-12,MariaDB Connector/C,4,0,0.000000
JIRA,jira,project,2021-09_to_2021-12,2021-09,2021-12,MariaDB Connector/J,9,2,0.222222
JIRA,jira,project,2021-09_to_2021-12,2021-09,2021-12,MariaDB Connector/ODBC,4,3,0.750000
JIRA,jira,project,2021-09_to_2021-12,2021-09,2021-12,MariaDB Connector/Python,8,1,0.125000
JIRA,jira,project,2021-09_to_2021-12,2021-09,2021-12,MariaDB Connector/R2DBC,1,0,0.000000
JIRA,jira,project,2021-09_to_2021-12,2021-09,2021-12,MariaDB Connector/node.js,3,0,0.000000
JIRA,jira,project,2021-09_to_2021-12,2021-09,2021-12,MariaDB Foundation Development,33,4,0.121212
JIRA,jira,project,2021-09_to_2021-12,2021-09,2021-12,MariaDB MaxScale,101,21,0.207921
JIRA,jira,project,2021-09_to_2021-12,2021-09,2021-12,MariaDB Server,608,374,0.615132
JIRA,jira,project,2021-09_to_2021-12,2021-09,2021-12,Maven (Moved to GitHub Issues),136,32,0.235294
JIRA,jira,project,2021-09_to_2021-12,2021-09,2021-12,Maven Antrun Plugin (Moved to GitHub Issues),3,0,0.000000
JIRA,jira,project,2021-09_to_2021-12,2021-09,2021-12,Maven Archetype (Moved to GitHub Issues),6,2,0.333333
JIRA,jira,project,2021-09_to_2021-12,2021-09,2021-12,Maven Artifact Plugin (Moved to GitHub Issues),4,3,0.750000
JIRA,jira,project,2021-09_to_2021-12,2021-09,2021-12,Maven Assembly Plugin (Moved to GitHub Issues),2,0,0.000000
JIRA,jira,project,2021-09_to_2021-12,2021-09,2021-12,Maven Build Cache Extension (Moved to GitHub Issues),11,0,0.000000
JIRA,jira,project,2021-09_to_2021-12,2021-09,2021-12,Maven Changes Plugin (Moved to GitHub Issues),1,0,0.000000
JIRA,jira,project,2021-09_to_2021-12,2021-09,2021-12,Maven Checkstyle Plugin (Moved to GitHub Issues),2,2,1.000000
JIRA,jira,project,2021-09_to_2021-12,2021-09,2021-12,Maven Clean Plugin (Moved to GitHub Issues),2,0,0.000000
JIRA,jira,project,2021-09_to_2021-12,2021-09,2021-12,Maven Compiler Plugin (Moved to GitHub Issues),8,3,0.375000
JIRA,jira,project,2021-09_to_2021-12,2021-09,2021-12,Maven Dependency Plugin (Moved to GitHub Issues),18,8,0.444444
JIRA,jira,project,2021-09_to_2021-12,2021-09,2021-12,Maven Deploy Plugin (Moved to GitHub Issues),2,1,0.500000
JIRA,jira,project,2021-09_to_2021-12,2021-09,2021-12,Maven Doxia (Moved to GitHub Issues),13,0,0.000000
JIRA,jira,project,2021-09_to_2021-12,2021-09,2021-12,Maven Doxia Sitetools (Moved to GitHub Issues),5,0,0.000000
JIRA,jira,project,2021-09_to_2021-12,2021-09,2021-12,Maven EAR Plugin (Moved to GitHub Issues),3,0,0.000000
JIRA,jira,project,2021-09_to_2021-12,2021-09,2021-12,Maven EJB Plugin (Moved to GitHub Issues),2,0,0.000000
JIRA,jira,project,2021-09_to_2021-12,2021-09,2021-12,Maven Enforcer Plugin (Moved to GitHub Issues),11,5,0.454545
JIRA,jira,project,2021-09_to_2021-12,2021-09,2021-12,Maven GPG Plugin (Moved to GitHub Issues),1,1,1.000000
JIRA,jira,project,2021-09_to_2021-12,2021-09,2021-12,Maven Help Plugin (Moved to GitHub Issues),6,1,0.166667
JIRA,jira,project,2021-09_to_2021-12,2021-09,2021-12,Maven Indexer (Moved to GitHub Issues),2,0,0.000000
JIRA,jira,project,2021-09_to_2021-12,2021-09,2021-12,Maven Install Plugin (Moved to GitHub Issues),1,0,0.000000
JIRA,jira,project,2021-09_to_2021-12,2021-09,2021-12,Maven Invoker Plugin (Moved to GitHub Issues),12,3,0.250000
JIRA,jira,project,2021-09_to_2021-12,2021-09,2021-12,Maven JAR Plugin (Moved to GitHub Issues),4,1,0.250000
JIRA,jira,project,2021-09_to_2021-12,2021-09,2021-12,Maven JDeps Plugin (Moved to GitHub Issues),1,0,0.000000
JIRA,jira,project,2021-09_to_2021-12,2021-09,2021-12,Maven JXR (Moved to GitHub Issues),3,0,0.000000
JIRA,jira,project,2021-09_to_2021-12,2021-09,2021-12,Maven Javadoc Plugin (Moved to GitHub Issues),12,4,0.333333
JIRA,jira,project,2021-09_to_2021-12,2021-09,2021-12,Maven PMD Plugin (Moved to GitHub Issues),8,2,0.250000
JIRA,jira,project,2021-09_to_2021-12,2021-09,2021-12,Maven POMs (Moved to GitHub issues),11,2,0.181818
JIRA,jira,project,2021-09_to_2021-12,2021-09,2021-12,Maven Plugin Tools (Moved to GitHub Issues),13,2,0.153846
JIRA,jira,project,2021-09_to_2021-12,2021-09,2021-12,Maven Project Web Site (Moved to GitHub Issues),12,1,0.083333
JIRA,jira,project,2021-09_to_2021-12,2021-09,2021-12,Maven RAR Plugin (Moved to GitHub Issues),1,0,0.000000
JIRA,jira,project,2021-09_to_2021-12,2021-09,2021-12,Maven Release Plugin (Moved to GitHub Issues),4,0,0.000000
JIRA,jira,project,2021-09_to_2021-12,2021-09,2021-12,Maven Remote Resources Plugin (Moved to GitHub Issues),2,0,0.000000
JIRA,jira,project,2021-09_to_2021-12,2021-09,2021-12,Maven Resolver,1,1,1.000000
JIRA,jira,project,2021-09_to_2021-12,2021-09,2021-12,Maven Resolver (Moved to GitHub Issues),36,1,0.027778
JIRA,jira,project,2021-09_to_2021-12,2021-09,2021-12,Maven Resources Plugin (Moved to GitHub Issues),3,1,0.333333
JIRA,jira,project,2021-09_to_2021-12,2021-09,2021-12,Maven SCM (Moved to GitHub Issues),19,1,0.052632
JIRA,jira,project,2021-09_to_2021-12,2021-09,2021-12,Maven Scripting (Moved to GitHub Issues),1,0,0.000000
JIRA,jira,project,2021-09_to_2021-12,2021-09,2021-12,Maven Shade Plugin (Moved to GitHub Issues),4,2,0.500000
JIRA,jira,project,2021-09_to_2021-12,2021-09,2021-12,Maven Shared Components,17,3,0.176471
JIRA,jira,project,2021-09_to_2021-12,2021-09,2021-12,Maven Site Plugin (Moved to GitHub Issues),3,1,0.333333
JIRA,jira,project,2021-09_to_2021-12,2021-09,2021-12,Maven Skins (Moved to GitHub Issues),1,0,0.000000
JIRA,jira,project,2021-09_to_2021-12,2021-09,2021-12,Maven Surefire (Moved to GitHub Issues),32,10,0.312500
JIRA,jira,project,2021-09_to_2021-12,2021-09,2021-12,Maven Toolchains Plugin (Moved to GitHub Issues),2,1,0.500000
JIRA,jira,project,2021-09_to_2021-12,2021-09,2021-12,Maven WAR Plugin (Moved to GitHub Issues),3,0,0.000000
JIRA,jira,project,2021-09_to_2021-12,2021-09,2021-12,Maven Wagon (Moved to GitHub Issues),11,0,0.000000
JIRA,jira,project,2021-09_to_2021-12,2021-09,2021-12,Maven Wrapper (Moved to GitHub Issues),29,5,0.172414
JIRA,jira,project,2021-09_to_2021-12,2021-09,2021-12,Mesos,2,2,1.000000
JIRA,jira,project,2021-09_to_2021-12,2021-09,2021-12,Mesos (Retired),3,1,0.333333
JIRA,jira,project,2021-09_to_2021-12,2021-09,2021-12,Migration Platform,106,47,0.443396
JIRA,jira,project,2021-09_to_2021-12,2021-09,2021-12,Migration Toolkit for Virtualization,93,2,0.021505
JIRA,jira,project,2021-09_to_2021-12,2021-09,2021-12,Minecraft (Bedrock codebase),51,51,1.000000
JIRA,jira,project,2021-09_to_2021-12,2021-09,2021-12,Minecraft Dungeons,5,5,1.000000
JIRA,jira,project,2021-09_to_2021-12,2021-09,2021-12,Minecraft Launcher,91,91,1.000000
JIRA,jira,project,2021-09_to_2021-12,2021-09,2021-12,Minecraft Realms,26,26,1.000000
JIRA,jira,project,2021-09_to_2021-12,2021-09,2021-12,Minecraft: Java Edition,260,260,1.000000
JIRA,jira,project,2021-09_to_2021-12,2021-09,2021-12,Mnemonic,5,5,1.000000
JIRA,jira,project,2021-09_to_2021-12,2021-09,2021-12,Mnemonic (Retired),17,1,0.058824
JIRA,jira,project,2021-09_to_2021-12,2021-09,2021-12,Mojang Web Services,12,12,1.000000
JIRA,jira,project,2021-09_to_2021-12,2021-09,2021-12,MongoDB Database Tools,43,11,0.255814
JIRA,jira,project,2021-09_to_2021-12,2021-09,2021-12,MongoDB Shell,81,17,0.209877
JIRA,jira,project,2021-09_to_2021-12,2021-09,2021-12,Mongoid,27,3,0.111111
JIRA,jira,project,2021-09_to_2021-12,2021-09,2021-12,Motor,20,2,0.100000
JIRA,jira,project,2021-09_to_2021-12,2021-09,2021-12,Multiple Architecture Enablement,83,11,0.132530
JIRA,jira,project,2021-09_to_2021-12,2021-09,2021-12,MyFaces Core,12,2,0.166667
JIRA,jira,project,2021-09_to_2021-12,2021-09,2021-12,MyFaces Tobago,8,0,0.000000
JIRA,jira,project,2021-09_to_2021-12,2021-09,2021-12,MyFaces Tomahawk,1,1,1.000000
JIRA,jira,project,2021-09_to_2021-12,2021-09,2021-12,NLPCraft,3,3,1.000000
JIRA,jira,project,2021-09_to_2021-12,2021-09,2021-12,NLPCraft (Retired),2,0,0.000000
JIRA,jira,project,2021-09_to_2021-12,2021-09,2021-12,NetBeans,162,122,0.753086
JIRA,jira,project,2021-09_to_2021-12,2021-09,2021-12,Network Edge,29,0,0.000000
JIRA,jira,project,2021-09_to_2021-12,2021-09,2021-12,Network Hardware Enablement,13,0,0.000000
JIRA,jira,project,2021-09_to_2021-12,2021-09,2021-12,Network Observability,90,7,0.077778
JIRA,jira,project,2021-09_to_2021-12,2021-09,2021-12,NiFi Registry ,1,1,1.000000
JIRA,jira,project,2021-09_to_2021-12,2021-09,2021-12,Node.js Driver,231,44,0.190476
JIRA,jira,project,2021-09_to_2021-12,2021-09,2021-12,Nutch,35,5,0.142857
JIRA,jira,project,2021-09_to_2021-12,2021-09,2021-12,OCMUI ,19,0,0.000000
JIRA,jira,project,2021-09_to_2021-12,2021-09,2021-12,OCP Technical Release Team,33,1,0.030303
JIRA,jira,project,2021-09_to_2021-12,2021-09,2021-12,OFBiz,146,32,0.219178
JIRA,jira,project,2021-09_to_2021-12,2021-09,2021-12,OODT,1,1,1.000000
JIRA,jira,project,2021-09_to_2021-12,2021-09,2021-12,ORC,75,12,0.160000
JIRA,jira,project,2021-09_to_2021-12,2021-09,2021-12,Observability Documentation,10,0,0.000000
JIRA,jira,project,2021-09_to_2021-12,2021-09,2021-12,Observability and Data Analysis Program,37,0,0.000000
JIRA,jira,project,2021-09_to_2021-12,2021-09,2021-12,Olingo,6,2,0.333333
JIRA,jira,project,2021-09_to_2021-12,2021-09,2021-12,On Prem Networking,20,0,0.000000
JIRA,jira,project,2021-09_to_2021-12,2021-09,2021-12,Oozie,2,2,1.000000
JIRA,jira,project,2021-09_to_2021-12,2021-09,2021-12,Oozie (Retired),2,1,0.500000
JIRA,jira,project,2021-09_to_2021-12,2021-09,2021-12,Open Data Hub,50,13,0.260000
JIRA,jira,project,2021-09_to_2021-12,2021-09,2021-12,OpenJDK,28,6,0.214286
JIRA,jira,project,2021-09_to_2021-12,2021-09,2021-12,OpenJPA,14,6,0.428571
JIRA,jira,project,2021-09_to_2021-12,2021-09,2021-12,OpenNLP,12,0,0.000000
JIRA,jira,project,2021-09_to_2021-12,2021-09,2021-12,OpenShift API Server,37,0,0.000000
JIRA,jira,project,2021-09_to_2021-12,2021-09,2021-12,OpenShift API for Data Protection,151,17,0.112583
JIRA,jira,project,2021-09_to_2021-12,2021-09,2021-12,OpenShift App Analytics,40,3,0.075000
JIRA,jira,project,2021-09_to_2021-12,2021-09,2021-12,OpenShift Authentication,66,0,0.000000
JIRA,jira,project,2021-09_to_2021-12,2021-09,2021-12,OpenShift Bugs,96,39,0.406250
JIRA,jira,project,2021-09_to_2021-12,2021-09,2021-12,OpenShift BuildConfig,8,0,0.000000
JIRA,jira,project,2021-09_to_2021-12,2021-09,2021-12,OpenShift Builds,38,0,0.000000
JIRA,jira,project,2021-09_to_2021-12,2021-09,2021-12,OpenShift CFE,105,3,0.028571
JIRA,jira,project,2021-09_to_2021-12,2021-09,2021-12,OpenShift Cloud,112,5,0.044643
JIRA,jira,project,2021-09_to_2021-12,2021-09,2021-12,OpenShift Cloud Credential Operator,41,1,0.024390
JIRA,jira,project,2021-09_to_2021-12,2021-09,2021-12,OpenShift Console,64,1,0.015625
JIRA,jira,project,2021-09_to_2021-12,2021-09,2021-12,OpenShift Container Platform (OCP) Strategy,10,0,0.000000
JIRA,jira,project,2021-09_to_2021-12,2021-09,2021-12,OpenShift Core Networking,328,14,0.042683
JIRA,jira,project,2021-09_to_2021-12,2021-09,2021-12,OpenShift Edge,2,0,0.000000
JIRA,jira,project,2021-09_to_2021-12,2021-09,2021-12,OpenShift Etcd,13,2,0.153846
JIRA,jira,project,2021-09_to_2021-12,2021-09,2021-12,OpenShift GitOps,186,15,0.080645
JIRA,jira,project,2021-09_to_2021-12,2021-09,2021-12,OpenShift Hive,80,16,0.200000
JIRA,jira,project,2021-09_to_2021-12,2021-09,2021-12,OpenShift Hosted Control Plane,70,4,0.057143
JIRA,jira,project,2021-09_to_2021-12,2021-09,2021-12,OpenShift Image Registry,17,0,0.000000
JIRA,jira,project,2021-09_to_2021-12,2021-09,2021-12,OpenShift Installer,82,1,0.012195
JIRA,jira,project,2021-09_to_2021-12,2021-09,2021-12,OpenShift Java Client,1,0,0.000000
JIRA,jira,project,2021-09_to_2021-12,2021-09,2021-12,OpenShift Jenkins,6,0,0.000000
JIRA,jira,project,2021-09_to_2021-12,2021-09,2021-12,OpenShift Logging,269,67,0.249071
JIRA,jira,project,2021-09_to_2021-12,2021-09,2021-12,OpenShift Migration Toolkit for Containers,110,4,0.036364
JIRA,jira,project,2021-09_to_2021-12,2021-09,2021-12,OpenShift Monitoring,184,4,0.021739
JIRA,jira,project,2021-09_to_2021-12,2021-09,2021-12,OpenShift Node,97,1,0.010309
JIRA,jira,project,2021-09_to_2021-12,2021-09,2021-12,OpenShift Over the Air,72,6,0.083333
JIRA,jira,project,2021-09_to_2021-12,2021-09,2021-12,OpenShift Pipelines,194,20,0.103093
JIRA,jira,project,2021-09_to_2021-12,2021-09,2021-12,OpenShift Pod Autoscaling,5,0,0.000000
JIRA,jira,project,2021-09_to_2021-12,2021-09,2021-12,OpenShift Request For Enhancement,192,10,0.052083
JIRA,jira,project,2021-09_to_2021-12,2021-09,2021-12,OpenShift SDN,8,8,1.000000
JIRA,jira,project,2021-09_to_2021-12,2021-09,2021-12,OpenShift Service Mesh,182,25,0.137363
JIRA,jira,project,2021-09_to_2021-12,2021-09,2021-12,OpenShift Service Mesh Documentation,5,5,1.000000
JIRA,jira,project,2021-09_to_2021-12,2021-09,2021-12,OpenShift Specialist Platform Team,85,4,0.047059
JIRA,jira,project,2021-09_to_2021-12,2021-09,2021-12,OpenShift Storage,67,2,0.029851
JIRA,jira,project,2021-09_to_2021-12,2021-09,2021-12,OpenShift Top Level Product Strategy,82,6,0.073171
JIRA,jira,project,2021-09_to_2021-12,2021-09,2021-12,OpenShift UX Product Design,65,0,0.000000
JIRA,jira,project,2021-09_to_2021-12,2021-09,2021-12,OpenShift Virtualization,56,19,0.339286
JIRA,jira,project,2021-09_to_2021-12,2021-09,2021-12,OpenShift Windows Containers,46,6,0.130435
JIRA,jira,project,2021-09_to_2021-12,2021-09,2021-12,OpenShift Workloads,16,1,0.062500
JIRA,jira,project,2021-09_to_2021-12,2021-09,2021-12,OpenStack as Infra,94,2,0.021277
JIRA,jira,project,2021-09_to_2021-12,2021-09,2021-12,OpenWebBeans,1,0,0.000000
JIRA,jira,project,2021-09_to_2021-12,2021-09,2021-12,Openmeetings,36,7,0.194444
JIRA,jira,project,2021-09_to_2021-12,2021-09,2021-12,Openshift sandboxed containers,23,22,0.956522
JIRA,jira,project,2021-09_to_2021-12,2021-09,2021-12,Operator Ecosystem,186,3,0.016129
JIRA,jira,project,2021-09_to_2021-12,2021-09,2021-12,Operator Lifecycle Manager,1,1,1.000000
JIRA,jira,project,2021-09_to_2021-12,2021-09,2021-12,Operator Runtime,70,1,0.014286
JIRA,jira,project,2021-09_to_2021-12,2021-09,2021-12,Operator SDK,1,1,1.000000
JIRA,jira,project,2021-09_to_2021-12,2021-09,2021-12,Opsgenie,14,0,0.000000
JIRA,jira,project,2021-09_to_2021-12,2021-09,2021-12,OptaPlanner,63,15,0.238095
JIRA,jira,project,2021-09_to_2021-12,2021-09,2021-12,PDFBox,38,21,0.552632
JIRA,jira,project,2021-09_to_2021-12,2021-09,2021-12,PHP Driver: Extension,48,7,0.145833
JIRA,jira,project,2021-09_to_2021-12,2021-09,2021-12,PHP Driver: Library,38,3,0.078947
JIRA,jira,project,2021-09_to_2021-12,2021-09,2021-12,Parquet,25,3,0.120000
JIRA,jira,project,2021-09_to_2021-12,2021-09,2021-12,Performance and Scale for AI Platforms,50,3,0.060000
JIRA,jira,project,2021-09_to_2021-12,2021-09,2021-12,Phoenix,50,27,0.540000
JIRA,jira,project,2021-09_to_2021-12,2021-09,2021-12,Phoenix Omid,4,0,0.000000
JIRA,jira,project,2021-09_to_2021-12,2021-09,2021-12,Pig,7,5,0.714286
JIRA,jira,project,2021-09_to_2021-12,2021-09,2021-12,Pivot (Retired),1,0,0.000000
JIRA,jira,project,2021-09_to_2021-12,2021-09,2021-12,Pluto (Retired),1,0,0.000000
JIRA,jira,project,2021-09_to_2021-12,2021-09,2021-12,Product Technical Learning,261,14,0.053640
JIRA,jira,project,2021-09_to_2021-12,2021-09,2021-12,Proforma Server & Data Centre,2,0,0.000000
JIRA,jira,project,2021-09_to_2021-12,2021-09,2021-12,Project Quay,313,89,0.284345
JIRA,jira,project,2021-09_to_2021-12,2021-09,2021-12,PyLucene,1,1,1.000000
JIRA,jira,project,2021-09_to_2021-12,2021-09,2021-12,Python Driver,124,45,0.362903
JIRA,jira,project,2021-09_to_2021-12,2021-09,2021-12,Python Integrations,11,2,0.181818
JIRA,jira,project,2021-09_to_2021-12,2021-09,2021-12,"Qbs (""Cubes"")",12,8,0.666667
JIRA,jira,project,2021-09_to_2021-12,2021-09,2021-12,Qpid,6,3,0.500000
JIRA,jira,project,2021-09_to_2021-12,2021-09,2021-12,Qpid Dispatch,43,26,0.604651
JIRA,jira,project,2021-09_to_2021-12,2021-09,2021-12,Qpid JMS,5,4,0.800000
JIRA,jira,project,2021-09_to_2021-12,2021-09,2021-12,Qpid Proton,34,17,0.500000
JIRA,jira,project,2021-09_to_2021-12,2021-09,2021-12,Qt,2495,832,0.333467
JIRA,jira,project,2021-09_to_2021-12,2021-09,2021-12,Qt 3D Studio,1,0,0.000000
JIRA,jira,project,2021-09_to_2021-12,2021-09,2021-12,Qt Automotive Suite,2,2,1.000000
JIRA,jira,project,2021-09_to_2021-12,2021-09,2021-12,Qt Cloud,4,4,1.000000
JIRA,jira,project,2021-09_to_2021-12,2021-09,2021-12,Qt Creator,500,129,0.258000
JIRA,jira,project,2021-09_to_2021-12,2021-09,2021-12,Qt Design Studio,449,32,0.071269
JIRA,jira,project,2021-09_to_2021-12,2021-09,2021-12,Qt Extensions,3,2,0.666667
JIRA,jira,project,2021-09_to_2021-12,2021-09,2021-12,Qt Installer Framework,85,5,0.058824
JIRA,jira,project,2021-09_to_2021-12,2021-09,2021-12,Qt Project Website,14,0,0.000000
JIRA,jira,project,2021-09_to_2021-12,2021-09,2021-12,Qt Quality Assurance Infrastructure,126,20,0.158730
JIRA,jira,project,2021-09_to_2021-12,2021-09,2021-12,Qt Safe Renderer,3,3,1.000000
JIRA,jira,project,2021-09_to_2021-12,2021-09,2021-12,Qt Visual Studio Tools,39,13,0.333333
JIRA,jira,project,2021-09_to_2021-12,2021-09,2021-12,Qt for MCUs,7,7,1.000000
JIRA,jira,project,2021-09_to_2021-12,2021-09,2021-12,Qt for Python,84,38,0.452381
JIRA,jira,project,2021-09_to_2021-12,2021-09,2021-12,Quarkus,282,54,0.191489
JIRA,jira,project,2021-09_to_2021-12,2021-09,2021-12,Quick Reload,1,1,1.000000
JIRA,jira,project,2021-09_to_2021-12,2021-09,2021-12,RDO Project,12,0,0.000000
JIRA,jira,project,2021-09_to_2021-12,2021-09,2021-12,REST API Browser,1,0,0.000000
JIRA,jira,project,2021-09_to_2021-12,2021-09,2021-12,RESTEasy,66,10,0.151515
JIRA,jira,project,2021-09_to_2021-12,2021-09,2021-12,RH,5,1,0.200000
JIRA,jira,project,2021-09_to_2021-12,2021-09,2021-12,RHEL,19,4,0.210526
JIRA,jira,project,2021-09_to_2021-12,2021-09,2021-12,RHEL Conversions,5,2,0.400000
JIRA,jira,project,2021-09_to_2021-12,2021-09,2021-12,RHEL Documentation,1,0,0.000000
JIRA,jira,project,2021-09_to_2021-12,2021-09,2021-12,RHEL Testing,2,2,1.000000
JIRA,jira,project,2021-09_to_2021-12,2021-09,2021-12,Rampart,1,1,1.000000
JIRA,jira,project,2021-09_to_2021-12,2021-09,2021-12,Ranger,99,15,0.151515
JIRA,jira,project,2021-09_to_2021-12,2021-09,2021-12,Ratis,38,10,0.263158
JIRA,jira,project,2021-09_to_2021-12,2021-09,2021-12,Red Hat 3scale API Management,247,42,0.170040
JIRA,jira,project,2021-09_to_2021-12,2021-09,2021-12,Red Hat Advanced Cluster Management,121,3,0.024793
JIRA,jira,project,2021-09_to_2021-12,2021-09,2021-12,Red Hat Cluster Management Cloud Services,2,0,0.000000
JIRA,jira,project,2021-09_to_2021-12,2021-09,2021-12,Red Hat CodeReady Studio (devstudio),6,6,1.000000
JIRA,jira,project,2021-09_to_2021-12,2021-09,2021-12,Red Hat CodeReady Workspaces,40,40,1.000000
JIRA,jira,project,2021-09_to_2021-12,2021-09,2021-12,Red Hat Data Grid,81,28,0.345679
JIRA,jira,project,2021-09_to_2021-12,2021-09,2021-12,Red Hat Decision Manager,28,9,0.321429
JIRA,jira,project,2021-09_to_2021-12,2021-09,2021-12,Red Hat Directory Server,3,2,0.666667
JIRA,jira,project,2021-09_to_2021-12,2021-09,2021-12,Red Hat Fuse,290,114,0.393103
JIRA,jira,project,2021-09_to_2021-12,2021-09,2021-12,Red Hat Insights ,7,7,1.000000
JIRA,jira,project,2021-09_to_2021-12,2021-09,2021-12,Red Hat OpenShift Data Science,516,27,0.052326
JIRA,jira,project,2021-09_to_2021-12,2021-09,2021-12,Red Hat OpenShift Dev Spaces (formerly CodeReady Workspaces),225,66,0.293333
JIRA,jira,project,2021-09_to_2021-12,2021-09,2021-12,Red Hat OpenStack Services on OpenShift,24,5,0.208333
JIRA,jira,project,2021-09_to_2021-12,2021-09,2021-12,Red Hat Process Automation Manager,124,34,0.274194
JIRA,jira,project,2021-09_to_2021-12,2021-09,2021-12,Red Hat Service Interconnect (Skupper),1,0,0.000000
JIRA,jira,project,2021-09_to_2021-12,2021-09,2021-12,Ruby Driver,66,7,0.106061
JIRA,jira,project,2021-09_to_2021-12,2021-09,2021-12,Rust Driver,100,2,0.020000
JIRA,jira,project,2021-09_to_2021-12,2021-09,2021-12,SAML for Atlassian Data Center,11,2,0.181818
JIRA,jira,project,2021-09_to_2021-12,2021-09,2021-12,Sakai,450,137,0.304444
JIRA,jira,project,2021-09_to_2021-12,2021-09,2021-12,Samza,7,1,0.142857
JIRA,jira,project,2021-09_to_2021-12,2021-09,2021-12,Santuario,3,2,0.666667
JIRA,jira,project,2021-09_to_2021-12,2021-09,2021-12,Satellite,321,27,0.084112
JIRA,jira,project,2021-09_to_2021-12,2021-09,2021-12,Security Data,4,0,0.000000
JIRA,jira,project,2021-09_to_2021-12,2021-09,2021-12,Server Deployments and Scale,1,1,1.000000
JIRA,jira,project,2021-09_to_2021-12,2021-09,2021-12,Server Platform Frontend,114,1,0.008772
JIRA,jira,project,2021-09_to_2021-12,2021-09,2021-12,ServiceMix,2,2,1.000000
JIRA,jira,project,2021-09_to_2021-12,2021-09,2021-12,Shiro,3,1,0.333333
JIRA,jira,project,2021-09_to_2021-12,2021-09,2021-12,Sling,112,24,0.214286
JIRA,jira,project,2021-09_to_2021-12,2021-09,2021-12,Solr,188,41,0.218085
JIRA,jira,project,2021-09_to_2021-12,2021-09,2021-12,Sourcetree For Mac,29,9,0.310345
JIRA,jira,project,2021-09_to_2021-12,2021-09,2021-12,Sourcetree for Windows,20,7,0.350000
JIRA,jira,project,2021-09_to_2021-12,2021-09,2021-12,Spark,1002,217,0.216567
JIRA,jira,project,2021-09_to_2021-12,2021-09,2021-12,Spark Connector,9,1,0.111111
JIRA,jira,project,2021-09_to_2021-12,2021-09,2021-12,Spatial Information Systems,15,0,0.000000
JIRA,jira,project,2021-09_to_2021-12,2021-09,2021-12,Spring.NET REST,1,1,1.000000
JIRA,jira,project,2021-09_to_2021-12,2021-09,2021-12,StreamPipes,74,7,0.094595
JIRA,jira,project,2021-09_to_2021-12,2021-09,2021-12,Struts 2,22,5,0.227273
JIRA,jira,project,2021-09_to_2021-12,2021-09,2021-12,Subscription Watch,3,1,0.333333
JIRA,jira,project,2021-09_to_2021-12,2021-09,2021-12,Subversion,1,0,0.000000
JIRA,jira,project,2021-09_to_2021-12,2021-09,2021-12,SwitchYard,1,1,1.000000
JIRA,jira,project,2021-09_to_2021-12,2021-09,2021-12,Syncope,11,2,0.181818
JIRA,jira,project,2021-09_to_2021-12,2021-09,2021-12,SystemDS,66,13,0.196970
JIRA,jira,project,2021-09_to_2021-12,2021-09,2021-12,Tapestry 5,2,0,0.000000
JIRA,jira,project,2021-09_to_2021-12,2021-09,2021-12,Teiid,3,3,1.000000
JIRA,jira,project,2021-09_to_2021-12,2021-09,2021-12,Thrift,22,9,0.409091
JIRA,jira,project,2021-09_to_2021-12,2021-09,2021-12,Tika,20,10,0.500000
JIRA,jira,project,2021-09_to_2021-12,2021-09,2021-12,TinkerPop,28,9,0.321429
JIRA,jira,project,2021-09_to_2021-12,2021-09,2021-12,TomEE,15,10,0.666667
JIRA,jira,project,2021-09_to_2021-12,2021-09,2021-12,Tools (JBoss Tools),111,28,0.252252
JIRA,jira,project,2021-09_to_2021-12,2021-09,2021-12,Trinity,6,0,0.000000
JIRA,jira,project,2021-09_to_2021-12,2021-09,2021-12,UIMA,22,3,0.136364
JIRA,jira,project,2021-09_to_2021-12,2021-09,2021-12,Undertow,39,23,0.589744
JIRA,jira,project,2021-09_to_2021-12,2021-09,2021-12,Use OCPBUGS now,43,6,0.139535
JIRA,jira,project,2021-09_to_2021-12,2021-09,2021-12,VCL,1,0,0.000000
JIRA,jira,project,2021-09_to_2021-12,2021-09,2021-12,VS Code Extension,19,2,0.105263
JIRA,jira,project,2021-09_to_2021-12,2021-09,2021-12,Velocity,4,0,0.000000
JIRA,jira,project,2021-09_to_2021-12,2021-09,2021-12,Velocity Tools,2,0,0.000000
JIRA,jira,project,2021-09_to_2021-12,2021-09,2021-12,Visual Design,4,0,0.000000
JIRA,jira,project,2021-09_to_2021-12,2021-09,2021-12,Visual Studio,37,0,0.000000
JIRA,jira,project,2021-09_to_2021-12,2021-09,2021-12,WINDUP ,79,5,0.063291
JIRA,jira,project,2021-09_to_2021-12,2021-09,2021-12,WINDUPRULE ,49,2,0.040816
JIRA,jira,project,2021-09_to_2021-12,2021-09,2021-12,Web Terminal for OpenShift,5,1,0.200000
JIRA,jira,project,2021-09_to_2021-12,2021-09,2021-12,Weld,11,3,0.272727
JIRA,jira,project,2021-09_to_2021-12,2021-09,2021-12,Whimsy,1,1,1.000000
JIRA,jira,project,2021-09_to_2021-12,2021-09,2021-12,Wicket,9,5,0.555556
JIRA,jira,project,2021-09_to_2021-12,2021-09,2021-12,WildFly,491,99,0.201629
JIRA,jira,project,2021-09_to_2021-12,2021-09,2021-12,WildFly Arquillian,4,0,0.000000
JIRA,jira,project,2021-09_to_2021-12,2021-09,2021-12,WildFly Client Configuration,2,2,1.000000
JIRA,jira,project,2021-09_to_2021-12,2021-09,2021-12,WildFly Core,135,10,0.074074
JIRA,jira,project,2021-09_to_2021-12,2021-09,2021-12,WildFly EJB HTTP Client,3,1,0.333333
JIRA,jira,project,2021-09_to_2021-12,2021-09,2021-12,WildFly Elytron,40,6,0.150000
JIRA,jira,project,2021-09_to_2021-12,2021-09,2021-12,WildFly Elytron EE,2,0,0.000000
JIRA,jira,project,2021-09_to_2021-12,2021-09,2021-12,WildFly Maven Plugin,4,0,0.000000
JIRA,jira,project,2021-09_to_2021-12,2021-09,2021-12,WildFly Naming Client,1,0,0.000000
JIRA,jira,project,2021-09_to_2021-12,2021-09,2021-12,WildFly OpenSSL,7,3,0.428571
JIRA,jira,project,2021-09_to_2021-12,2021-09,2021-12,WildFly OpenSSL Natives,2,1,0.500000
JIRA,jira,project,2021-09_to_2021-12,2021-09,2021-12,WildFly WIP,5,3,0.600000
JIRA,jira,project,2021-09_to_2021-12,2021-09,2021-12,WiredTiger,535,195,0.364486
JIRA,jira,project,2021-09_to_2021-12,2021-09,2021-12,XBean,1,1,1.000000
JIRA,jira,project,2021-09_to_2021-12,2021-09,2021-12,XMLBeans,9,3,0.333333
JIRA,jira,project,2021-09_to_2021-12,2021-09,2021-12,XNIO,4,2,0.500000
JIRA,jira,project,2021-09_to_2021-12,2021-09,2021-12,XalanC,1,1,1.000000
JIRA,jira,project,2021-09_to_2021-12,2021-09,2021-12,Xerces,14,2,0.142857
JIRA,jira,project,2021-09_to_2021-12,2021-09,2021-12,Xerces2,4,2,0.500000
JIRA,jira,project,2021-09_to_2021-12,2021-09,2021-12,Yetus,12,2,0.166667
JIRA,jira,project,2021-09_to_2021-12,2021-09,2021-12,Zeppelin,57,34,0.596491
JIRA,jira,project,2021-09_to_2021-12,2021-09,2021-12,ZooKeeper,50,26,0.520000
JIRA,jira,project,2021-09_to_2021-12,2021-09,2021-12,aardvark,2,2,1.000000
JIRA,jira,project,2021-09_to_2021-12,2021-09,2021-12,cTAKES,2,1,0.500000
JIRA,jira,project,2021-09_to_2021-12,2021-09,2021-12,jBPM,48,25,0.520833
JIRA,jira,project,2021-09_to_2021-12,2021-09,2021-12,jboss.org,4,0,0.000000
JIRA,jira,project,2021-09_to_2021-12,2021-09,2021-12,jclouds,1,1,1.000000
JIRA,jira,project,2021-09_to_2021-12,2021-09,2021-12,jclouds (Retired) (Retired),2,0,0.000000
JIRA,jira,project,2021-09_to_2021-12,2021-09,2021-12,mod_cluster,6,1,0.166667
JIRA,jira,project,2021-09_to_2021-12,2021-09,2021-12,openstack,2,2,1.000000
JIRA,jira,project,2021-09_to_2021-12,2021-09,2021-12,repository.jboss.org/nexus,8,0,0.000000
JIRA,jira,project,2021-09_to_2021-12,2021-09,2021-12,www.apache.org website,1,0,0.000000
JIRA,jira,project,2022-01_to_2022-04,2022-01,2022-04,A,17,3,0.176471
JIRA,jira,project,2022-01_to_2022-04,2022-01,2022-04,AMQ Broker,249,32,0.128514
JIRA,jira,project,2022-01_to_2022-04,2022-01,2022-04,AMQ Clients,26,5,0.192308
JIRA,jira,project,2022-01_to_2022-04,2022-01,2022-04,AMQ Documentation,22,0,0.000000
JIRA,jira,project,2022-01_to_2022-04,2022-01,2022-04,AMQ Interconnect,10,2,0.200000
JIRA,jira,project,2022-01_to_2022-04,2022-01,2022-04,AMQ Streams,216,20,0.092593
JIRA,jira,project,2022-01_to_2022-04,2022-01,2022-04,ActiveMQ (Read,110,13,0.118182
JIRA,jira,project,2022-01_to_2022-04,2022-01,2022-04,ActiveMQ .Net,3,0,0.000000
JIRA,jira,project,2022-01_to_2022-04,2022-01,2022-04,ActiveMQ Apollo (Retired),5,0,0.000000
JIRA,jira,project,2022-01_to_2022-04,2022-01,2022-04,ActiveMQ C++ Client,4,1,0.250000
JIRA,jira,project,2022-01_to_2022-04,2022-01,2022-04,ActiveObjects,4,0,0.000000
JIRA,jira,project,2022-01_to_2022-04,2022-01,2022-04,Activity Streams,1,0,0.000000
JIRA,jira,project,2022-01_to_2022-04,2022-01,2022-04,Admin Experience,49,2,0.040816
JIRA,jira,project,2022-01_to_2022-04,2022-01,2022-04,AeroGear,1,0,0.000000
JIRA,jira,project,2022-01_to_2022-04,2022-01,2022-04,Agent,163,4,0.024540
JIRA,jira,project,2022-01_to_2022-04,2022-01,2022-04,Agroal,8,0,0.000000
JIRA,jira,project,2022-01_to_2022-04,2022-01,2022-04,Airavata,62,5,0.080645
JIRA,jira,project,2022-01_to_2022-04,2022-01,2022-04,Ambari,2,0,0.000000
JIRA,jira,project,2022-01_to_2022-04,2022-01,2022-04,Analytics,3,0,0.000000
JIRA,jira,project,2022-01_to_2022-04,2022-01,2022-04,Ansible Automation Platform RFEs,24,2,0.083333
JIRA,jira,project,2022-01_to_2022-04,2022-01,2022-04,Ansible Strategy,7,0,0.000000
JIRA,jira,project,2022-01_to_2022-04,2022-01,2022-04,Apache AGE,12,0,0.000000
JIRA,jira,project,2022-01_to_2022-04,2022-01,2022-04,Apache Any23 (Retired),39,3,0.076923
JIRA,jira,project,2022-01_to_2022-04,2022-01,2022-04,Apache Arrow,1191,235,0.197313
JIRA,jira,project,2022-01_to_2022-04,2022-01,2022-04,Apache AsterixDB,30,7,0.233333
JIRA,jira,project,2022-01_to_2022-04,2022-01,2022-04,Apache Avro,231,19,0.082251
JIRA,jira,project,2022-01_to_2022-04,2022-01,2022-04,Apache BlueMarlin (Retired),6,0,0.000000
JIRA,jira,project,2022-01_to_2022-04,2022-01,2022-04,Apache Cassandra,353,128,0.362606
JIRA,jira,project,2022-01_to_2022-04,2022-01,2022-04,Apache Commons All,2,0,0.000000
JIRA,jira,project,2022-01_to_2022-04,2022-01,2022-04,Apache Curator,9,2,0.222222
JIRA,jira,project,2022-01_to_2022-04,2022-01,2022-04,Apache Doris,1,0,0.000000
JIRA,jira,project,2022-01_to_2022-04,2022-01,2022-04,Apache Drill,103,22,0.213592
JIRA,jira,project,2022-01_to_2022-04,2022-01,2022-04,Apache Dubbo,24,0,0.000000
JIRA,jira,project,2022-01_to_2022-04,2022-01,2022-04,Apache Fineract,141,13,0.092199
JIRA,jira,project,2022-01_to_2022-04,2022-01,2022-04,Apache Flex,2,1,0.500000
JIRA,jira,project,2022-01_to_2022-04,2022-01,2022-04,Apache Freemarker,3,1,0.333333
JIRA,jira,project,2022-01_to_2022-04,2022-01,2022-04,Apache Gobblin,46,9,0.195652
JIRA,jira,project,2022-01_to_2022-04,2022-01,2022-04,Apache Gora (Retired),1,1,1.000000
JIRA,jira,project,2022-01_to_2022-04,2022-01,2022-04,Apache HAWQ (Retired),15,1,0.066667
JIRA,jira,project,2022-01_to_2022-04,2022-01,2022-04,Apache Helix,6,0,0.000000
JIRA,jira,project,2022-01_to_2022-04,2022-01,2022-04,Apache Hop (Retired),328,29,0.088415
JIRA,jira,project,2022-01_to_2022-04,2022-01,2022-04,Apache Hudi,856,148,0.172897
JIRA,jira,project,2022-01_to_2022-04,2022-01,2022-04,Apache IoTDB,813,96,0.118081
JIRA,jira,project,2022-01_to_2022-04,2022-01,2022-04,Apache Jena,87,13,0.149425
JIRA,jira,project,2022-01_to_2022-04,2022-01,2022-04,Apache Knox,42,5,0.119048
JIRA,jira,project,2022-01_to_2022-04,2022-01,2022-04,Apache Liminal (Retired),10,0,0.000000
JIRA,jira,project,2022-01_to_2022-04,2022-01,2022-04,Apache MADlib,5,0,0.000000
JIRA,jira,project,2022-01_to_2022-04,2022-01,2022-04,Apache Maven Resource Bundles (Moved to GitHub Issues),2,0,0.000000
JIRA,jira,project,2022-01_to_2022-04,2022-01,2022-04,Apache Nemo (Retired),2,0,0.000000
JIRA,jira,project,2022-01_to_2022-04,2022-01,2022-04,Apache NetBeans Infra,4,2,0.500000
JIRA,jira,project,2022-01_to_2022-04,2022-01,2022-04,Apache NiFi,455,80,0.175824
JIRA,jira,project,2022-01_to_2022-04,2022-01,2022-04,Apache NiFi MiNiFi C++,113,13,0.115044
JIRA,jira,project,2022-01_to_2022-04,2022-01,2022-04,Apache Ozone,531,99,0.186441
JIRA,jira,project,2022-01_to_2022-04,2022-01,2022-04,Apache PLC4X,10,6,0.600000
JIRA,jira,project,2022-01_to_2022-04,2022-01,2022-04,Apache RAT,5,2,0.400000
JIRA,jira,project,2022-01_to_2022-04,2022-01,2022-04,Apache S4 (Retired),7,0,0.000000
JIRA,jira,project,2022-01_to_2022-04,2022-01,2022-04,Apache Science Data Analytics Platform,22,0,0.000000
JIRA,jira,project,2022-01_to_2022-04,2022-01,2022-04,Apache Sedona,45,3,0.066667
JIRA,jira,project,2022-01_to_2022-04,2022-01,2022-04,Apache ServiceComb,107,0,0.000000
JIRA,jira,project,2022-01_to_2022-04,2022-01,2022-04,Apache Storm,48,9,0.187500
JIRA,jira,project,2022-01_to_2022-04,2022-01,2022-04,Apache Submarine,97,4,0.041237
JIRA,jira,project,2022-01_to_2022-04,2022-01,2022-04,Apache Tez,46,13,0.282609
JIRA,jira,project,2022-01_to_2022-04,2022-01,2022-04,Apache Tomcat Maven Plugin,2,0,0.000000
JIRA,jira,project,2022-01_to_2022-04,2022-01,2022-04,Apache Unomi,25,1,0.040000
JIRA,jira,project,2022-01_to_2022-04,2022-01,2022-04,Apache Wayang,1,0,0.000000
JIRA,jira,project,2022-01_to_2022-04,2022-01,2022-04,Apache YuniKorn,206,19,0.092233
JIRA,jira,project,2022-01_to_2022-04,2022-01,2022-04,AppFormer,7,2,0.285714
JIRA,jira,project,2022-01_to_2022-04,2022-01,2022-04,Application Links,2,0,0.000000
JIRA,jira,project,2022-01_to_2022-04,2022-01,2022-04,Archiva (Retired),15,6,0.400000
JIRA,jira,project,2022-01_to_2022-04,2022-01,2022-04,Aries,13,5,0.384615
JIRA,jira,project,2022-01_to_2022-04,2022-01,2022-04,Arquillian,1,1,1.000000
JIRA,jira,project,2022-01_to_2022-04,2022-01,2022-04,Artemis,171,31,0.181287
JIRA,jira,project,2022-01_to_2022-04,2022-01,2022-04,Artifactory Binary Repository,1,1,1.000000
JIRA,jira,project,2022-01_to_2022-04,2022-01,2022-04,Atlas,78,25,0.320513
JIRA,jira,project,2022-01_to_2022-04,2022-01,2022-04,Atlas SQL,1,1,1.000000
JIRA,jira,project,2022-01_to_2022-04,2022-01,2022-04,Atlassian Cloud,37,6,0.162162
JIRA,jira,project,2022-01_to_2022-04,2022-01,2022-04,Atlassian Connect,2,0,0.000000
JIRA,jira,project,2022-01_to_2022-04,2022-01,2022-04,Atlassian Connect JavaScript API,2,0,0.000000
JIRA,jira,project,2022-01_to_2022-04,2022-01,2022-04,Atlassian Connect Spring Boot,9,3,0.333333
JIRA,jira,project,2022-01_to_2022-04,2022-01,2022-04,Atlassian Connect in Jira Cloud,43,4,0.093023
JIRA,jira,project,2022-01_to_2022-04,2022-01,2022-04,Atlassian Ecosystem,4,1,0.250000
JIRA,jira,project,2022-01_to_2022-04,2022-01,2022-04,Atlassian Guard,47,7,0.148936
JIRA,jira,project,2022-01_to_2022-04,2022-01,2022-04,Atlassian Intelligence,17,1,0.058824
JIRA,jira,project,2022-01_to_2022-04,2022-01,2022-04,Atlassian Internationalization,62,0,0.000000
JIRA,jira,project,2022-01_to_2022-04,2022-01,2022-04,Atlassian Marketplace,10,0,0.000000
JIRA,jira,project,2022-01_to_2022-04,2022-01,2022-04,Atlassian Maven Plugin Suite,6,3,0.500000
JIRA,jira,project,2022-01_to_2022-04,2022-01,2022-04,Atlassian OAuth 2.0,1,0,0.000000
JIRA,jira,project,2022-01_to_2022-04,2022-01,2022-04,Atlassian Plugin SDK,1,0,0.000000
JIRA,jira,project,2022-01_to_2022-04,2022-01,2022-04,Atlassian Plugins,1,0,0.000000
JIRA,jira,project,2022-01_to_2022-04,2022-01,2022-04,Atlassian Plugins Webresources,6,1,0.166667
JIRA,jira,project,2022-01_to_2022-04,2022-01,2022-04,Atlassian Product Integrations,31,4,0.129032
JIRA,jira,project,2022-01_to_2022-04,2022-01,2022-04,Atlassian Soy Templates,2,1,0.500000
JIRA,jira,project,2022-01_to_2022-04,2022-01,2022-04,Atlassian Troubleshooting & Support Tools Plugin,10,6,0.600000
JIRA,jira,project,2022-01_to_2022-04,2022-01,2022-04,Atlassian User Interface,7,0,0.000000
JIRA,jira,project,2022-01_to_2022-04,2022-01,2022-04,Attic,3,0,0.000000
JIRA,jira,project,2022-01_to_2022-04,2022-01,2022-04,Automation for Cloud,57,2,0.035088
JIRA,jira,project,2022-01_to_2022-04,2022-01,2022-04,Automation for Jira Server,40,3,0.075000
JIRA,jira,project,2022-01_to_2022-04,2022-01,2022-04,Axiom,3,1,0.333333
JIRA,jira,project,2022-01_to_2022-04,2022-01,2022-04,Axis,3,1,0.333333
JIRA,jira,project,2022-01_to_2022-04,2022-01,2022-04,Axis2,14,6,0.428571
JIRA,jira,project,2022-01_to_2022-04,2022-01,2022-04,BVal,4,0,0.000000
JIRA,jira,project,2022-01_to_2022-04,2022-01,2022-04,Bahir (Retired),7,2,0.285714
JIRA,jira,project,2022-01_to_2022-04,2022-01,2022-04,Bamboo Data Center,128,29,0.226562
JIRA,jira,project,2022-01_to_2022-04,2022-01,2022-04,BatchEE,4,0,0.000000
JIRA,jira,project,2022-01_to_2022-04,2022-01,2022-04,Batik,6,0,0.000000
JIRA,jira,project,2022-01_to_2022-04,2022-01,2022-04,Beam,798,145,0.181704
JIRA,jira,project,2022-01_to_2022-04,2022-01,2022-04,Bigtop,52,21,0.403846
JIRA,jira,project,2022-01_to_2022-04,2022-01,2022-04,Bitbucket Cloud,305,12,0.039344
JIRA,jira,project,2022-01_to_2022-04,2022-01,2022-04,Bitbucket Data Center,170,11,0.064706
JIRA,jira,project,2022-01_to_2022-04,2022-01,2022-04,BxMS Documentation,114,1,0.008772
JIRA,jira,project,2022-01_to_2022-04,2022-01,2022-04,Byteman,3,0,0.000000
JIRA,jira,project,2022-01_to_2022-04,2022-01,2022-04,C Driver,97,27,0.278351
JIRA,jira,project,2022-01_to_2022-04,2022-01,2022-04,C# Driver,141,25,0.177305
JIRA,jira,project,2022-01_to_2022-04,2022-01,2022-04,C++ Driver,68,4,0.058824
JIRA,jira,project,2022-01_to_2022-04,2022-01,2022-04,CXF,63,19,0.301587
JIRA,jira,project,2022-01_to_2022-04,2022-01,2022-04,CXF XJC Utils,3,2,0.666667
JIRA,jira,project,2022-01_to_2022-04,2022-01,2022-04,Calcite,155,47,0.303226
JIRA,jira,project,2022-01_to_2022-04,2022-01,2022-04,Camel,635,101,0.159055
JIRA,jira,project,2022-01_to_2022-04,2022-01,2022-04,CarbonData,12,2,0.166667
JIRA,jira,project,2022-01_to_2022-04,2022-01,2022-04,Causeway,98,16,0.163265
JIRA,jira,project,2022-01_to_2022-04,2022-01,2022-04,Cayenne,9,3,0.333333
JIRA,jira,project,2022-01_to_2022-04,2022-01,2022-04,CentOS Stream Pipeline,94,15,0.159574
JIRA,jira,project,2022-01_to_2022-04,2022-01,2022-04,Cert Manager support for Red Hat OpenShift,15,0,0.000000
JIRA,jira,project,2022-01_to_2022-04,2022-01,2022-04,Certification Partner Experience Public,22,0,0.000000
JIRA,jira,project,2022-01_to_2022-04,2022-01,2022-04,Chemistry (Retired),1,0,0.000000
JIRA,jira,project,2022-01_to_2022-04,2022-01,2022-04,Clair,4,0,0.000000
JIRA,jira,project,2022-01_to_2022-04,2022-01,2022-04,Cloud Enablement,32,2,0.062500
JIRA,jira,project,2022-01_to_2022-04,2022-01,2022-04,Cloud Infrastructure Security & Compliance,107,2,0.018692
JIRA,jira,project,2022-01_to_2022-04,2022-01,2022-04,Cloud Native Runtimes (CNR) Documentation,11,1,0.090909
JIRA,jira,project,2022-01_to_2022-04,2022-01,2022-04,CloudStack,12,1,0.083333
JIRA,jira,project,2022-01_to_2022-04,2022-01,2022-04,Cockpit,2,0,0.000000
JIRA,jira,project,2022-01_to_2022-04,2022-01,2022-04,Cocoon (Retired),1,0,0.000000
JIRA,jira,project,2022-01_to_2022-04,2022-01,2022-04,Coin,54,5,0.092593
JIRA,jira,project,2022-01_to_2022-04,2022-01,2022-04,Comdev GSOC,33,0,0.000000
JIRA,jira,project,2022-01_to_2022-04,2022-01,2022-04,Commerce,1,0,0.000000
JIRA,jira,project,2022-01_to_2022-04,2022-01,2022-04,Commons BCEL,2,0,0.000000
JIRA,jira,project,2022-01_to_2022-04,2022-01,2022-04,Commons BeanUtils,2,0,0.000000
JIRA,jira,project,2022-01_to_2022-04,2022-01,2022-04,Commons CLI,2,0,0.000000
JIRA,jira,project,2022-01_to_2022-04,2022-01,2022-04,Commons CSV,1,0,0.000000
JIRA,jira,project,2022-01_to_2022-04,2022-01,2022-04,Commons Codec,1,0,0.000000
JIRA,jira,project,2022-01_to_2022-04,2022-01,2022-04,Commons Collections,10,2,0.200000
JIRA,jira,project,2022-01_to_2022-04,2022-01,2022-04,Commons Compress,17,5,0.294118
JIRA,jira,project,2022-01_to_2022-04,2022-01,2022-04,Commons Configuration,2,0,0.000000
JIRA,jira,project,2022-01_to_2022-04,2022-01,2022-04,Commons DBCP,3,1,0.333333
JIRA,jira,project,2022-01_to_2022-04,2022-01,2022-04,Commons Daemon,6,2,0.333333
JIRA,jira,project,2022-01_to_2022-04,2022-01,2022-04,Commons FileUpload,1,0,0.000000
JIRA,jira,project,2022-01_to_2022-04,2022-01,2022-04,Commons Geometry,5,0,0.000000
JIRA,jira,project,2022-01_to_2022-04,2022-01,2022-04,Commons IO,9,4,0.444444
JIRA,jira,project,2022-01_to_2022-04,2022-01,2022-04,Commons Imaging,11,0,0.000000
JIRA,jira,project,2022-01_to_2022-04,2022-01,2022-04,Commons JCS,3,2,0.666667
JIRA,jira,project,2022-01_to_2022-04,2022-01,2022-04,Commons JEXL,13,1,0.076923
JIRA,jira,project,2022-01_to_2022-04,2022-01,2022-04,Commons JXPath,1,0,0.000000
JIRA,jira,project,2022-01_to_2022-04,2022-01,2022-04,Commons Lang,6,3,0.500000
JIRA,jira,project,2022-01_to_2022-04,2022-01,2022-04,Commons Logging,2,0,0.000000
JIRA,jira,project,2022-01_to_2022-04,2022-01,2022-04,Commons Math,7,2,0.285714
JIRA,jira,project,2022-01_to_2022-04,2022-01,2022-04,Commons Net,4,1,0.250000
JIRA,jira,project,2022-01_to_2022-04,2022-01,2022-04,Commons Numbers,5,0,0.000000
JIRA,jira,project,2022-01_to_2022-04,2022-01,2022-04,Commons Pool,2,2,1.000000
JIRA,jira,project,2022-01_to_2022-04,2022-01,2022-04,Commons RNG,10,0,0.000000
JIRA,jira,project,2022-01_to_2022-04,2022-01,2022-04,Commons Statistics,2,0,0.000000
JIRA,jira,project,2022-01_to_2022-04,2022-01,2022-04,Commons Text,2,0,0.000000
JIRA,jira,project,2022-01_to_2022-04,2022-01,2022-04,Commons VFS,5,2,0.400000
JIRA,jira,project,2022-01_to_2022-04,2022-01,2022-04,Commons Validator,1,0,0.000000
JIRA,jira,project,2022-01_to_2022-04,2022-01,2022-04,Community Development,8,1,0.125000
JIRA,jira,project,2022-01_to_2022-04,2022-01,2022-04,Community Support ,1,1,1.000000
JIRA,jira,project,2022-01_to_2022-04,2022-01,2022-04,Compass,290,6,0.020690
JIRA,jira,project,2022-01_to_2022-04,2022-01,2022-04,Confluence Cloud,461,43,0.093275
JIRA,jira,project,2022-01_to_2022-04,2022-01,2022-04,Confluence Copy Space Plugin,2,0,0.000000
JIRA,jira,project,2022-01_to_2022-04,2022-01,2022-04,Confluence Data Center,357,33,0.092437
JIRA,jira,project,2022-01_to_2022-04,2022-01,2022-04,Container Tools,92,5,0.054348
JIRA,jira,project,2022-01_to_2022-04,2022-01,2022-04,Content Gateway,21,1,0.047619
JIRA,jira,project,2022-01_to_2022-04,2022-01,2022-04,Continuous Productization DevOps,1,1,1.000000
JIRA,jira,project,2022-01_to_2022-04,2022-01,2022-04,Contrib: Big Blue Button,3,0,0.000000
JIRA,jira,project,2022-01_to_2022-04,2022-01,2022-04,Contrib: BlogWow,1,1,1.000000
JIRA,jira,project,2022-01_to_2022-04,2022-01,2022-04,Core Server,3686,499,0.135377
JIRA,jira,project,2022-01_to_2022-04,2022-01,2022-04,CoreOS OCP,38,3,0.078947
JIRA,jira,project,2022-01_to_2022-04,2022-01,2022-04,Cost Management,18,1,0.055556
JIRA,jira,project,2022-01_to_2022-04,2022-01,2022-04,Crowd Data Center,24,6,0.250000
JIRA,jira,project,2022-01_to_2022-04,2022-01,2022-04,Crucible,11,2,0.181818
JIRA,jira,project,2022-01_to_2022-04,2022-01,2022-04,DAOS,1,1,1.000000
JIRA,jira,project,2022-01_to_2022-04,2022-01,2022-04,Daffodil,74,26,0.351351
JIRA,jira,project,2022-01_to_2022-04,2022-01,2022-04,Data Foundation Bugs,1,1,1.000000
JIRA,jira,project,2022-01_to_2022-04,2022-01,2022-04,DataFu,1,0,0.000000
JIRA,jira,project,2022-01_to_2022-04,2022-01,2022-04,Database as a Service,214,11,0.051402
JIRA,jira,project,2022-01_to_2022-04,2022-01,2022-04,Debezium,514,172,0.334630
JIRA,jira,project,2022-01_to_2022-04,2022-01,2022-04,Derby (Retired),7,2,0.285714
JIRA,jira,project,2022-01_to_2022-04,2022-01,2022-04,Dev ,1,1,1.000000
JIRA,jira,project,2022-01_to_2022-04,2022-01,2022-04,Directory ApacheDS,9,4,0.444444
JIRA,jira,project,2022-01_to_2022-04,2022-01,2022-04,Directory Client API,2,1,0.500000
JIRA,jira,project,2022-01_to_2022-04,2022-01,2022-04,Directory Kerberos,2,1,0.500000
JIRA,jira,project,2022-01_to_2022-04,2022-01,2022-04,Directory Studio,4,1,0.250000
JIRA,jira,project,2022-01_to_2022-04,2022-01,2022-04,Distributed Tracing,124,4,0.032258
JIRA,jira,project,2022-01_to_2022-04,2022-01,2022-04,Docs for Red Hat Developers,308,7,0.022727
JIRA,jira,project,2022-01_to_2022-04,2022-01,2022-04,Drivers,88,10,0.113636
JIRA,jira,project,2022-01_to_2022-04,2022-01,2022-04,Drools,165,33,0.200000
JIRA,jira,project,2022-01_to_2022-04,2022-01,2022-04,EAP Documentation,18,0,0.000000
JIRA,jira,project,2022-01_to_2022-04,2022-01,2022-04,EJB Client Library (AS7+),3,0,0.000000
JIRA,jira,project,2022-01_to_2022-04,2022-01,2022-04,ENTSBT,7,3,0.428571
JIRA,jira,project,2022-01_to_2022-04,2022-01,2022-04,Elytron Web,4,0,0.000000
JIRA,jira,project,2022-01_to_2022-04,2022-01,2022-04,Empire,27,0,0.000000
JIRA,jira,project,2022-01_to_2022-04,2022-01,2022-04,FOP,22,6,0.272727
JIRA,jira,project,2022-01_to_2022-04,2022-01,2022-04,FORTRESS,7,1,0.142857
JIRA,jira,project,2022-01_to_2022-04,2022-01,2022-04,Fast Datapath Product,1,1,1.000000
JIRA,jira,project,2022-01_to_2022-04,2022-01,2022-04,Fedora,80,30,0.375000
JIRA,jira,project,2022-01_to_2022-04,2022-01,2022-04,Felix,29,6,0.206897
JIRA,jira,project,2022-01_to_2022-04,2022-01,2022-04,Fidelis AI,64,1,0.015625
JIRA,jira,project,2022-01_to_2022-04,2022-01,2022-04,FishEye,20,0,0.000000
JIRA,jira,project,2022-01_to_2022-04,2022-01,2022-04,Flink,1961,438,0.223355
JIRA,jira,project,2022-01_to_2022-04,2022-01,2022-04,Flume,27,1,0.037037
JIRA,jira,project,2022-01_to_2022-04,2022-01,2022-04,Forge,126,20,0.158730
JIRA,jira,project,2022-01_to_2022-04,2022-01,2022-04,FtpServer,9,3,0.333333
JIRA,jira,project,2022-01_to_2022-04,2022-01,2022-04,Fuse Tooling,57,4,0.070175
JIRA,jira,project,2022-01_to_2022-04,2022-01,2022-04,Fuse/AMQ Documentation,43,1,0.023256
JIRA,jira,project,2022-01_to_2022-04,2022-01,2022-04,Geode,360,119,0.330556
JIRA,jira,project,2022-01_to_2022-04,2022-01,2022-04,Giraph (Retired),2,0,0.000000
JIRA,jira,project,2022-01_to_2022-04,2022-01,2022-04,Go Driver,127,6,0.047244
JIRA,jira,project,2022-01_to_2022-04,2022-01,2022-04,Griffin (Retired),4,0,0.000000
JIRA,jira,project,2022-01_to_2022-04,2022-01,2022-04,Groovy,178,68,0.382022
JIRA,jira,project,2022-01_to_2022-04,2022-01,2022-04,Guacamole,110,30,0.272727
JIRA,jira,project,2022-01_to_2022-04,2022-01,2022-04,HAL,23,4,0.173913
JIRA,jira,project,2022-01_to_2022-04,2022-01,2022-04,HBase,352,113,0.321023
JIRA,jira,project,2022-01_to_2022-04,2022-01,2022-04,Hadoop Common,158,57,0.360759
JIRA,jira,project,2022-01_to_2022-04,2022-01,2022-04,Hadoop HDFS,160,41,0.256250
JIRA,jira,project,2022-01_to_2022-04,2022-01,2022-04,Hadoop Map/Reduce,5,2,0.400000
JIRA,jira,project,2022-01_to_2022-04,2022-01,2022-04,Hadoop YARN,64,18,0.281250
JIRA,jira,project,2022-01_to_2022-04,2022-01,2022-04,Hive,355,81,0.228169
JIRA,jira,project,2022-01_to_2022-04,2022-01,2022-04,House Of Reps,1,1,1.000000
JIRA,jira,project,2022-01_to_2022-04,2022-01,2022-04,HttpComponents HttpAsyncClient,1,0,0.000000
JIRA,jira,project,2022-01_to_2022-04,2022-01,2022-04,HttpComponents HttpClient,17,7,0.411765
JIRA,jira,project,2022-01_to_2022-04,2022-01,2022-04,HttpComponents HttpCore,3,2,0.666667
JIRA,jira,project,2022-01_to_2022-04,2022-01,2022-04,Hybrid Cloud Console,533,14,0.026266
JIRA,jira,project,2022-01_to_2022-04,2022-01,2022-04,Hybrid Cloud Infrastructure Documentation,4,0,0.000000
JIRA,jira,project,2022-01_to_2022-04,2022-01,2022-04,IMPALA,211,93,0.440758
JIRA,jira,project,2022-01_to_2022-04,2022-01,2022-04,Identity,25,2,0.080000
JIRA,jira,project,2022-01_to_2022-04,2022-01,2022-04,Ignite,681,129,0.189427
JIRA,jira,project,2022-01_to_2022-04,2022-01,2022-04,Incubator,1,0,0.000000
JIRA,jira,project,2022-01_to_2022-04,2022-01,2022-04,Infinispan,1,1,1.000000
JIRA,jira,project,2022-01_to_2022-04,2022-01,2022-04,Infrastructure,1,1,1.000000
JIRA,jira,project,2022-01_to_2022-04,2022-01,2022-04,Insights Experiences,2,0,0.000000
JIRA,jira,project,2022-01_to_2022-04,2022-01,2022-04,Insights Rule Analysis Tool,7,3,0.428571
JIRA,jira,project,2022-01_to_2022-04,2022-01,2022-04,IronJacamar,5,0,0.000000
JIRA,jira,project,2022-01_to_2022-04,2022-01,2022-04,Ivy,3,1,0.333333
JIRA,jira,project,2022-01_to_2022-04,2022-01,2022-04,JBeret,15,5,0.333333
JIRA,jira,project,2022-01_to_2022-04,2022-01,2022-04,JBoss A,1,0,0.000000
JIRA,jira,project,2022-01_to_2022-04,2022-01,2022-04,JBoss Core Services,34,2,0.058824
JIRA,jira,project,2022-01_to_2022-04,2022-01,2022-04,JBoss Developer Materials,2,1,0.500000
JIRA,jira,project,2022-01_to_2022-04,2022-01,2022-04,JBoss Enterprise Application Platform,321,59,0.183801
JIRA,jira,project,2022-01_to_2022-04,2022-01,2022-04,JBoss Log Manager,14,1,0.071429
JIRA,jira,project,2022-01_to_2022-04,2022-01,2022-04,JBoss Logging,5,1,0.200000
JIRA,jira,project,2022-01_to_2022-04,2022-01,2022-04,JBoss Marshalling,1,0,0.000000
JIRA,jira,project,2022-01_to_2022-04,2022-01,2022-04,JBoss Metadata,5,0,0.000000
JIRA,jira,project,2022-01_to_2022-04,2022-01,2022-04,JBoss Remoting (3+),5,0,0.000000
JIRA,jira,project,2022-01_to_2022-04,2022-01,2022-04,JBoss Server Migration Tool,2,0,0.000000
JIRA,jira,project,2022-01_to_2022-04,2022-01,2022-04,JBoss Transaction Manager,27,7,0.259259
JIRA,jira,project,2022-01_to_2022-04,2022-01,2022-04,JBoss Web Server,35,1,0.028571
JIRA,jira,project,2022-01_to_2022-04,2022-01,2022-04,JBoss Web Services,31,10,0.322581
JIRA,jira,project,2022-01_to_2022-04,2022-01,2022-04,JDO,7,2,0.285714
JIRA,jira,project,2022-01_to_2022-04,2022-01,2022-04,JGroups,17,4,0.235294
JIRA,jira,project,2022-01_to_2022-04,2022-01,2022-04,JIRA Toolkit Plugin,2,0,0.000000
JIRA,jira,project,2022-01_to_2022-04,2022-01,2022-04,JSPWiki,3,2,0.666667
JIRA,jira,project,2022-01_to_2022-04,2022-01,2022-04,Jackrabbit Content Repository,32,4,0.125000
JIRA,jira,project,2022-01_to_2022-04,2022-01,2022-04,Jackrabbit FileVault,46,6,0.130435
JIRA,jira,project,2022-01_to_2022-04,2022-01,2022-04,Jackrabbit OCM,1,0,0.000000
JIRA,jira,project,2022-01_to_2022-04,2022-01,2022-04,Jackrabbit Oak,104,23,0.221154
JIRA,jira,project,2022-01_to_2022-04,2022-01,2022-04,Jackrabbit Site,1,0,0.000000
JIRA,jira,project,2022-01_to_2022-04,2022-01,2022-04,James Mailet,1,0,0.000000
JIRA,jira,project,2022-01_to_2022-04,2022-01,2022-04,James Mime4j,1,0,0.000000
JIRA,jira,project,2022-01_to_2022-04,2022-01,2022-04,James Server,70,13,0.185714
JIRA,jira,project,2022-01_to_2022-04,2022-01,2022-04,Java Driver,149,26,0.174497
JIRA,jira,project,2022-01_to_2022-04,2022-01,2022-04,Jetspeed (Retired),1,0,0.000000
JIRA,jira,project,2022-01_to_2022-04,2022-01,2022-04,Jira Admin Support,2,0,0.000000
JIRA,jira,project,2022-01_to_2022-04,2022-01,2022-04,Jira Align,230,21,0.091304
JIRA,jira,project,2022-01_to_2022-04,2022-01,2022-04,Jira Cloud,65,6,0.092308
JIRA,jira,project,2022-01_to_2022-04,2022-01,2022-04,Jira Data Center,504,62,0.123016
JIRA,jira,project,2022-01_to_2022-04,2022-01,2022-04,Jira Performance Testing Tools,14,5,0.357143
JIRA,jira,project,2022-01_to_2022-04,2022-01,2022-04,Jira Platform Cloud,1018,51,0.050098
JIRA,jira,project,2022-01_to_2022-04,2022-01,2022-04,Jira Service Management Cloud,476,27,0.056723
JIRA,jira,project,2022-01_to_2022-04,2022-01,2022-04,Jira Service Management Data Center,298,35,0.117450
JIRA,jira,project,2022-01_to_2022-04,2022-01,2022-04,Jira Software Data Center,147,17,0.115646
JIRA,jira,project,2022-01_to_2022-04,2022-01,2022-04,Jira Work Management Cloud,76,1,0.013158
JIRA,jira,project,2022-01_to_2022-04,2022-01,2022-04,Johnzon,13,3,0.230769
JIRA,jira,project,2022-01_to_2022-04,2022-01,2022-04,KIE Cloud,19,0,0.000000
JIRA,jira,project,2022-01_to_2022-04,2022-01,2022-04,Kafka,290,78,0.268966
JIRA,jira,project,2022-01_to_2022-04,2022-01,2022-04,Kafka Connector,38,7,0.184211
JIRA,jira,project,2022-01_to_2022-04,2022-01,2022-04,Karaf,108,21,0.194444
JIRA,jira,project,2022-01_to_2022-04,2022-01,2022-04,Knative Serving,53,9,0.169811
JIRA,jira,project,2022-01_to_2022-04,2022-01,2022-04,Kogito,582,54,0.092784
JIRA,jira,project,2022-01_to_2022-04,2022-01,2022-04,Konveyor Tackle,188,13,0.069149
JIRA,jira,project,2022-01_to_2022-04,2022-01,2022-04,Kudu,18,8,0.444444
JIRA,jira,project,2022-01_to_2022-04,2022-01,2022-04,Kylin,35,9,0.257143
JIRA,jira,project,2022-01_to_2022-04,2022-01,2022-04,Legal Discuss,19,0,0.000000
JIRA,jira,project,2022-01_to_2022-04,2022-01,2022-04,Libmongocrypt,33,7,0.212121
JIRA,jira,project,2022-01_to_2022-04,2022-01,2022-04,Livy,7,2,0.285714
JIRA,jira,project,2022-01_to_2022-04,2022-01,2022-04,Log4cxx,6,2,0.333333
JIRA,jira,project,2022-01_to_2022-04,2022-01,2022-04,Log4j 2,183,55,0.300546
JIRA,jira,project,2022-01_to_2022-04,2022-01,2022-04,Log4net,5,3,0.600000
JIRA,jira,project,2022-01_to_2022-04,2022-01,2022-04,Lucene ,205,39,0.190244
JIRA,jira,project,2022-01_to_2022-04,2022-01,2022-04,MINA,10,4,0.400000
JIRA,jira,project,2022-01_to_2022-04,2022-01,2022-04,MINA SSHD,30,13,0.433333
JIRA,jira,project,2022-01_to_2022-04,2022-01,2022-04,Machine Config Operator,92,0,0.000000
JIRA,jira,project,2022-01_to_2022-04,2022-01,2022-04,Mahout,5,0,0.000000
JIRA,jira,project,2022-01_to_2022-04,2022-01,2022-04,Managed Service ,471,19,0.040340
JIRA,jira,project,2022-01_to_2022-04,2022-01,2022-04,Managed Services ,34,1,0.029412
JIRA,jira,project,2022-01_to_2022-04,2022-01,2022-04,ManifoldCF,19,6,0.315789
JIRA,jira,project,2022-01_to_2022-04,2022-01,2022-04,MariaDB ColumnStore,92,40,0.434783
JIRA,jira,project,2022-01_to_2022-04,2022-01,2022-04,MariaDB Connector/C,12,3,0.250000
JIRA,jira,project,2022-01_to_2022-04,2022-01,2022-04,MariaDB Connector/C++,7,2,0.285714
JIRA,jira,project,2022-01_to_2022-04,2022-01,2022-04,MariaDB Connector/J,53,21,0.396226
JIRA,jira,project,2022-01_to_2022-04,2022-01,2022-04,MariaDB Connector/ODBC,11,2,0.181818
JIRA,jira,project,2022-01_to_2022-04,2022-01,2022-04,MariaDB Connector/Python,11,3,0.272727
JIRA,jira,project,2022-01_to_2022-04,2022-01,2022-04,MariaDB Connector/R2DBC,21,0,0.000000
JIRA,jira,project,2022-01_to_2022-04,2022-01,2022-04,MariaDB Connector/node.js,10,3,0.300000
JIRA,jira,project,2022-01_to_2022-04,2022-01,2022-04,MariaDB Foundation Development,97,22,0.226804
JIRA,jira,project,2022-01_to_2022-04,2022-01,2022-04,MariaDB MaxScale,185,39,0.210811
JIRA,jira,project,2022-01_to_2022-04,2022-01,2022-04,MariaDB Server,1016,571,0.562008
JIRA,jira,project,2022-01_to_2022-04,2022-01,2022-04,Maven (Moved to GitHub Issues),83,26,0.313253
JIRA,jira,project,2022-01_to_2022-04,2022-01,2022-04,Maven Antrun Plugin (Moved to GitHub Issues),2,0,0.000000
JIRA,jira,project,2022-01_to_2022-04,2022-01,2022-04,Maven Archetype (Moved to GitHub Issues),4,1,0.250000
JIRA,jira,project,2022-01_to_2022-04,2022-01,2022-04,Maven Archetype Bundles (Moved to GitHub Issues),2,1,0.500000
JIRA,jira,project,2022-01_to_2022-04,2022-01,2022-04,Maven Artifact Plugin (Moved to GitHub Issues),2,0,0.000000
JIRA,jira,project,2022-01_to_2022-04,2022-01,2022-04,Maven Build Cache Extension (Moved to GitHub Issues),3,2,0.666667
JIRA,jira,project,2022-01_to_2022-04,2022-01,2022-04,Maven Checkstyle Plugin (Moved to GitHub Issues),2,0,0.000000
JIRA,jira,project,2022-01_to_2022-04,2022-01,2022-04,Maven Clean Plugin (Moved to GitHub Issues),7,0,0.000000
JIRA,jira,project,2022-01_to_2022-04,2022-01,2022-04,Maven Compiler Plugin (Moved to GitHub Issues),17,8,0.470588
JIRA,jira,project,2022-01_to_2022-04,2022-01,2022-04,Maven Dependency Plugin (Moved to GitHub Issues),23,7,0.304348
JIRA,jira,project,2022-01_to_2022-04,2022-01,2022-04,Maven Deploy Plugin (Moved to GitHub Issues),1,1,1.000000
JIRA,jira,project,2022-01_to_2022-04,2022-01,2022-04,Maven Doxia (Moved to GitHub Issues),11,1,0.090909
JIRA,jira,project,2022-01_to_2022-04,2022-01,2022-04,Maven Doxia Sitetools (Moved to GitHub Issues),14,0,0.000000
JIRA,jira,project,2022-01_to_2022-04,2022-01,2022-04,Maven Doxia Tools (Moved to GitHub Issues),1,0,0.000000
JIRA,jira,project,2022-01_to_2022-04,2022-01,2022-04,Maven EAR Plugin (Moved to GitHub Issues),2,0,0.000000
JIRA,jira,project,2022-01_to_2022-04,2022-01,2022-04,Maven EJB Plugin (Moved to GitHub Issues),1,0,0.000000
JIRA,jira,project,2022-01_to_2022-04,2022-01,2022-04,Maven Enforcer Plugin (Moved to GitHub Issues),6,5,0.833333
JIRA,jira,project,2022-01_to_2022-04,2022-01,2022-04,Maven Help Plugin (Moved to GitHub Issues),2,0,0.000000
JIRA,jira,project,2022-01_to_2022-04,2022-01,2022-04,Maven Indexer (Moved to GitHub Issues),22,1,0.045455
JIRA,jira,project,2022-01_to_2022-04,2022-01,2022-04,Maven Install Plugin (Moved to GitHub Issues),3,0,0.000000
JIRA,jira,project,2022-01_to_2022-04,2022-01,2022-04,Maven Invoker Plugin (Moved to GitHub Issues),6,1,0.166667
JIRA,jira,project,2022-01_to_2022-04,2022-01,2022-04,Maven JAR Plugin (Moved to GitHub Issues),6,0,0.000000
JIRA,jira,project,2022-01_to_2022-04,2022-01,2022-04,Maven JLink Plugin (Moved to GitHub Issues),1,0,0.000000
JIRA,jira,project,2022-01_to_2022-04,2022-01,2022-04,Maven JXR (Moved to GitHub Issues),6,1,0.166667
JIRA,jira,project,2022-01_to_2022-04,2022-01,2022-04,Maven Javadoc Plugin (Moved to GitHub Issues),11,3,0.272727
JIRA,jira,project,2022-01_to_2022-04,2022-01,2022-04,Maven PDF Plugin (RETIRED),4,0,0.000000
JIRA,jira,project,2022-01_to_2022-04,2022-01,2022-04,Maven PMD Plugin (Moved to GitHub Issues),7,1,0.142857
JIRA,jira,project,2022-01_to_2022-04,2022-01,2022-04,Maven POMs (Moved to GitHub issues),33,0,0.000000
JIRA,jira,project,2022-01_to_2022-04,2022-01,2022-04,Maven Plugin Testing  (Moved to GitHub Issues),2,0,0.000000
JIRA,jira,project,2022-01_to_2022-04,2022-01,2022-04,Maven Plugin Tools (Moved to GitHub Issues),10,2,0.200000
JIRA,jira,project,2022-01_to_2022-04,2022-01,2022-04,Maven Project Info Reports Plugin (Moved to GitHub Issues),13,2,0.153846
JIRA,jira,project,2022-01_to_2022-04,2022-01,2022-04,Maven Project Web Site (Moved to GitHub Issues),11,1,0.090909
JIRA,jira,project,2022-01_to_2022-04,2022-01,2022-04,Maven Release Plugin (Moved to GitHub Issues),13,1,0.076923
JIRA,jira,project,2022-01_to_2022-04,2022-01,2022-04,Maven Resolver (Moved to GitHub Issues),22,2,0.090909
JIRA,jira,project,2022-01_to_2022-04,2022-01,2022-04,Maven Resources Plugin (Moved to GitHub Issues),6,0,0.000000
JIRA,jira,project,2022-01_to_2022-04,2022-01,2022-04,Maven SCM (Moved to GitHub Issues),4,0,0.000000
JIRA,jira,project,2022-01_to_2022-04,2022-01,2022-04,Maven SCM Publish Plugin (Moved to GitHub Issues),2,1,0.500000
JIRA,jira,project,2022-01_to_2022-04,2022-01,2022-04,Maven Scripting (Moved to GitHub Issues),1,0,0.000000
JIRA,jira,project,2022-01_to_2022-04,2022-01,2022-04,Maven Shade Plugin (Moved to GitHub Issues),10,3,0.300000
JIRA,jira,project,2022-01_to_2022-04,2022-01,2022-04,Maven Shared Components,56,5,0.089286
JIRA,jira,project,2022-01_to_2022-04,2022-01,2022-04,Maven Site Plugin (Moved to GitHub Issues),20,1,0.050000
JIRA,jira,project,2022-01_to_2022-04,2022-01,2022-04,Maven Skins (Moved to GitHub Issues),8,0,0.000000
JIRA,jira,project,2022-01_to_2022-04,2022-01,2022-04,Maven Source Plugin (Moved to GitHub Issues),1,0,0.000000
JIRA,jira,project,2022-01_to_2022-04,2022-01,2022-04,Maven Surefire (Moved to GitHub Issues),106,30,0.283019
JIRA,jira,project,2022-01_to_2022-04,2022-01,2022-04,Maven Verifier Plugin (Moved to GitHub Issues),1,0,0.000000
JIRA,jira,project,2022-01_to_2022-04,2022-01,2022-04,Maven WAR Plugin (Moved to GitHub Issues),5,0,0.000000
JIRA,jira,project,2022-01_to_2022-04,2022-01,2022-04,Maven Wagon (Moved to GitHub Issues),3,0,0.000000
JIRA,jira,project,2022-01_to_2022-04,2022-01,2022-04,Maven Wrapper (Moved to GitHub Issues),13,1,0.076923
JIRA,jira,project,2022-01_to_2022-04,2022-01,2022-04,Meecrowave,12,0,0.000000
JIRA,jira,project,2022-01_to_2022-04,2022-01,2022-04,Mesos (Retired),4,3,0.750000
JIRA,jira,project,2022-01_to_2022-04,2022-01,2022-04,Migration Platform,86,29,0.337209
JIRA,jira,project,2022-01_to_2022-04,2022-01,2022-04,Migration Toolkit for Virtualization,60,2,0.033333
JIRA,jira,project,2022-01_to_2022-04,2022-01,2022-04,Minecraft (Bedrock codebase),1,1,1.000000
JIRA,jira,project,2022-01_to_2022-04,2022-01,2022-04,Minecraft Realms,1,1,1.000000
JIRA,jira,project,2022-01_to_2022-04,2022-01,2022-04,Minecraft: Java Edition,4,4,1.000000
JIRA,jira,project,2022-01_to_2022-04,2022-01,2022-04,Mnemonic (Retired),31,2,0.064516
JIRA,jira,project,2022-01_to_2022-04,2022-01,2022-04,MongoDB Database Tools,81,9,0.111111
JIRA,jira,project,2022-01_to_2022-04,2022-01,2022-04,MongoDB Shell,104,16,0.153846
JIRA,jira,project,2022-01_to_2022-04,2022-01,2022-04,Mongoid,122,14,0.114754
JIRA,jira,project,2022-01_to_2022-04,2022-01,2022-04,Motor,79,3,0.037975
JIRA,jira,project,2022-01_to_2022-04,2022-01,2022-04,Multiple Architecture Enablement,167,9,0.053892
JIRA,jira,project,2022-01_to_2022-04,2022-01,2022-04,MyFaces Core,9,3,0.333333
JIRA,jira,project,2022-01_to_2022-04,2022-01,2022-04,MyFaces Tobago,26,1,0.038462
JIRA,jira,project,2022-01_to_2022-04,2022-01,2022-04,NLPCraft (Retired),24,3,0.125000
JIRA,jira,project,2022-01_to_2022-04,2022-01,2022-04,NetBeans,148,51,0.344595
JIRA,jira,project,2022-01_to_2022-04,2022-01,2022-04,Network Edge,88,2,0.022727
JIRA,jira,project,2022-01_to_2022-04,2022-01,2022-04,Network Hardware Enablement,17,1,0.058824
JIRA,jira,project,2022-01_to_2022-04,2022-01,2022-04,Network Observability,191,21,0.109948
JIRA,jira,project,2022-01_to_2022-04,2022-01,2022-04,Node.js Driver,334,48,0.143713
JIRA,jira,project,2022-01_to_2022-04,2022-01,2022-04,Nutch,19,5,0.263158
JIRA,jira,project,2022-01_to_2022-04,2022-01,2022-04,OCMUI ,72,2,0.027778
JIRA,jira,project,2022-01_to_2022-04,2022-01,2022-04,OCP Technical Release Team,135,10,0.074074
JIRA,jira,project,2022-01_to_2022-04,2022-01,2022-04,ODE JaCOb,1,0,0.000000
JIRA,jira,project,2022-01_to_2022-04,2022-01,2022-04,OFBiz,131,15,0.114504
JIRA,jira,project,2022-01_to_2022-04,2022-01,2022-04,OODT (Retired),1,1,1.000000
JIRA,jira,project,2022-01_to_2022-04,2022-01,2022-04,OPCT ,28,6,0.214286
JIRA,jira,project,2022-01_to_2022-04,2022-01,2022-04,ORC,91,13,0.142857
JIRA,jira,project,2022-01_to_2022-04,2022-01,2022-04,Observability Documentation,22,1,0.045455
JIRA,jira,project,2022-01_to_2022-04,2022-01,2022-04,Observability and Data Analysis Program,20,1,0.050000
JIRA,jira,project,2022-01_to_2022-04,2022-01,2022-04,Olingo,14,1,0.071429
JIRA,jira,project,2022-01_to_2022-04,2022-01,2022-04,On Prem Networking,42,1,0.023810
JIRA,jira,project,2022-01_to_2022-04,2022-01,2022-04,Oozie (Retired),14,9,0.642857
JIRA,jira,project,2022-01_to_2022-04,2022-01,2022-04,Open Data Hub,36,1,0.027778
JIRA,jira,project,2022-01_to_2022-04,2022-01,2022-04,Open Relevance Project,1,0,0.000000
JIRA,jira,project,2022-01_to_2022-04,2022-01,2022-04,OpenEJB,1,0,0.000000
JIRA,jira,project,2022-01_to_2022-04,2022-01,2022-04,OpenJDK,69,3,0.043478
JIRA,jira,project,2022-01_to_2022-04,2022-01,2022-04,OpenJPA,5,3,0.600000
JIRA,jira,project,2022-01_to_2022-04,2022-01,2022-04,OpenNLP,17,4,0.235294
JIRA,jira,project,2022-01_to_2022-04,2022-01,2022-04,OpenOffice,2,0,0.000000
JIRA,jira,project,2022-01_to_2022-04,2022-01,2022-04,OpenShift API Server,23,0,0.000000
JIRA,jira,project,2022-01_to_2022-04,2022-01,2022-04,OpenShift API for Data Protection,208,21,0.100962
JIRA,jira,project,2022-01_to_2022-04,2022-01,2022-04,OpenShift App Analytics,22,0,0.000000
JIRA,jira,project,2022-01_to_2022-04,2022-01,2022-04,OpenShift Authentication,68,16,0.235294
JIRA,jira,project,2022-01_to_2022-04,2022-01,2022-04,OpenShift Autoscaling,4,0,0.000000
JIRA,jira,project,2022-01_to_2022-04,2022-01,2022-04,OpenShift Bugs,182,66,0.362637
JIRA,jira,project,2022-01_to_2022-04,2022-01,2022-04,OpenShift BuildConfig,13,0,0.000000
JIRA,jira,project,2022-01_to_2022-04,2022-01,2022-04,OpenShift Builds,61,3,0.049180
JIRA,jira,project,2022-01_to_2022-04,2022-01,2022-04,OpenShift CFE,185,2,0.010811
JIRA,jira,project,2022-01_to_2022-04,2022-01,2022-04,OpenShift Cloud,147,8,0.054422
JIRA,jira,project,2022-01_to_2022-04,2022-01,2022-04,OpenShift Cloud Credential Operator,31,0,0.000000
JIRA,jira,project,2022-01_to_2022-04,2022-01,2022-04,OpenShift Console,105,0,0.000000
JIRA,jira,project,2022-01_to_2022-04,2022-01,2022-04,OpenShift Container Platform (OCP) Strategy,8,0,0.000000
JIRA,jira,project,2022-01_to_2022-04,2022-01,2022-04,OpenShift Core Networking,253,28,0.110672
JIRA,jira,project,2022-01_to_2022-04,2022-01,2022-04,OpenShift Edge,5,0,0.000000
JIRA,jira,project,2022-01_to_2022-04,2022-01,2022-04,OpenShift Etcd,13,0,0.000000
JIRA,jira,project,2022-01_to_2022-04,2022-01,2022-04,OpenShift GitOps,190,9,0.047368
JIRA,jira,project,2022-01_to_2022-04,2022-01,2022-04,OpenShift Hive,126,20,0.158730
JIRA,jira,project,2022-01_to_2022-04,2022-01,2022-04,OpenShift Hosted Control Plane,120,10,0.083333
JIRA,jira,project,2022-01_to_2022-04,2022-01,2022-04,OpenShift Image Registry,19,2,0.105263
JIRA,jira,project,2022-01_to_2022-04,2022-01,2022-04,OpenShift Installer,141,4,0.028369
JIRA,jira,project,2022-01_to_2022-04,2022-01,2022-04,OpenShift Jenkins,30,0,0.000000
JIRA,jira,project,2022-01_to_2022-04,2022-01,2022-04,OpenShift Logging,333,91,0.273273
JIRA,jira,project,2022-01_to_2022-04,2022-01,2022-04,OpenShift Migration Toolkit for Containers,76,0,0.000000
JIRA,jira,project,2022-01_to_2022-04,2022-01,2022-04,OpenShift Monitoring,215,6,0.027907
JIRA,jira,project,2022-01_to_2022-04,2022-01,2022-04,OpenShift Node,153,5,0.032680
JIRA,jira,project,2022-01_to_2022-04,2022-01,2022-04,OpenShift Over the Air,108,7,0.064815
JIRA,jira,project,2022-01_to_2022-04,2022-01,2022-04,OpenShift Pipelines,223,19,0.085202
JIRA,jira,project,2022-01_to_2022-04,2022-01,2022-04,OpenShift Pod Autoscaling,1,0,0.000000
JIRA,jira,project,2022-01_to_2022-04,2022-01,2022-04,OpenShift Request For Enhancement,250,13,0.052000
JIRA,jira,project,2022-01_to_2022-04,2022-01,2022-04,OpenShift Service Mesh,319,18,0.056426
JIRA,jira,project,2022-01_to_2022-04,2022-01,2022-04,OpenShift Specialist Platform Team,112,4,0.035714
JIRA,jira,project,2022-01_to_2022-04,2022-01,2022-04,OpenShift Storage,76,1,0.013158
JIRA,jira,project,2022-01_to_2022-04,2022-01,2022-04,OpenShift Top Level Product Strategy,24,0,0.000000
JIRA,jira,project,2022-01_to_2022-04,2022-01,2022-04,OpenShift UX Product Design,69,0,0.000000
JIRA,jira,project,2022-01_to_2022-04,2022-01,2022-04,OpenShift Virtualization,117,39,0.333333
JIRA,jira,project,2022-01_to_2022-04,2022-01,2022-04,OpenShift Windows Containers,78,3,0.038462
JIRA,jira,project,2022-01_to_2022-04,2022-01,2022-04,OpenShift Workloads,55,1,0.018182
JIRA,jira,project,2022-01_to_2022-04,2022-01,2022-04,OpenStack Strategy,1,0,0.000000
JIRA,jira,project,2022-01_to_2022-04,2022-01,2022-04,OpenStack as Infra,112,4,0.035714
JIRA,jira,project,2022-01_to_2022-04,2022-01,2022-04,OpenWebBeans,3,0,0.000000
JIRA,jira,project,2022-01_to_2022-04,2022-01,2022-04,Openmeetings,10,2,0.200000
JIRA,jira,project,2022-01_to_2022-04,2022-01,2022-04,Openshift sandboxed containers,15,4,0.266667
JIRA,jira,project,2022-01_to_2022-04,2022-01,2022-04,Operator Ecosystem,175,7,0.040000
JIRA,jira,project,2022-01_to_2022-04,2022-01,2022-04,Operator Runtime,167,3,0.017964
JIRA,jira,project,2022-01_to_2022-04,2022-01,2022-04,Opsgenie,408,15,0.036765
JIRA,jira,project,2022-01_to_2022-04,2022-01,2022-04,OptaPlanner,94,15,0.159574
JIRA,jira,project,2022-01_to_2022-04,2022-01,2022-04,Origin Community Distribution of Kubernetes,4,1,0.250000
JIRA,jira,project,2022-01_to_2022-04,2022-01,2022-04,PDFBox,71,29,0.408451
JIRA,jira,project,2022-01_to_2022-04,2022-01,2022-04,PHP Driver: Extension,44,3,0.068182
JIRA,jira,project,2022-01_to_2022-04,2022-01,2022-04,PHP Driver: Library,51,6,0.117647
JIRA,jira,project,2022-01_to_2022-04,2022-01,2022-04,Parquet,35,6,0.171429
JIRA,jira,project,2022-01_to_2022-04,2022-01,2022-04,Performance and Scale for AI Platforms,118,3,0.025424
JIRA,jira,project,2022-01_to_2022-04,2022-01,2022-04,Phoenix,85,25,0.294118
JIRA,jira,project,2022-01_to_2022-04,2022-01,2022-04,Phoenix Omid,5,0,0.000000
JIRA,jira,project,2022-01_to_2022-04,2022-01,2022-04,Pig,6,0,0.000000
JIRA,jira,project,2022-01_to_2022-04,2022-01,2022-04,Pivot (Retired),1,0,0.000000
JIRA,jira,project,2022-01_to_2022-04,2022-01,2022-04,Pluto (Retired),5,1,0.200000
JIRA,jira,project,2022-01_to_2022-04,2022-01,2022-04,Podling Suitable Names Search,4,0,0.000000
JIRA,jira,project,2022-01_to_2022-04,2022-01,2022-04,Portals Bridges (Retired),1,0,0.000000
JIRA,jira,project,2022-01_to_2022-04,2022-01,2022-04,Product Technical Learning,524,19,0.036260
JIRA,jira,project,2022-01_to_2022-04,2022-01,2022-04,Proforma Server & Data Centre,19,1,0.052632
JIRA,jira,project,2022-01_to_2022-04,2022-01,2022-04,Project Quay,374,96,0.256684
JIRA,jira,project,2022-01_to_2022-04,2022-01,2022-04,Pulsar (Retired),1,0,0.000000
JIRA,jira,project,2022-01_to_2022-04,2022-01,2022-04,PyLucene,2,2,1.000000
JIRA,jira,project,2022-01_to_2022-04,2022-01,2022-04,Python Driver,159,34,0.213836
JIRA,jira,project,2022-01_to_2022-04,2022-01,2022-04,Python Integrations,46,3,0.065217
JIRA,jira,project,2022-01_to_2022-04,2022-01,2022-04,"Qbs (""Cubes"")",10,6,0.600000
JIRA,jira,project,2022-01_to_2022-04,2022-01,2022-04,Qpid,16,5,0.312500
JIRA,jira,project,2022-01_to_2022-04,2022-01,2022-04,Qpid Dispatch,38,23,0.605263
JIRA,jira,project,2022-01_to_2022-04,2022-01,2022-04,Qpid JMS,10,1,0.100000
JIRA,jira,project,2022-01_to_2022-04,2022-01,2022-04,Qpid Proton,58,17,0.293103
JIRA,jira,project,2022-01_to_2022-04,2022-01,2022-04,Qt,3324,913,0.274669
JIRA,jira,project,2022-01_to_2022-04,2022-01,2022-04,Qt Creator,602,129,0.214286
JIRA,jira,project,2022-01_to_2022-04,2022-01,2022-04,Qt Design Studio,801,39,0.048689
JIRA,jira,project,2022-01_to_2022-04,2022-01,2022-04,Qt Extensions,1,0,0.000000
JIRA,jira,project,2022-01_to_2022-04,2022-01,2022-04,Qt Installer Framework,154,17,0.110390
JIRA,jira,project,2022-01_to_2022-04,2022-01,2022-04,Qt Project Website,22,0,0.000000
JIRA,jira,project,2022-01_to_2022-04,2022-01,2022-04,Qt Quality Assurance Infrastructure,182,16,0.087912
JIRA,jira,project,2022-01_to_2022-04,2022-01,2022-04,Qt Visual Studio Tools,30,9,0.300000
JIRA,jira,project,2022-01_to_2022-04,2022-01,2022-04,Qt WebBrowser,1,0,0.000000
JIRA,jira,project,2022-01_to_2022-04,2022-01,2022-04,Qt for Python,112,50,0.446429
JIRA,jira,project,2022-01_to_2022-04,2022-01,2022-04,Quarkus,283,50,0.176678
JIRA,jira,project,2022-01_to_2022-04,2022-01,2022-04,RDO Project,22,2,0.090909
JIRA,jira,project,2022-01_to_2022-04,2022-01,2022-04,REEF (Retired),1,0,0.000000
JIRA,jira,project,2022-01_to_2022-04,2022-01,2022-04,RESTEasy,58,9,0.155172
JIRA,jira,project,2022-01_to_2022-04,2022-01,2022-04,RH,58,9,0.155172
JIRA,jira,project,2022-01_to_2022-04,2022-01,2022-04,RHEL,22,2,0.090909
JIRA,jira,project,2022-01_to_2022-04,2022-01,2022-04,RHEL Conversions,25,12,0.480000
JIRA,jira,project,2022-01_to_2022-04,2022-01,2022-04,RHEL Testing,8,8,1.000000
JIRA,jira,project,2022-01_to_2022-04,2022-01,2022-04,Rampart,1,0,0.000000
JIRA,jira,project,2022-01_to_2022-04,2022-01,2022-04,Ranger,177,46,0.259887
JIRA,jira,project,2022-01_to_2022-04,2022-01,2022-04,Ratis,91,18,0.197802
JIRA,jira,project,2022-01_to_2022-04,2022-01,2022-04,Reactive JVM Platform,4,0,0.000000
JIRA,jira,project,2022-01_to_2022-04,2022-01,2022-04,Red Hat 3scale API Management,212,30,0.141509
JIRA,jira,project,2022-01_to_2022-04,2022-01,2022-04,Red Hat Advanced Cluster Management,121,4,0.033058
JIRA,jira,project,2022-01_to_2022-04,2022-01,2022-04,Red Hat Cluster Management Cloud Services,87,6,0.068966
JIRA,jira,project,2022-01_to_2022-04,2022-01,2022-04,Red Hat Data Grid,66,11,0.166667
JIRA,jira,project,2022-01_to_2022-04,2022-01,2022-04,Red Hat Decision Manager,19,7,0.368421
JIRA,jira,project,2022-01_to_2022-04,2022-01,2022-04,Red Hat Fuse,252,54,0.214286
JIRA,jira,project,2022-01_to_2022-04,2022-01,2022-04,Red Hat Insights Engineering,1,0,0.000000
JIRA,jira,project,2022-01_to_2022-04,2022-01,2022-04,Red Hat Insights Strategy,1,0,0.000000
JIRA,jira,project,2022-01_to_2022-04,2022-01,2022-04,Red Hat OpenBridge,165,21,0.127273
JIRA,jira,project,2022-01_to_2022-04,2022-01,2022-04,Red Hat OpenShift Data Science,935,11,0.011765
JIRA,jira,project,2022-01_to_2022-04,2022-01,2022-04,Red Hat OpenShift Dev Spaces (formerly CodeReady Workspaces),263,100,0.380228
JIRA,jira,project,2022-01_to_2022-04,2022-01,2022-04,Red Hat OpenStack Services on OpenShift,88,6,0.068182
JIRA,jira,project,2022-01_to_2022-04,2022-01,2022-04,Red Hat Process Automation Manager,97,29,0.298969
JIRA,jira,project,2022-01_to_2022-04,2022-01,2022-04,Red Hat Service Interconnect (Skupper),23,2,0.086957
JIRA,jira,project,2022-01_to_2022-04,2022-01,2022-04,Red Hat Workload Availability,2,0,0.000000
JIRA,jira,project,2022-01_to_2022-04,2022-01,2022-04,Red Hat build of Apache Camel for Spring Boot,72,2,0.027778
JIRA,jira,project,2022-01_to_2022-04,2022-01,2022-04,Red Hat build of Keycloak,1,0,0.000000
JIRA,jira,project,2022-01_to_2022-04,2022-01,2022-04,Rich Text Editor for JIRA,1,0,0.000000
JIRA,jira,project,2022-01_to_2022-04,2022-01,2022-04,Ruby Driver,95,8,0.084211
JIRA,jira,project,2022-01_to_2022-04,2022-01,2022-04,Rust Driver,146,4,0.027397
JIRA,jira,project,2022-01_to_2022-04,2022-01,2022-04,SAML for Atlassian Data Center,5,1,0.200000
JIRA,jira,project,2022-01_to_2022-04,2022-01,2022-04,Sakai,501,91,0.181637
JIRA,jira,project,2022-01_to_2022-04,2022-01,2022-04,Samza,23,2,0.086957
JIRA,jira,project,2022-01_to_2022-04,2022-01,2022-04,Santuario,4,1,0.250000
JIRA,jira,project,2022-01_to_2022-04,2022-01,2022-04,Satellite,144,21,0.145833
JIRA,jira,project,2022-01_to_2022-04,2022-01,2022-04,Secondary Scheduler Support for Red Hat Openshift,3,0,0.000000
JIRA,jira,project,2022-01_to_2022-04,2022-01,2022-04,Security Data,7,1,0.142857
JIRA,jira,project,2022-01_to_2022-04,2022-01,2022-04,Server Deployments and Scale,3,1,0.333333
JIRA,jira,project,2022-01_to_2022-04,2022-01,2022-04,Server Platform Frontend,6,0,0.000000
JIRA,jira,project,2022-01_to_2022-04,2022-01,2022-04,Serverless logic,22,0,0.000000
JIRA,jira,project,2022-01_to_2022-04,2022-01,2022-04,ServiceMix,132,3,0.022727
JIRA,jira,project,2022-01_to_2022-04,2022-01,2022-04,ServiceMix Components,1,0,0.000000
JIRA,jira,project,2022-01_to_2022-04,2022-01,2022-04,Shiro,39,0,0.000000
JIRA,jira,project,2022-01_to_2022-04,2022-01,2022-04,ShrinkWrap,1,0,0.000000
JIRA,jira,project,2022-01_to_2022-04,2022-01,2022-04,Sidecar for Apache Cassandra,4,0,0.000000
JIRA,jira,project,2022-01_to_2022-04,2022-01,2022-04,Singa,8,0,0.000000
JIRA,jira,project,2022-01_to_2022-04,2022-01,2022-04,Sling,256,43,0.167969
JIRA,jira,project,2022-01_to_2022-04,2022-01,2022-04,Solr,282,78,0.276596
JIRA,jira,project,2022-01_to_2022-04,2022-01,2022-04,Sourcetree For Mac,83,18,0.216867
JIRA,jira,project,2022-01_to_2022-04,2022-01,2022-04,Sourcetree for Windows,73,18,0.246575
JIRA,jira,project,2022-01_to_2022-04,2022-01,2022-04,Spark,1283,213,0.166017
JIRA,jira,project,2022-01_to_2022-04,2022-01,2022-04,Spark Connector,27,6,0.222222
JIRA,jira,project,2022-01_to_2022-04,2022-01,2022-04,Spatial Information Systems,12,0,0.000000
JIRA,jira,project,2022-01_to_2022-04,2022-01,2022-04,Statuspage,50,1,0.020000
JIRA,jira,project,2022-01_to_2022-04,2022-01,2022-04,Steve,17,0,0.000000
JIRA,jira,project,2022-01_to_2022-04,2022-01,2022-04,StreamPipes,40,4,0.100000
JIRA,jira,project,2022-01_to_2022-04,2022-01,2022-04,Streams (Retired) (Retired),1,0,0.000000
JIRA,jira,project,2022-01_to_2022-04,2022-01,2022-04,Struts 2,16,3,0.187500
JIRA,jira,project,2022-01_to_2022-04,2022-01,2022-04,Subscription Watch,1,0,0.000000
JIRA,jira,project,2022-01_to_2022-04,2022-01,2022-04,Subversion,18,2,0.111111
JIRA,jira,project,2022-01_to_2022-04,2022-01,2022-04,Superset,1,0,0.000000
JIRA,jira,project,2022-01_to_2022-04,2022-01,2022-04,Syncope,18,1,0.055556
JIRA,jira,project,2022-01_to_2022-04,2022-01,2022-04,SystemDS,96,5,0.052083
JIRA,jira,project,2022-01_to_2022-04,2022-01,2022-04,TEST Defect Tracking Project,27,0,0.000000
JIRA,jira,project,2022-01_to_2022-04,2022-01,2022-04,TOREE,3,2,0.666667
JIRA,jira,project,2022-01_to_2022-04,2022-01,2022-04,Tapestry 5,25,14,0.560000
JIRA,jira,project,2022-01_to_2022-04,2022-01,2022-04,Teiid,3,0,0.000000
JIRA,jira,project,2022-01_to_2022-04,2022-01,2022-04,Test Project,1,0,0.000000
JIRA,jira,project,2022-01_to_2022-04,2022-01,2022-04,Thrift,84,16,0.190476
JIRA,jira,project,2022-01_to_2022-04,2022-01,2022-04,Tika,109,17,0.155963
JIRA,jira,project,2022-01_to_2022-04,2022-01,2022-04,TinkerPop,62,14,0.225806
JIRA,jira,project,2022-01_to_2022-04,2022-01,2022-04,TomEE,108,15,0.138889
JIRA,jira,project,2022-01_to_2022-04,2022-01,2022-04,Tools (JBoss Tools),161,44,0.273292
JIRA,jira,project,2022-01_to_2022-04,2022-01,2022-04,Trinity,41,11,0.268293
JIRA,jira,project,2022-01_to_2022-04,2022-01,2022-04,UIMA,33,2,0.060606
JIRA,jira,project,2022-01_to_2022-04,2022-01,2022-04,Undertow,60,14,0.233333
JIRA,jira,project,2022-01_to_2022-04,2022-01,2022-04,Universal Plugin Manager,1,0,0.000000
JIRA,jira,project,2022-01_to_2022-04,2022-01,2022-04,Use OCPBUGS now,5,0,0.000000
JIRA,jira,project,2022-01_to_2022-04,2022-01,2022-04,VS Code Extension,8,0,0.000000
JIRA,jira,project,2022-01_to_2022-04,2022-01,2022-04,Velocity,3,1,0.333333
JIRA,jira,project,2022-01_to_2022-04,2022-01,2022-04,Velocity Tools,2,1,0.500000
JIRA,jira,project,2022-01_to_2022-04,2022-01,2022-04,Virtualization Strategy,1,0,0.000000
JIRA,jira,project,2022-01_to_2022-04,2022-01,2022-04,Visual Design,31,0,0.000000
JIRA,jira,project,2022-01_to_2022-04,2022-01,2022-04,Visual Studio,8,0,0.000000
JIRA,jira,project,2022-01_to_2022-04,2022-01,2022-04,WINDUP ,128,17,0.132812
JIRA,jira,project,2022-01_to_2022-04,2022-01,2022-04,WINDUPRULE ,28,3,0.107143
JIRA,jira,project,2022-01_to_2022-04,2022-01,2022-04,WSS4J,6,1,0.166667
JIRA,jira,project,2022-01_to_2022-04,2022-01,2022-04,Web Terminal for OpenShift,7,0,0.000000
JIRA,jira,project,2022-01_to_2022-04,2022-01,2022-04,Weld,18,2,0.111111
JIRA,jira,project,2022-01_to_2022-04,2022-01,2022-04,Whimsy,12,0,0.000000
JIRA,jira,project,2022-01_to_2022-04,2022-01,2022-04,Wicket,35,8,0.228571
JIRA,jira,project,2022-01_to_2022-04,2022-01,2022-04,WildFly,422,65,0.154028
JIRA,jira,project,2022-01_to_2022-04,2022-01,2022-04,WildFly Arquillian,1,1,1.000000
JIRA,jira,project,2022-01_to_2022-04,2022-01,2022-04,WildFly Core,126,14,0.111111
JIRA,jira,project,2022-01_to_2022-04,2022-01,2022-04,WildFly Discovery,2,0,0.000000
JIRA,jira,project,2022-01_to_2022-04,2022-01,2022-04,WildFly EJB HTTP Client,5,0,0.000000
JIRA,jira,project,2022-01_to_2022-04,2022-01,2022-04,WildFly Elytron,48,3,0.062500
JIRA,jira,project,2022-01_to_2022-04,2022-01,2022-04,WildFly Elytron EE,7,0,0.000000
JIRA,jira,project,2022-01_to_2022-04,2022-01,2022-04,WildFly Elytron MicroProfile,3,0,0.000000
JIRA,jira,project,2022-01_to_2022-04,2022-01,2022-04,WildFly Maven Plugin,12,2,0.166667
JIRA,jira,project,2022-01_to_2022-04,2022-01,2022-04,WildFly Naming Client,4,0,0.000000
JIRA,jira,project,2022-01_to_2022-04,2022-01,2022-04,WildFly OpenSSL,5,0,0.000000
JIRA,jira,project,2022-01_to_2022-04,2022-01,2022-04,WildFly OpenSSL Natives,3,1,0.333333
JIRA,jira,project,2022-01_to_2022-04,2022-01,2022-04,WildFly Transaction Client,2,0,0.000000
JIRA,jira,project,2022-01_to_2022-04,2022-01,2022-04,WildFly WIP,26,18,0.692308
JIRA,jira,project,2022-01_to_2022-04,2022-01,2022-04,WiredTiger,643,222,0.345257
JIRA,jira,project,2022-01_to_2022-04,2022-01,2022-04,XBean,1,0,0.000000
JIRA,jira,project,2022-01_to_2022-04,2022-01,2022-04,XMLBeans,18,7,0.388889
JIRA,jira,project,2022-01_to_2022-04,2022-01,2022-04,XNIO,13,2,0.153846
JIRA,jira,project,2022-01_to_2022-04,2022-01,2022-04,Xerces,1,1,1.000000
JIRA,jira,project,2022-01_to_2022-04,2022-01,2022-04,Xerces2,10,1,0.100000
JIRA,jira,project,2022-01_to_2022-04,2022-01,2022-04,Yetus,18,3,0.166667
JIRA,jira,project,2022-01_to_2022-04,2022-01,2022-04,Zeppelin,112,21,0.187500
JIRA,jira,project,2022-01_to_2022-04,2022-01,2022-04,ZooKeeper,99,25,0.252525
JIRA,jira,project,2022-01_to_2022-04,2022-01,2022-04,apiman (API Management),2,1,0.500000
JIRA,jira,project,2022-01_to_2022-04,2022-01,2022-04,cTAKES,2,1,0.500000
JIRA,jira,project,2022-01_to_2022-04,2022-01,2022-04,jBPM,82,26,0.317073
JIRA,jira,project,2022-01_to_2022-04,2022-01,2022-04,jUDDI (Retired),4,0,0.000000
JIRA,jira,project,2022-01_to_2022-04,2022-01,2022-04,jboss.org,2,0,0.000000
JIRA,jira,project,2022-01_to_2022-04,2022-01,2022-04,jclouds (Retired) (Retired),14,2,0.142857
JIRA,jira,project,2022-01_to_2022-04,2022-01,2022-04,mod_cluster,7,1,0.142857
JIRA,jira,project,2022-01_to_2022-04,2022-01,2022-04,repository.jboss.org/nexus,11,2,0.181818
JIRA,jira,project,2022-01_to_2022-04,2022-01,2022-04,www.apache.org website,1,0,0.000000
JIRA,jira,project,2022-05_to_2022-08,2022-05,2022-08,A,29,1,0.034483
JIRA,jira,project,2022-05_to_2022-08,2022-05,2022-08,AMQ Broker,267,40,0.149813
JIRA,jira,project,2022-05_to_2022-08,2022-05,2022-08,AMQ Clients,8,1,0.125000
JIRA,jira,project,2022-05_to_2022-08,2022-05,2022-08,AMQ Documentation,10,0,0.000000
JIRA,jira,project,2022-05_to_2022-08,2022-05,2022-08,AMQ Interconnect,7,3,0.428571
JIRA,jira,project,2022-05_to_2022-08,2022-05,2022-08,AMQ Streams,134,9,0.067164
JIRA,jira,project,2022-05_to_2022-08,2022-05,2022-08,ActiveMQ (Read,97,18,0.185567
JIRA,jira,project,2022-05_to_2022-08,2022-05,2022-08,ActiveMQ .Net,5,2,0.400000
JIRA,jira,project,2022-05_to_2022-08,2022-05,2022-08,ActiveMQ C++ Client,1,1,1.000000
JIRA,jira,project,2022-05_to_2022-08,2022-05,2022-08,ActiveObjects,4,0,0.000000
JIRA,jira,project,2022-05_to_2022-08,2022-05,2022-08,Activity Streams,1,0,0.000000
JIRA,jira,project,2022-05_to_2022-08,2022-05,2022-08,Admin Experience,57,3,0.052632
JIRA,jira,project,2022-05_to_2022-08,2022-05,2022-08,Aesh,1,0,0.000000
JIRA,jira,project,2022-05_to_2022-08,2022-05,2022-08,Agent,162,7,0.043210
JIRA,jira,project,2022-05_to_2022-08,2022-05,2022-08,Airavata,37,6,0.162162
JIRA,jira,project,2022-05_to_2022-08,2022-05,2022-08,Ambari,24,4,0.166667
JIRA,jira,project,2022-05_to_2022-08,2022-05,2022-08,Analytics,13,0,0.000000
JIRA,jira,project,2022-05_to_2022-08,2022-05,2022-08,Ansible Automation Platform RFEs,97,7,0.072165
JIRA,jira,project,2022-05_to_2022-08,2022-05,2022-08,Ansible Strategy,1,0,0.000000
JIRA,jira,project,2022-05_to_2022-08,2022-05,2022-08,Apache AGE,7,0,0.000000
JIRA,jira,project,2022-05_to_2022-08,2022-05,2022-08,Apache AWF (Retired),1,0,0.000000
JIRA,jira,project,2022-05_to_2022-08,2022-05,2022-08,Apache Any23 (Retired),11,0,0.000000
JIRA,jira,project,2022-05_to_2022-08,2022-05,2022-08,Apache Arrow,1161,260,0.223945
JIRA,jira,project,2022-05_to_2022-08,2022-05,2022-08,Apache AsterixDB,39,5,0.128205
JIRA,jira,project,2022-05_to_2022-08,2022-05,2022-08,Apache Avro,113,19,0.168142
JIRA,jira,project,2022-05_to_2022-08,2022-05,2022-08,Apache Cassandra,285,110,0.385965
JIRA,jira,project,2022-05_to_2022-08,2022-05,2022-08,Apache Chainsaw,8,0,0.000000
JIRA,jira,project,2022-05_to_2022-08,2022-05,2022-08,Apache Commons All,1,0,0.000000
JIRA,jira,project,2022-05_to_2022-08,2022-05,2022-08,Apache Commons Testing,2,0,0.000000
JIRA,jira,project,2022-05_to_2022-08,2022-05,2022-08,Apache Curator,15,7,0.466667
JIRA,jira,project,2022-05_to_2022-08,2022-05,2022-08,Apache DataLab (Retired),5,0,0.000000
JIRA,jira,project,2022-05_to_2022-08,2022-05,2022-08,Apache Doris,1,0,0.000000
JIRA,jira,project,2022-05_to_2022-08,2022-05,2022-08,Apache Drill,85,19,0.223529
JIRA,jira,project,2022-05_to_2022-08,2022-05,2022-08,Apache Fineract,114,7,0.061404
JIRA,jira,project,2022-05_to_2022-08,2022-05,2022-08,Apache Flex,1,0,0.000000
JIRA,jira,project,2022-05_to_2022-08,2022-05,2022-08,Apache Freemarker,2,1,0.500000
JIRA,jira,project,2022-05_to_2022-08,2022-05,2022-08,Apache Gobblin,57,1,0.017544
JIRA,jira,project,2022-05_to_2022-08,2022-05,2022-08,Apache HAWQ (Retired),7,0,0.000000
JIRA,jira,project,2022-05_to_2022-08,2022-05,2022-08,Apache Hop (Retired),255,46,0.180392
JIRA,jira,project,2022-05_to_2022-08,2022-05,2022-08,Apache Hudi,750,106,0.141333
JIRA,jira,project,2022-05_to_2022-08,2022-05,2022-08,Apache IoTDB,1241,186,0.149879
JIRA,jira,project,2022-05_to_2022-08,2022-05,2022-08,Apache Jena,20,5,0.250000
JIRA,jira,project,2022-05_to_2022-08,2022-05,2022-08,Apache Knox,57,8,0.140351
JIRA,jira,project,2022-05_to_2022-08,2022-05,2022-08,Apache Liminal (Retired),7,0,0.000000
JIRA,jira,project,2022-05_to_2022-08,2022-05,2022-08,Apache MADlib,12,3,0.250000
JIRA,jira,project,2022-05_to_2022-08,2022-05,2022-08,Apache Marvin (Retired),1,0,0.000000
JIRA,jira,project,2022-05_to_2022-08,2022-05,2022-08,Apache Maven Resource Bundles (Moved to GitHub Issues),2,0,0.000000
JIRA,jira,project,2022-05_to_2022-08,2022-05,2022-08,Apache NetBeans Infra,6,2,0.333333
JIRA,jira,project,2022-05_to_2022-08,2022-05,2022-08,Apache NiFi,438,76,0.173516
JIRA,jira,project,2022-05_to_2022-08,2022-05,2022-08,Apache NiFi MiNiFi C++,117,9,0.076923
JIRA,jira,project,2022-05_to_2022-08,2022-05,2022-08,Apache NuttX,2,0,0.000000
JIRA,jira,project,2022-05_to_2022-08,2022-05,2022-08,Apache Ozone,520,103,0.198077
JIRA,jira,project,2022-05_to_2022-08,2022-05,2022-08,Apache PLC4X,14,8,0.571429
JIRA,jira,project,2022-05_to_2022-08,2022-05,2022-08,Apache Pinot,1,0,0.000000
JIRA,jira,project,2022-05_to_2022-08,2022-05,2022-08,Apache QPID Interoperability Test Suite,1,0,0.000000
JIRA,jira,project,2022-05_to_2022-08,2022-05,2022-08,Apache RAT,12,6,0.500000
JIRA,jira,project,2022-05_to_2022-08,2022-05,2022-08,Apache Roller,1,1,1.000000
JIRA,jira,project,2022-05_to_2022-08,2022-05,2022-08,Apache Science Data Analytics Platform,12,0,0.000000
JIRA,jira,project,2022-05_to_2022-08,2022-05,2022-08,Apache Sedona,34,8,0.235294
JIRA,jira,project,2022-05_to_2022-08,2022-05,2022-08,Apache ServiceComb,202,1,0.004950
JIRA,jira,project,2022-05_to_2022-08,2022-05,2022-08,Apache Storm,19,2,0.105263
JIRA,jira,project,2022-05_to_2022-08,2022-05,2022-08,Apache Submarine,52,2,0.038462
JIRA,jira,project,2022-05_to_2022-08,2022-05,2022-08,Apache Tez,35,8,0.228571
JIRA,jira,project,2022-05_to_2022-08,2022-05,2022-08,Apache Tomcat Maven Plugin,1,0,0.000000
JIRA,jira,project,2022-05_to_2022-08,2022-05,2022-08,Apache Unomi,89,10,0.112360
JIRA,jira,project,2022-05_to_2022-08,2022-05,2022-08,Apache YuniKorn,106,13,0.122642
JIRA,jira,project,2022-05_to_2022-08,2022-05,2022-08,AppFormer,4,0,0.000000
JIRA,jira,project,2022-05_to_2022-08,2022-05,2022-08,Application Links,1,0,0.000000
JIRA,jira,project,2022-05_to_2022-08,2022-05,2022-08,Archiva (Retired),5,0,0.000000
JIRA,jira,project,2022-05_to_2022-08,2022-05,2022-08,Aries,6,3,0.500000
JIRA,jira,project,2022-05_to_2022-08,2022-05,2022-08,Arquillian,5,1,0.200000
JIRA,jira,project,2022-05_to_2022-08,2022-05,2022-08,Artemis,136,18,0.132353
JIRA,jira,project,2022-05_to_2022-08,2022-05,2022-08,Atlas,71,7,0.098592
JIRA,jira,project,2022-05_to_2022-08,2022-05,2022-08,Atlas SQL,1,0,0.000000
JIRA,jira,project,2022-05_to_2022-08,2022-05,2022-08,Atlassian Browser DevTools,1,0,0.000000
JIRA,jira,project,2022-05_to_2022-08,2022-05,2022-08,Atlassian Cache,1,0,0.000000
JIRA,jira,project,2022-05_to_2022-08,2022-05,2022-08,Atlassian Cloud,25,3,0.120000
JIRA,jira,project,2022-05_to_2022-08,2022-05,2022-08,Atlassian Connect,4,1,0.250000
JIRA,jira,project,2022-05_to_2022-08,2022-05,2022-08,Atlassian Connect JavaScript API,11,2,0.181818
JIRA,jira,project,2022-05_to_2022-08,2022-05,2022-08,Atlassian Connect Spring Boot,6,0,0.000000
JIRA,jira,project,2022-05_to_2022-08,2022-05,2022-08,Atlassian Connect in Jira Cloud,27,2,0.074074
JIRA,jira,project,2022-05_to_2022-08,2022-05,2022-08,Atlassian Ecosystem,2,1,0.500000
JIRA,jira,project,2022-05_to_2022-08,2022-05,2022-08,Atlassian Gadgets,1,0,0.000000
JIRA,jira,project,2022-05_to_2022-08,2022-05,2022-08,Atlassian Guard,42,1,0.023810
JIRA,jira,project,2022-05_to_2022-08,2022-05,2022-08,Atlassian Intelligence,10,3,0.300000
JIRA,jira,project,2022-05_to_2022-08,2022-05,2022-08,Atlassian Internationalization,56,0,0.000000
JIRA,jira,project,2022-05_to_2022-08,2022-05,2022-08,Atlassian Marketplace,9,0,0.000000
JIRA,jira,project,2022-05_to_2022-08,2022-05,2022-08,Atlassian Maven Plugin Suite,5,0,0.000000
JIRA,jira,project,2022-05_to_2022-08,2022-05,2022-08,Atlassian OAuth Plugin,1,0,0.000000
JIRA,jira,project,2022-05_to_2022-08,2022-05,2022-08,Atlassian Plugin SDK,1,0,0.000000
JIRA,jira,project,2022-05_to_2022-08,2022-05,2022-08,Atlassian Plugins,1,0,0.000000
JIRA,jira,project,2022-05_to_2022-08,2022-05,2022-08,Atlassian Pretty URLs,4,0,0.000000
JIRA,jira,project,2022-05_to_2022-08,2022-05,2022-08,Atlassian Product Integrations,20,0,0.000000
JIRA,jira,project,2022-05_to_2022-08,2022-05,2022-08,Atlassian REST,2,0,0.000000
JIRA,jira,project,2022-05_to_2022-08,2022-05,2022-08,Atlassian Troubleshooting & Support Tools Plugin,19,7,0.368421
JIRA,jira,project,2022-05_to_2022-08,2022-05,2022-08,Atlassian User Interface,7,1,0.142857
JIRA,jira,project,2022-05_to_2022-08,2022-05,2022-08,Atlassian WebHooks Plugin,2,0,0.000000
JIRA,jira,project,2022-05_to_2022-08,2022-05,2022-08,Attic,5,0,0.000000
JIRA,jira,project,2022-05_to_2022-08,2022-05,2022-08,Automation for Cloud,74,6,0.081081
JIRA,jira,project,2022-05_to_2022-08,2022-05,2022-08,Automation for Jira Server,45,4,0.088889
JIRA,jira,project,2022-05_to_2022-08,2022-05,2022-08,Axis2,8,3,0.375000
JIRA,jira,project,2022-05_to_2022-08,2022-05,2022-08,BVal,1,0,0.000000
JIRA,jira,project,2022-05_to_2022-08,2022-05,2022-08,Bahir (Retired),11,1,0.090909
JIRA,jira,project,2022-05_to_2022-08,2022-05,2022-08,Bamboo Data Center,129,27,0.209302
JIRA,jira,project,2022-05_to_2022-08,2022-05,2022-08,BatchEE,3,0,0.000000
JIRA,jira,project,2022-05_to_2022-08,2022-05,2022-08,Batik,10,2,0.200000
JIRA,jira,project,2022-05_to_2022-08,2022-05,2022-08,Beam,171,26,0.152047
JIRA,jira,project,2022-05_to_2022-08,2022-05,2022-08,Bigtop,114,38,0.333333
JIRA,jira,project,2022-05_to_2022-08,2022-05,2022-08,Bitbucket Cloud,235,15,0.063830
JIRA,jira,project,2022-05_to_2022-08,2022-05,2022-08,Bitbucket Data Center,191,19,0.099476
JIRA,jira,project,2022-05_to_2022-08,2022-05,2022-08,BxMS Documentation,69,0,0.000000
JIRA,jira,project,2022-05_to_2022-08,2022-05,2022-08,Byteman,1,0,0.000000
JIRA,jira,project,2022-05_to_2022-08,2022-05,2022-08,C Driver,88,8,0.090909
JIRA,jira,project,2022-05_to_2022-08,2022-05,2022-08,C# Driver,143,16,0.111888
JIRA,jira,project,2022-05_to_2022-08,2022-05,2022-08,C++ Driver,64,1,0.015625
JIRA,jira,project,2022-05_to_2022-08,2022-05,2022-08,CXF,61,12,0.196721
JIRA,jira,project,2022-05_to_2022-08,2022-05,2022-08,CXF XJC Utils,1,0,0.000000
JIRA,jira,project,2022-05_to_2022-08,2022-05,2022-08,Calcite,133,46,0.345865
JIRA,jira,project,2022-05_to_2022-08,2022-05,2022-08,Camel,427,75,0.175644
JIRA,jira,project,2022-05_to_2022-08,2022-05,2022-08,Candlepin,1,0,0.000000
JIRA,jira,project,2022-05_to_2022-08,2022-05,2022-08,CarbonData,16,5,0.312500
JIRA,jira,project,2022-05_to_2022-08,2022-05,2022-08,Causeway,163,8,0.049080
JIRA,jira,project,2022-05_to_2022-08,2022-05,2022-08,Cayenne,22,0,0.000000
JIRA,jira,project,2022-05_to_2022-08,2022-05,2022-08,CentOS Stream Pipeline,37,10,0.270270
JIRA,jira,project,2022-05_to_2022-08,2022-05,2022-08,Cert Manager support for Red Hat OpenShift,4,0,0.000000
JIRA,jira,project,2022-05_to_2022-08,2022-05,2022-08,Certification Partner Experience Public,19,0,0.000000
JIRA,jira,project,2022-05_to_2022-08,2022-05,2022-08,Clair,2,0,0.000000
JIRA,jira,project,2022-05_to_2022-08,2022-05,2022-08,Cloud Enablement,29,1,0.034483
JIRA,jira,project,2022-05_to_2022-08,2022-05,2022-08,Cloud Infrastructure Security & Compliance,164,0,0.000000
JIRA,jira,project,2022-05_to_2022-08,2022-05,2022-08,Cluster Integration and Delivery,3,0,0.000000
JIRA,jira,project,2022-05_to_2022-08,2022-05,2022-08,Coin,53,9,0.169811
JIRA,jira,project,2022-05_to_2022-08,2022-05,2022-08,Commerce,1,0,0.000000
JIRA,jira,project,2022-05_to_2022-08,2022-05,2022-08,Commons BCEL,1,0,0.000000
JIRA,jira,project,2022-05_to_2022-08,2022-05,2022-08,Commons BeanUtils,3,0,0.000000
JIRA,jira,project,2022-05_to_2022-08,2022-05,2022-08,Commons CLI,1,0,0.000000
JIRA,jira,project,2022-05_to_2022-08,2022-05,2022-08,Commons CSV,8,2,0.250000
JIRA,jira,project,2022-05_to_2022-08,2022-05,2022-08,Commons Codec,1,1,1.000000
JIRA,jira,project,2022-05_to_2022-08,2022-05,2022-08,Commons Collections,21,1,0.047619
JIRA,jira,project,2022-05_to_2022-08,2022-05,2022-08,Commons Compress,5,1,0.200000
JIRA,jira,project,2022-05_to_2022-08,2022-05,2022-08,Commons Configuration,7,1,0.142857
JIRA,jira,project,2022-05_to_2022-08,2022-05,2022-08,Commons Crypto,9,0,0.000000
JIRA,jira,project,2022-05_to_2022-08,2022-05,2022-08,Commons Daemon,4,1,0.250000
JIRA,jira,project,2022-05_to_2022-08,2022-05,2022-08,Commons Email,2,0,0.000000
JIRA,jira,project,2022-05_to_2022-08,2022-05,2022-08,Commons FileUpload,2,0,0.000000
JIRA,jira,project,2022-05_to_2022-08,2022-05,2022-08,Commons IO,12,6,0.500000
JIRA,jira,project,2022-05_to_2022-08,2022-05,2022-08,Commons Imaging,6,4,0.666667
JIRA,jira,project,2022-05_to_2022-08,2022-05,2022-08,Commons JEXL,12,2,0.166667
JIRA,jira,project,2022-05_to_2022-08,2022-05,2022-08,Commons Lang,5,0,0.000000
JIRA,jira,project,2022-05_to_2022-08,2022-05,2022-08,Commons Logging,1,0,0.000000
JIRA,jira,project,2022-05_to_2022-08,2022-05,2022-08,Commons Math,5,1,0.200000
JIRA,jira,project,2022-05_to_2022-08,2022-05,2022-08,Commons Net,2,0,0.000000
JIRA,jira,project,2022-05_to_2022-08,2022-05,2022-08,Commons Numbers,2,0,0.000000
JIRA,jira,project,2022-05_to_2022-08,2022-05,2022-08,Commons Pool,3,0,0.000000
JIRA,jira,project,2022-05_to_2022-08,2022-05,2022-08,Commons RNG,4,0,0.000000
JIRA,jira,project,2022-05_to_2022-08,2022-05,2022-08,Commons Text,1,0,0.000000
JIRA,jira,project,2022-05_to_2022-08,2022-05,2022-08,Commons VFS,5,4,0.800000
JIRA,jira,project,2022-05_to_2022-08,2022-05,2022-08,Commons Validator,1,1,1.000000
JIRA,jira,project,2022-05_to_2022-08,2022-05,2022-08,Community Development,2,0,0.000000
JIRA,jira,project,2022-05_to_2022-08,2022-05,2022-08,Compass,237,18,0.075949
JIRA,jira,project,2022-05_to_2022-08,2022-05,2022-08,Confluence Cloud,479,34,0.070981
JIRA,jira,project,2022-05_to_2022-08,2022-05,2022-08,Confluence Data Center,438,60,0.136986
JIRA,jira,project,2022-05_to_2022-08,2022-05,2022-08,Container Tools,99,5,0.050505
JIRA,jira,project,2022-05_to_2022-08,2022-05,2022-08,Content Gateway,12,2,0.166667
JIRA,jira,project,2022-05_to_2022-08,2022-05,2022-08,Contrib: Big Blue Button,5,1,0.200000
JIRA,jira,project,2022-05_to_2022-08,2022-05,2022-08,Contrib: Certification,3,0,0.000000
JIRA,jira,project,2022-05_to_2022-08,2022-05,2022-08,Contrib: Clog,1,0,0.000000
JIRA,jira,project,2022-05_to_2022-08,2022-05,2022-08,Contrib: Evaluation System,1,0,0.000000
JIRA,jira,project,2022-05_to_2022-08,2022-05,2022-08,Contrib: QNA,1,0,0.000000
JIRA,jira,project,2022-05_to_2022-08,2022-05,2022-08,Core Server,3170,428,0.135016
JIRA,jira,project,2022-05_to_2022-08,2022-05,2022-08,CoreOS OCP,219,21,0.095890
JIRA,jira,project,2022-05_to_2022-08,2022-05,2022-08,Cost Management,12,0,0.000000
JIRA,jira,project,2022-05_to_2022-08,2022-05,2022-08,Crowd Data Center,22,5,0.227273
JIRA,jira,project,2022-05_to_2022-08,2022-05,2022-08,Crucible,4,1,0.250000
JIRA,jira,project,2022-05_to_2022-08,2022-05,2022-08,Daffodil,35,5,0.142857
JIRA,jira,project,2022-05_to_2022-08,2022-05,2022-08,Dashboard,1,0,0.000000
JIRA,jira,project,2022-05_to_2022-08,2022-05,2022-08,Data Foundation Bugs,4,1,0.250000
JIRA,jira,project,2022-05_to_2022-08,2022-05,2022-08,DataFu,4,0,0.000000
JIRA,jira,project,2022-05_to_2022-08,2022-05,2022-08,Database as a Service,275,5,0.018182
JIRA,jira,project,2022-05_to_2022-08,2022-05,2022-08,Debezium,480,173,0.360417
JIRA,jira,project,2022-05_to_2022-08,2022-05,2022-08,Derby (Retired),7,5,0.714286
JIRA,jira,project,2022-05_to_2022-08,2022-05,2022-08,Directory,1,1,1.000000
JIRA,jira,project,2022-05_to_2022-08,2022-05,2022-08,Directory ApacheDS,2,1,0.500000
JIRA,jira,project,2022-05_to_2022-08,2022-05,2022-08,Directory Client API,3,1,0.333333
JIRA,jira,project,2022-05_to_2022-08,2022-05,2022-08,Directory Studio,5,1,0.200000
JIRA,jira,project,2022-05_to_2022-08,2022-05,2022-08,Distributed Tracing,121,4,0.033058
JIRA,jira,project,2022-05_to_2022-08,2022-05,2022-08,Docs for Red Hat Developers,218,6,0.027523
JIRA,jira,project,2022-05_to_2022-08,2022-05,2022-08,Drivers,81,3,0.037037
JIRA,jira,project,2022-05_to_2022-08,2022-05,2022-08,Drools,191,23,0.120419
JIRA,jira,project,2022-05_to_2022-08,2022-05,2022-08,EAP Documentation,64,0,0.000000
JIRA,jira,project,2022-05_to_2022-08,2022-05,2022-08,EJB Client Library (AS7+),13,4,0.307692
JIRA,jira,project,2022-05_to_2022-08,2022-05,2022-08,ENTSBT,1,0,0.000000
JIRA,jira,project,2022-05_to_2022-08,2022-05,2022-08,Elytron Web,14,0,0.000000
JIRA,jira,project,2022-05_to_2022-08,2022-05,2022-08,Empire,6,0,0.000000
JIRA,jira,project,2022-05_to_2022-08,2022-05,2022-08,FOP,24,8,0.333333
JIRA,jira,project,2022-05_to_2022-08,2022-05,2022-08,FORTRESS,2,0,0.000000
JIRA,jira,project,2022-05_to_2022-08,2022-05,2022-08,Fedora,141,62,0.439716
JIRA,jira,project,2022-05_to_2022-08,2022-05,2022-08,Felix,38,9,0.236842
JIRA,jira,project,2022-05_to_2022-08,2022-05,2022-08,Fidelis AI,61,1,0.016393
JIRA,jira,project,2022-05_to_2022-08,2022-05,2022-08,Fineract Cloud Native,2,0,0.000000
JIRA,jira,project,2022-05_to_2022-08,2022-05,2022-08,FishEye,8,3,0.375000
JIRA,jira,project,2022-05_to_2022-08,2022-05,2022-08,Flink,1698,332,0.195524
JIRA,jira,project,2022-05_to_2022-08,2022-05,2022-08,Flume,12,2,0.166667
JIRA,jira,project,2022-05_to_2022-08,2022-05,2022-08,Forge,104,14,0.134615
JIRA,jira,project,2022-05_to_2022-08,2022-05,2022-08,FtpServer,1,0,0.000000
JIRA,jira,project,2022-05_to_2022-08,2022-05,2022-08,Fuse Tooling,18,2,0.111111
JIRA,jira,project,2022-05_to_2022-08,2022-05,2022-08,Fuse/AMQ Documentation,33,1,0.030303
JIRA,jira,project,2022-05_to_2022-08,2022-05,2022-08,GBuild,4,0,0.000000
JIRA,jira,project,2022-05_to_2022-08,2022-05,2022-08,Geode,141,42,0.297872
JIRA,jira,project,2022-05_to_2022-08,2022-05,2022-08,Giraph (Retired),1,0,0.000000
JIRA,jira,project,2022-05_to_2022-08,2022-05,2022-08,Go Driver,126,10,0.079365
JIRA,jira,project,2022-05_to_2022-08,2022-05,2022-08,Griffin (Retired),2,1,0.500000
JIRA,jira,project,2022-05_to_2022-08,2022-05,2022-08,Groovy,123,51,0.414634
JIRA,jira,project,2022-05_to_2022-08,2022-05,2022-08,Guacamole,82,22,0.268293
JIRA,jira,project,2022-05_to_2022-08,2022-05,2022-08,HAL,15,5,0.333333
JIRA,jira,project,2022-05_to_2022-08,2022-05,2022-08,HBase,359,80,0.222841
JIRA,jira,project,2022-05_to_2022-08,2022-05,2022-08,Hadoop Common,214,99,0.462617
JIRA,jira,project,2022-05_to_2022-08,2022-05,2022-08,Hadoop HDFS,182,96,0.527473
JIRA,jira,project,2022-05_to_2022-08,2022-05,2022-08,Hadoop Map/Reduce,32,20,0.625000
JIRA,jira,project,2022-05_to_2022-08,2022-05,2022-08,Hadoop YARN,166,83,0.500000
JIRA,jira,project,2022-05_to_2022-08,2022-05,2022-08,HawtIO,1,1,1.000000
JIRA,jira,project,2022-05_to_2022-08,2022-05,2022-08,Hive,316,90,0.284810
JIRA,jira,project,2022-05_to_2022-08,2022-05,2022-08,Hivemall,1,0,0.000000
JIRA,jira,project,2022-05_to_2022-08,2022-05,2022-08,HttpComponents HttpClient,19,7,0.368421
JIRA,jira,project,2022-05_to_2022-08,2022-05,2022-08,HttpComponents HttpCore,12,4,0.333333
JIRA,jira,project,2022-05_to_2022-08,2022-05,2022-08,Hybrid Cloud Console,896,46,0.051339
JIRA,jira,project,2022-05_to_2022-08,2022-05,2022-08,Hybrid Cloud Console Docs Feedback,19,0,0.000000
JIRA,jira,project,2022-05_to_2022-08,2022-05,2022-08,Hybrid Cloud Infrastructure Documentation,20,0,0.000000
JIRA,jira,project,2022-05_to_2022-08,2022-05,2022-08,IMPALA,272,90,0.330882
JIRA,jira,project,2022-05_to_2022-08,2022-05,2022-08,Identity,16,2,0.125000
JIRA,jira,project,2022-05_to_2022-08,2022-05,2022-08,Ignite,686,108,0.157434
JIRA,jira,project,2022-05_to_2022-08,2022-05,2022-08,Insights Experiences,11,0,0.000000
JIRA,jira,project,2022-05_to_2022-08,2022-05,2022-08,Insights Rule Analysis Tool,6,2,0.333333
JIRA,jira,project,2022-05_to_2022-08,2022-05,2022-08,IronJacamar,6,1,0.166667
JIRA,jira,project,2022-05_to_2022-08,2022-05,2022-08,Ivy,1,0,0.000000
JIRA,jira,project,2022-05_to_2022-08,2022-05,2022-08,IvyDE (Retired),1,1,1.000000
JIRA,jira,project,2022-05_to_2022-08,2022-05,2022-08,JBeret,32,5,0.156250
JIRA,jira,project,2022-05_to_2022-08,2022-05,2022-08,JBoss A,4,0,0.000000
JIRA,jira,project,2022-05_to_2022-08,2022-05,2022-08,JBoss Core Services,11,0,0.000000
JIRA,jira,project,2022-05_to_2022-08,2022-05,2022-08,JBoss Developer Materials,2,0,0.000000
JIRA,jira,project,2022-05_to_2022-08,2022-05,2022-08,JBoss Enterprise Application Platform,201,38,0.189055
JIRA,jira,project,2022-05_to_2022-08,2022-05,2022-08,JBoss Log Manager,1,0,0.000000
JIRA,jira,project,2022-05_to_2022-08,2022-05,2022-08,JBoss Logging,1,1,1.000000
JIRA,jira,project,2022-05_to_2022-08,2022-05,2022-08,JBoss Marshalling,2,0,0.000000
JIRA,jira,project,2022-05_to_2022-08,2022-05,2022-08,JBoss Metadata,7,0,0.000000
JIRA,jira,project,2022-05_to_2022-08,2022-05,2022-08,JBoss Remoting (3+),2,1,0.500000
JIRA,jira,project,2022-05_to_2022-08,2022-05,2022-08,JBoss Server Migration Tool,1,0,0.000000
JIRA,jira,project,2022-05_to_2022-08,2022-05,2022-08,JBoss Transaction Manager,85,24,0.282353
JIRA,jira,project,2022-05_to_2022-08,2022-05,2022-08,JBoss Web Server,43,5,0.116279
JIRA,jira,project,2022-05_to_2022-08,2022-05,2022-08,JBoss Web Services,40,8,0.200000
JIRA,jira,project,2022-05_to_2022-08,2022-05,2022-08,JDO,7,0,0.000000
JIRA,jira,project,2022-05_to_2022-08,2022-05,2022-08,JGroups,21,8,0.380952
JIRA,jira,project,2022-05_to_2022-08,2022-05,2022-08,Jackrabbit Content Repository,45,4,0.088889
JIRA,jira,project,2022-05_to_2022-08,2022-05,2022-08,Jackrabbit FileVault,20,5,0.250000
JIRA,jira,project,2022-05_to_2022-08,2022-05,2022-08,Jackrabbit Oak,160,39,0.243750
JIRA,jira,project,2022-05_to_2022-08,2022-05,2022-08,James Mailbox,1,0,0.000000
JIRA,jira,project,2022-05_to_2022-08,2022-05,2022-08,James Mailet,1,0,0.000000
JIRA,jira,project,2022-05_to_2022-08,2022-05,2022-08,James Mime4j,6,1,0.166667
JIRA,jira,project,2022-05_to_2022-08,2022-05,2022-08,James Server,54,8,0.148148
JIRA,jira,project,2022-05_to_2022-08,2022-05,2022-08,Java Driver,115,18,0.156522
JIRA,jira,project,2022-05_to_2022-08,2022-05,2022-08,Jetspeed 2 (Retired),1,1,1.000000
JIRA,jira,project,2022-05_to_2022-08,2022-05,2022-08,Jira Admin Support,4,0,0.000000
JIRA,jira,project,2022-05_to_2022-08,2022-05,2022-08,Jira Align,232,22,0.094828
JIRA,jira,project,2022-05_to_2022-08,2022-05,2022-08,Jira Cloud,38,1,0.026316
JIRA,jira,project,2022-05_to_2022-08,2022-05,2022-08,Jira Data Center,457,52,0.113786
JIRA,jira,project,2022-05_to_2022-08,2022-05,2022-08,Jira Performance Testing Tools,23,9,0.391304
JIRA,jira,project,2022-05_to_2022-08,2022-05,2022-08,Jira Platform Cloud,854,51,0.059719
JIRA,jira,project,2022-05_to_2022-08,2022-05,2022-08,Jira Service Management Cloud,458,21,0.045852
JIRA,jira,project,2022-05_to_2022-08,2022-05,2022-08,Jira Service Management Data Center,606,29,0.047855
JIRA,jira,project,2022-05_to_2022-08,2022-05,2022-08,Jira Software Data Center,136,14,0.102941
JIRA,jira,project,2022-05_to_2022-08,2022-05,2022-08,Jira Work Management Cloud,73,2,0.027397
JIRA,jira,project,2022-05_to_2022-08,2022-05,2022-08,Johnzon,18,3,0.166667
JIRA,jira,project,2022-05_to_2022-08,2022-05,2022-08,KIE Cloud,14,0,0.000000
JIRA,jira,project,2022-05_to_2022-08,2022-05,2022-08,Kafka,329,77,0.234043
JIRA,jira,project,2022-05_to_2022-08,2022-05,2022-08,Kafka Connector,16,6,0.375000
JIRA,jira,project,2022-05_to_2022-08,2022-05,2022-08,Karaf,102,13,0.127451
JIRA,jira,project,2022-05_to_2022-08,2022-05,2022-08,Knative Serving,36,7,0.194444
JIRA,jira,project,2022-05_to_2022-08,2022-05,2022-08,Kogito,774,42,0.054264
JIRA,jira,project,2022-05_to_2022-08,2022-05,2022-08,Konflux UI,1,0,0.000000
JIRA,jira,project,2022-05_to_2022-08,2022-05,2022-08,Konveyor Tackle,213,31,0.145540
JIRA,jira,project,2022-05_to_2022-08,2022-05,2022-08,Kotlin BSON,9,0,0.000000
JIRA,jira,project,2022-05_to_2022-08,2022-05,2022-08,Kudu,33,6,0.181818
JIRA,jira,project,2022-05_to_2022-08,2022-05,2022-08,Kylin,67,16,0.238806
JIRA,jira,project,2022-05_to_2022-08,2022-05,2022-08,Legal Discuss,7,0,0.000000
JIRA,jira,project,2022-05_to_2022-08,2022-05,2022-08,Libmongocrypt,49,7,0.142857
JIRA,jira,project,2022-05_to_2022-08,2022-05,2022-08,Livy,8,0,0.000000
JIRA,jira,project,2022-05_to_2022-08,2022-05,2022-08,Log4cxx,6,1,0.166667
JIRA,jira,project,2022-05_to_2022-08,2022-05,2022-08,Log4j 2,91,28,0.307692
JIRA,jira,project,2022-05_to_2022-08,2022-05,2022-08,Log4net,2,1,0.500000
JIRA,jira,project,2022-05_to_2022-08,2022-05,2022-08,Lucene ,129,22,0.170543
JIRA,jira,project,2022-05_to_2022-08,2022-05,2022-08,MI QE Achievements Project,65,0,0.000000
JIRA,jira,project,2022-05_to_2022-08,2022-05,2022-08,MINA,4,2,0.500000
JIRA,jira,project,2022-05_to_2022-08,2022-05,2022-08,MINA SSHD,28,11,0.392857
JIRA,jira,project,2022-05_to_2022-08,2022-05,2022-08,Machine Config Operator,98,3,0.030612
JIRA,jira,project,2022-05_to_2022-08,2022-05,2022-08,Maistra,5,0,0.000000
JIRA,jira,project,2022-05_to_2022-08,2022-05,2022-08,Managed Service ,1058,46,0.043478
JIRA,jira,project,2022-05_to_2022-08,2022-05,2022-08,Managed Services ,117,1,0.008547
JIRA,jira,project,2022-05_to_2022-08,2022-05,2022-08,ManifoldCF,18,4,0.222222
JIRA,jira,project,2022-05_to_2022-08,2022-05,2022-08,MariaDB ColumnStore,137,32,0.233577
JIRA,jira,project,2022-05_to_2022-08,2022-05,2022-08,MariaDB Connector/C,22,5,0.227273
JIRA,jira,project,2022-05_to_2022-08,2022-05,2022-08,MariaDB Connector/C++,5,1,0.200000
JIRA,jira,project,2022-05_to_2022-08,2022-05,2022-08,MariaDB Connector/J,34,11,0.323529
JIRA,jira,project,2022-05_to_2022-08,2022-05,2022-08,MariaDB Connector/ODBC,11,0,0.000000
JIRA,jira,project,2022-05_to_2022-08,2022-05,2022-08,MariaDB Connector/Python,21,9,0.428571
JIRA,jira,project,2022-05_to_2022-08,2022-05,2022-08,MariaDB Connector/R2DBC,2,0,0.000000
JIRA,jira,project,2022-05_to_2022-08,2022-05,2022-08,MariaDB Connector/node.js,24,9,0.375000
JIRA,jira,project,2022-05_to_2022-08,2022-05,2022-08,MariaDB Foundation Development,60,8,0.133333
JIRA,jira,project,2022-05_to_2022-08,2022-05,2022-08,MariaDB MaxScale,150,41,0.273333
JIRA,jira,project,2022-05_to_2022-08,2022-05,2022-08,MariaDB Server,969,579,0.597523
JIRA,jira,project,2022-05_to_2022-08,2022-05,2022-08,Maven (Moved to GitHub Issues),61,28,0.459016
JIRA,jira,project,2022-05_to_2022-08,2022-05,2022-08,Maven Antrun Plugin (Moved to GitHub Issues),1,0,0.000000
JIRA,jira,project,2022-05_to_2022-08,2022-05,2022-08,Maven Archetype (Moved to GitHub Issues),5,2,0.400000
JIRA,jira,project,2022-05_to_2022-08,2022-05,2022-08,Maven Artifact Plugin (Moved to GitHub Issues),2,0,0.000000
JIRA,jira,project,2022-05_to_2022-08,2022-05,2022-08,Maven Assembly Plugin (Moved to GitHub Issues),16,4,0.250000
JIRA,jira,project,2022-05_to_2022-08,2022-05,2022-08,Maven Build Cache Extension (Moved to GitHub Issues),7,4,0.571429
JIRA,jira,project,2022-05_to_2022-08,2022-05,2022-08,Maven Checkstyle Plugin (Moved to GitHub Issues),8,1,0.125000
JIRA,jira,project,2022-05_to_2022-08,2022-05,2022-08,Maven Compiler Plugin (Moved to GitHub Issues),9,3,0.333333
JIRA,jira,project,2022-05_to_2022-08,2022-05,2022-08,Maven Dependency Plugin (Moved to GitHub Issues),21,4,0.190476
JIRA,jira,project,2022-05_to_2022-08,2022-05,2022-08,Maven Deploy Plugin (Moved to GitHub Issues),8,0,0.000000
JIRA,jira,project,2022-05_to_2022-08,2022-05,2022-08,Maven Doxia (Moved to GitHub Issues),21,1,0.047619
JIRA,jira,project,2022-05_to_2022-08,2022-05,2022-08,Maven Doxia Sitetools (Moved to GitHub Issues),14,1,0.071429
JIRA,jira,project,2022-05_to_2022-08,2022-05,2022-08,Maven Doxia Tools (Moved to GitHub Issues),1,0,0.000000
JIRA,jira,project,2022-05_to_2022-08,2022-05,2022-08,Maven Enforcer Plugin (Moved to GitHub Issues),14,2,0.142857
JIRA,jira,project,2022-05_to_2022-08,2022-05,2022-08,Maven GPG Plugin (Moved to GitHub Issues),6,3,0.500000
JIRA,jira,project,2022-05_to_2022-08,2022-05,2022-08,Maven Help Plugin (Moved to GitHub Issues),5,0,0.000000
JIRA,jira,project,2022-05_to_2022-08,2022-05,2022-08,Maven Indexer (Moved to GitHub Issues),15,1,0.066667
JIRA,jira,project,2022-05_to_2022-08,2022-05,2022-08,Maven Install Plugin (Moved to GitHub Issues),2,0,0.000000
JIRA,jira,project,2022-05_to_2022-08,2022-05,2022-08,Maven Invoker Plugin (Moved to GitHub Issues),9,0,0.000000
JIRA,jira,project,2022-05_to_2022-08,2022-05,2022-08,Maven JAR Plugin (Moved to GitHub Issues),4,1,0.250000
JIRA,jira,project,2022-05_to_2022-08,2022-05,2022-08,Maven JXR (Moved to GitHub Issues),6,1,0.166667
JIRA,jira,project,2022-05_to_2022-08,2022-05,2022-08,Maven Javadoc Plugin (Moved to GitHub Issues),13,4,0.307692
JIRA,jira,project,2022-05_to_2022-08,2022-05,2022-08,Maven PDF Plugin (RETIRED),2,0,0.000000
JIRA,jira,project,2022-05_to_2022-08,2022-05,2022-08,Maven PMD Plugin (Moved to GitHub Issues),18,1,0.055556
JIRA,jira,project,2022-05_to_2022-08,2022-05,2022-08,Maven POMs (Moved to GitHub issues),24,1,0.041667
JIRA,jira,project,2022-05_to_2022-08,2022-05,2022-08,Maven Plugin Testing  (Moved to GitHub Issues),1,0,0.000000
JIRA,jira,project,2022-05_to_2022-08,2022-05,2022-08,Maven Plugin Tools (Moved to GitHub Issues),24,5,0.208333
JIRA,jira,project,2022-05_to_2022-08,2022-05,2022-08,Maven Project Info Reports Plugin (Moved to GitHub Issues),6,0,0.000000
JIRA,jira,project,2022-05_to_2022-08,2022-05,2022-08,Maven Project Web Site (Moved to GitHub Issues),6,1,0.166667
JIRA,jira,project,2022-05_to_2022-08,2022-05,2022-08,Maven Release Plugin (Moved to GitHub Issues),16,4,0.250000
JIRA,jira,project,2022-05_to_2022-08,2022-05,2022-08,Maven Remote Resources Plugin (Moved to GitHub Issues),3,1,0.333333
JIRA,jira,project,2022-05_to_2022-08,2022-05,2022-08,Maven Resolver (Moved to GitHub Issues),15,4,0.266667
JIRA,jira,project,2022-05_to_2022-08,2022-05,2022-08,Maven Resources Plugin (Moved to GitHub Issues),3,2,0.666667
JIRA,jira,project,2022-05_to_2022-08,2022-05,2022-08,Maven SCM (Moved to GitHub Issues),21,9,0.428571
JIRA,jira,project,2022-05_to_2022-08,2022-05,2022-08,Maven SCM Publish Plugin (Moved to GitHub Issues),1,0,0.000000
JIRA,jira,project,2022-05_to_2022-08,2022-05,2022-08,Maven Scripting (Moved to GitHub Issues),1,0,0.000000
JIRA,jira,project,2022-05_to_2022-08,2022-05,2022-08,Maven Shade Plugin (Moved to GitHub Issues),6,2,0.333333
JIRA,jira,project,2022-05_to_2022-08,2022-05,2022-08,Maven Shared Components,55,3,0.054545
JIRA,jira,project,2022-05_to_2022-08,2022-05,2022-08,Maven Site Plugin (Moved to GitHub Issues),9,0,0.000000
JIRA,jira,project,2022-05_to_2022-08,2022-05,2022-08,Maven Skins (Moved to GitHub Issues),13,1,0.076923
JIRA,jira,project,2022-05_to_2022-08,2022-05,2022-08,Maven Source Plugin (Moved to GitHub Issues),2,0,0.000000
JIRA,jira,project,2022-05_to_2022-08,2022-05,2022-08,Maven Surefire (Moved to GitHub Issues),34,14,0.411765
JIRA,jira,project,2022-05_to_2022-08,2022-05,2022-08,Maven Toolchains Plugin (Moved to GitHub Issues),4,0,0.000000
JIRA,jira,project,2022-05_to_2022-08,2022-05,2022-08,Maven WAR Plugin (Moved to GitHub Issues),1,0,0.000000
JIRA,jira,project,2022-05_to_2022-08,2022-05,2022-08,Maven Wagon (Moved to GitHub Issues),3,1,0.333333
JIRA,jira,project,2022-05_to_2022-08,2022-05,2022-08,Maven Wrapper (Moved to GitHub Issues),14,6,0.428571
JIRA,jira,project,2022-05_to_2022-08,2022-05,2022-08,Meecrowave,2,0,0.000000
JIRA,jira,project,2022-05_to_2022-08,2022-05,2022-08,MicroShift,16,7,0.437500
JIRA,jira,project,2022-05_to_2022-08,2022-05,2022-08,Migration Platform,53,15,0.283019
JIRA,jira,project,2022-05_to_2022-08,2022-05,2022-08,Migration Toolkit for Applications,9,0,0.000000
JIRA,jira,project,2022-05_to_2022-08,2022-05,2022-08,Migration Toolkit for Virtualization,60,5,0.083333
JIRA,jira,project,2022-05_to_2022-08,2022-05,2022-08,Milagro (Retired),1,0,0.000000
JIRA,jira,project,2022-05_to_2022-08,2022-05,2022-08,Mnemonic (Retired),19,3,0.157895
JIRA,jira,project,2022-05_to_2022-08,2022-05,2022-08,ModeShape,1,0,0.000000
JIRA,jira,project,2022-05_to_2022-08,2022-05,2022-08,Modular Service Container,20,0,0.000000
JIRA,jira,project,2022-05_to_2022-08,2022-05,2022-08,MongoDB Database Tools,74,10,0.135135
JIRA,jira,project,2022-05_to_2022-08,2022-05,2022-08,MongoDB Shell,63,13,0.206349
JIRA,jira,project,2022-05_to_2022-08,2022-05,2022-08,Mongoid,134,19,0.141791
JIRA,jira,project,2022-05_to_2022-08,2022-05,2022-08,Motor,67,5,0.074627
JIRA,jira,project,2022-05_to_2022-08,2022-05,2022-08,Multiple Architecture Enablement,112,22,0.196429
JIRA,jira,project,2022-05_to_2022-08,2022-05,2022-08,MyFaces Core,16,7,0.437500
JIRA,jira,project,2022-05_to_2022-08,2022-05,2022-08,MyFaces Tobago,26,0,0.000000
JIRA,jira,project,2022-05_to_2022-08,2022-05,2022-08,NLPCraft (Retired),16,1,0.062500
JIRA,jira,project,2022-05_to_2022-08,2022-05,2022-08,NetBeans,17,3,0.176471
JIRA,jira,project,2022-05_to_2022-08,2022-05,2022-08,Network Edge,113,3,0.026549
JIRA,jira,project,2022-05_to_2022-08,2022-05,2022-08,Network Hardware Enablement,4,0,0.000000
JIRA,jira,project,2022-05_to_2022-08,2022-05,2022-08,Network Observability,232,18,0.077586
JIRA,jira,project,2022-05_to_2022-08,2022-05,2022-08,NiFi Registry ,1,0,0.000000
JIRA,jira,project,2022-05_to_2022-08,2022-05,2022-08,Node.js Driver,361,64,0.177285
JIRA,jira,project,2022-05_to_2022-08,2022-05,2022-08,Nutch,25,7,0.280000
JIRA,jira,project,2022-05_to_2022-08,2022-05,2022-08,OCMUI ,106,3,0.028302
JIRA,jira,project,2022-05_to_2022-08,2022-05,2022-08,OCP Technical Release Team,300,70,0.233333
JIRA,jira,project,2022-05_to_2022-08,2022-05,2022-08,OFBiz,81,16,0.197531
JIRA,jira,project,2022-05_to_2022-08,2022-05,2022-08,OPCT ,34,8,0.235294
JIRA,jira,project,2022-05_to_2022-08,2022-05,2022-08,ORC,101,3,0.029703
JIRA,jira,project,2022-05_to_2022-08,2022-05,2022-08,Observability Documentation,21,0,0.000000
JIRA,jira,project,2022-05_to_2022-08,2022-05,2022-08,Observability UI,1,0,0.000000
JIRA,jira,project,2022-05_to_2022-08,2022-05,2022-08,Observability and Data Analysis Program,22,2,0.090909
JIRA,jira,project,2022-05_to_2022-08,2022-05,2022-08,Olingo,15,5,0.333333
JIRA,jira,project,2022-05_to_2022-08,2022-05,2022-08,On Prem Networking,54,3,0.055556
JIRA,jira,project,2022-05_to_2022-08,2022-05,2022-08,Oozie (Retired),6,4,0.666667
JIRA,jira,project,2022-05_to_2022-08,2022-05,2022-08,Open Relevance Project,1,0,0.000000
JIRA,jira,project,2022-05_to_2022-08,2022-05,2022-08,OpenJDK,102,3,0.029412
JIRA,jira,project,2022-05_to_2022-08,2022-05,2022-08,OpenJPA,2,1,0.500000
JIRA,jira,project,2022-05_to_2022-08,2022-05,2022-08,OpenNLP,16,4,0.250000
JIRA,jira,project,2022-05_to_2022-08,2022-05,2022-08,OpenOffice,5,1,0.200000
JIRA,jira,project,2022-05_to_2022-08,2022-05,2022-08,OpenShift API Server,38,2,0.052632
JIRA,jira,project,2022-05_to_2022-08,2022-05,2022-08,OpenShift API for Data Protection,152,50,0.328947
JIRA,jira,project,2022-05_to_2022-08,2022-05,2022-08,OpenShift App Analytics,12,0,0.000000
JIRA,jira,project,2022-05_to_2022-08,2022-05,2022-08,OpenShift Authentication,77,5,0.064935
JIRA,jira,project,2022-05_to_2022-08,2022-05,2022-08,OpenShift Autoscaling,2,0,0.000000
JIRA,jira,project,2022-05_to_2022-08,2022-05,2022-08,OpenShift Bugs,761,278,0.365309
JIRA,jira,project,2022-05_to_2022-08,2022-05,2022-08,OpenShift BuildConfig,2,1,0.500000
JIRA,jira,project,2022-05_to_2022-08,2022-05,2022-08,OpenShift Builds,11,0,0.000000
JIRA,jira,project,2022-05_to_2022-08,2022-05,2022-08,OpenShift CFE,167,6,0.035928
JIRA,jira,project,2022-05_to_2022-08,2022-05,2022-08,OpenShift Cloud,110,9,0.081818
JIRA,jira,project,2022-05_to_2022-08,2022-05,2022-08,OpenShift Cloud Credential Operator,37,4,0.108108
JIRA,jira,project,2022-05_to_2022-08,2022-05,2022-08,OpenShift Console,127,2,0.015748
JIRA,jira,project,2022-05_to_2022-08,2022-05,2022-08,OpenShift Container Platform (OCP) Strategy,11,0,0.000000
JIRA,jira,project,2022-05_to_2022-08,2022-05,2022-08,OpenShift Core Networking,379,25,0.065963
JIRA,jira,project,2022-05_to_2022-08,2022-05,2022-08,OpenShift Edge,22,0,0.000000
JIRA,jira,project,2022-05_to_2022-08,2022-05,2022-08,OpenShift Etcd,23,0,0.000000
JIRA,jira,project,2022-05_to_2022-08,2022-05,2022-08,OpenShift GitOps,160,22,0.137500
JIRA,jira,project,2022-05_to_2022-08,2022-05,2022-08,OpenShift Hive,138,21,0.152174
JIRA,jira,project,2022-05_to_2022-08,2022-05,2022-08,OpenShift Hosted Control Plane,125,10,0.080000
JIRA,jira,project,2022-05_to_2022-08,2022-05,2022-08,OpenShift Image Registry,34,0,0.000000
JIRA,jira,project,2022-05_to_2022-08,2022-05,2022-08,OpenShift Installer,224,14,0.062500
JIRA,jira,project,2022-05_to_2022-08,2022-05,2022-08,OpenShift Jenkins,7,1,0.142857
JIRA,jira,project,2022-05_to_2022-08,2022-05,2022-08,OpenShift Logging,333,69,0.207207
JIRA,jira,project,2022-05_to_2022-08,2022-05,2022-08,OpenShift Migration Toolkit for Containers,45,1,0.022222
JIRA,jira,project,2022-05_to_2022-08,2022-05,2022-08,OpenShift Monitoring,151,8,0.052980
JIRA,jira,project,2022-05_to_2022-08,2022-05,2022-08,OpenShift Node,191,6,0.031414
JIRA,jira,project,2022-05_to_2022-08,2022-05,2022-08,OpenShift Over the Air,92,3,0.032609
JIRA,jira,project,2022-05_to_2022-08,2022-05,2022-08,OpenShift Pipelines,140,26,0.185714
JIRA,jira,project,2022-05_to_2022-08,2022-05,2022-08,OpenShift Pod Autoscaling,7,0,0.000000
JIRA,jira,project,2022-05_to_2022-08,2022-05,2022-08,OpenShift Request For Enhancement,305,13,0.042623
JIRA,jira,project,2022-05_to_2022-08,2022-05,2022-08,OpenShift Service Mesh,343,21,0.061224
JIRA,jira,project,2022-05_to_2022-08,2022-05,2022-08,OpenShift Specialist Platform Team,113,8,0.070796
JIRA,jira,project,2022-05_to_2022-08,2022-05,2022-08,OpenShift Storage,108,9,0.083333
JIRA,jira,project,2022-05_to_2022-08,2022-05,2022-08,OpenShift Top Level Product Strategy,21,0,0.000000
JIRA,jira,project,2022-05_to_2022-08,2022-05,2022-08,OpenShift UX Product Design,59,0,0.000000
JIRA,jira,project,2022-05_to_2022-08,2022-05,2022-08,OpenShift Virtualization,417,62,0.148681
JIRA,jira,project,2022-05_to_2022-08,2022-05,2022-08,OpenShift Windows Containers,59,6,0.101695
JIRA,jira,project,2022-05_to_2022-08,2022-05,2022-08,OpenShift Workloads,50,0,0.000000
JIRA,jira,project,2022-05_to_2022-08,2022-05,2022-08,OpenStack as Infra,80,1,0.012500
JIRA,jira,project,2022-05_to_2022-08,2022-05,2022-08,OpenWebBeans,11,2,0.181818
JIRA,jira,project,2022-05_to_2022-08,2022-05,2022-08,Openmeetings,20,8,0.400000
JIRA,jira,project,2022-05_to_2022-08,2022-05,2022-08,Openshift sandboxed containers,13,3,0.230769
JIRA,jira,project,2022-05_to_2022-08,2022-05,2022-08,Operator Ecosystem,185,7,0.037838
JIRA,jira,project,2022-05_to_2022-08,2022-05,2022-08,Operator Runtime,174,1,0.005747
JIRA,jira,project,2022-05_to_2022-08,2022-05,2022-08,Opsgenie,370,14,0.037838
JIRA,jira,project,2022-05_to_2022-08,2022-05,2022-08,OptaPlanner,82,11,0.134146
JIRA,jira,project,2022-05_to_2022-08,2022-05,2022-08,Origin Community Distribution of Kubernetes,50,2,0.040000
JIRA,jira,project,2022-05_to_2022-08,2022-05,2022-08,PDFBox,73,27,0.369863
JIRA,jira,project,2022-05_to_2022-08,2022-05,2022-08,PHP Driver: Extension,45,2,0.044444
JIRA,jira,project,2022-05_to_2022-08,2022-05,2022-08,PHP Driver: Library,62,1,0.016129
JIRA,jira,project,2022-05_to_2022-08,2022-05,2022-08,Parquet,38,15,0.394737
JIRA,jira,project,2022-05_to_2022-08,2022-05,2022-08,Performance and Scale for AI Platforms,140,5,0.035714
JIRA,jira,project,2022-05_to_2022-08,2022-05,2022-08,Phoenix,78,17,0.217949
JIRA,jira,project,2022-05_to_2022-08,2022-05,2022-08,Phoenix Omid,11,1,0.090909
JIRA,jira,project,2022-05_to_2022-08,2022-05,2022-08,Pig,3,1,0.333333
JIRA,jira,project,2022-05_to_2022-08,2022-05,2022-08,Pivot (Retired),1,0,0.000000
JIRA,jira,project,2022-05_to_2022-08,2022-05,2022-08,Podling Suitable Names Search,6,0,0.000000
JIRA,jira,project,2022-05_to_2022-08,2022-05,2022-08,Portals (Retired),2,0,0.000000
JIRA,jira,project,2022-05_to_2022-08,2022-05,2022-08,Portals Apps (Retired),1,1,1.000000
JIRA,jira,project,2022-05_to_2022-08,2022-05,2022-08,Portals Bridges (Retired),1,1,1.000000
JIRA,jira,project,2022-05_to_2022-08,2022-05,2022-08,Product Technical Learning,440,28,0.063636
JIRA,jira,project,2022-05_to_2022-08,2022-05,2022-08,Proforma Server & Data Centre,16,1,0.062500
JIRA,jira,project,2022-05_to_2022-08,2022-05,2022-08,Project Quay,437,84,0.192220
JIRA,jira,project,2022-05_to_2022-08,2022-05,2022-08,Pulsar (Retired),4,3,0.750000
JIRA,jira,project,2022-05_to_2022-08,2022-05,2022-08,PyLucene,2,1,0.500000
JIRA,jira,project,2022-05_to_2022-08,2022-05,2022-08,Python Driver,151,37,0.245033
JIRA,jira,project,2022-05_to_2022-08,2022-05,2022-08,Python Integrations,21,1,0.047619
JIRA,jira,project,2022-05_to_2022-08,2022-05,2022-08,"Qbs (""Cubes"")",12,2,0.166667
JIRA,jira,project,2022-05_to_2022-08,2022-05,2022-08,Qpid,11,5,0.454545
JIRA,jira,project,2022-05_to_2022-08,2022-05,2022-08,Qpid Dispatch,12,5,0.416667
JIRA,jira,project,2022-05_to_2022-08,2022-05,2022-08,Qpid JMS,9,2,0.222222
JIRA,jira,project,2022-05_to_2022-08,2022-05,2022-08,Qpid Proton,59,11,0.186441
JIRA,jira,project,2022-05_to_2022-08,2022-05,2022-08,Qt,3057,846,0.276742
JIRA,jira,project,2022-05_to_2022-08,2022-05,2022-08,Qt 3D Studio,1,0,0.000000
JIRA,jira,project,2022-05_to_2022-08,2022-05,2022-08,Qt Creator,457,131,0.286652
JIRA,jira,project,2022-05_to_2022-08,2022-05,2022-08,Qt Design Studio,567,53,0.093474
JIRA,jira,project,2022-05_to_2022-08,2022-05,2022-08,Qt Installer Framework,125,18,0.144000
JIRA,jira,project,2022-05_to_2022-08,2022-05,2022-08,Qt Project Website,16,2,0.125000
JIRA,jira,project,2022-05_to_2022-08,2022-05,2022-08,Qt Quality Assurance Infrastructure,134,18,0.134328
JIRA,jira,project,2022-05_to_2022-08,2022-05,2022-08,Qt Tools for Android,1,0,0.000000
JIRA,jira,project,2022-05_to_2022-08,2022-05,2022-08,Qt Visual Studio Tools,27,10,0.370370
JIRA,jira,project,2022-05_to_2022-08,2022-05,2022-08,Qt for Python,138,58,0.420290
JIRA,jira,project,2022-05_to_2022-08,2022-05,2022-08,Quarkus,249,11,0.044177
JIRA,jira,project,2022-05_to_2022-08,2022-05,2022-08,Quarkus Documentation,57,0,0.000000
JIRA,jira,project,2022-05_to_2022-08,2022-05,2022-08,RDO Project,3,0,0.000000
JIRA,jira,project,2022-05_to_2022-08,2022-05,2022-08,REST API Browser,1,0,0.000000
JIRA,jira,project,2022-05_to_2022-08,2022-05,2022-08,RESTEasy,71,6,0.084507
JIRA,jira,project,2022-05_to_2022-08,2022-05,2022-08,RH,47,6,0.127660
JIRA,jira,project,2022-05_to_2022-08,2022-05,2022-08,RHEL,6,4,0.666667
JIRA,jira,project,2022-05_to_2022-08,2022-05,2022-08,RHEL Conversions,57,24,0.421053
JIRA,jira,project,2022-05_to_2022-08,2022-05,2022-08,RHEL Testing,8,7,0.875000
JIRA,jira,project,2022-05_to_2022-08,2022-05,2022-08,Rampart,1,0,0.000000
JIRA,jira,project,2022-05_to_2022-08,2022-05,2022-08,Ranger,152,29,0.190789
JIRA,jira,project,2022-05_to_2022-08,2022-05,2022-08,Ratis,122,23,0.188525
JIRA,jira,project,2022-05_to_2022-08,2022-05,2022-08,Reactive JVM Platform,13,0,0.000000
JIRA,jira,project,2022-05_to_2022-08,2022-05,2022-08,Red Hat 3scale API Management,152,21,0.138158
JIRA,jira,project,2022-05_to_2022-08,2022-05,2022-08,Red Hat Advanced Cluster Management,187,13,0.069519
JIRA,jira,project,2022-05_to_2022-08,2022-05,2022-08,Red Hat Build of Apache Camel for Quarkus,1745,103,0.059026
JIRA,jira,project,2022-05_to_2022-08,2022-05,2022-08,Red Hat Cluster Management Cloud Services,67,1,0.014925
JIRA,jira,project,2022-05_to_2022-08,2022-05,2022-08,Red Hat Data Grid,46,16,0.347826
JIRA,jira,project,2022-05_to_2022-08,2022-05,2022-08,Red Hat Decision Manager,8,6,0.750000
JIRA,jira,project,2022-05_to_2022-08,2022-05,2022-08,Red Hat Directory Server,1,0,0.000000
JIRA,jira,project,2022-05_to_2022-08,2022-05,2022-08,Red Hat Fuse,237,54,0.227848
JIRA,jira,project,2022-05_to_2022-08,2022-05,2022-08,Red Hat Insights Engineering,2,1,0.500000
JIRA,jira,project,2022-05_to_2022-08,2022-05,2022-08,Red Hat Insights Strategy,2,0,0.000000
JIRA,jira,project,2022-05_to_2022-08,2022-05,2022-08,Red Hat OpenBridge,301,20,0.066445
JIRA,jira,project,2022-05_to_2022-08,2022-05,2022-08,Red Hat OpenShift Control Planes,1,0,0.000000
JIRA,jira,project,2022-05_to_2022-08,2022-05,2022-08,Red Hat OpenShift Data Science,945,21,0.022222
JIRA,jira,project,2022-05_to_2022-08,2022-05,2022-08,Red Hat OpenShift Dev Spaces (formerly CodeReady Workspaces),277,103,0.371841
JIRA,jira,project,2022-05_to_2022-08,2022-05,2022-08,Red Hat OpenStack Services on OpenShift,116,10,0.086207
JIRA,jira,project,2022-05_to_2022-08,2022-05,2022-08,Red Hat Process Automation Manager,78,24,0.307692
JIRA,jira,project,2022-05_to_2022-08,2022-05,2022-08,Red Hat Service Interconnect (Skupper),13,1,0.076923
JIRA,jira,project,2022-05_to_2022-08,2022-05,2022-08,Red Hat Workload Availability,1,0,0.000000
JIRA,jira,project,2022-05_to_2022-08,2022-05,2022-08,Red Hat build of Apache Camel for Spring Boot,83,15,0.180723
JIRA,jira,project,2022-05_to_2022-08,2022-05,2022-08,Ruby Driver,116,13,0.112069
JIRA,jira,project,2022-05_to_2022-08,2022-05,2022-08,Rust Driver,144,1,0.006944
JIRA,jira,project,2022-05_to_2022-08,2022-05,2022-08,Rya,1,0,0.000000
JIRA,jira,project,2022-05_to_2022-08,2022-05,2022-08,SAML for Atlassian Data Center,1,1,1.000000
JIRA,jira,project,2022-05_to_2022-08,2022-05,2022-08,Sakai,502,97,0.193227
JIRA,jira,project,2022-05_to_2022-08,2022-05,2022-08,Sakai Production/Pilot Deployments,1,0,0.000000
JIRA,jira,project,2022-05_to_2022-08,2022-05,2022-08,Samza,22,1,0.045455
JIRA,jira,project,2022-05_to_2022-08,2022-05,2022-08,Santuario,5,1,0.200000
JIRA,jira,project,2022-05_to_2022-08,2022-05,2022-08,Satellite,211,14,0.066351
JIRA,jira,project,2022-05_to_2022-08,2022-05,2022-08,Security Data,6,1,0.166667
JIRA,jira,project,2022-05_to_2022-08,2022-05,2022-08,Server Deployments and Scale,11,4,0.363636
JIRA,jira,project,2022-05_to_2022-08,2022-05,2022-08,Server Platform Frontend,5,0,0.000000
JIRA,jira,project,2022-05_to_2022-08,2022-05,2022-08,Serverless logic,18,0,0.000000
JIRA,jira,project,2022-05_to_2022-08,2022-05,2022-08,ServiceMix,156,5,0.032051
JIRA,jira,project,2022-05_to_2022-08,2022-05,2022-08,ServiceMix 4,1,0,0.000000
JIRA,jira,project,2022-05_to_2022-08,2022-05,2022-08,Shiro,7,1,0.142857
JIRA,jira,project,2022-05_to_2022-08,2022-05,2022-08,ShrinkWrap Resolvers,2,0,0.000000
JIRA,jira,project,2022-05_to_2022-08,2022-05,2022-08,Sidecar for Apache Cassandra,6,1,0.166667
JIRA,jira,project,2022-05_to_2022-08,2022-05,2022-08,Singa,8,0,0.000000
JIRA,jira,project,2022-05_to_2022-08,2022-05,2022-08,Sling,273,28,0.102564
JIRA,jira,project,2022-05_to_2022-08,2022-05,2022-08,Solr,189,51,0.269841
JIRA,jira,project,2022-05_to_2022-08,2022-05,2022-08,Sourcetree For Mac,53,13,0.245283
JIRA,jira,project,2022-05_to_2022-08,2022-05,2022-08,Sourcetree for Windows,57,12,0.210526
JIRA,jira,project,2022-05_to_2022-08,2022-05,2022-08,Spark,1214,212,0.174629
JIRA,jira,project,2022-05_to_2022-08,2022-05,2022-08,Spark Connector,21,5,0.238095
JIRA,jira,project,2022-05_to_2022-08,2022-05,2022-08,Spatial Information Systems,14,3,0.214286
JIRA,jira,project,2022-05_to_2022-08,2022-05,2022-08,Spring Boot & Cloud,1,1,1.000000
JIRA,jira,project,2022-05_to_2022-08,2022-05,2022-08,Statuspage,7,0,0.000000
JIRA,jira,project,2022-05_to_2022-08,2022-05,2022-08,Steve,1,0,0.000000
JIRA,jira,project,2022-05_to_2022-08,2022-05,2022-08,StreamPipes,46,4,0.086957
JIRA,jira,project,2022-05_to_2022-08,2022-05,2022-08,Streams (Retired) (Retired),1,0,0.000000
JIRA,jira,project,2022-05_to_2022-08,2022-05,2022-08,Struts 2,38,11,0.289474
JIRA,jira,project,2022-05_to_2022-08,2022-05,2022-08,Subscription Watch,22,2,0.090909
JIRA,jira,project,2022-05_to_2022-08,2022-05,2022-08,Subversion,10,6,0.600000
JIRA,jira,project,2022-05_to_2022-08,2022-05,2022-08,Superset,1,0,0.000000
JIRA,jira,project,2022-05_to_2022-08,2022-05,2022-08,Syncope,21,0,0.000000
JIRA,jira,project,2022-05_to_2022-08,2022-05,2022-08,SystemDS,70,10,0.142857
JIRA,jira,project,2022-05_to_2022-08,2022-05,2022-08,TEST Defect Tracking Project,136,0,0.000000
JIRA,jira,project,2022-05_to_2022-08,2022-05,2022-08,Tapestry 5,16,5,0.312500
JIRA,jira,project,2022-05_to_2022-08,2022-05,2022-08,Teiid,1,1,1.000000
JIRA,jira,project,2022-05_to_2022-08,2022-05,2022-08,Test Project,1,0,0.000000
JIRA,jira,project,2022-05_to_2022-08,2022-05,2022-08,Thrift,41,9,0.219512
JIRA,jira,project,2022-05_to_2022-08,2022-05,2022-08,Tika,99,16,0.161616
JIRA,jira,project,2022-05_to_2022-08,2022-05,2022-08,TinkerPop,49,20,0.408163
JIRA,jira,project,2022-05_to_2022-08,2022-05,2022-08,TomEE,100,11,0.110000
JIRA,jira,project,2022-05_to_2022-08,2022-05,2022-08,Tools (JBoss Tools),132,16,0.121212
JIRA,jira,project,2022-05_to_2022-08,2022-05,2022-08,Trinity,8,0,0.000000
JIRA,jira,project,2022-05_to_2022-08,2022-05,2022-08,UIMA,43,1,0.023256
JIRA,jira,project,2022-05_to_2022-08,2022-05,2022-08,Undertow,66,14,0.212121
JIRA,jira,project,2022-05_to_2022-08,2022-05,2022-08,Universal Plugin Manager,2,0,0.000000
JIRA,jira,project,2022-05_to_2022-08,2022-05,2022-08,VS Code Extension,6,0,0.000000
JIRA,jira,project,2022-05_to_2022-08,2022-05,2022-08,Velocity,3,0,0.000000
JIRA,jira,project,2022-05_to_2022-08,2022-05,2022-08,Velocity Tools,2,0,0.000000
JIRA,jira,project,2022-05_to_2022-08,2022-05,2022-08,Visual Design,32,0,0.000000
JIRA,jira,project,2022-05_to_2022-08,2022-05,2022-08,Visual Studio,19,0,0.000000
JIRA,jira,project,2022-05_to_2022-08,2022-05,2022-08,WINDUP ,101,8,0.079208
JIRA,jira,project,2022-05_to_2022-08,2022-05,2022-08,WINDUPRULE ,39,1,0.025641
JIRA,jira,project,2022-05_to_2022-08,2022-05,2022-08,WSS4J,1,0,0.000000
JIRA,jira,project,2022-05_to_2022-08,2022-05,2022-08,Web Terminal for OpenShift,12,1,0.083333
JIRA,jira,project,2022-05_to_2022-08,2022-05,2022-08,Weld,10,1,0.100000
JIRA,jira,project,2022-05_to_2022-08,2022-05,2022-08,Whimsy,3,0,0.000000
JIRA,jira,project,2022-05_to_2022-08,2022-05,2022-08,Wicket,21,3,0.142857
JIRA,jira,project,2022-05_to_2022-08,2022-05,2022-08,WildFly,552,61,0.110507
JIRA,jira,project,2022-05_to_2022-08,2022-05,2022-08,WildFly Arquillian,13,0,0.000000
JIRA,jira,project,2022-05_to_2022-08,2022-05,2022-08,WildFly Core,95,15,0.157895
JIRA,jira,project,2022-05_to_2022-08,2022-05,2022-08,WildFly Discovery,3,0,0.000000
JIRA,jira,project,2022-05_to_2022-08,2022-05,2022-08,WildFly EJB HTTP Client,4,1,0.250000
JIRA,jira,project,2022-05_to_2022-08,2022-05,2022-08,WildFly Elytron,69,4,0.057971
JIRA,jira,project,2022-05_to_2022-08,2022-05,2022-08,WildFly Elytron EE,13,0,0.000000
JIRA,jira,project,2022-05_to_2022-08,2022-05,2022-08,WildFly Elytron MicroProfile,2,0,0.000000
JIRA,jira,project,2022-05_to_2022-08,2022-05,2022-08,WildFly Maven Plugin,18,5,0.277778
JIRA,jira,project,2022-05_to_2022-08,2022-05,2022-08,WildFly Naming Client,3,2,0.666667
JIRA,jira,project,2022-05_to_2022-08,2022-05,2022-08,WildFly OpenSSL,12,1,0.083333
JIRA,jira,project,2022-05_to_2022-08,2022-05,2022-08,WildFly OpenSSL Natives,5,0,0.000000
JIRA,jira,project,2022-05_to_2022-08,2022-05,2022-08,WildFly WIP,36,10,0.277778
JIRA,jira,project,2022-05_to_2022-08,2022-05,2022-08,WiredTiger,556,234,0.420863
JIRA,jira,project,2022-05_to_2022-08,2022-05,2022-08,XBean,1,0,0.000000
JIRA,jira,project,2022-05_to_2022-08,2022-05,2022-08,XMLBeans,22,8,0.363636
JIRA,jira,project,2022-05_to_2022-08,2022-05,2022-08,XMLGraphicsCommons,1,1,1.000000
JIRA,jira,project,2022-05_to_2022-08,2022-05,2022-08,XalanC,1,1,1.000000
JIRA,jira,project,2022-05_to_2022-08,2022-05,2022-08,Xerces,2,0,0.000000
JIRA,jira,project,2022-05_to_2022-08,2022-05,2022-08,Xerces2,6,3,0.500000
JIRA,jira,project,2022-05_to_2022-08,2022-05,2022-08,Yetus,27,1,0.037037
JIRA,jira,project,2022-05_to_2022-08,2022-05,2022-08,Zeppelin,75,13,0.173333
JIRA,jira,project,2022-05_to_2022-08,2022-05,2022-08,ZooKeeper,54,14,0.259259
JIRA,jira,project,2022-05_to_2022-08,2022-05,2022-08,anaconda installer,2,0,0.000000
JIRA,jira,project,2022-05_to_2022-08,2022-05,2022-08,jBPM,44,20,0.454545
JIRA,jira,project,2022-05_to_2022-08,2022-05,2022-08,jUDDI (Retired),2,0,0.000000
JIRA,jira,project,2022-05_to_2022-08,2022-05,2022-08,jclouds (Retired) (Retired),12,7,0.583333
JIRA,jira,project,2022-05_to_2022-08,2022-05,2022-08,mod_cluster,14,6,0.428571
JIRA,jira,project,2022-05_to_2022-08,2022-05,2022-08,repository.jboss.org/nexus,30,8,0.266667
JIRA,jira,project,2022-05_to_2022-08,2022-05,2022-08,serf,1,0,0.000000
JIRA,jira,project,2022-09_to_2022-12,2022-09,2022-12,A,1,0,0.000000
JIRA,jira,project,2022-09_to_2022-12,2022-09,2022-12,AMQ Broker,253,35,0.138340
JIRA,jira,project,2022-09_to_2022-12,2022-09,2022-12,AMQ Clients,3,1,0.333333
JIRA,jira,project,2022-09_to_2022-12,2022-09,2022-12,AMQ Documentation,11,2,0.181818
JIRA,jira,project,2022-09_to_2022-12,2022-09,2022-12,AMQ Interconnect,2,1,0.500000
JIRA,jira,project,2022-09_to_2022-12,2022-09,2022-12,AMQ Streams,190,3,0.015789
JIRA,jira,project,2022-09_to_2022-12,2022-09,2022-12,APISIX,1,0,0.000000
JIRA,jira,project,2022-09_to_2022-12,2022-09,2022-12,ActiveMQ (Read,59,12,0.203390
JIRA,jira,project,2022-09_to_2022-12,2022-09,2022-12,ActiveMQ .Net,3,0,0.000000
JIRA,jira,project,2022-09_to_2022-12,2022-09,2022-12,ActiveMQ C++ Client,2,0,0.000000
JIRA,jira,project,2022-09_to_2022-12,2022-09,2022-12,ActiveObjects,1,0,0.000000
JIRA,jira,project,2022-09_to_2022-12,2022-09,2022-12,Admin Experience,42,5,0.119048
JIRA,jira,project,2022-09_to_2022-12,2022-09,2022-12,Agent,145,3,0.020690
JIRA,jira,project,2022-09_to_2022-12,2022-09,2022-12,Agroal,7,1,0.142857
JIRA,jira,project,2022-09_to_2022-12,2022-09,2022-12,Airavata,27,4,0.148148
JIRA,jira,project,2022-09_to_2022-12,2022-09,2022-12,Ambari,103,23,0.223301
JIRA,jira,project,2022-09_to_2022-12,2022-09,2022-12,Analytics,28,0,0.000000
JIRA,jira,project,2022-09_to_2022-12,2022-09,2022-12,Ansible Automation Platform RFEs,116,9,0.077586
JIRA,jira,project,2022-09_to_2022-12,2022-09,2022-12,Ansible Strategy,1,1,1.000000
JIRA,jira,project,2022-09_to_2022-12,2022-09,2022-12,Apache AGE,1,0,0.000000
JIRA,jira,project,2022-09_to_2022-12,2022-09,2022-12,Apache Any23 (Retired),1,0,0.000000
JIRA,jira,project,2022-09_to_2022-12,2022-09,2022-12,Apache Arrow,846,238,0.281324
JIRA,jira,project,2022-09_to_2022-12,2022-09,2022-12,Apache AsterixDB,25,1,0.040000
JIRA,jira,project,2022-09_to_2022-12,2022-09,2022-12,Apache Avro,74,17,0.229730
JIRA,jira,project,2022-09_to_2022-12,2022-09,2022-12,Apache Cassandra,247,83,0.336032
JIRA,jira,project,2022-09_to_2022-12,2022-09,2022-12,Apache Celeborn,182,16,0.087912
JIRA,jira,project,2022-09_to_2022-12,2022-09,2022-12,Apache Commons All,3,0,0.000000
JIRA,jira,project,2022-09_to_2022-12,2022-09,2022-12,Apache Coral,2,0,0.000000
JIRA,jira,project,2022-09_to_2022-12,2022-09,2022-12,Apache Curator,7,1,0.142857
JIRA,jira,project,2022-09_to_2022-12,2022-09,2022-12,Apache Datasketches,1,0,0.000000
JIRA,jira,project,2022-09_to_2022-12,2022-09,2022-12,Apache Drill,87,17,0.195402
JIRA,jira,project,2022-09_to_2022-12,2022-09,2022-12,Apache Fineract,125,4,0.032000
JIRA,jira,project,2022-09_to_2022-12,2022-09,2022-12,Apache Freemarker,5,2,0.400000
JIRA,jira,project,2022-09_to_2022-12,2022-09,2022-12,Apache Gobblin,63,2,0.031746
JIRA,jira,project,2022-09_to_2022-12,2022-09,2022-12,Apache HAWQ (Retired),7,0,0.000000
JIRA,jira,project,2022-09_to_2022-12,2022-09,2022-12,Apache Helix,5,0,0.000000
JIRA,jira,project,2022-09_to_2022-12,2022-09,2022-12,Apache Hop (Retired),464,62,0.133621
JIRA,jira,project,2022-09_to_2022-12,2022-09,2022-12,Apache Hudi,727,99,0.136176
JIRA,jira,project,2022-09_to_2022-12,2022-09,2022-12,Apache IoTDB,1027,186,0.181110
JIRA,jira,project,2022-09_to_2022-12,2022-09,2022-12,Apache Jena,2,0,0.000000
JIRA,jira,project,2022-09_to_2022-12,2022-09,2022-12,Apache Knox,62,7,0.112903
JIRA,jira,project,2022-09_to_2022-12,2022-09,2022-12,Apache MADlib,1,0,0.000000
JIRA,jira,project,2022-09_to_2022-12,2022-09,2022-12,Apache NetBeans Infra,5,2,0.400000
JIRA,jira,project,2022-09_to_2022-12,2022-09,2022-12,Apache NiFi,602,90,0.149502
JIRA,jira,project,2022-09_to_2022-12,2022-09,2022-12,Apache NiFi MiNiFi C++,87,3,0.034483
JIRA,jira,project,2022-09_to_2022-12,2022-09,2022-12,Apache NuttX,1,0,0.000000
JIRA,jira,project,2022-09_to_2022-12,2022-09,2022-12,Apache Ozone,520,70,0.134615
JIRA,jira,project,2022-09_to_2022-12,2022-09,2022-12,Apache PLC4X,6,3,0.500000
JIRA,jira,project,2022-09_to_2022-12,2022-09,2022-12,Apache RAT,3,1,0.333333
JIRA,jira,project,2022-09_to_2022-12,2022-09,2022-12,Apache Roller,1,0,0.000000
JIRA,jira,project,2022-09_to_2022-12,2022-09,2022-12,Apache S4 (Retired),7,0,0.000000
JIRA,jira,project,2022-09_to_2022-12,2022-09,2022-12,Apache Science Data Analytics Platform,24,2,0.083333
JIRA,jira,project,2022-09_to_2022-12,2022-09,2022-12,Apache Sedona,71,14,0.197183
JIRA,jira,project,2022-09_to_2022-12,2022-09,2022-12,Apache ServiceComb,73,1,0.013699
JIRA,jira,project,2022-09_to_2022-12,2022-09,2022-12,Apache Storm,8,3,0.375000
JIRA,jira,project,2022-09_to_2022-12,2022-09,2022-12,Apache Submarine,41,1,0.024390
JIRA,jira,project,2022-09_to_2022-12,2022-09,2022-12,Apache Tentacles,1,0,0.000000
JIRA,jira,project,2022-09_to_2022-12,2022-09,2022-12,Apache Tez,18,4,0.222222
JIRA,jira,project,2022-09_to_2022-12,2022-09,2022-12,Apache Tomcat Maven Plugin,1,0,0.000000
JIRA,jira,project,2022-09_to_2022-12,2022-09,2022-12,Apache Unomi,62,4,0.064516
JIRA,jira,project,2022-09_to_2022-12,2022-09,2022-12,Apache YuniKorn,219,16,0.073059
JIRA,jira,project,2022-09_to_2022-12,2022-09,2022-12,AppFormer,4,0,0.000000
JIRA,jira,project,2022-09_to_2022-12,2022-09,2022-12,Application Links,1,0,0.000000
JIRA,jira,project,2022-09_to_2022-12,2022-09,2022-12,Archiva (Retired),3,0,0.000000
JIRA,jira,project,2022-09_to_2022-12,2022-09,2022-12,Aries,21,0,0.000000
JIRA,jira,project,2022-09_to_2022-12,2022-09,2022-12,Arquillian,1,0,0.000000
JIRA,jira,project,2022-09_to_2022-12,2022-09,2022-12,Artemis,142,36,0.253521
JIRA,jira,project,2022-09_to_2022-12,2022-09,2022-12,Atlas,53,4,0.075472
JIRA,jira,project,2022-09_to_2022-12,2022-09,2022-12,Atlassian Cache,1,0,0.000000
JIRA,jira,project,2022-09_to_2022-12,2022-09,2022-12,Atlassian Cloud,31,3,0.096774
JIRA,jira,project,2022-09_to_2022-12,2022-09,2022-12,Atlassian Connect,4,0,0.000000
JIRA,jira,project,2022-09_to_2022-12,2022-09,2022-12,Atlassian Connect JavaScript API,3,0,0.000000
JIRA,jira,project,2022-09_to_2022-12,2022-09,2022-12,Atlassian Connect Spring Boot,6,1,0.166667
JIRA,jira,project,2022-09_to_2022-12,2022-09,2022-12,Atlassian Connect in Jira Cloud,27,2,0.074074
JIRA,jira,project,2022-09_to_2022-12,2022-09,2022-12,Atlassian Ecosystem,9,0,0.000000
JIRA,jira,project,2022-09_to_2022-12,2022-09,2022-12,Atlassian Guard,41,4,0.097561
JIRA,jira,project,2022-09_to_2022-12,2022-09,2022-12,Atlassian Intelligence,4,1,0.250000
JIRA,jira,project,2022-09_to_2022-12,2022-09,2022-12,Atlassian Internationalization,61,0,0.000000
JIRA,jira,project,2022-09_to_2022-12,2022-09,2022-12,Atlassian Marketplace,12,2,0.166667
JIRA,jira,project,2022-09_to_2022-12,2022-09,2022-12,Atlassian Maven Plugin Suite,8,2,0.250000
JIRA,jira,project,2022-09_to_2022-12,2022-09,2022-12,Atlassian OAuth 2.0,1,0,0.000000
JIRA,jira,project,2022-09_to_2022-12,2022-09,2022-12,Atlassian OAuth Plugin,2,0,0.000000
JIRA,jira,project,2022-09_to_2022-12,2022-09,2022-12,Atlassian Plugins,2,0,0.000000
JIRA,jira,project,2022-09_to_2022-12,2022-09,2022-12,Atlassian Plugins Webresources,1,0,0.000000
JIRA,jira,project,2022-09_to_2022-12,2022-09,2022-12,Atlassian Pretty URLs,2,0,0.000000
JIRA,jira,project,2022-09_to_2022-12,2022-09,2022-12,Atlassian Product Integrations,16,1,0.062500
JIRA,jira,project,2022-09_to_2022-12,2022-09,2022-12,Atlassian REST,2,0,0.000000
JIRA,jira,project,2022-09_to_2022-12,2022-09,2022-12,Atlassian Troubleshooting & Support Tools Plugin,3,0,0.000000
JIRA,jira,project,2022-09_to_2022-12,2022-09,2022-12,Atlassian User Interface,6,0,0.000000
JIRA,jira,project,2022-09_to_2022-12,2022-09,2022-12,Atlassian WebHooks Plugin,6,0,0.000000
JIRA,jira,project,2022-09_to_2022-12,2022-09,2022-12,Attic,3,1,0.333333
JIRA,jira,project,2022-09_to_2022-12,2022-09,2022-12,Automation for Cloud,101,9,0.089109
JIRA,jira,project,2022-09_to_2022-12,2022-09,2022-12,Automation for Jira Server,49,3,0.061224
JIRA,jira,project,2022-09_to_2022-12,2022-09,2022-12,Axiom,2,1,0.500000
JIRA,jira,project,2022-09_to_2022-12,2022-09,2022-12,Axis,1,1,1.000000
JIRA,jira,project,2022-09_to_2022-12,2022-09,2022-12,Axis2,9,3,0.333333
JIRA,jira,project,2022-09_to_2022-12,2022-09,2022-12,BRAND,2,0,0.000000
JIRA,jira,project,2022-09_to_2022-12,2022-09,2022-12,Bahir (Retired),5,1,0.200000
JIRA,jira,project,2022-09_to_2022-12,2022-09,2022-12,Bamboo Data Center,180,37,0.205556
JIRA,jira,project,2022-09_to_2022-12,2022-09,2022-12,Batik,17,0,0.000000
JIRA,jira,project,2022-09_to_2022-12,2022-09,2022-12,Bigtop,98,24,0.244898
JIRA,jira,project,2022-09_to_2022-12,2022-09,2022-12,Bitbucket Cloud,247,16,0.064777
JIRA,jira,project,2022-09_to_2022-12,2022-09,2022-12,Bitbucket Data Center,114,16,0.140351
JIRA,jira,project,2022-09_to_2022-12,2022-09,2022-12,BxMS Documentation,31,1,0.032258
JIRA,jira,project,2022-09_to_2022-12,2022-09,2022-12,Byteman,3,1,0.333333
JIRA,jira,project,2022-09_to_2022-12,2022-09,2022-12,C Driver,70,10,0.142857
JIRA,jira,project,2022-09_to_2022-12,2022-09,2022-12,C# Driver,158,23,0.145570
JIRA,jira,project,2022-09_to_2022-12,2022-09,2022-12,C++ Driver,48,5,0.104167
JIRA,jira,project,2022-09_to_2022-12,2022-09,2022-12,CXF,50,21,0.420000
JIRA,jira,project,2022-09_to_2022-12,2022-09,2022-12,Calcite,205,57,0.278049
JIRA,jira,project,2022-09_to_2022-12,2022-09,2022-12,Camel,411,67,0.163017
JIRA,jira,project,2022-09_to_2022-12,2022-09,2022-12,CarbonData,1,0,0.000000
JIRA,jira,project,2022-09_to_2022-12,2022-09,2022-12,Causeway,119,9,0.075630
JIRA,jira,project,2022-09_to_2022-12,2022-09,2022-12,Cayenne,32,3,0.093750
JIRA,jira,project,2022-09_to_2022-12,2022-09,2022-12,CentOS Stream Pipeline,82,22,0.268293
JIRA,jira,project,2022-09_to_2022-12,2022-09,2022-12,Cert Manager support for Red Hat OpenShift,5,1,0.200000
JIRA,jira,project,2022-09_to_2022-12,2022-09,2022-12,Certification Partner Experience Public,16,0,0.000000
JIRA,jira,project,2022-09_to_2022-12,2022-09,2022-12,Clair,4,0,0.000000
JIRA,jira,project,2022-09_to_2022-12,2022-09,2022-12,Client,1,1,1.000000
JIRA,jira,project,2022-09_to_2022-12,2022-09,2022-12,Cloud Enablement,19,2,0.105263
JIRA,jira,project,2022-09_to_2022-12,2022-09,2022-12,Cloud Infrastructure Security & Compliance,101,7,0.069307
JIRA,jira,project,2022-09_to_2022-12,2022-09,2022-12,Cloud Native Runtimes (CNR) Documentation,5,0,0.000000
JIRA,jira,project,2022-09_to_2022-12,2022-09,2022-12,Cluster Integration and Delivery,1,0,0.000000
JIRA,jira,project,2022-09_to_2022-12,2022-09,2022-12,Cluster Observability Operator,2,2,1.000000
JIRA,jira,project,2022-09_to_2022-12,2022-09,2022-12,Cockpit,1,0,0.000000
JIRA,jira,project,2022-09_to_2022-12,2022-09,2022-12,Cocoon (Retired),1,0,0.000000
JIRA,jira,project,2022-09_to_2022-12,2022-09,2022-12,Coin,57,5,0.087719
JIRA,jira,project,2022-09_to_2022-12,2022-09,2022-12,Commerce,3,0,0.000000
JIRA,jira,project,2022-09_to_2022-12,2022-09,2022-12,Commons BCEL,3,0,0.000000
JIRA,jira,project,2022-09_to_2022-12,2022-09,2022-12,Commons BeanUtils,1,0,0.000000
JIRA,jira,project,2022-09_to_2022-12,2022-09,2022-12,Commons CSV,3,0,0.000000
JIRA,jira,project,2022-09_to_2022-12,2022-09,2022-12,Commons Codec,1,0,0.000000
JIRA,jira,project,2022-09_to_2022-12,2022-09,2022-12,Commons Collections,4,0,0.000000
JIRA,jira,project,2022-09_to_2022-12,2022-09,2022-12,Commons Compress,12,5,0.416667
JIRA,jira,project,2022-09_to_2022-12,2022-09,2022-12,Commons Configuration,7,1,0.142857
JIRA,jira,project,2022-09_to_2022-12,2022-09,2022-12,Commons DBCP,3,1,0.333333
JIRA,jira,project,2022-09_to_2022-12,2022-09,2022-12,Commons Daemon,5,3,0.600000
JIRA,jira,project,2022-09_to_2022-12,2022-09,2022-12,Commons DbUtils,1,0,0.000000
JIRA,jira,project,2022-09_to_2022-12,2022-09,2022-12,Commons Email,1,0,0.000000
JIRA,jira,project,2022-09_to_2022-12,2022-09,2022-12,Commons IO,5,3,0.600000
JIRA,jira,project,2022-09_to_2022-12,2022-09,2022-12,Commons Imaging,2,1,0.500000
JIRA,jira,project,2022-09_to_2022-12,2022-09,2022-12,Commons JCS,1,1,1.000000
JIRA,jira,project,2022-09_to_2022-12,2022-09,2022-12,Commons JEXL,11,1,0.090909
JIRA,jira,project,2022-09_to_2022-12,2022-09,2022-12,Commons JXPath,2,0,0.000000
JIRA,jira,project,2022-09_to_2022-12,2022-09,2022-12,Commons Lang,3,2,0.666667
JIRA,jira,project,2022-09_to_2022-12,2022-09,2022-12,Commons Logging,1,0,0.000000
JIRA,jira,project,2022-09_to_2022-12,2022-09,2022-12,Commons Math,4,0,0.000000
JIRA,jira,project,2022-09_to_2022-12,2022-09,2022-12,Commons Net,3,1,0.333333
JIRA,jira,project,2022-09_to_2022-12,2022-09,2022-12,Commons Numbers,2,0,0.000000
JIRA,jira,project,2022-09_to_2022-12,2022-09,2022-12,Commons Pool,2,1,0.500000
JIRA,jira,project,2022-09_to_2022-12,2022-09,2022-12,Commons RNG,5,0,0.000000
JIRA,jira,project,2022-09_to_2022-12,2022-09,2022-12,Commons SCXML,1,0,0.000000
JIRA,jira,project,2022-09_to_2022-12,2022-09,2022-12,Commons Statistics,9,0,0.000000
JIRA,jira,project,2022-09_to_2022-12,2022-09,2022-12,Commons Text,6,2,0.333333
JIRA,jira,project,2022-09_to_2022-12,2022-09,2022-12,Commons VFS,5,1,0.200000
JIRA,jira,project,2022-09_to_2022-12,2022-09,2022-12,Commons Validator,3,1,0.333333
JIRA,jira,project,2022-09_to_2022-12,2022-09,2022-12,Community Development,4,0,0.000000
JIRA,jira,project,2022-09_to_2022-12,2022-09,2022-12,Compass,286,10,0.034965
JIRA,jira,project,2022-09_to_2022-12,2022-09,2022-12,Confluence Cloud,478,34,0.071130
JIRA,jira,project,2022-09_to_2022-12,2022-09,2022-12,Confluence Copy Space Plugin,1,0,0.000000
JIRA,jira,project,2022-09_to_2022-12,2022-09,2022-12,Confluence Data Center,254,52,0.204724
JIRA,jira,project,2022-09_to_2022-12,2022-09,2022-12,Container Tools,80,5,0.062500
JIRA,jira,project,2022-09_to_2022-12,2022-09,2022-12,Content Gateway,20,0,0.000000
JIRA,jira,project,2022-09_to_2022-12,2022-09,2022-12,Contrib: Big Blue Button,1,1,1.000000
JIRA,jira,project,2022-09_to_2022-12,2022-09,2022-12,Contrib: Clog,1,0,0.000000
JIRA,jira,project,2022-09_to_2022-12,2022-09,2022-12,Contrib: Evaluation System,2,1,0.500000
JIRA,jira,project,2022-09_to_2022-12,2022-09,2022-12,Contrib: SCORM Player,1,0,0.000000
JIRA,jira,project,2022-09_to_2022-12,2022-09,2022-12,Core Server,3074,363,0.118087
JIRA,jira,project,2022-09_to_2022-12,2022-09,2022-12,CoreOS OCP,188,20,0.106383
JIRA,jira,project,2022-09_to_2022-12,2022-09,2022-12,Cost Management,15,0,0.000000
JIRA,jira,project,2022-09_to_2022-12,2022-09,2022-12,Crowd Data Center,70,2,0.028571
JIRA,jira,project,2022-09_to_2022-12,2022-09,2022-12,Crucible,6,1,0.166667
JIRA,jira,project,2022-09_to_2022-12,2022-09,2022-12,Daffodil,36,6,0.166667
JIRA,jira,project,2022-09_to_2022-12,2022-09,2022-12,Data Foundation Bugs,1,1,1.000000
JIRA,jira,project,2022-09_to_2022-12,2022-09,2022-12,DataFu,5,2,0.400000
JIRA,jira,project,2022-09_to_2022-12,2022-09,2022-12,Database as a Service,177,4,0.022599
JIRA,jira,project,2022-09_to_2022-12,2022-09,2022-12,Debezium,358,124,0.346369
JIRA,jira,project,2022-09_to_2022-12,2022-09,2022-12,Derby (Retired),4,4,1.000000
JIRA,jira,project,2022-09_to_2022-12,2022-09,2022-12,Directory ApacheDS,7,3,0.428571
JIRA,jira,project,2022-09_to_2022-12,2022-09,2022-12,Directory Client API,2,1,0.500000
JIRA,jira,project,2022-09_to_2022-12,2022-09,2022-12,Directory Kerberos,4,1,0.250000
JIRA,jira,project,2022-09_to_2022-12,2022-09,2022-12,Directory Studio,1,0,0.000000
JIRA,jira,project,2022-09_to_2022-12,2022-09,2022-12,Distributed Tracing,103,6,0.058252
JIRA,jira,project,2022-09_to_2022-12,2022-09,2022-12,Docs for Red Hat Developers,306,8,0.026144
JIRA,jira,project,2022-09_to_2022-12,2022-09,2022-12,Drivers,60,1,0.016667
JIRA,jira,project,2022-09_to_2022-12,2022-09,2022-12,Drools,127,29,0.228346
JIRA,jira,project,2022-09_to_2022-12,2022-09,2022-12,EAP Documentation,88,0,0.000000
JIRA,jira,project,2022-09_to_2022-12,2022-09,2022-12,EJB Client Library (AS7+),32,12,0.375000
JIRA,jira,project,2022-09_to_2022-12,2022-09,2022-12,ENTSBT,33,7,0.212121
JIRA,jira,project,2022-09_to_2022-12,2022-09,2022-12,Elytron Web,8,0,0.000000
JIRA,jira,project,2022-09_to_2022-12,2022-09,2022-12,Empire,5,0,0.000000
JIRA,jira,project,2022-09_to_2022-12,2022-09,2022-12,FOP,22,8,0.363636
JIRA,jira,project,2022-09_to_2022-12,2022-09,2022-12,FORTRESS,4,2,0.500000
JIRA,jira,project,2022-09_to_2022-12,2022-09,2022-12,Fast Datapath Product,1,1,1.000000
JIRA,jira,project,2022-09_to_2022-12,2022-09,2022-12,Fedora,108,52,0.481481
JIRA,jira,project,2022-09_to_2022-12,2022-09,2022-12,Felix,25,2,0.080000
JIRA,jira,project,2022-09_to_2022-12,2022-09,2022-12,Fidelis AI,92,2,0.021739
JIRA,jira,project,2022-09_to_2022-12,2022-09,2022-12,FishEye,1,1,1.000000
JIRA,jira,project,2022-09_to_2022-12,2022-09,2022-12,Flink,1377,284,0.206245
JIRA,jira,project,2022-09_to_2022-12,2022-09,2022-12,Flume,9,2,0.222222
JIRA,jira,project,2022-09_to_2022-12,2022-09,2022-12,Forge,194,19,0.097938
JIRA,jira,project,2022-09_to_2022-12,2022-09,2022-12,FtpServer,4,1,0.250000
JIRA,jira,project,2022-09_to_2022-12,2022-09,2022-12,Fuse Tooling,12,4,0.333333
JIRA,jira,project,2022-09_to_2022-12,2022-09,2022-12,Fuse/AMQ Documentation,20,0,0.000000
JIRA,jira,project,2022-09_to_2022-12,2022-09,2022-12,Geode,21,2,0.095238
JIRA,jira,project,2022-09_to_2022-12,2022-09,2022-12,Go Driver,165,15,0.090909
JIRA,jira,project,2022-09_to_2022-12,2022-09,2022-12,Griffin (Retired),3,2,0.666667
JIRA,jira,project,2022-09_to_2022-12,2022-09,2022-12,Groovy,154,46,0.298701
JIRA,jira,project,2022-09_to_2022-12,2022-09,2022-12,Guacamole,54,16,0.296296
JIRA,jira,project,2022-09_to_2022-12,2022-09,2022-12,HAL,18,2,0.111111
JIRA,jira,project,2022-09_to_2022-12,2022-09,2022-12,HBase,195,38,0.194872
JIRA,jira,project,2022-09_to_2022-12,2022-09,2022-12,HMS ,3,0,0.000000
JIRA,jira,project,2022-09_to_2022-12,2022-09,2022-12,Hadoop Common,140,96,0.685714
JIRA,jira,project,2022-09_to_2022-12,2022-09,2022-12,Hadoop HDFS,124,89,0.717742
JIRA,jira,project,2022-09_to_2022-12,2022-09,2022-12,Hadoop Map/Reduce,21,14,0.666667
JIRA,jira,project,2022-09_to_2022-12,2022-09,2022-12,Hadoop YARN,114,87,0.763158
JIRA,jira,project,2022-09_to_2022-12,2022-09,2022-12,Hive,386,100,0.259067
JIRA,jira,project,2022-09_to_2022-12,2022-09,2022-12,HttpComponents HttpClient,23,11,0.478261
JIRA,jira,project,2022-09_to_2022-12,2022-09,2022-12,HttpComponents HttpCore,7,3,0.428571
JIRA,jira,project,2022-09_to_2022-12,2022-09,2022-12,Hybrid Cloud Console,820,39,0.047561
JIRA,jira,project,2022-09_to_2022-12,2022-09,2022-12,Hybrid Cloud Console Docs Feedback,24,2,0.083333
JIRA,jira,project,2022-09_to_2022-12,2022-09,2022-12,Hybrid Cloud Infrastructure Documentation,7,0,0.000000
JIRA,jira,project,2022-09_to_2022-12,2022-09,2022-12,IMPALA,265,92,0.347170
JIRA,jira,project,2022-09_to_2022-12,2022-09,2022-12,Identity,20,0,0.000000
JIRA,jira,project,2022-09_to_2022-12,2022-09,2022-12,Ignite,885,137,0.154802
JIRA,jira,project,2022-09_to_2022-12,2022-09,2022-12,Incubator,2,0,0.000000
JIRA,jira,project,2022-09_to_2022-12,2022-09,2022-12,Insights Experiences,208,18,0.086538
JIRA,jira,project,2022-09_to_2022-12,2022-09,2022-12,Insights Rule Analysis Tool,12,1,0.083333
JIRA,jira,project,2022-09_to_2022-12,2022-09,2022-12,IronJacamar,11,1,0.090909
JIRA,jira,project,2022-09_to_2022-12,2022-09,2022-12,Ivy,2,1,0.500000
JIRA,jira,project,2022-09_to_2022-12,2022-09,2022-12,IvyDE (Retired),2,0,0.000000
JIRA,jira,project,2022-09_to_2022-12,2022-09,2022-12,JBeret,7,0,0.000000
JIRA,jira,project,2022-09_to_2022-12,2022-09,2022-12,JBoss A,2,0,0.000000
JIRA,jira,project,2022-09_to_2022-12,2022-09,2022-12,JBoss Core Services,51,3,0.058824
JIRA,jira,project,2022-09_to_2022-12,2022-09,2022-12,JBoss Enterprise Application Platform,295,76,0.257627
JIRA,jira,project,2022-09_to_2022-12,2022-09,2022-12,JBoss Enterprise Application Platform 4 and 5,1,0,0.000000
JIRA,jira,project,2022-09_to_2022-12,2022-09,2022-12,JBoss Enterprise Spec APIs,4,1,0.250000
JIRA,jira,project,2022-09_to_2022-12,2022-09,2022-12,JBoss Log Manager,5,0,0.000000
JIRA,jira,project,2022-09_to_2022-12,2022-09,2022-12,JBoss Logging,10,0,0.000000
JIRA,jira,project,2022-09_to_2022-12,2022-09,2022-12,JBoss Marshalling,8,1,0.125000
JIRA,jira,project,2022-09_to_2022-12,2022-09,2022-12,JBoss Metadata,14,0,0.000000
JIRA,jira,project,2022-09_to_2022-12,2022-09,2022-12,JBoss Remoting (3+),6,1,0.166667
JIRA,jira,project,2022-09_to_2022-12,2022-09,2022-12,JBoss Server Migration Tool,10,1,0.100000
JIRA,jira,project,2022-09_to_2022-12,2022-09,2022-12,JBoss Transaction Manager,52,1,0.019231
JIRA,jira,project,2022-09_to_2022-12,2022-09,2022-12,JBoss VFS,6,0,0.000000
JIRA,jira,project,2022-09_to_2022-12,2022-09,2022-12,JBoss Web Server,25,5,0.200000
JIRA,jira,project,2022-09_to_2022-12,2022-09,2022-12,JBoss Web Services,20,2,0.100000
JIRA,jira,project,2022-09_to_2022-12,2022-09,2022-12,JDO,5,0,0.000000
JIRA,jira,project,2022-09_to_2022-12,2022-09,2022-12,JGroups,31,3,0.096774
JIRA,jira,project,2022-09_to_2022-12,2022-09,2022-12,JSPWiki,3,0,0.000000
JIRA,jira,project,2022-09_to_2022-12,2022-09,2022-12,Jackrabbit Content Repository,55,0,0.000000
JIRA,jira,project,2022-09_to_2022-12,2022-09,2022-12,Jackrabbit FileVault,25,2,0.080000
JIRA,jira,project,2022-09_to_2022-12,2022-09,2022-12,Jackrabbit Oak,136,23,0.169118
JIRA,jira,project,2022-09_to_2022-12,2022-09,2022-12,James Mailet,1,1,1.000000
JIRA,jira,project,2022-09_to_2022-12,2022-09,2022-12,James Mime4j,2,0,0.000000
JIRA,jira,project,2022-09_to_2022-12,2022-09,2022-12,James Server,59,9,0.152542
JIRA,jira,project,2022-09_to_2022-12,2022-09,2022-12,James jDKIM,1,0,0.000000
JIRA,jira,project,2022-09_to_2022-12,2022-09,2022-12,James jSPF,1,0,0.000000
JIRA,jira,project,2022-09_to_2022-12,2022-09,2022-12,Java Driver,100,15,0.150000
JIRA,jira,project,2022-09_to_2022-12,2022-09,2022-12,Jira Align,270,19,0.070370
JIRA,jira,project,2022-09_to_2022-12,2022-09,2022-12,Jira Cloud,42,1,0.023810
JIRA,jira,project,2022-09_to_2022-12,2022-09,2022-12,Jira Data Center,347,45,0.129683
JIRA,jira,project,2022-09_to_2022-12,2022-09,2022-12,Jira Performance Testing Tools,58,9,0.155172
JIRA,jira,project,2022-09_to_2022-12,2022-09,2022-12,Jira Platform Cloud,763,30,0.039318
JIRA,jira,project,2022-09_to_2022-12,2022-09,2022-12,Jira Service Management Cloud,329,13,0.039514
JIRA,jira,project,2022-09_to_2022-12,2022-09,2022-12,Jira Service Management Data Center,282,43,0.152482
JIRA,jira,project,2022-09_to_2022-12,2022-09,2022-12,Jira Software Data Center,107,11,0.102804
JIRA,jira,project,2022-09_to_2022-12,2022-09,2022-12,Jira Work Management Cloud,77,1,0.012987
JIRA,jira,project,2022-09_to_2022-12,2022-09,2022-12,Johnzon,3,0,0.000000
JIRA,jira,project,2022-09_to_2022-12,2022-09,2022-12,KIE Cloud,7,0,0.000000
JIRA,jira,project,2022-09_to_2022-12,2022-09,2022-12,Kafka,365,76,0.208219
JIRA,jira,project,2022-09_to_2022-12,2022-09,2022-12,Kafka Connector,14,2,0.142857
JIRA,jira,project,2022-09_to_2022-12,2022-09,2022-12,Karaf,86,11,0.127907
JIRA,jira,project,2022-09_to_2022-12,2022-09,2022-12,Kitty (Retired),1,0,0.000000
JIRA,jira,project,2022-09_to_2022-12,2022-09,2022-12,Knative Serving,41,12,0.292683
JIRA,jira,project,2022-09_to_2022-12,2022-09,2022-12,Kogito,532,57,0.107143
JIRA,jira,project,2022-09_to_2022-12,2022-09,2022-12,Konflux UI,3,0,0.000000
JIRA,jira,project,2022-09_to_2022-12,2022-09,2022-12,Konveyor Tackle,107,1,0.009346
JIRA,jira,project,2022-09_to_2022-12,2022-09,2022-12,Kotlin BSON,3,0,0.000000
JIRA,jira,project,2022-09_to_2022-12,2022-09,2022-12,Kudu,34,15,0.441176
JIRA,jira,project,2022-09_to_2022-12,2022-09,2022-12,Kylin,138,18,0.130435
JIRA,jira,project,2022-09_to_2022-12,2022-09,2022-12,Legal Discuss,10,0,0.000000
JIRA,jira,project,2022-09_to_2022-12,2022-09,2022-12,Libmongocrypt,31,7,0.225806
JIRA,jira,project,2022-09_to_2022-12,2022-09,2022-12,Livy,9,1,0.111111
JIRA,jira,project,2022-09_to_2022-12,2022-09,2022-12,Log4cxx,16,1,0.062500
JIRA,jira,project,2022-09_to_2022-12,2022-09,2022-12,Log4j 2,60,24,0.400000
JIRA,jira,project,2022-09_to_2022-12,2022-09,2022-12,Log4net,2,0,0.000000
JIRA,jira,project,2022-09_to_2022-12,2022-09,2022-12,MINA,1,0,0.000000
JIRA,jira,project,2022-09_to_2022-12,2022-09,2022-12,MINA SSHD,25,8,0.320000
JIRA,jira,project,2022-09_to_2022-12,2022-09,2022-12,Machine Config Operator,78,6,0.076923
JIRA,jira,project,2022-09_to_2022-12,2022-09,2022-12,Mahout,1,0,0.000000
JIRA,jira,project,2022-09_to_2022-12,2022-09,2022-12,Managed Service ,685,25,0.036496
JIRA,jira,project,2022-09_to_2022-12,2022-09,2022-12,Managed Services ,36,1,0.027778
JIRA,jira,project,2022-09_to_2022-12,2022-09,2022-12,ManifoldCF,13,3,0.230769
JIRA,jira,project,2022-09_to_2022-12,2022-09,2022-12,MariaDB ColumnStore,159,47,0.295597
JIRA,jira,project,2022-09_to_2022-12,2022-09,2022-12,MariaDB Connector/C,12,2,0.166667
JIRA,jira,project,2022-09_to_2022-12,2022-09,2022-12,MariaDB Connector/C++,6,1,0.166667
JIRA,jira,project,2022-09_to_2022-12,2022-09,2022-12,MariaDB Connector/J,31,10,0.322581
JIRA,jira,project,2022-09_to_2022-12,2022-09,2022-12,MariaDB Connector/ODBC,6,0,0.000000
JIRA,jira,project,2022-09_to_2022-12,2022-09,2022-12,MariaDB Connector/Python,20,12,0.600000
JIRA,jira,project,2022-09_to_2022-12,2022-09,2022-12,MariaDB Connector/R2DBC,10,0,0.000000
JIRA,jira,project,2022-09_to_2022-12,2022-09,2022-12,MariaDB Connector/node.js,15,1,0.066667
JIRA,jira,project,2022-09_to_2022-12,2022-09,2022-12,MariaDB Foundation Development,52,6,0.115385
JIRA,jira,project,2022-09_to_2022-12,2022-09,2022-12,MariaDB MaxScale,192,42,0.218750
JIRA,jira,project,2022-09_to_2022-12,2022-09,2022-12,MariaDB Server,884,534,0.604072
JIRA,jira,project,2022-09_to_2022-12,2022-09,2022-12,Maven (Moved to GitHub Issues),120,31,0.258333
JIRA,jira,project,2022-09_to_2022-12,2022-09,2022-12,Maven Antrun Plugin (Moved to GitHub Issues),1,0,0.000000
JIRA,jira,project,2022-09_to_2022-12,2022-09,2022-12,Maven Archetype (Moved to GitHub Issues),1,1,1.000000
JIRA,jira,project,2022-09_to_2022-12,2022-09,2022-12,Maven Artifact Plugin (Moved to GitHub Issues),2,0,0.000000
JIRA,jira,project,2022-09_to_2022-12,2022-09,2022-12,Maven Assembly Plugin (Moved to GitHub Issues),2,0,0.000000
JIRA,jira,project,2022-09_to_2022-12,2022-09,2022-12,Maven Build Cache Extension (Moved to GitHub Issues),13,4,0.307692
JIRA,jira,project,2022-09_to_2022-12,2022-09,2022-12,Maven Changes Plugin (Moved to GitHub Issues),2,0,0.000000
JIRA,jira,project,2022-09_to_2022-12,2022-09,2022-12,Maven Checkstyle Plugin (Moved to GitHub Issues),1,0,0.000000
JIRA,jira,project,2022-09_to_2022-12,2022-09,2022-12,Maven Clean Plugin (Moved to GitHub Issues),1,0,0.000000
JIRA,jira,project,2022-09_to_2022-12,2022-09,2022-12,Maven Compiler Plugin (Moved to GitHub Issues),12,7,0.583333
JIRA,jira,project,2022-09_to_2022-12,2022-09,2022-12,Maven Dependency Plugin (Moved to GitHub Issues),16,5,0.312500
JIRA,jira,project,2022-09_to_2022-12,2022-09,2022-12,Maven Deploy Plugin (Moved to GitHub Issues),1,0,0.000000
JIRA,jira,project,2022-09_to_2022-12,2022-09,2022-12,Maven Doxia (Moved to GitHub Issues),12,2,0.166667
JIRA,jira,project,2022-09_to_2022-12,2022-09,2022-12,Maven Doxia Sitetools (Moved to GitHub Issues),11,0,0.000000
JIRA,jira,project,2022-09_to_2022-12,2022-09,2022-12,Maven Doxia Tools (Moved to GitHub Issues),1,0,0.000000
JIRA,jira,project,2022-09_to_2022-12,2022-09,2022-12,Maven EAR Plugin (Moved to GitHub Issues),14,1,0.071429
JIRA,jira,project,2022-09_to_2022-12,2022-09,2022-12,Maven Enforcer Plugin (Moved to GitHub Issues),24,6,0.250000
JIRA,jira,project,2022-09_to_2022-12,2022-09,2022-12,Maven GPG Plugin (Moved to GitHub Issues),3,1,0.333333
JIRA,jira,project,2022-09_to_2022-12,2022-09,2022-12,Maven Help Plugin (Moved to GitHub Issues),3,1,0.333333
JIRA,jira,project,2022-09_to_2022-12,2022-09,2022-12,Maven Indexer (Moved to GitHub Issues),15,1,0.066667
JIRA,jira,project,2022-09_to_2022-12,2022-09,2022-12,Maven Install Plugin (Moved to GitHub Issues),10,2,0.200000
JIRA,jira,project,2022-09_to_2022-12,2022-09,2022-12,Maven Invoker Plugin (Moved to GitHub Issues),7,0,0.000000
JIRA,jira,project,2022-09_to_2022-12,2022-09,2022-12,Maven JAR Plugin (Moved to GitHub Issues),1,0,0.000000
JIRA,jira,project,2022-09_to_2022-12,2022-09,2022-12,Maven JDeps Plugin (Moved to GitHub Issues),1,0,0.000000
JIRA,jira,project,2022-09_to_2022-12,2022-09,2022-12,Maven JXR (Moved to GitHub Issues),2,0,0.000000
JIRA,jira,project,2022-09_to_2022-12,2022-09,2022-12,Maven Javadoc Plugin (Moved to GitHub Issues),10,2,0.200000
JIRA,jira,project,2022-09_to_2022-12,2022-09,2022-12,Maven PDF Plugin (RETIRED),2,0,0.000000
JIRA,jira,project,2022-09_to_2022-12,2022-09,2022-12,Maven PMD Plugin (Moved to GitHub Issues),7,0,0.000000
JIRA,jira,project,2022-09_to_2022-12,2022-09,2022-12,Maven POMs (Moved to GitHub issues),46,2,0.043478
JIRA,jira,project,2022-09_to_2022-12,2022-09,2022-12,Maven Plugin Testing  (Moved to GitHub Issues),5,0,0.000000
JIRA,jira,project,2022-09_to_2022-12,2022-09,2022-12,Maven Plugin Tools (Moved to GitHub Issues),27,9,0.333333
JIRA,jira,project,2022-09_to_2022-12,2022-09,2022-12,Maven Project Info Reports Plugin (Moved to GitHub Issues),2,0,0.000000
JIRA,jira,project,2022-09_to_2022-12,2022-09,2022-12,Maven Project Web Site (Moved to GitHub Issues),12,1,0.083333
JIRA,jira,project,2022-09_to_2022-12,2022-09,2022-12,Maven Release Plugin (Moved to GitHub Issues),9,3,0.333333
JIRA,jira,project,2022-09_to_2022-12,2022-09,2022-12,Maven Remote Resources Plugin (Moved to GitHub Issues),1,1,1.000000
JIRA,jira,project,2022-09_to_2022-12,2022-09,2022-12,Maven Resolver (Moved to GitHub Issues),38,9,0.236842
JIRA,jira,project,2022-09_to_2022-12,2022-09,2022-12,Maven Resources Plugin (Moved to GitHub Issues),3,1,0.333333
JIRA,jira,project,2022-09_to_2022-12,2022-09,2022-12,Maven SCM (Moved to GitHub Issues),3,1,0.333333
JIRA,jira,project,2022-09_to_2022-12,2022-09,2022-12,Maven SCM Publish Plugin (Moved to GitHub Issues),1,1,1.000000
JIRA,jira,project,2022-09_to_2022-12,2022-09,2022-12,Maven Shade Plugin (Moved to GitHub Issues),10,4,0.400000
JIRA,jira,project,2022-09_to_2022-12,2022-09,2022-12,Maven Shared Components,49,2,0.040816
JIRA,jira,project,2022-09_to_2022-12,2022-09,2022-12,Maven Site Plugin (Moved to GitHub Issues),9,0,0.000000
JIRA,jira,project,2022-09_to_2022-12,2022-09,2022-12,Maven Skins (Moved to GitHub Issues),3,1,0.333333
JIRA,jira,project,2022-09_to_2022-12,2022-09,2022-12,Maven Surefire (Moved to GitHub Issues),25,8,0.320000
JIRA,jira,project,2022-09_to_2022-12,2022-09,2022-12,Maven Toolchains Plugin (Moved to GitHub Issues),1,0,0.000000
JIRA,jira,project,2022-09_to_2022-12,2022-09,2022-12,Maven WAR Plugin (Moved to GitHub Issues),1,0,0.000000
JIRA,jira,project,2022-09_to_2022-12,2022-09,2022-12,Maven Wagon (Moved to GitHub Issues),2,0,0.000000
JIRA,jira,project,2022-09_to_2022-12,2022-09,2022-12,Maven Wrapper (Moved to GitHub Issues),9,2,0.222222
JIRA,jira,project,2022-09_to_2022-12,2022-09,2022-12,Meecrowave,4,1,0.250000
JIRA,jira,project,2022-09_to_2022-12,2022-09,2022-12,Mesos (Retired),1,0,0.000000
JIRA,jira,project,2022-09_to_2022-12,2022-09,2022-12,MicroShift,221,33,0.149321
JIRA,jira,project,2022-09_to_2022-12,2022-09,2022-12,Migration Platform,77,19,0.246753
JIRA,jira,project,2022-09_to_2022-12,2022-09,2022-12,Migration Toolkit for Applications,37,3,0.081081
JIRA,jira,project,2022-09_to_2022-12,2022-09,2022-12,Migration Toolkit for Virtualization,81,6,0.074074
JIRA,jira,project,2022-09_to_2022-12,2022-09,2022-12,Milagro (Retired),1,0,0.000000
JIRA,jira,project,2022-09_to_2022-12,2022-09,2022-12,Mnemonic (Retired),8,0,0.000000
JIRA,jira,project,2022-09_to_2022-12,2022-09,2022-12,Modular Service Container,47,0,0.000000
JIRA,jira,project,2022-09_to_2022-12,2022-09,2022-12,MongoDB Database Tools,45,5,0.111111
JIRA,jira,project,2022-09_to_2022-12,2022-09,2022-12,MongoDB Shell,51,7,0.137255
JIRA,jira,project,2022-09_to_2022-12,2022-09,2022-12,Mongoid,63,9,0.142857
JIRA,jira,project,2022-09_to_2022-12,2022-09,2022-12,Motor,52,7,0.134615
JIRA,jira,project,2022-09_to_2022-12,2022-09,2022-12,Multiple Architecture Enablement,164,18,0.109756
JIRA,jira,project,2022-09_to_2022-12,2022-09,2022-12,MyFaces Core,89,33,0.370787
JIRA,jira,project,2022-09_to_2022-12,2022-09,2022-12,MyFaces Tobago,30,1,0.033333
JIRA,jira,project,2022-09_to_2022-12,2022-09,2022-12,NLPCraft (Retired),9,1,0.111111
JIRA,jira,project,2022-09_to_2022-12,2022-09,2022-12,NetBeans,1,0,0.000000
JIRA,jira,project,2022-09_to_2022-12,2022-09,2022-12,Network Edge,68,3,0.044118
JIRA,jira,project,2022-09_to_2022-12,2022-09,2022-12,Network Hardware Enablement,17,0,0.000000
JIRA,jira,project,2022-09_to_2022-12,2022-09,2022-12,Network Observability,209,22,0.105263
JIRA,jira,project,2022-09_to_2022-12,2022-09,2022-12,Node.js Driver,297,29,0.097643
JIRA,jira,project,2022-09_to_2022-12,2022-09,2022-12,Nutch,10,6,0.600000
JIRA,jira,project,2022-09_to_2022-12,2022-09,2022-12,OCMUI ,80,5,0.062500
JIRA,jira,project,2022-09_to_2022-12,2022-09,2022-12,OCP Technical Release Team,211,60,0.284360
JIRA,jira,project,2022-09_to_2022-12,2022-09,2022-12,OFBiz,42,11,0.261905
JIRA,jira,project,2022-09_to_2022-12,2022-09,2022-12,OPCT ,41,13,0.317073
JIRA,jira,project,2022-09_to_2022-12,2022-09,2022-12,ORC,76,9,0.118421
JIRA,jira,project,2022-09_to_2022-12,2022-09,2022-12,Observability Documentation,30,1,0.033333
JIRA,jira,project,2022-09_to_2022-12,2022-09,2022-12,Observability UI,3,0,0.000000
JIRA,jira,project,2022-09_to_2022-12,2022-09,2022-12,Observability and Data Analysis Program,47,1,0.021277
JIRA,jira,project,2022-09_to_2022-12,2022-09,2022-12,Olingo,9,2,0.222222
JIRA,jira,project,2022-09_to_2022-12,2022-09,2022-12,On Prem Networking,40,0,0.000000
JIRA,jira,project,2022-09_to_2022-12,2022-09,2022-12,Oozie (Retired),43,26,0.604651
JIRA,jira,project,2022-09_to_2022-12,2022-09,2022-12,OpenJDK,197,2,0.010152
JIRA,jira,project,2022-09_to_2022-12,2022-09,2022-12,OpenNLP,46,4,0.086957
JIRA,jira,project,2022-09_to_2022-12,2022-09,2022-12,OpenShift API Server,42,5,0.119048
JIRA,jira,project,2022-09_to_2022-12,2022-09,2022-12,OpenShift API for Data Protection,291,101,0.347079
JIRA,jira,project,2022-09_to_2022-12,2022-09,2022-12,OpenShift App Analytics,2,0,0.000000
JIRA,jira,project,2022-09_to_2022-12,2022-09,2022-12,OpenShift Application Platform Engineering,1,0,0.000000
JIRA,jira,project,2022-09_to_2022-12,2022-09,2022-12,OpenShift Authentication,30,3,0.100000
JIRA,jira,project,2022-09_to_2022-12,2022-09,2022-12,OpenShift Autoscaling,4,0,0.000000
JIRA,jira,project,2022-09_to_2022-12,2022-09,2022-12,OpenShift Bugs,3162,1387,0.438646
JIRA,jira,project,2022-09_to_2022-12,2022-09,2022-12,OpenShift BuildConfig,5,0,0.000000
JIRA,jira,project,2022-09_to_2022-12,2022-09,2022-12,OpenShift Builds,14,0,0.000000
JIRA,jira,project,2022-09_to_2022-12,2022-09,2022-12,OpenShift CFE,133,2,0.015038
JIRA,jira,project,2022-09_to_2022-12,2022-09,2022-12,OpenShift Cloud,158,17,0.107595
JIRA,jira,project,2022-09_to_2022-12,2022-09,2022-12,OpenShift Cloud Credential Operator,27,4,0.148148
JIRA,jira,project,2022-09_to_2022-12,2022-09,2022-12,OpenShift Console,79,1,0.012658
JIRA,jira,project,2022-09_to_2022-12,2022-09,2022-12,OpenShift Container Platform (OCP) Strategy,104,0,0.000000
JIRA,jira,project,2022-09_to_2022-12,2022-09,2022-12,OpenShift Core Networking,197,8,0.040609
JIRA,jira,project,2022-09_to_2022-12,2022-09,2022-12,OpenShift Data Foundation Request For Enhancement,1,0,0.000000
JIRA,jira,project,2022-09_to_2022-12,2022-09,2022-12,OpenShift Edge,17,0,0.000000
JIRA,jira,project,2022-09_to_2022-12,2022-09,2022-12,OpenShift Etcd,29,1,0.034483
JIRA,jira,project,2022-09_to_2022-12,2022-09,2022-12,OpenShift GitOps,109,17,0.155963
JIRA,jira,project,2022-09_to_2022-12,2022-09,2022-12,OpenShift Hive,57,8,0.140351
JIRA,jira,project,2022-09_to_2022-12,2022-09,2022-12,OpenShift Hosted Control Plane,102,20,0.196078
JIRA,jira,project,2022-09_to_2022-12,2022-09,2022-12,OpenShift Image Registry,49,4,0.081633
JIRA,jira,project,2022-09_to_2022-12,2022-09,2022-12,OpenShift Installer,150,6,0.040000
JIRA,jira,project,2022-09_to_2022-12,2022-09,2022-12,OpenShift Jenkins,5,1,0.200000
JIRA,jira,project,2022-09_to_2022-12,2022-09,2022-12,OpenShift Logging,285,97,0.340351
JIRA,jira,project,2022-09_to_2022-12,2022-09,2022-12,OpenShift Migration Toolkit for Containers,10,1,0.100000
JIRA,jira,project,2022-09_to_2022-12,2022-09,2022-12,OpenShift Monitoring,97,8,0.082474
JIRA,jira,project,2022-09_to_2022-12,2022-09,2022-12,OpenShift Node,131,2,0.015267
JIRA,jira,project,2022-09_to_2022-12,2022-09,2022-12,OpenShift Over the Air,68,3,0.044118
JIRA,jira,project,2022-09_to_2022-12,2022-09,2022-12,OpenShift Pipelines,200,32,0.160000
JIRA,jira,project,2022-09_to_2022-12,2022-09,2022-12,OpenShift Pod Autoscaling,4,0,0.000000
JIRA,jira,project,2022-09_to_2022-12,2022-09,2022-12,OpenShift Request For Enhancement,272,5,0.018382
JIRA,jira,project,2022-09_to_2022-12,2022-09,2022-12,OpenShift Service Mesh,323,49,0.151703
JIRA,jira,project,2022-09_to_2022-12,2022-09,2022-12,OpenShift Specialist Platform Team,98,7,0.071429
JIRA,jira,project,2022-09_to_2022-12,2022-09,2022-12,OpenShift Storage,113,4,0.035398
JIRA,jira,project,2022-09_to_2022-12,2022-09,2022-12,OpenShift Top Level Product Strategy,27,1,0.037037
JIRA,jira,project,2022-09_to_2022-12,2022-09,2022-12,OpenShift UX Product Design,50,0,0.000000
JIRA,jira,project,2022-09_to_2022-12,2022-09,2022-12,OpenShift Virtualization,1378,160,0.116110
JIRA,jira,project,2022-09_to_2022-12,2022-09,2022-12,OpenShift Windows Containers,69,4,0.057971
JIRA,jira,project,2022-09_to_2022-12,2022-09,2022-12,OpenShift Workloads,54,5,0.092593
JIRA,jira,project,2022-09_to_2022-12,2022-09,2022-12,OpenStack as Infra,61,1,0.016393
JIRA,jira,project,2022-09_to_2022-12,2022-09,2022-12,OpenWebBeans,3,0,0.000000
JIRA,jira,project,2022-09_to_2022-12,2022-09,2022-12,Openmeetings,7,0,0.000000
JIRA,jira,project,2022-09_to_2022-12,2022-09,2022-12,Openshift sandboxed containers,20,4,0.200000
JIRA,jira,project,2022-09_to_2022-12,2022-09,2022-12,Operator Ecosystem,143,11,0.076923
JIRA,jira,project,2022-09_to_2022-12,2022-09,2022-12,Operator Runtime,89,2,0.022472
JIRA,jira,project,2022-09_to_2022-12,2022-09,2022-12,Opsgenie,335,16,0.047761
JIRA,jira,project,2022-09_to_2022-12,2022-09,2022-12,OptaPlanner,89,5,0.056180
JIRA,jira,project,2022-09_to_2022-12,2022-09,2022-12,Origin Community Distribution of Kubernetes,41,2,0.048780
JIRA,jira,project,2022-09_to_2022-12,2022-09,2022-12,PDFBox,58,24,0.413793
JIRA,jira,project,2022-09_to_2022-12,2022-09,2022-12,PHP Driver: Extension,43,2,0.046512
JIRA,jira,project,2022-09_to_2022-12,2022-09,2022-12,PHP Driver: Library,97,6,0.061856
JIRA,jira,project,2022-09_to_2022-12,2022-09,2022-12,PHP ORMs,6,0,0.000000
JIRA,jira,project,2022-09_to_2022-12,2022-09,2022-12,Parquet,38,11,0.289474
JIRA,jira,project,2022-09_to_2022-12,2022-09,2022-12,Performance and Scale for AI Platforms,66,1,0.015152
JIRA,jira,project,2022-09_to_2022-12,2022-09,2022-12,Phoenix,69,18,0.260870
JIRA,jira,project,2022-09_to_2022-12,2022-09,2022-12,Phoenix Omid,2,0,0.000000
JIRA,jira,project,2022-09_to_2022-12,2022-09,2022-12,Pig,3,0,0.000000
JIRA,jira,project,2022-09_to_2022-12,2022-09,2022-12,Podling Suitable Names Search,5,0,0.000000
JIRA,jira,project,2022-09_to_2022-12,2022-09,2022-12,Product Technical Learning,669,17,0.025411
JIRA,jira,project,2022-09_to_2022-12,2022-09,2022-12,Proforma Server & Data Centre,12,0,0.000000
JIRA,jira,project,2022-09_to_2022-12,2022-09,2022-12,Project Quay,316,82,0.259494
JIRA,jira,project,2022-09_to_2022-12,2022-09,2022-12,PyLucene,1,1,1.000000
JIRA,jira,project,2022-09_to_2022-12,2022-09,2022-12,Python Driver,116,31,0.267241
JIRA,jira,project,2022-09_to_2022-12,2022-09,2022-12,Python Integrations,17,3,0.176471
JIRA,jira,project,2022-09_to_2022-12,2022-09,2022-12,"Qbs (""Cubes"")",6,2,0.333333
JIRA,jira,project,2022-09_to_2022-12,2022-09,2022-12,Qpid,18,5,0.277778
JIRA,jira,project,2022-09_to_2022-12,2022-09,2022-12,Qpid Dispatch,1,1,1.000000
JIRA,jira,project,2022-09_to_2022-12,2022-09,2022-12,Qpid JMS,3,1,0.333333
JIRA,jira,project,2022-09_to_2022-12,2022-09,2022-12,Qpid Proton,65,6,0.092308
JIRA,jira,project,2022-09_to_2022-12,2022-09,2022-12,Qt,3370,866,0.256973
JIRA,jira,project,2022-09_to_2022-12,2022-09,2022-12,Qt 3D Studio,2,1,0.500000
JIRA,jira,project,2022-09_to_2022-12,2022-09,2022-12,Qt Creator,487,97,0.199179
JIRA,jira,project,2022-09_to_2022-12,2022-09,2022-12,Qt Design Studio,947,46,0.048574
JIRA,jira,project,2022-09_to_2022-12,2022-09,2022-12,Qt Installer Framework,163,11,0.067485
JIRA,jira,project,2022-09_to_2022-12,2022-09,2022-12,Qt Project Website,6,0,0.000000
JIRA,jira,project,2022-09_to_2022-12,2022-09,2022-12,Qt Quality Assurance Infrastructure,178,16,0.089888
JIRA,jira,project,2022-09_to_2022-12,2022-09,2022-12,Qt Tools for Android,1,0,0.000000
JIRA,jira,project,2022-09_to_2022-12,2022-09,2022-12,Qt Visual Studio Tools,42,9,0.214286
JIRA,jira,project,2022-09_to_2022-12,2022-09,2022-12,Qt WebBrowser,1,0,0.000000
JIRA,jira,project,2022-09_to_2022-12,2022-09,2022-12,Qt for Python,108,51,0.472222
JIRA,jira,project,2022-09_to_2022-12,2022-09,2022-12,Quarkus,204,23,0.112745
JIRA,jira,project,2022-09_to_2022-12,2022-09,2022-12,Quarkus Documentation,26,0,0.000000
JIRA,jira,project,2022-09_to_2022-12,2022-09,2022-12,Quick Reload,1,0,0.000000
JIRA,jira,project,2022-09_to_2022-12,2022-09,2022-12,RDO Project,27,0,0.000000
JIRA,jira,project,2022-09_to_2022-12,2022-09,2022-12,RESTEasy,60,7,0.116667
JIRA,jira,project,2022-09_to_2022-12,2022-09,2022-12,RH,59,8,0.135593
JIRA,jira,project,2022-09_to_2022-12,2022-09,2022-12,RHEL,21,7,0.333333
JIRA,jira,project,2022-09_to_2022-12,2022-09,2022-12,RHEL Conversions,45,15,0.333333
JIRA,jira,project,2022-09_to_2022-12,2022-09,2022-12,RHEL Documentation,1,0,0.000000
JIRA,jira,project,2022-09_to_2022-12,2022-09,2022-12,RHEL Testing,3,3,1.000000
JIRA,jira,project,2022-09_to_2022-12,2022-09,2022-12,RHOS Request for Features,1,0,0.000000
JIRA,jira,project,2022-09_to_2022-12,2022-09,2022-12,Rampart,1,0,0.000000
JIRA,jira,project,2022-09_to_2022-12,2022-09,2022-12,Ranger,136,23,0.169118
JIRA,jira,project,2022-09_to_2022-12,2022-09,2022-12,Ratis,67,8,0.119403
JIRA,jira,project,2022-09_to_2022-12,2022-09,2022-12,Reactive JVM Platform,9,1,0.111111
JIRA,jira,project,2022-09_to_2022-12,2022-09,2022-12,Red Hat 3scale API Management,166,13,0.078313
JIRA,jira,project,2022-09_to_2022-12,2022-09,2022-12,Red Hat Advanced Cluster Management,637,85,0.133438
JIRA,jira,project,2022-09_to_2022-12,2022-09,2022-12,Red Hat Build of Apache Camel for Quarkus,127,3,0.023622
JIRA,jira,project,2022-09_to_2022-12,2022-09,2022-12,Red Hat Data Grid,35,4,0.114286
JIRA,jira,project,2022-09_to_2022-12,2022-09,2022-12,Red Hat Decision Manager,2,0,0.000000
JIRA,jira,project,2022-09_to_2022-12,2022-09,2022-12,Red Hat Directory Server,2,1,0.500000
JIRA,jira,project,2022-09_to_2022-12,2022-09,2022-12,Red Hat Fuse,606,46,0.075908
JIRA,jira,project,2022-09_to_2022-12,2022-09,2022-12,Red Hat Insights Engineering,13,0,0.000000
JIRA,jira,project,2022-09_to_2022-12,2022-09,2022-12,Red Hat Offline Knowledge Portal,2,0,0.000000
JIRA,jira,project,2022-09_to_2022-12,2022-09,2022-12,Red Hat OpenBridge,245,45,0.183673
JIRA,jira,project,2022-09_to_2022-12,2022-09,2022-12,Red Hat OpenShift Data Science,708,35,0.049435
JIRA,jira,project,2022-09_to_2022-12,2022-09,2022-12,Red Hat OpenShift Dev Spaces (formerly CodeReady Workspaces),252,80,0.317460
JIRA,jira,project,2022-09_to_2022-12,2022-09,2022-12,Red Hat OpenStack Services on OpenShift,259,13,0.050193
JIRA,jira,project,2022-09_to_2022-12,2022-09,2022-12,Red Hat Process Automation Manager,67,18,0.268657
JIRA,jira,project,2022-09_to_2022-12,2022-09,2022-12,Red Hat Service Interconnect (Skupper),5,1,0.200000
JIRA,jira,project,2022-09_to_2022-12,2022-09,2022-12,Red Hat Workload Availability,3,0,0.000000
JIRA,jira,project,2022-09_to_2022-12,2022-09,2022-12,Red Hat build of Apache Camel for Spring Boot,162,10,0.061728
JIRA,jira,project,2022-09_to_2022-12,2022-09,2022-12,Red Hat build of Keycloak,2,0,0.000000
JIRA,jira,project,2022-09_to_2022-12,2022-09,2022-12,Red Hat build of OptaPlanner,25,4,0.160000
JIRA,jira,project,2022-09_to_2022-12,2022-09,2022-12,Ruby Driver,77,6,0.077922
JIRA,jira,project,2022-09_to_2022-12,2022-09,2022-12,Rust Driver,93,5,0.053763
JIRA,jira,project,2022-09_to_2022-12,2022-09,2022-12,S2U UNIDIGITAL 2023,48,11,0.229167
JIRA,jira,project,2022-09_to_2022-12,2022-09,2022-12,SAML for Atlassian Data Center,5,1,0.200000
JIRA,jira,project,2022-09_to_2022-12,2022-09,2022-12,Sakai,474,95,0.200422
JIRA,jira,project,2022-09_to_2022-12,2022-09,2022-12,Samza,12,0,0.000000
JIRA,jira,project,2022-09_to_2022-12,2022-09,2022-12,Santuario,3,1,0.333333
JIRA,jira,project,2022-09_to_2022-12,2022-09,2022-12,Satellite,366,40,0.109290
JIRA,jira,project,2022-09_to_2022-12,2022-09,2022-12,Security Data,13,2,0.153846
JIRA,jira,project,2022-09_to_2022-12,2022-09,2022-12,Server Deployments and Scale,5,2,0.400000
JIRA,jira,project,2022-09_to_2022-12,2022-09,2022-12,Server Platform Frontend,25,1,0.040000
JIRA,jira,project,2022-09_to_2022-12,2022-09,2022-12,Serverless logic,25,4,0.160000
JIRA,jira,project,2022-09_to_2022-12,2022-09,2022-12,ServiceMix,144,2,0.013889
JIRA,jira,project,2022-09_to_2022-12,2022-09,2022-12,ServiceMix Components,13,0,0.000000
JIRA,jira,project,2022-09_to_2022-12,2022-09,2022-12,Shared Access Layer,1,0,0.000000
JIRA,jira,project,2022-09_to_2022-12,2022-09,2022-12,Shiro,14,4,0.285714
JIRA,jira,project,2022-09_to_2022-12,2022-09,2022-12,Sidecar for Apache Cassandra,7,0,0.000000
JIRA,jira,project,2022-09_to_2022-12,2022-09,2022-12,Singa,6,0,0.000000
JIRA,jira,project,2022-09_to_2022-12,2022-09,2022-12,Sling,180,22,0.122222
JIRA,jira,project,2022-09_to_2022-12,2022-09,2022-12,Solr,235,44,0.187234
JIRA,jira,project,2022-09_to_2022-12,2022-09,2022-12,Sourcetree For Mac,37,5,0.135135
JIRA,jira,project,2022-09_to_2022-12,2022-09,2022-12,Sourcetree for Windows,69,24,0.347826
JIRA,jira,project,2022-09_to_2022-12,2022-09,2022-12,Spark,1502,181,0.120506
JIRA,jira,project,2022-09_to_2022-12,2022-09,2022-12,Spark Connector,20,7,0.350000
JIRA,jira,project,2022-09_to_2022-12,2022-09,2022-12,Spatial Information Systems,8,0,0.000000
JIRA,jira,project,2022-09_to_2022-12,2022-09,2022-12,Statuspage,5,0,0.000000
JIRA,jira,project,2022-09_to_2022-12,2022-09,2022-12,StreamPipes,70,0,0.000000
JIRA,jira,project,2022-09_to_2022-12,2022-09,2022-12,Struts 2,57,7,0.122807
JIRA,jira,project,2022-09_to_2022-12,2022-09,2022-12,Subscription Watch,78,3,0.038462
JIRA,jira,project,2022-09_to_2022-12,2022-09,2022-12,Subversion,2,0,0.000000
JIRA,jira,project,2022-09_to_2022-12,2022-09,2022-12,Superset,1,1,1.000000
JIRA,jira,project,2022-09_to_2022-12,2022-09,2022-12,Syncope,23,4,0.173913
JIRA,jira,project,2022-09_to_2022-12,2022-09,2022-12,SystemDS,49,4,0.081633
JIRA,jira,project,2022-09_to_2022-12,2022-09,2022-12,TEST Defect Tracking Project,36,0,0.000000
JIRA,jira,project,2022-09_to_2022-12,2022-09,2022-12,TOREE,2,2,1.000000
JIRA,jira,project,2022-09_to_2022-12,2022-09,2022-12,Tapestry 5,7,6,0.857143
JIRA,jira,project,2022-09_to_2022-12,2022-09,2022-12,Teiid,2,1,0.500000
JIRA,jira,project,2022-09_to_2022-12,2022-09,2022-12,Test Project,1,0,0.000000
JIRA,jira,project,2022-09_to_2022-12,2022-09,2022-12,Thrift,58,13,0.224138
JIRA,jira,project,2022-09_to_2022-12,2022-09,2022-12,Tika,105,10,0.095238
JIRA,jira,project,2022-09_to_2022-12,2022-09,2022-12,TinkerPop,62,14,0.225806
JIRA,jira,project,2022-09_to_2022-12,2022-09,2022-12,TomEE,104,10,0.096154
JIRA,jira,project,2022-09_to_2022-12,2022-09,2022-12,Tools (JBoss Tools),156,35,0.224359
JIRA,jira,project,2022-09_to_2022-12,2022-09,2022-12,UIMA,2,1,0.500000
JIRA,jira,project,2022-09_to_2022-12,2022-09,2022-12,Undertow,63,10,0.158730
JIRA,jira,project,2022-09_to_2022-12,2022-09,2022-12,VS Code Extension,13,0,0.000000
JIRA,jira,project,2022-09_to_2022-12,2022-09,2022-12,Velocity,1,0,0.000000
JIRA,jira,project,2022-09_to_2022-12,2022-09,2022-12,Velocity Tools,3,0,0.000000
JIRA,jira,project,2022-09_to_2022-12,2022-09,2022-12,Virtualization Strategy,10,0,0.000000
JIRA,jira,project,2022-09_to_2022-12,2022-09,2022-12,Visual Design,28,0,0.000000
JIRA,jira,project,2022-09_to_2022-12,2022-09,2022-12,Visual Studio,10,0,0.000000
JIRA,jira,project,2022-09_to_2022-12,2022-09,2022-12,WINDUP ,86,8,0.093023
JIRA,jira,project,2022-09_to_2022-12,2022-09,2022-12,WINDUPRULE ,51,3,0.058824
JIRA,jira,project,2022-09_to_2022-12,2022-09,2022-12,WSS4J,1,0,0.000000
JIRA,jira,project,2022-09_to_2022-12,2022-09,2022-12,Web Terminal for OpenShift,5,1,0.200000
JIRA,jira,project,2022-09_to_2022-12,2022-09,2022-12,Weld,8,2,0.250000
JIRA,jira,project,2022-09_to_2022-12,2022-09,2022-12,Whimsy,4,0,0.000000
JIRA,jira,project,2022-09_to_2022-12,2022-09,2022-12,Who's Looking for OnDemand,1,0,0.000000
JIRA,jira,project,2022-09_to_2022-12,2022-09,2022-12,Wicket,24,4,0.166667
JIRA,jira,project,2022-09_to_2022-12,2022-09,2022-12,WildFly,476,53,0.111345
JIRA,jira,project,2022-09_to_2022-12,2022-09,2022-12,WildFly Arquillian,14,2,0.142857
JIRA,jira,project,2022-09_to_2022-12,2022-09,2022-12,WildFly Core,134,19,0.141791
JIRA,jira,project,2022-09_to_2022-12,2022-09,2022-12,WildFly Discovery,1,0,0.000000
JIRA,jira,project,2022-09_to_2022-12,2022-09,2022-12,WildFly EJB HTTP Client,22,1,0.045455
JIRA,jira,project,2022-09_to_2022-12,2022-09,2022-12,WildFly Elytron,86,5,0.058140
JIRA,jira,project,2022-09_to_2022-12,2022-09,2022-12,WildFly Elytron EE,4,0,0.000000
JIRA,jira,project,2022-09_to_2022-12,2022-09,2022-12,WildFly Elytron MicroProfile,3,0,0.000000
JIRA,jira,project,2022-09_to_2022-12,2022-09,2022-12,WildFly Maven Plugin,5,1,0.200000
JIRA,jira,project,2022-09_to_2022-12,2022-09,2022-12,WildFly Naming Client,11,1,0.090909
JIRA,jira,project,2022-09_to_2022-12,2022-09,2022-12,WildFly OpenSSL,6,0,0.000000
JIRA,jira,project,2022-09_to_2022-12,2022-09,2022-12,WildFly OpenSSL Natives,7,0,0.000000
JIRA,jira,project,2022-09_to_2022-12,2022-09,2022-12,WildFly Transaction Client,19,1,0.052632
JIRA,jira,project,2022-09_to_2022-12,2022-09,2022-12,WildFly WIP,9,5,0.555556
JIRA,jira,project,2022-09_to_2022-12,2022-09,2022-12,WiredTiger,619,188,0.303716
JIRA,jira,project,2022-09_to_2022-12,2022-09,2022-12,XBean,3,0,0.000000
JIRA,jira,project,2022-09_to_2022-12,2022-09,2022-12,XMLBeans,4,1,0.250000
JIRA,jira,project,2022-09_to_2022-12,2022-09,2022-12,XMLGraphicsCommons,3,1,0.333333
JIRA,jira,project,2022-09_to_2022-12,2022-09,2022-12,XNIO,5,1,0.200000
JIRA,jira,project,2022-09_to_2022-12,2022-09,2022-12,XalanC,1,0,0.000000
JIRA,jira,project,2022-09_to_2022-12,2022-09,2022-12,Xerces,4,0,0.000000
JIRA,jira,project,2022-09_to_2022-12,2022-09,2022-12,Xerces2,2,1,0.500000
JIRA,jira,project,2022-09_to_2022-12,2022-09,2022-12,XmlSchema,2,0,0.000000
JIRA,jira,project,2022-09_to_2022-12,2022-09,2022-12,Yetus,18,1,0.055556
JIRA,jira,project,2022-09_to_2022-12,2022-09,2022-12,Zeppelin,63,16,0.253968
JIRA,jira,project,2022-09_to_2022-12,2022-09,2022-12,ZooKeeper,47,14,0.297872
JIRA,jira,project,2022-09_to_2022-12,2022-09,2022-12,cTAKES,6,1,0.166667
JIRA,jira,project,2022-09_to_2022-12,2022-09,2022-12,jBPM,26,12,0.461538
JIRA,jira,project,2022-09_to_2022-12,2022-09,2022-12,jboss.org,5,0,0.000000
JIRA,jira,project,2022-09_to_2022-12,2022-09,2022-12,jclouds (Retired) (Retired),3,1,0.333333
JIRA,jira,project,2022-09_to_2022-12,2022-09,2022-12,mod_cluster,5,3,0.600000
JIRA,jira,project,2022-09_to_2022-12,2022-09,2022-12,repository.jboss.org/nexus,37,1,0.027027
JIRA,jira,project,2023-01_to_2023-04,2023-01,2023-04,A,7,0,0.000000
JIRA,jira,project,2023-01_to_2023-04,2023-01,2023-04,AMQ Broker,253,44,0.173913
JIRA,jira,project,2023-01_to_2023-04,2023-01,2023-04,AMQ Clients,7,2,0.285714
JIRA,jira,project,2023-01_to_2023-04,2023-01,2023-04,AMQ Documentation,4,0,0.000000
JIRA,jira,project,2023-01_to_2023-04,2023-01,2023-04,AMQ Interconnect,1,1,1.000000
JIRA,jira,project,2023-01_to_2023-04,2023-01,2023-04,AMQ Streams,202,14,0.069307
JIRA,jira,project,2023-01_to_2023-04,2023-01,2023-04,ActiveMQ (Read,63,10,0.158730
JIRA,jira,project,2023-01_to_2023-04,2023-01,2023-04,ActiveMQ .Net,5,1,0.200000
JIRA,jira,project,2023-01_to_2023-04,2023-01,2023-04,ActiveObjects,3,1,0.333333
JIRA,jira,project,2023-01_to_2023-04,2023-01,2023-04,Activity Streams,3,0,0.000000
JIRA,jira,project,2023-01_to_2023-04,2023-01,2023-04,Admin Experience,78,5,0.064103
JIRA,jira,project,2023-01_to_2023-04,2023-01,2023-04,Agent,104,4,0.038462
JIRA,jira,project,2023-01_to_2023-04,2023-01,2023-04,Agroal,4,1,0.250000
JIRA,jira,project,2023-01_to_2023-04,2023-01,2023-04,Airavata,16,4,0.250000
JIRA,jira,project,2023-01_to_2023-04,2023-01,2023-04,Ambari,100,26,0.260000
JIRA,jira,project,2023-01_to_2023-04,2023-01,2023-04,Analytics,23,0,0.000000
JIRA,jira,project,2023-01_to_2023-04,2023-01,2023-04,Ansible Automation Platform RFEs,122,7,0.057377
JIRA,jira,project,2023-01_to_2023-04,2023-01,2023-04,Apache AGE,1,0,0.000000
JIRA,jira,project,2023-01_to_2023-04,2023-01,2023-04,Apache AsterixDB,74,7,0.094595
JIRA,jira,project,2023-01_to_2023-04,2023-01,2023-04,Apache Avro,52,14,0.269231
JIRA,jira,project,2023-01_to_2023-04,2023-01,2023-04,Apache Cassandra,360,138,0.383333
JIRA,jira,project,2023-01_to_2023-04,2023-01,2023-04,Apache Celeborn,384,20,0.052083
JIRA,jira,project,2023-01_to_2023-04,2023-01,2023-04,Apache Commons All,1,0,0.000000
JIRA,jira,project,2023-01_to_2023-04,2023-01,2023-04,Apache Curator,11,1,0.090909
JIRA,jira,project,2023-01_to_2023-04,2023-01,2023-04,Apache Drill,46,7,0.152174
JIRA,jira,project,2023-01_to_2023-04,2023-01,2023-04,Apache Dubbo,30,0,0.000000
JIRA,jira,project,2023-01_to_2023-04,2023-01,2023-04,Apache ECharts,1,0,0.000000
JIRA,jira,project,2023-01_to_2023-04,2023-01,2023-04,Apache Fineract,79,5,0.063291
JIRA,jira,project,2023-01_to_2023-04,2023-01,2023-04,Apache Freemarker,2,1,0.500000
JIRA,jira,project,2023-01_to_2023-04,2023-01,2023-04,Apache Gobblin,69,3,0.043478
JIRA,jira,project,2023-01_to_2023-04,2023-01,2023-04,Apache Gora (Retired),15,3,0.200000
JIRA,jira,project,2023-01_to_2023-04,2023-01,2023-04,Apache HAWQ (Retired),3,0,0.000000
JIRA,jira,project,2023-01_to_2023-04,2023-01,2023-04,Apache Hudi,669,88,0.131540
JIRA,jira,project,2023-01_to_2023-04,2023-01,2023-04,Apache IoTDB,512,67,0.130859
JIRA,jira,project,2023-01_to_2023-04,2023-01,2023-04,Apache Jena,3,1,0.333333
JIRA,jira,project,2023-01_to_2023-04,2023-01,2023-04,Apache Knox,48,4,0.083333
JIRA,jira,project,2023-01_to_2023-04,2023-01,2023-04,Apache MADlib,2,0,0.000000
JIRA,jira,project,2023-01_to_2023-04,2023-01,2023-04,Apache Maven Resource Bundles (Moved to GitHub Issues),9,0,0.000000
JIRA,jira,project,2023-01_to_2023-04,2023-01,2023-04,Apache NiFi,484,62,0.128099
JIRA,jira,project,2023-01_to_2023-04,2023-01,2023-04,Apache NiFi MiNiFi C++,91,10,0.109890
JIRA,jira,project,2023-01_to_2023-04,2023-01,2023-04,Apache Ozone,791,198,0.250316
JIRA,jira,project,2023-01_to_2023-04,2023-01,2023-04,Apache RAT,2,1,0.500000
JIRA,jira,project,2023-01_to_2023-04,2023-01,2023-04,Apache Roller,5,0,0.000000
JIRA,jira,project,2023-01_to_2023-04,2023-01,2023-04,Apache SCIMple,1,1,1.000000
JIRA,jira,project,2023-01_to_2023-04,2023-01,2023-04,Apache Science Data Analytics Platform,36,0,0.000000
JIRA,jira,project,2023-01_to_2023-04,2023-01,2023-04,Apache Sedona,51,10,0.196078
JIRA,jira,project,2023-01_to_2023-04,2023-01,2023-04,Apache ServiceComb,41,0,0.000000
JIRA,jira,project,2023-01_to_2023-04,2023-01,2023-04,Apache Storm,26,0,0.000000
JIRA,jira,project,2023-01_to_2023-04,2023-01,2023-04,Apache Submarine,20,4,0.200000
JIRA,jira,project,2023-01_to_2023-04,2023-01,2023-04,Apache Tez,28,9,0.321429
JIRA,jira,project,2023-01_to_2023-04,2023-01,2023-04,Apache Unomi,52,9,0.173077
JIRA,jira,project,2023-01_to_2023-04,2023-01,2023-04,Apache Wayang,1,0,0.000000
JIRA,jira,project,2023-01_to_2023-04,2023-01,2023-04,Apache YuniKorn,186,26,0.139785
JIRA,jira,project,2023-01_to_2023-04,2023-01,2023-04,AppFormer,2,1,0.500000
JIRA,jira,project,2023-01_to_2023-04,2023-01,2023-04,Application Links,1,0,0.000000
JIRA,jira,project,2023-01_to_2023-04,2023-01,2023-04,Archiva (Retired),1,0,0.000000
JIRA,jira,project,2023-01_to_2023-04,2023-01,2023-04,Aries,2,0,0.000000
JIRA,jira,project,2023-01_to_2023-04,2023-01,2023-04,Arquillian,1,0,0.000000
JIRA,jira,project,2023-01_to_2023-04,2023-01,2023-04,Artemis,144,24,0.166667
JIRA,jira,project,2023-01_to_2023-04,2023-01,2023-04,Atlas,32,7,0.218750
JIRA,jira,project,2023-01_to_2023-04,2023-01,2023-04,Atlas SQL,6,0,0.000000
JIRA,jira,project,2023-01_to_2023-04,2023-01,2023-04,Atlassian Cloud,45,4,0.088889
JIRA,jira,project,2023-01_to_2023-04,2023-01,2023-04,Atlassian Connect,2,0,0.000000
JIRA,jira,project,2023-01_to_2023-04,2023-01,2023-04,Atlassian Connect Express (Node.js),1,0,0.000000
JIRA,jira,project,2023-01_to_2023-04,2023-01,2023-04,Atlassian Connect JavaScript API,5,0,0.000000
JIRA,jira,project,2023-01_to_2023-04,2023-01,2023-04,Atlassian Connect Spring Boot,4,1,0.250000
JIRA,jira,project,2023-01_to_2023-04,2023-01,2023-04,Atlassian Connect in Jira Cloud,25,2,0.080000
JIRA,jira,project,2023-01_to_2023-04,2023-01,2023-04,Atlassian Ecosystem,7,0,0.000000
JIRA,jira,project,2023-01_to_2023-04,2023-01,2023-04,Atlassian Guard,50,4,0.080000
JIRA,jira,project,2023-01_to_2023-04,2023-01,2023-04,Atlassian Intelligence,21,2,0.095238
JIRA,jira,project,2023-01_to_2023-04,2023-01,2023-04,Atlassian Internationalization,44,0,0.000000
JIRA,jira,project,2023-01_to_2023-04,2023-01,2023-04,Atlassian Marketplace,11,1,0.090909
JIRA,jira,project,2023-01_to_2023-04,2023-01,2023-04,Atlassian Maven Plugin Suite,6,1,0.166667
JIRA,jira,project,2023-01_to_2023-04,2023-01,2023-04,Atlassian Plugins,2,0,0.000000
JIRA,jira,project,2023-01_to_2023-04,2023-01,2023-04,Atlassian Product Integrations,21,2,0.095238
JIRA,jira,project,2023-01_to_2023-04,2023-01,2023-04,Atlassian REST,11,0,0.000000
JIRA,jira,project,2023-01_to_2023-04,2023-01,2023-04,Atlassian Troubleshooting & Support Tools Plugin,5,1,0.200000
JIRA,jira,project,2023-01_to_2023-04,2023-01,2023-04,Atlassian User Interface,8,0,0.000000
JIRA,jira,project,2023-01_to_2023-04,2023-01,2023-04,Atlassian WebHooks Plugin,7,0,0.000000
JIRA,jira,project,2023-01_to_2023-04,2023-01,2023-04,Attic,1,0,0.000000
JIRA,jira,project,2023-01_to_2023-04,2023-01,2023-04,Automation for Cloud,114,9,0.078947
JIRA,jira,project,2023-01_to_2023-04,2023-01,2023-04,Automation for Jira Server,37,3,0.081081
JIRA,jira,project,2023-01_to_2023-04,2023-01,2023-04,Axiom,2,2,1.000000
JIRA,jira,project,2023-01_to_2023-04,2023-01,2023-04,Axis,1,1,1.000000
JIRA,jira,project,2023-01_to_2023-04,2023-01,2023-04,Axis2,5,2,0.400000
JIRA,jira,project,2023-01_to_2023-04,2023-01,2023-04,BVal,1,0,0.000000
JIRA,jira,project,2023-01_to_2023-04,2023-01,2023-04,Bahir (Retired),3,1,0.333333
JIRA,jira,project,2023-01_to_2023-04,2023-01,2023-04,Bamboo Data Center,96,26,0.270833
JIRA,jira,project,2023-01_to_2023-04,2023-01,2023-04,BatchEE,5,1,0.200000
JIRA,jira,project,2023-01_to_2023-04,2023-01,2023-04,Batik,2,1,0.500000
JIRA,jira,project,2023-01_to_2023-04,2023-01,2023-04,Bigtop,42,15,0.357143
JIRA,jira,project,2023-01_to_2023-04,2023-01,2023-04,Bitbucket Cloud,257,11,0.042802
JIRA,jira,project,2023-01_to_2023-04,2023-01,2023-04,Bitbucket Data Center,150,24,0.160000
JIRA,jira,project,2023-01_to_2023-04,2023-01,2023-04,BxMS Documentation,24,0,0.000000
JIRA,jira,project,2023-01_to_2023-04,2023-01,2023-04,Byteman,3,0,0.000000
JIRA,jira,project,2023-01_to_2023-04,2023-01,2023-04,C Driver,67,9,0.134328
JIRA,jira,project,2023-01_to_2023-04,2023-01,2023-04,C# Driver,160,53,0.331250
JIRA,jira,project,2023-01_to_2023-04,2023-01,2023-04,C++ Driver,49,3,0.061224
JIRA,jira,project,2023-01_to_2023-04,2023-01,2023-04,CXF,30,11,0.366667
JIRA,jira,project,2023-01_to_2023-04,2023-01,2023-04,Calcite,216,39,0.180556
JIRA,jira,project,2023-01_to_2023-04,2023-01,2023-04,Camel,688,78,0.113372
JIRA,jira,project,2023-01_to_2023-04,2023-01,2023-04,Causeway,133,1,0.007519
JIRA,jira,project,2023-01_to_2023-04,2023-01,2023-04,Cayenne,17,3,0.176471
JIRA,jira,project,2023-01_to_2023-04,2023-01,2023-04,CentOS Stream Pipeline,98,20,0.204082
JIRA,jira,project,2023-01_to_2023-04,2023-01,2023-04,Cert Manager support for Red Hat OpenShift,30,0,0.000000
JIRA,jira,project,2023-01_to_2023-04,2023-01,2023-04,Certification Partner Experience Public,19,0,0.000000
JIRA,jira,project,2023-01_to_2023-04,2023-01,2023-04,Clair,9,0,0.000000
JIRA,jira,project,2023-01_to_2023-04,2023-01,2023-04,Client,2,1,0.500000
JIRA,jira,project,2023-01_to_2023-04,2023-01,2023-04,Cloud Enablement,18,0,0.000000
JIRA,jira,project,2023-01_to_2023-04,2023-01,2023-04,Cloud Infrastructure Security & Compliance,90,4,0.044444
JIRA,jira,project,2023-01_to_2023-04,2023-01,2023-04,Cloud Native Runtimes (CNR) Documentation,8,0,0.000000
JIRA,jira,project,2023-01_to_2023-04,2023-01,2023-04,CloudStack,9,0,0.000000
JIRA,jira,project,2023-01_to_2023-04,2023-01,2023-04,Cluster Integration and Delivery,5,1,0.200000
JIRA,jira,project,2023-01_to_2023-04,2023-01,2023-04,Cluster Observability Operator,1,0,0.000000
JIRA,jira,project,2023-01_to_2023-04,2023-01,2023-04,Cockpit,56,2,0.035714
JIRA,jira,project,2023-01_to_2023-04,2023-01,2023-04,Coin,43,5,0.116279
JIRA,jira,project,2023-01_to_2023-04,2023-01,2023-04,Comdev GSOC,53,0,0.000000
JIRA,jira,project,2023-01_to_2023-04,2023-01,2023-04,Commerce,2,0,0.000000
JIRA,jira,project,2023-01_to_2023-04,2023-01,2023-04,Commons BCEL,1,0,0.000000
JIRA,jira,project,2023-01_to_2023-04,2023-01,2023-04,Commons BSF,2,0,0.000000
JIRA,jira,project,2023-01_to_2023-04,2023-01,2023-04,Commons BeanUtils,1,0,0.000000
JIRA,jira,project,2023-01_to_2023-04,2023-01,2023-04,Commons CLI,1,1,1.000000
JIRA,jira,project,2023-01_to_2023-04,2023-01,2023-04,Commons CSV,1,1,1.000000
JIRA,jira,project,2023-01_to_2023-04,2023-01,2023-04,Commons Collections,2,1,0.500000
JIRA,jira,project,2023-01_to_2023-04,2023-01,2023-04,Commons Compress,6,2,0.333333
JIRA,jira,project,2023-01_to_2023-04,2023-01,2023-04,Commons Configuration,4,0,0.000000
JIRA,jira,project,2023-01_to_2023-04,2023-01,2023-04,Commons DBCP,1,0,0.000000
JIRA,jira,project,2023-01_to_2023-04,2023-01,2023-04,Commons Daemon,8,5,0.625000
JIRA,jira,project,2023-01_to_2023-04,2023-01,2023-04,Commons DbUtils,2,0,0.000000
JIRA,jira,project,2023-01_to_2023-04,2023-01,2023-04,Commons Digester,1,0,0.000000
JIRA,jira,project,2023-01_to_2023-04,2023-01,2023-04,Commons FileUpload,2,0,0.000000
JIRA,jira,project,2023-01_to_2023-04,2023-01,2023-04,Commons IO,6,2,0.333333
JIRA,jira,project,2023-01_to_2023-04,2023-01,2023-04,Commons Imaging,12,3,0.250000
JIRA,jira,project,2023-01_to_2023-04,2023-01,2023-04,Commons JCS,1,0,0.000000
JIRA,jira,project,2023-01_to_2023-04,2023-01,2023-04,Commons JEXL,5,0,0.000000
JIRA,jira,project,2023-01_to_2023-04,2023-01,2023-04,Commons Lang,3,1,0.333333
JIRA,jira,project,2023-01_to_2023-04,2023-01,2023-04,Commons Math,7,1,0.142857
JIRA,jira,project,2023-01_to_2023-04,2023-01,2023-04,Commons Net,2,1,0.500000
JIRA,jira,project,2023-01_to_2023-04,2023-01,2023-04,Commons Numbers,2,0,0.000000
JIRA,jira,project,2023-01_to_2023-04,2023-01,2023-04,Commons Pool,2,2,1.000000
JIRA,jira,project,2023-01_to_2023-04,2023-01,2023-04,Commons Statistics,6,0,0.000000
JIRA,jira,project,2023-01_to_2023-04,2023-01,2023-04,Commons VFS,7,4,0.571429
JIRA,jira,project,2023-01_to_2023-04,2023-01,2023-04,Commons Validator,2,0,0.000000
JIRA,jira,project,2023-01_to_2023-04,2023-01,2023-04,Community Development,6,0,0.000000
JIRA,jira,project,2023-01_to_2023-04,2023-01,2023-04,Compass,330,11,0.033333
JIRA,jira,project,2023-01_to_2023-04,2023-01,2023-04,Confluence Cloud,559,49,0.087657
JIRA,jira,project,2023-01_to_2023-04,2023-01,2023-04,Confluence Data Center,264,43,0.162879
JIRA,jira,project,2023-01_to_2023-04,2023-01,2023-04,Container Tools,44,3,0.068182
JIRA,jira,project,2023-01_to_2023-04,2023-01,2023-04,Content Gateway,9,1,0.111111
JIRA,jira,project,2023-01_to_2023-04,2023-01,2023-04,Contrib: Clog,2,2,1.000000
JIRA,jira,project,2023-01_to_2023-04,2023-01,2023-04,Contrib: Evaluation System,1,0,0.000000
JIRA,jira,project,2023-01_to_2023-04,2023-01,2023-04,Core Server,4131,361,0.087388
JIRA,jira,project,2023-01_to_2023-04,2023-01,2023-04,CoreOS OCP,202,28,0.138614
JIRA,jira,project,2023-01_to_2023-04,2023-01,2023-04,Cost Management,25,0,0.000000
JIRA,jira,project,2023-01_to_2023-04,2023-01,2023-04,Crowd Data Center,25,4,0.160000
JIRA,jira,project,2023-01_to_2023-04,2023-01,2023-04,Crucible,1,0,0.000000
JIRA,jira,project,2023-01_to_2023-04,2023-01,2023-04,Daffodil,48,8,0.166667
JIRA,jira,project,2023-01_to_2023-04,2023-01,2023-04,Data Foundation Bugs,10,6,0.600000
JIRA,jira,project,2023-01_to_2023-04,2023-01,2023-04,Database as a Service,106,8,0.075472
JIRA,jira,project,2023-01_to_2023-04,2023-01,2023-04,Debezium,403,102,0.253102
JIRA,jira,project,2023-01_to_2023-04,2023-01,2023-04,Derby (Retired),3,3,1.000000
JIRA,jira,project,2023-01_to_2023-04,2023-01,2023-04,Directory ApacheDS,2,0,0.000000
JIRA,jira,project,2023-01_to_2023-04,2023-01,2023-04,Directory Client API,5,1,0.200000
JIRA,jira,project,2023-01_to_2023-04,2023-01,2023-04,Directory Kerberos,4,1,0.250000
JIRA,jira,project,2023-01_to_2023-04,2023-01,2023-04,Directory Studio,3,2,0.666667
JIRA,jira,project,2023-01_to_2023-04,2023-01,2023-04,Distributed Tracing,136,6,0.044118
JIRA,jira,project,2023-01_to_2023-04,2023-01,2023-04,Docs for Red Hat Developers,248,4,0.016129
JIRA,jira,project,2023-01_to_2023-04,2023-01,2023-04,Drivers,60,3,0.050000
JIRA,jira,project,2023-01_to_2023-04,2023-01,2023-04,Drools,150,14,0.093333
JIRA,jira,project,2023-01_to_2023-04,2023-01,2023-04,EAP Documentation,80,0,0.000000
JIRA,jira,project,2023-01_to_2023-04,2023-01,2023-04,EJB Client Library (AS7+),8,2,0.250000
JIRA,jira,project,2023-01_to_2023-04,2023-01,2023-04,ENTSBT,8,1,0.125000
JIRA,jira,project,2023-01_to_2023-04,2023-01,2023-04,Elytron Web,4,0,0.000000
JIRA,jira,project,2023-01_to_2023-04,2023-01,2023-04,Empire,10,1,0.100000
JIRA,jira,project,2023-01_to_2023-04,2023-01,2023-04,FOP,18,6,0.333333
JIRA,jira,project,2023-01_to_2023-04,2023-01,2023-04,Fast Datapath Product,3,2,0.666667
JIRA,jira,project,2023-01_to_2023-04,2023-01,2023-04,Fedora,128,41,0.320312
JIRA,jira,project,2023-01_to_2023-04,2023-01,2023-04,Felix,16,4,0.250000
JIRA,jira,project,2023-01_to_2023-04,2023-01,2023-04,Fidelis AI,49,2,0.040816
JIRA,jira,project,2023-01_to_2023-04,2023-01,2023-04,Fineract Cloud Native,1,0,0.000000
JIRA,jira,project,2023-01_to_2023-04,2023-01,2023-04,FishEye,6,0,0.000000
JIRA,jira,project,2023-01_to_2023-04,2023-01,2023-04,FlightPath,336,2,0.005952
JIRA,jira,project,2023-01_to_2023-04,2023-01,2023-04,Flink,1441,316,0.219292
JIRA,jira,project,2023-01_to_2023-04,2023-01,2023-04,Flume,28,8,0.285714
JIRA,jira,project,2023-01_to_2023-04,2023-01,2023-04,Forge,191,20,0.104712
JIRA,jira,project,2023-01_to_2023-04,2023-01,2023-04,FtpServer,2,0,0.000000
JIRA,jira,project,2023-01_to_2023-04,2023-01,2023-04,Fuse Tooling,15,1,0.066667
JIRA,jira,project,2023-01_to_2023-04,2023-01,2023-04,Fuse/AMQ Documentation,18,0,0.000000
JIRA,jira,project,2023-01_to_2023-04,2023-01,2023-04,Geode,11,0,0.000000
JIRA,jira,project,2023-01_to_2023-04,2023-01,2023-04,Go Driver,87,7,0.080460
JIRA,jira,project,2023-01_to_2023-04,2023-01,2023-04,Groovy,147,67,0.455782
JIRA,jira,project,2023-01_to_2023-04,2023-01,2023-04,Guacamole,53,15,0.283019
JIRA,jira,project,2023-01_to_2023-04,2023-01,2023-04,Gump,1,1,1.000000
JIRA,jira,project,2023-01_to_2023-04,2023-01,2023-04,HAL,24,2,0.083333
JIRA,jira,project,2023-01_to_2023-04,2023-01,2023-04,HBase,275,58,0.210909
JIRA,jira,project,2023-01_to_2023-04,2023-01,2023-04,HMS ,24,1,0.041667
JIRA,jira,project,2023-01_to_2023-04,2023-01,2023-04,Hadoop Common,136,92,0.676471
JIRA,jira,project,2023-01_to_2023-04,2023-01,2023-04,Hadoop HDFS,112,93,0.830357
JIRA,jira,project,2023-01_to_2023-04,2023-01,2023-04,Hadoop Map/Reduce,7,7,1.000000
JIRA,jira,project,2023-01_to_2023-04,2023-01,2023-04,Hadoop YARN,82,52,0.634146
JIRA,jira,project,2023-01_to_2023-04,2023-01,2023-04,HawtIO,4,0,0.000000
JIRA,jira,project,2023-01_to_2023-04,2023-01,2023-04,Hive,412,101,0.245146
JIRA,jira,project,2023-01_to_2023-04,2023-01,2023-04,HttpComponents HttpClient,17,3,0.176471
JIRA,jira,project,2023-01_to_2023-04,2023-01,2023-04,HttpComponents HttpCore,11,6,0.545455
JIRA,jira,project,2023-01_to_2023-04,2023-01,2023-04,Hybrid Cloud Console,1002,36,0.035928
JIRA,jira,project,2023-01_to_2023-04,2023-01,2023-04,Hybrid Cloud Console Docs Feedback,37,1,0.027027
JIRA,jira,project,2023-01_to_2023-04,2023-01,2023-04,Hybrid Cloud Infrastructure Documentation,4,0,0.000000
JIRA,jira,project,2023-01_to_2023-04,2023-01,2023-04,IMPALA,295,98,0.332203
JIRA,jira,project,2023-01_to_2023-04,2023-01,2023-04,Identity,26,1,0.038462
JIRA,jira,project,2023-01_to_2023-04,2023-01,2023-04,Ignite,890,171,0.192135
JIRA,jira,project,2023-01_to_2023-04,2023-01,2023-04,Incubator,1,0,0.000000
JIRA,jira,project,2023-01_to_2023-04,2023-01,2023-04,Insights Experiences,412,22,0.053398
JIRA,jira,project,2023-01_to_2023-04,2023-01,2023-04,Insights Rule Analysis Tool,11,1,0.090909
JIRA,jira,project,2023-01_to_2023-04,2023-01,2023-04,IronJacamar,6,1,0.166667
JIRA,jira,project,2023-01_to_2023-04,2023-01,2023-04,Ivy,3,1,0.333333
JIRA,jira,project,2023-01_to_2023-04,2023-01,2023-04,JBeret,2,0,0.000000
JIRA,jira,project,2023-01_to_2023-04,2023-01,2023-04,JBoss Core Services,30,2,0.066667
JIRA,jira,project,2023-01_to_2023-04,2023-01,2023-04,JBoss Developer Materials,1,0,0.000000
JIRA,jira,project,2023-01_to_2023-04,2023-01,2023-04,JBoss Enterprise Application Platform,233,62,0.266094
JIRA,jira,project,2023-01_to_2023-04,2023-01,2023-04,JBoss Log Manager,2,0,0.000000
JIRA,jira,project,2023-01_to_2023-04,2023-01,2023-04,JBoss Metadata,2,1,0.500000
JIRA,jira,project,2023-01_to_2023-04,2023-01,2023-04,JBoss Remoting (3+),1,0,0.000000
JIRA,jira,project,2023-01_to_2023-04,2023-01,2023-04,JBoss Server Migration Tool,6,0,0.000000
JIRA,jira,project,2023-01_to_2023-04,2023-01,2023-04,JBoss Transaction Manager,44,3,0.068182
JIRA,jira,project,2023-01_to_2023-04,2023-01,2023-04,JBoss Web Server,27,1,0.037037
JIRA,jira,project,2023-01_to_2023-04,2023-01,2023-04,JBoss Web Services,16,1,0.062500
JIRA,jira,project,2023-01_to_2023-04,2023-01,2023-04,JDO,3,0,0.000000
JIRA,jira,project,2023-01_to_2023-04,2023-01,2023-04,JGroups,23,1,0.043478
JIRA,jira,project,2023-01_to_2023-04,2023-01,2023-04,JIRA Calendar Plugin,1,0,0.000000
JIRA,jira,project,2023-01_to_2023-04,2023-01,2023-04,JIRA Commit Acceptance,1,0,0.000000
JIRA,jira,project,2023-01_to_2023-04,2023-01,2023-04,JIRA REST Java Client Library,1,0,0.000000
JIRA,jira,project,2023-01_to_2023-04,2023-01,2023-04,JIRA Service Desk Ecosystem,1,0,0.000000
JIRA,jira,project,2023-01_to_2023-04,2023-01,2023-04,Jackrabbit Content Repository,37,2,0.054054
JIRA,jira,project,2023-01_to_2023-04,2023-01,2023-04,Jackrabbit FileVault,32,5,0.156250
JIRA,jira,project,2023-01_to_2023-04,2023-01,2023-04,Jackrabbit Oak,160,34,0.212500
JIRA,jira,project,2023-01_to_2023-04,2023-01,2023-04,James Mime4j,2,1,0.500000
JIRA,jira,project,2023-01_to_2023-04,2023-01,2023-04,James Server,34,7,0.205882
JIRA,jira,project,2023-01_to_2023-04,2023-01,2023-04,Java Driver,110,15,0.136364
JIRA,jira,project,2023-01_to_2023-04,2023-01,2023-04,Jira Admin Support,1,0,0.000000
JIRA,jira,project,2023-01_to_2023-04,2023-01,2023-04,Jira Align,274,8,0.029197
JIRA,jira,project,2023-01_to_2023-04,2023-01,2023-04,Jira Cloud,35,1,0.028571
JIRA,jira,project,2023-01_to_2023-04,2023-01,2023-04,Jira Data Center,557,43,0.077199
JIRA,jira,project,2023-01_to_2023-04,2023-01,2023-04,Jira Performance Testing Tools,109,26,0.238532
JIRA,jira,project,2023-01_to_2023-04,2023-01,2023-04,Jira Platform Cloud,914,37,0.040481
JIRA,jira,project,2023-01_to_2023-04,2023-01,2023-04,Jira Service Management Cloud,401,22,0.054863
JIRA,jira,project,2023-01_to_2023-04,2023-01,2023-04,Jira Service Management Data Center,255,31,0.121569
JIRA,jira,project,2023-01_to_2023-04,2023-01,2023-04,Jira Software Data Center,114,9,0.078947
JIRA,jira,project,2023-01_to_2023-04,2023-01,2023-04,Jira Work Management Cloud,71,1,0.014085
JIRA,jira,project,2023-01_to_2023-04,2023-01,2023-04,Johnzon,5,1,0.200000
JIRA,jira,project,2023-01_to_2023-04,2023-01,2023-04,KIE Cloud,16,0,0.000000
JIRA,jira,project,2023-01_to_2023-04,2023-01,2023-04,Kafka,392,63,0.160714
JIRA,jira,project,2023-01_to_2023-04,2023-01,2023-04,Kafka Connector,24,7,0.291667
JIRA,jira,project,2023-01_to_2023-04,2023-01,2023-04,Karaf,60,11,0.183333
JIRA,jira,project,2023-01_to_2023-04,2023-01,2023-04,Knative Serving,60,5,0.083333
JIRA,jira,project,2023-01_to_2023-04,2023-01,2023-04,Kogito,622,43,0.069132
JIRA,jira,project,2023-01_to_2023-04,2023-01,2023-04,Konflux UI,10,0,0.000000
JIRA,jira,project,2023-01_to_2023-04,2023-01,2023-04,Konveyor Tackle,8,0,0.000000
JIRA,jira,project,2023-01_to_2023-04,2023-01,2023-04,Kudu,44,25,0.568182
JIRA,jira,project,2023-01_to_2023-04,2023-01,2023-04,Kylin,154,6,0.038961
JIRA,jira,project,2023-01_to_2023-04,2023-01,2023-04,Legal Discuss,13,0,0.000000
JIRA,jira,project,2023-01_to_2023-04,2023-01,2023-04,Libmongocrypt,57,8,0.140351
JIRA,jira,project,2023-01_to_2023-04,2023-01,2023-04,Livy,7,1,0.142857
JIRA,jira,project,2023-01_to_2023-04,2023-01,2023-04,Log4cxx,1,1,1.000000
JIRA,jira,project,2023-01_to_2023-04,2023-01,2023-04,Log4j 2,15,2,0.133333
JIRA,jira,project,2023-01_to_2023-04,2023-01,2023-04,MINA,4,3,0.750000
JIRA,jira,project,2023-01_to_2023-04,2023-01,2023-04,MINA SSHD,5,1,0.200000
JIRA,jira,project,2023-01_to_2023-04,2023-01,2023-04,Machine Config Operator,154,3,0.019481
JIRA,jira,project,2023-01_to_2023-04,2023-01,2023-04,Mahout,19,1,0.052632
JIRA,jira,project,2023-01_to_2023-04,2023-01,2023-04,Maistra,1,1,1.000000
JIRA,jira,project,2023-01_to_2023-04,2023-01,2023-04,Managed Service ,677,33,0.048744
JIRA,jira,project,2023-01_to_2023-04,2023-01,2023-04,Managed Services ,109,1,0.009174
JIRA,jira,project,2023-01_to_2023-04,2023-01,2023-04,ManifoldCF,3,0,0.000000
JIRA,jira,project,2023-01_to_2023-04,2023-01,2023-04,MariaDB ColumnStore,105,22,0.209524
JIRA,jira,project,2023-01_to_2023-04,2023-01,2023-04,MariaDB Connector/C,18,10,0.555556
JIRA,jira,project,2023-01_to_2023-04,2023-01,2023-04,MariaDB Connector/C++,1,0,0.000000
JIRA,jira,project,2023-01_to_2023-04,2023-01,2023-04,MariaDB Connector/J,32,17,0.531250
JIRA,jira,project,2023-01_to_2023-04,2023-01,2023-04,MariaDB Connector/ODBC,13,6,0.461538
JIRA,jira,project,2023-01_to_2023-04,2023-01,2023-04,MariaDB Connector/Python,17,1,0.058824
JIRA,jira,project,2023-01_to_2023-04,2023-01,2023-04,MariaDB Connector/R2DBC,8,1,0.125000
JIRA,jira,project,2023-01_to_2023-04,2023-01,2023-04,MariaDB Connector/node.js,15,5,0.333333
JIRA,jira,project,2023-01_to_2023-04,2023-01,2023-04,MariaDB Foundation Development,36,2,0.055556
JIRA,jira,project,2023-01_to_2023-04,2023-01,2023-04,MariaDB MaxScale,135,30,0.222222
JIRA,jira,project,2023-01_to_2023-04,2023-01,2023-04,MariaDB Server,825,452,0.547879
JIRA,jira,project,2023-01_to_2023-04,2023-01,2023-04,Marketplace Growth and Experiences,1,0,0.000000
JIRA,jira,project,2023-01_to_2023-04,2023-01,2023-04,Maven (Moved to GitHub Issues),117,44,0.376068
JIRA,jira,project,2023-01_to_2023-04,2023-01,2023-04,Maven ACR Plugin (Moved to GitHub Issues),3,0,0.000000
JIRA,jira,project,2023-01_to_2023-04,2023-01,2023-04,Maven Antrun Plugin (Moved to GitHub Issues),1,0,0.000000
JIRA,jira,project,2023-01_to_2023-04,2023-01,2023-04,Maven Archetype (Moved to GitHub Issues),12,3,0.250000
JIRA,jira,project,2023-01_to_2023-04,2023-01,2023-04,Maven Archetype Bundles (Moved to GitHub Issues),1,0,0.000000
JIRA,jira,project,2023-01_to_2023-04,2023-01,2023-04,Maven Artifact Plugin (Moved to GitHub Issues),11,3,0.272727
JIRA,jira,project,2023-01_to_2023-04,2023-01,2023-04,Maven Assembly Plugin (Moved to GitHub Issues),15,3,0.200000
JIRA,jira,project,2023-01_to_2023-04,2023-01,2023-04,Maven Build Cache Extension (Moved to GitHub Issues),22,7,0.318182
JIRA,jira,project,2023-01_to_2023-04,2023-01,2023-04,Maven Changelog Plugin (Moved to GitHub Issues),1,0,0.000000
JIRA,jira,project,2023-01_to_2023-04,2023-01,2023-04,Maven Changes Plugin (Moved to GitHub Issues),1,0,0.000000
JIRA,jira,project,2023-01_to_2023-04,2023-01,2023-04,Maven Checkstyle Plugin (Moved to GitHub Issues),12,5,0.416667
JIRA,jira,project,2023-01_to_2023-04,2023-01,2023-04,Maven Clean Plugin (Moved to GitHub Issues),2,1,0.500000
JIRA,jira,project,2023-01_to_2023-04,2023-01,2023-04,Maven Compiler Plugin (Moved to GitHub Issues),18,5,0.277778
JIRA,jira,project,2023-01_to_2023-04,2023-01,2023-04,Maven DOAP Plugin (Moved to GitHub Issues),3,0,0.000000
JIRA,jira,project,2023-01_to_2023-04,2023-01,2023-04,Maven Dependency Plugin (Moved to GitHub Issues),19,1,0.052632
JIRA,jira,project,2023-01_to_2023-04,2023-01,2023-04,Maven Deploy Plugin (Moved to GitHub Issues),7,2,0.285714
JIRA,jira,project,2023-01_to_2023-04,2023-01,2023-04,Maven Documentation Checker Plugin  (RETIRED) (Retired),1,0,0.000000
JIRA,jira,project,2023-01_to_2023-04,2023-01,2023-04,Maven Doxia (Moved to GitHub Issues),19,2,0.105263
JIRA,jira,project,2023-01_to_2023-04,2023-01,2023-04,Maven Doxia Sitetools (Moved to GitHub Issues),27,1,0.037037
JIRA,jira,project,2023-01_to_2023-04,2023-01,2023-04,Maven Doxia Tools (Moved to GitHub Issues),6,1,0.166667
JIRA,jira,project,2023-01_to_2023-04,2023-01,2023-04,Maven EJB Plugin (Moved to GitHub Issues),2,0,0.000000
JIRA,jira,project,2023-01_to_2023-04,2023-01,2023-04,Maven Enforcer Plugin (Moved to GitHub Issues),27,11,0.407407
JIRA,jira,project,2023-01_to_2023-04,2023-01,2023-04,Maven GPG Plugin (Moved to GitHub Issues),4,1,0.250000
JIRA,jira,project,2023-01_to_2023-04,2023-01,2023-04,Maven Help Plugin (Moved to GitHub Issues),13,2,0.153846
JIRA,jira,project,2023-01_to_2023-04,2023-01,2023-04,Maven Indexer (Moved to GitHub Issues),4,0,0.000000
JIRA,jira,project,2023-01_to_2023-04,2023-01,2023-04,Maven Install Plugin (Moved to GitHub Issues),2,0,0.000000
JIRA,jira,project,2023-01_to_2023-04,2023-01,2023-04,Maven Invoker Plugin (Moved to GitHub Issues),17,4,0.235294
JIRA,jira,project,2023-01_to_2023-04,2023-01,2023-04,Maven JAR Plugin (Moved to GitHub Issues),1,0,0.000000
JIRA,jira,project,2023-01_to_2023-04,2023-01,2023-04,Maven JDeprScan Plugin (Moved to GitHub Issues),5,1,0.200000
JIRA,jira,project,2023-01_to_2023-04,2023-01,2023-04,Maven JDeps Plugin (Moved to GitHub Issues),2,1,0.500000
JIRA,jira,project,2023-01_to_2023-04,2023-01,2023-04,Maven JLink Plugin (Moved to GitHub Issues),3,0,0.000000
JIRA,jira,project,2023-01_to_2023-04,2023-01,2023-04,Maven JXR (Moved to GitHub Issues),1,0,0.000000
JIRA,jira,project,2023-01_to_2023-04,2023-01,2023-04,Maven Jar Signer Plugin (Moved to GitHub Issues),3,0,0.000000
JIRA,jira,project,2023-01_to_2023-04,2023-01,2023-04,Maven Javadoc Plugin (Moved to GitHub Issues),11,5,0.454545
JIRA,jira,project,2023-01_to_2023-04,2023-01,2023-04,Maven Linkcheck Plugin (Moved to GitHub Issues),1,0,0.000000
JIRA,jira,project,2023-01_to_2023-04,2023-01,2023-04,Maven PDF Plugin (RETIRED),3,0,0.000000
JIRA,jira,project,2023-01_to_2023-04,2023-01,2023-04,Maven PMD Plugin (Moved to GitHub Issues),9,3,0.333333
JIRA,jira,project,2023-01_to_2023-04,2023-01,2023-04,Maven POMs (Moved to GitHub issues),28,1,0.035714
JIRA,jira,project,2023-01_to_2023-04,2023-01,2023-04,Maven Patch Plugin (RETIRED),1,0,0.000000
JIRA,jira,project,2023-01_to_2023-04,2023-01,2023-04,Maven Plugin Testing  (Moved to GitHub Issues),4,0,0.000000
JIRA,jira,project,2023-01_to_2023-04,2023-01,2023-04,Maven Plugin Tools (Moved to GitHub Issues),18,5,0.277778
JIRA,jira,project,2023-01_to_2023-04,2023-01,2023-04,Maven Project Info Reports Plugin (Moved to GitHub Issues),6,1,0.166667
JIRA,jira,project,2023-01_to_2023-04,2023-01,2023-04,Maven Project Web Site (Moved to GitHub Issues),14,2,0.142857
JIRA,jira,project,2023-01_to_2023-04,2023-01,2023-04,Maven Release Plugin (Moved to GitHub Issues),9,1,0.111111
JIRA,jira,project,2023-01_to_2023-04,2023-01,2023-04,Maven Remote Resources Plugin (Moved to GitHub Issues),6,3,0.500000
JIRA,jira,project,2023-01_to_2023-04,2023-01,2023-04,Maven Resolver (Moved to GitHub Issues),51,9,0.176471
JIRA,jira,project,2023-01_to_2023-04,2023-01,2023-04,Maven Resources Plugin (Moved to GitHub Issues),5,1,0.200000
JIRA,jira,project,2023-01_to_2023-04,2023-01,2023-04,Maven SCM (Moved to GitHub Issues),5,2,0.400000
JIRA,jira,project,2023-01_to_2023-04,2023-01,2023-04,Maven SCM Publish Plugin (Moved to GitHub Issues),7,0,0.000000
JIRA,jira,project,2023-01_to_2023-04,2023-01,2023-04,Maven Scripting (Moved to GitHub Issues),3,1,0.333333
JIRA,jira,project,2023-01_to_2023-04,2023-01,2023-04,Maven Shade Plugin (Moved to GitHub Issues),8,1,0.125000
JIRA,jira,project,2023-01_to_2023-04,2023-01,2023-04,Maven Shared Components,74,7,0.094595
JIRA,jira,project,2023-01_to_2023-04,2023-01,2023-04,Maven Site Plugin (Moved to GitHub Issues),42,7,0.166667
JIRA,jira,project,2023-01_to_2023-04,2023-01,2023-04,Maven Skins (Moved to GitHub Issues),26,3,0.115385
JIRA,jira,project,2023-01_to_2023-04,2023-01,2023-04,Maven Stage Plugin (Moved to GitHub Issues),1,0,0.000000
JIRA,jira,project,2023-01_to_2023-04,2023-01,2023-04,Maven Surefire (Moved to GitHub Issues),20,8,0.400000
JIRA,jira,project,2023-01_to_2023-04,2023-01,2023-04,Maven Toolchains Plugin (Moved to GitHub Issues),2,0,0.000000
JIRA,jira,project,2023-01_to_2023-04,2023-01,2023-04,Maven Verifier Plugin (Moved to GitHub Issues),1,0,0.000000
JIRA,jira,project,2023-01_to_2023-04,2023-01,2023-04,Maven WAR Plugin (Moved to GitHub Issues),5,0,0.000000
JIRA,jira,project,2023-01_to_2023-04,2023-01,2023-04,Maven Wagon (Moved to GitHub Issues),1,0,0.000000
JIRA,jira,project,2023-01_to_2023-04,2023-01,2023-04,Maven Wrapper (Moved to GitHub Issues),24,8,0.333333
JIRA,jira,project,2023-01_to_2023-04,2023-01,2023-04,MicroShift,275,22,0.080000
JIRA,jira,project,2023-01_to_2023-04,2023-01,2023-04,Migration Platform,80,30,0.375000
JIRA,jira,project,2023-01_to_2023-04,2023-01,2023-04,Migration Toolkit for Applications,414,24,0.057971
JIRA,jira,project,2023-01_to_2023-04,2023-01,2023-04,Migration Toolkit for Virtualization,65,9,0.138462
JIRA,jira,project,2023-01_to_2023-04,2023-01,2023-04,Mnemonic (Retired),7,0,0.000000
JIRA,jira,project,2023-01_to_2023-04,2023-01,2023-04,ModeShape,1,0,0.000000
JIRA,jira,project,2023-01_to_2023-04,2023-01,2023-04,Modular Service Container,7,0,0.000000
JIRA,jira,project,2023-01_to_2023-04,2023-01,2023-04,MongoDB Database Tools,53,7,0.132075
JIRA,jira,project,2023-01_to_2023-04,2023-01,2023-04,MongoDB Shell,72,6,0.083333
JIRA,jira,project,2023-01_to_2023-04,2023-01,2023-04,Mongoid,69,6,0.086957
JIRA,jira,project,2023-01_to_2023-04,2023-01,2023-04,Motor,48,7,0.145833
JIRA,jira,project,2023-01_to_2023-04,2023-01,2023-04,Multiple Architecture Enablement,84,10,0.119048
JIRA,jira,project,2023-01_to_2023-04,2023-01,2023-04,MyFaces Core,63,26,0.412698
JIRA,jira,project,2023-01_to_2023-04,2023-01,2023-04,MyFaces Tobago,30,2,0.066667
JIRA,jira,project,2023-01_to_2023-04,2023-01,2023-04,NLPCraft (Retired),2,0,0.000000
JIRA,jira,project,2023-01_to_2023-04,2023-01,2023-04,Network Edge,96,1,0.010417
JIRA,jira,project,2023-01_to_2023-04,2023-01,2023-04,Network Hardware Enablement,169,3,0.017751
JIRA,jira,project,2023-01_to_2023-04,2023-01,2023-04,Network Observability,202,23,0.113861
JIRA,jira,project,2023-01_to_2023-04,2023-01,2023-04,Node.js Driver,314,47,0.149682
JIRA,jira,project,2023-01_to_2023-04,2023-01,2023-04,Nutch,11,1,0.090909
JIRA,jira,project,2023-01_to_2023-04,2023-01,2023-04,OCMUI ,73,4,0.054795
JIRA,jira,project,2023-01_to_2023-04,2023-01,2023-04,OCP Technical Release Team,236,46,0.194915
JIRA,jira,project,2023-01_to_2023-04,2023-01,2023-04,OFBiz,83,15,0.180723
JIRA,jira,project,2023-01_to_2023-04,2023-01,2023-04,OPCT ,36,12,0.333333
JIRA,jira,project,2023-01_to_2023-04,2023-01,2023-04,ORC,77,6,0.077922
JIRA,jira,project,2023-01_to_2023-04,2023-01,2023-04,Observability Documentation,51,1,0.019608
JIRA,jira,project,2023-01_to_2023-04,2023-01,2023-04,Observability UI,5,0,0.000000
JIRA,jira,project,2023-01_to_2023-04,2023-01,2023-04,Observability and Data Analysis Program,64,0,0.000000
JIRA,jira,project,2023-01_to_2023-04,2023-01,2023-04,Olingo,6,1,0.166667
JIRA,jira,project,2023-01_to_2023-04,2023-01,2023-04,On Prem Networking,89,5,0.056180
JIRA,jira,project,2023-01_to_2023-04,2023-01,2023-04,Oozie (Retired),5,3,0.600000
JIRA,jira,project,2023-01_to_2023-04,2023-01,2023-04,OpenJDK,85,3,0.035294
JIRA,jira,project,2023-01_to_2023-04,2023-01,2023-04,OpenJPA,6,3,0.500000
JIRA,jira,project,2023-01_to_2023-04,2023-01,2023-04,OpenNLP,61,10,0.163934
JIRA,jira,project,2023-01_to_2023-04,2023-01,2023-04,OpenShift API Server,59,4,0.067797
JIRA,jira,project,2023-01_to_2023-04,2023-01,2023-04,OpenShift API for Data Protection,486,90,0.185185
JIRA,jira,project,2023-01_to_2023-04,2023-01,2023-04,OpenShift App Analytics,2,0,0.000000
JIRA,jira,project,2023-01_to_2023-04,2023-01,2023-04,OpenShift Application Platform Engineering,1,0,0.000000
JIRA,jira,project,2023-01_to_2023-04,2023-01,2023-04,OpenShift Authentication,30,0,0.000000
JIRA,jira,project,2023-01_to_2023-04,2023-01,2023-04,OpenShift Autoscaling,1,0,0.000000
JIRA,jira,project,2023-01_to_2023-04,2023-01,2023-04,OpenShift Bugs,3981,1450,0.364230
JIRA,jira,project,2023-01_to_2023-04,2023-01,2023-04,OpenShift BuildConfig,23,0,0.000000
JIRA,jira,project,2023-01_to_2023-04,2023-01,2023-04,OpenShift Builds,19,0,0.000000
JIRA,jira,project,2023-01_to_2023-04,2023-01,2023-04,OpenShift CFE,80,2,0.025000
JIRA,jira,project,2023-01_to_2023-04,2023-01,2023-04,OpenShift Cloud,185,17,0.091892
JIRA,jira,project,2023-01_to_2023-04,2023-01,2023-04,OpenShift Cloud Credential Operator,32,2,0.062500
JIRA,jira,project,2023-01_to_2023-04,2023-01,2023-04,OpenShift Console,178,5,0.028090
JIRA,jira,project,2023-01_to_2023-04,2023-01,2023-04,OpenShift Container Platform (OCP) Strategy,272,2,0.007353
JIRA,jira,project,2023-01_to_2023-04,2023-01,2023-04,OpenShift Core Networking,239,4,0.016736
JIRA,jira,project,2023-01_to_2023-04,2023-01,2023-04,OpenShift Edge,25,2,0.080000
JIRA,jira,project,2023-01_to_2023-04,2023-01,2023-04,OpenShift Etcd,38,1,0.026316
JIRA,jira,project,2023-01_to_2023-04,2023-01,2023-04,OpenShift GitOps,242,44,0.181818
JIRA,jira,project,2023-01_to_2023-04,2023-01,2023-04,OpenShift Hive,127,10,0.078740
JIRA,jira,project,2023-01_to_2023-04,2023-01,2023-04,OpenShift Hosted Control Plane,199,16,0.080402
JIRA,jira,project,2023-01_to_2023-04,2023-01,2023-04,OpenShift Image Registry,43,3,0.069767
JIRA,jira,project,2023-01_to_2023-04,2023-01,2023-04,OpenShift Installer,161,11,0.068323
JIRA,jira,project,2023-01_to_2023-04,2023-01,2023-04,OpenShift Jenkins,26,3,0.115385
JIRA,jira,project,2023-01_to_2023-04,2023-01,2023-04,OpenShift Logging,435,75,0.172414
JIRA,jira,project,2023-01_to_2023-04,2023-01,2023-04,OpenShift Migration Toolkit for Containers,40,2,0.050000
JIRA,jira,project,2023-01_to_2023-04,2023-01,2023-04,OpenShift Monitoring,232,5,0.021552
JIRA,jira,project,2023-01_to_2023-04,2023-01,2023-04,OpenShift Node,240,4,0.016667
JIRA,jira,project,2023-01_to_2023-04,2023-01,2023-04,OpenShift Over the Air,98,15,0.153061
JIRA,jira,project,2023-01_to_2023-04,2023-01,2023-04,OpenShift Pipelines,297,40,0.134680
JIRA,jira,project,2023-01_to_2023-04,2023-01,2023-04,OpenShift Pod Autoscaling,7,3,0.428571
JIRA,jira,project,2023-01_to_2023-04,2023-01,2023-04,OpenShift Request For Enhancement,328,15,0.045732
JIRA,jira,project,2023-01_to_2023-04,2023-01,2023-04,OpenShift Service Mesh,518,48,0.092664
JIRA,jira,project,2023-01_to_2023-04,2023-01,2023-04,OpenShift Specialist Platform Team,116,8,0.068966
JIRA,jira,project,2023-01_to_2023-04,2023-01,2023-04,OpenShift Storage,164,12,0.073171
JIRA,jira,project,2023-01_to_2023-04,2023-01,2023-04,OpenShift Top Level Product Strategy,5,0,0.000000
JIRA,jira,project,2023-01_to_2023-04,2023-01,2023-04,OpenShift UX Product Design,77,0,0.000000
JIRA,jira,project,2023-01_to_2023-04,2023-01,2023-04,OpenShift Virtualization,1568,168,0.107143
JIRA,jira,project,2023-01_to_2023-04,2023-01,2023-04,OpenShift Windows Containers,82,6,0.073171
JIRA,jira,project,2023-01_to_2023-04,2023-01,2023-04,OpenShift Workloads,81,4,0.049383
JIRA,jira,project,2023-01_to_2023-04,2023-01,2023-04,OpenStack Strategy,1,0,0.000000
JIRA,jira,project,2023-01_to_2023-04,2023-01,2023-04,OpenStack as Infra,81,2,0.024691
JIRA,jira,project,2023-01_to_2023-04,2023-01,2023-04,OpenWebBeans,12,1,0.083333
JIRA,jira,project,2023-01_to_2023-04,2023-01,2023-04,Openmeetings,13,0,0.000000
JIRA,jira,project,2023-01_to_2023-04,2023-01,2023-04,Openshift sandboxed containers,24,9,0.375000
JIRA,jira,project,2023-01_to_2023-04,2023-01,2023-04,Operator Ecosystem,130,4,0.030769
JIRA,jira,project,2023-01_to_2023-04,2023-01,2023-04,Operator Runtime,43,1,0.023256
JIRA,jira,project,2023-01_to_2023-04,2023-01,2023-04,Opsgenie,268,14,0.052239
JIRA,jira,project,2023-01_to_2023-04,2023-01,2023-04,OptaPlanner,41,3,0.073171
JIRA,jira,project,2023-01_to_2023-04,2023-01,2023-04,Origin Community Distribution of Kubernetes,47,1,0.021277
JIRA,jira,project,2023-01_to_2023-04,2023-01,2023-04,PDFBox,37,9,0.243243
JIRA,jira,project,2023-01_to_2023-04,2023-01,2023-04,PHP Driver: Extension,37,5,0.135135
JIRA,jira,project,2023-01_to_2023-04,2023-01,2023-04,PHP Driver: Library,50,2,0.040000
JIRA,jira,project,2023-01_to_2023-04,2023-01,2023-04,PHP ORMs,7,0,0.000000
JIRA,jira,project,2023-01_to_2023-04,2023-01,2023-04,Parquet,74,13,0.175676
JIRA,jira,project,2023-01_to_2023-04,2023-01,2023-04,Performance and Scale for AI Platforms,48,1,0.020833
JIRA,jira,project,2023-01_to_2023-04,2023-01,2023-04,Phoenix,93,19,0.204301
JIRA,jira,project,2023-01_to_2023-04,2023-01,2023-04,Phoenix Omid,5,2,0.400000
JIRA,jira,project,2023-01_to_2023-04,2023-01,2023-04,Pig,6,3,0.500000
JIRA,jira,project,2023-01_to_2023-04,2023-01,2023-04,Platform POM,1,0,0.000000
JIRA,jira,project,2023-01_to_2023-04,2023-01,2023-04,Podling Suitable Names Search,3,0,0.000000
JIRA,jira,project,2023-01_to_2023-04,2023-01,2023-04,Product Technical Learning,531,28,0.052731
JIRA,jira,project,2023-01_to_2023-04,2023-01,2023-04,Proforma Server & Data Centre,16,1,0.062500
JIRA,jira,project,2023-01_to_2023-04,2023-01,2023-04,Project Quay,197,45,0.228426
JIRA,jira,project,2023-01_to_2023-04,2023-01,2023-04,Pulsar (Retired),2,1,0.500000
JIRA,jira,project,2023-01_to_2023-04,2023-01,2023-04,Python Driver,128,40,0.312500
JIRA,jira,project,2023-01_to_2023-04,2023-01,2023-04,Python Integrations,34,10,0.294118
JIRA,jira,project,2023-01_to_2023-04,2023-01,2023-04,"Qbs (""Cubes"")",18,6,0.333333
JIRA,jira,project,2023-01_to_2023-04,2023-01,2023-04,Qpid,25,12,0.480000
JIRA,jira,project,2023-01_to_2023-04,2023-01,2023-04,Qpid Dispatch,5,1,0.200000
JIRA,jira,project,2023-01_to_2023-04,2023-01,2023-04,Qpid JMS,6,1,0.166667
JIRA,jira,project,2023-01_to_2023-04,2023-01,2023-04,Qpid Proton,55,13,0.236364
JIRA,jira,project,2023-01_to_2023-04,2023-01,2023-04,Qt,3345,729,0.217937
JIRA,jira,project,2023-01_to_2023-04,2023-01,2023-04,Qt 3D Studio,2,0,0.000000
JIRA,jira,project,2023-01_to_2023-04,2023-01,2023-04,Qt Creator,436,76,0.174312
JIRA,jira,project,2023-01_to_2023-04,2023-01,2023-04,Qt Design Studio,985,54,0.054822
JIRA,jira,project,2023-01_to_2023-04,2023-01,2023-04,Qt Installer Framework,111,8,0.072072
JIRA,jira,project,2023-01_to_2023-04,2023-01,2023-04,Qt Project Website,14,0,0.000000
JIRA,jira,project,2023-01_to_2023-04,2023-01,2023-04,Qt Quality Assurance Infrastructure,176,14,0.079545
JIRA,jira,project,2023-01_to_2023-04,2023-01,2023-04,Qt Visual Studio Tools,20,4,0.200000
JIRA,jira,project,2023-01_to_2023-04,2023-01,2023-04,Qt WebBrowser,1,0,0.000000
JIRA,jira,project,2023-01_to_2023-04,2023-01,2023-04,Qt for Python,136,53,0.389706
JIRA,jira,project,2023-01_to_2023-04,2023-01,2023-04,Quarkus,126,10,0.079365
JIRA,jira,project,2023-01_to_2023-04,2023-01,2023-04,Quarkus Documentation,217,0,0.000000
JIRA,jira,project,2023-01_to_2023-04,2023-01,2023-04,RDO Project,39,1,0.025641
JIRA,jira,project,2023-01_to_2023-04,2023-01,2023-04,RESTEasy,50,10,0.200000
JIRA,jira,project,2023-01_to_2023-04,2023-01,2023-04,RH,36,9,0.250000
JIRA,jira,project,2023-01_to_2023-04,2023-01,2023-04,RHEL,57,14,0.245614
JIRA,jira,project,2023-01_to_2023-04,2023-01,2023-04,RHEL Conversions,93,26,0.279570
JIRA,jira,project,2023-01_to_2023-04,2023-01,2023-04,RHEL Testing,2,2,1.000000
JIRA,jira,project,2023-01_to_2023-04,2023-01,2023-04,Ranger,189,25,0.132275
JIRA,jira,project,2023-01_to_2023-04,2023-01,2023-04,Ratis,76,22,0.289474
JIRA,jira,project,2023-01_to_2023-04,2023-01,2023-04,Reactive JVM Platform,9,0,0.000000
JIRA,jira,project,2023-01_to_2023-04,2023-01,2023-04,Red Hat 3scale API Management,243,18,0.074074
JIRA,jira,project,2023-01_to_2023-04,2023-01,2023-04,Red Hat Advanced Cluster Management,1772,169,0.095372
JIRA,jira,project,2023-01_to_2023-04,2023-01,2023-04,Red Hat Advanced Cluster Security,1,0,0.000000
JIRA,jira,project,2023-01_to_2023-04,2023-01,2023-04,Red Hat Build of Apache Camel for Quarkus,23,2,0.086957
JIRA,jira,project,2023-01_to_2023-04,2023-01,2023-04,Red Hat Data Grid,97,10,0.103093
JIRA,jira,project,2023-01_to_2023-04,2023-01,2023-04,Red Hat Decision Manager,10,6,0.600000
JIRA,jira,project,2023-01_to_2023-04,2023-01,2023-04,Red Hat Directory Server,4,3,0.750000
JIRA,jira,project,2023-01_to_2023-04,2023-01,2023-04,Red Hat Fuse,464,30,0.064655
JIRA,jira,project,2023-01_to_2023-04,2023-01,2023-04,Red Hat Insights Engineering,10,0,0.000000
JIRA,jira,project,2023-01_to_2023-04,2023-01,2023-04,Red Hat Insights Strategy,1,0,0.000000
JIRA,jira,project,2023-01_to_2023-04,2023-01,2023-04,Red Hat OpenBridge,68,2,0.029412
JIRA,jira,project,2023-01_to_2023-04,2023-01,2023-04,Red Hat OpenShift Data Science,1101,26,0.023615
JIRA,jira,project,2023-01_to_2023-04,2023-01,2023-04,Red Hat OpenShift Dev Spaces (formerly CodeReady Workspaces),204,55,0.269608
JIRA,jira,project,2023-01_to_2023-04,2023-01,2023-04,Red Hat OpenStack Services on OpenShift,354,28,0.079096
JIRA,jira,project,2023-01_to_2023-04,2023-01,2023-04,Red Hat Process Automation Manager,22,6,0.272727
JIRA,jira,project,2023-01_to_2023-04,2023-01,2023-04,Red Hat Service Interconnect (Skupper),26,1,0.038462
JIRA,jira,project,2023-01_to_2023-04,2023-01,2023-04,Red Hat Workload Availability,13,0,0.000000
JIRA,jira,project,2023-01_to_2023-04,2023-01,2023-04,Red Hat build of Apache Camel for Spring Boot,138,0,0.000000
JIRA,jira,project,2023-01_to_2023-04,2023-01,2023-04,Red Hat build of OptaPlanner,13,1,0.076923
JIRA,jira,project,2023-01_to_2023-04,2023-01,2023-04,Ruby Driver,44,4,0.090909
JIRA,jira,project,2023-01_to_2023-04,2023-01,2023-04,Rust Driver,81,3,0.037037
JIRA,jira,project,2023-01_to_2023-04,2023-01,2023-04,SAML for Atlassian Data Center,2,0,0.000000
JIRA,jira,project,2023-01_to_2023-04,2023-01,2023-04,Sakai,568,91,0.160211
JIRA,jira,project,2023-01_to_2023-04,2023-01,2023-04,Samza,7,1,0.142857
JIRA,jira,project,2023-01_to_2023-04,2023-01,2023-04,Santuario,3,1,0.333333
JIRA,jira,project,2023-01_to_2023-04,2023-01,2023-04,Satellite,865,139,0.160694
JIRA,jira,project,2023-01_to_2023-04,2023-01,2023-04,Security Data,5,0,0.000000
JIRA,jira,project,2023-01_to_2023-04,2023-01,2023-04,Server Deployments and Scale,6,0,0.000000
JIRA,jira,project,2023-01_to_2023-04,2023-01,2023-04,Server Platform Frontend,2,0,0.000000
JIRA,jira,project,2023-01_to_2023-04,2023-01,2023-04,Serverless logic,73,0,0.000000
JIRA,jira,project,2023-01_to_2023-04,2023-01,2023-04,ServiceMix,95,4,0.042105
JIRA,jira,project,2023-01_to_2023-04,2023-01,2023-04,Shared Access Layer,2,0,0.000000
JIRA,jira,project,2023-01_to_2023-04,2023-01,2023-04,Shiro,4,0,0.000000
JIRA,jira,project,2023-01_to_2023-04,2023-01,2023-04,Singa,13,0,0.000000
JIRA,jira,project,2023-01_to_2023-04,2023-01,2023-04,Sling,108,10,0.092593
JIRA,jira,project,2023-01_to_2023-04,2023-01,2023-04,Solr,177,52,0.293785
JIRA,jira,project,2023-01_to_2023-04,2023-01,2023-04,Sourcetree For Mac,38,4,0.105263
JIRA,jira,project,2023-01_to_2023-04,2023-01,2023-04,Sourcetree for Windows,39,13,0.333333
JIRA,jira,project,2023-01_to_2023-04,2023-01,2023-04,Spark,1520,238,0.156579
JIRA,jira,project,2023-01_to_2023-04,2023-01,2023-04,Spark Connector,16,5,0.312500
JIRA,jira,project,2023-01_to_2023-04,2023-01,2023-04,Spatial Information Systems,13,0,0.000000
JIRA,jira,project,2023-01_to_2023-04,2023-01,2023-04,Spring Boot & Cloud,3,0,0.000000
JIRA,jira,project,2023-01_to_2023-04,2023-01,2023-04,StAXMapper,1,0,0.000000
JIRA,jira,project,2023-01_to_2023-04,2023-01,2023-04,Statuspage,7,0,0.000000
JIRA,jira,project,2023-01_to_2023-04,2023-01,2023-04,Steve,3,0,0.000000
JIRA,jira,project,2023-01_to_2023-04,2023-01,2023-04,Struts 2,33,4,0.121212
JIRA,jira,project,2023-01_to_2023-04,2023-01,2023-04,Subscription Watch,143,11,0.076923
JIRA,jira,project,2023-01_to_2023-04,2023-01,2023-04,Subversion,4,3,0.750000
JIRA,jira,project,2023-01_to_2023-04,2023-01,2023-04,Syncope,36,3,0.083333
JIRA,jira,project,2023-01_to_2023-04,2023-01,2023-04,SystemDS,78,4,0.051282
JIRA,jira,project,2023-01_to_2023-04,2023-01,2023-04,TEST Defect Tracking Project,12,0,0.000000
JIRA,jira,project,2023-01_to_2023-04,2023-01,2023-04,TOREE,2,0,0.000000
JIRA,jira,project,2023-01_to_2023-04,2023-01,2023-04,Tapestry 5,7,3,0.428571
JIRA,jira,project,2023-01_to_2023-04,2023-01,2023-04,Teiid,1,0,0.000000
JIRA,jira,project,2023-01_to_2023-04,2023-01,2023-04,Thrift,29,8,0.275862
JIRA,jira,project,2023-01_to_2023-04,2023-01,2023-04,Tika,75,7,0.093333
JIRA,jira,project,2023-01_to_2023-04,2023-01,2023-04,TinkerPop,90,18,0.200000
JIRA,jira,project,2023-01_to_2023-04,2023-01,2023-04,TomEE,69,3,0.043478
JIRA,jira,project,2023-01_to_2023-04,2023-01,2023-04,Tools (JBoss Tools),132,16,0.121212
JIRA,jira,project,2023-01_to_2023-04,2023-01,2023-04,Torque,6,3,0.500000
JIRA,jira,project,2023-01_to_2023-04,2023-01,2023-04,UIMA,2,0,0.000000
JIRA,jira,project,2023-01_to_2023-04,2023-01,2023-04,Undertow,42,12,0.285714
JIRA,jira,project,2023-01_to_2023-04,2023-01,2023-04,Universal Plugin Manager,2,0,0.000000
JIRA,jira,project,2023-01_to_2023-04,2023-01,2023-04,VS Code Extension,53,6,0.113208
JIRA,jira,project,2023-01_to_2023-04,2023-01,2023-04,Velocity,5,3,0.600000
JIRA,jira,project,2023-01_to_2023-04,2023-01,2023-04,Velocity Tools,2,1,0.500000
JIRA,jira,project,2023-01_to_2023-04,2023-01,2023-04,Virtualization Strategy,49,0,0.000000
JIRA,jira,project,2023-01_to_2023-04,2023-01,2023-04,Visual Design,42,0,0.000000
JIRA,jira,project,2023-01_to_2023-04,2023-01,2023-04,Visual Studio,8,0,0.000000
JIRA,jira,project,2023-01_to_2023-04,2023-01,2023-04,WINDUP ,217,10,0.046083
JIRA,jira,project,2023-01_to_2023-04,2023-01,2023-04,WINDUPRULE ,39,2,0.051282
JIRA,jira,project,2023-01_to_2023-04,2023-01,2023-04,Web Terminal for OpenShift,5,1,0.200000
JIRA,jira,project,2023-01_to_2023-04,2023-01,2023-04,Weld,4,1,0.250000
JIRA,jira,project,2023-01_to_2023-04,2023-01,2023-04,Whimsy,6,1,0.166667
JIRA,jira,project,2023-01_to_2023-04,2023-01,2023-04,Who's Looking for OnDemand,4,1,0.250000
JIRA,jira,project,2023-01_to_2023-04,2023-01,2023-04,Wicket,29,3,0.103448
JIRA,jira,project,2023-01_to_2023-04,2023-01,2023-04,WildFly,480,70,0.145833
JIRA,jira,project,2023-01_to_2023-04,2023-01,2023-04,WildFly Arquillian,2,0,0.000000
JIRA,jira,project,2023-01_to_2023-04,2023-01,2023-04,WildFly Core,142,13,0.091549
JIRA,jira,project,2023-01_to_2023-04,2023-01,2023-04,WildFly EJB HTTP Client,5,0,0.000000
JIRA,jira,project,2023-01_to_2023-04,2023-01,2023-04,WildFly Elytron,46,7,0.152174
JIRA,jira,project,2023-01_to_2023-04,2023-01,2023-04,WildFly Elytron EE,2,0,0.000000
JIRA,jira,project,2023-01_to_2023-04,2023-01,2023-04,WildFly Maven Plugin,27,3,0.111111
JIRA,jira,project,2023-01_to_2023-04,2023-01,2023-04,WildFly Naming Client,1,0,0.000000
JIRA,jira,project,2023-01_to_2023-04,2023-01,2023-04,WildFly OpenSSL,4,0,0.000000
JIRA,jira,project,2023-01_to_2023-04,2023-01,2023-04,WildFly OpenSSL Natives,3,0,0.000000
JIRA,jira,project,2023-01_to_2023-04,2023-01,2023-04,WildFly Transaction Client,3,0,0.000000
JIRA,jira,project,2023-01_to_2023-04,2023-01,2023-04,WildFly WIP,40,16,0.400000
JIRA,jira,project,2023-01_to_2023-04,2023-01,2023-04,WiredTiger,557,224,0.402154
JIRA,jira,project,2023-01_to_2023-04,2023-01,2023-04,XBean,2,1,0.500000
JIRA,jira,project,2023-01_to_2023-04,2023-01,2023-04,XMLBeans,6,2,0.333333
JIRA,jira,project,2023-01_to_2023-04,2023-01,2023-04,XMLGraphicsCommons,2,1,0.500000
JIRA,jira,project,2023-01_to_2023-04,2023-01,2023-04,XNIO,1,0,0.000000
JIRA,jira,project,2023-01_to_2023-04,2023-01,2023-04,Xerces2,3,2,0.666667
JIRA,jira,project,2023-01_to_2023-04,2023-01,2023-04,XmlSchema,1,0,0.000000
JIRA,jira,project,2023-01_to_2023-04,2023-01,2023-04,Yetus,3,1,0.333333
JIRA,jira,project,2023-01_to_2023-04,2023-01,2023-04,Zeppelin,33,12,0.363636
JIRA,jira,project,2023-01_to_2023-04,2023-01,2023-04,ZooKeeper,36,9,0.250000
JIRA,jira,project,2023-01_to_2023-04,2023-01,2023-04,apiman (API Management),1,1,1.000000
JIRA,jira,project,2023-01_to_2023-04,2023-01,2023-04,atlassian,1,0,0.000000
JIRA,jira,project,2023-01_to_2023-04,2023-01,2023-04,cTAKES,1,0,0.000000
JIRA,jira,project,2023-01_to_2023-04,2023-01,2023-04,jBPM,14,6,0.428571
JIRA,jira,project,2023-01_to_2023-04,2023-01,2023-04,jboss.org,2,2,1.000000
JIRA,jira,project,2023-01_to_2023-04,2023-01,2023-04,jclouds (Retired) (Retired),3,2,0.666667
JIRA,jira,project,2023-01_to_2023-04,2023-01,2023-04,mod_cluster,7,1,0.142857
JIRA,jira,project,2023-01_to_2023-04,2023-01,2023-04,repository.jboss.org/nexus,22,0,0.000000
JIRA,jira,project,2023-01_to_2023-04,2023-01,2023-04,www.apache.org website,1,0,0.000000
JIRA,jira,project,2023-05_to_2023-08,2023-05,2023-08,A,1,0,0.000000
JIRA,jira,project,2023-05_to_2023-08,2023-05,2023-08,AMQ Broker,224,41,0.183036
JIRA,jira,project,2023-05_to_2023-08,2023-05,2023-08,AMQ Clients,2,1,0.500000
JIRA,jira,project,2023-05_to_2023-08,2023-05,2023-08,AMQ Documentation,16,0,0.000000
JIRA,jira,project,2023-05_to_2023-08,2023-05,2023-08,AMQ Interconnect,6,3,0.500000
JIRA,jira,project,2023-05_to_2023-08,2023-05,2023-08,AMQ Streams,214,8,0.037383
JIRA,jira,project,2023-05_to_2023-08,2023-05,2023-08,ActiveMQ (Read,51,7,0.137255
JIRA,jira,project,2023-05_to_2023-08,2023-05,2023-08,ActiveMQ .Net,2,0,0.000000
JIRA,jira,project,2023-05_to_2023-08,2023-05,2023-08,ActiveMQ OpenWire,1,0,0.000000
JIRA,jira,project,2023-05_to_2023-08,2023-05,2023-08,ActiveObjects,4,3,0.750000
JIRA,jira,project,2023-05_to_2023-08,2023-05,2023-08,Activity Streams,1,0,0.000000
JIRA,jira,project,2023-05_to_2023-08,2023-05,2023-08,Admin Experience,76,8,0.105263
JIRA,jira,project,2023-05_to_2023-08,2023-05,2023-08,Agent,87,3,0.034483
JIRA,jira,project,2023-05_to_2023-08,2023-05,2023-08,Agroal,13,2,0.153846
JIRA,jira,project,2023-05_to_2023-08,2023-05,2023-08,Airavata,5,1,0.200000
JIRA,jira,project,2023-05_to_2023-08,2023-05,2023-08,Ambari,68,21,0.308824
JIRA,jira,project,2023-05_to_2023-08,2023-05,2023-08,Analytics,49,2,0.040816
JIRA,jira,project,2023-05_to_2023-08,2023-05,2023-08,Ansible Automation Platform RFEs,157,5,0.031847
JIRA,jira,project,2023-05_to_2023-08,2023-05,2023-08,Apache Any23 (Retired),3,0,0.000000
JIRA,jira,project,2023-05_to_2023-08,2023-05,2023-08,Apache AsterixDB,87,8,0.091954
JIRA,jira,project,2023-05_to_2023-08,2023-05,2023-08,Apache Avro,98,17,0.173469
JIRA,jira,project,2023-05_to_2023-08,2023-05,2023-08,Apache Cassandra,325,106,0.326154
JIRA,jira,project,2023-05_to_2023-08,2023-05,2023-08,Apache Cassandra Java driver,2,0,0.000000
JIRA,jira,project,2023-05_to_2023-08,2023-05,2023-08,Apache Celeborn,373,17,0.045576
JIRA,jira,project,2023-05_to_2023-08,2023-05,2023-08,Apache Commons All,1,1,1.000000
JIRA,jira,project,2023-05_to_2023-08,2023-05,2023-08,Apache Curator,18,4,0.222222
JIRA,jira,project,2023-05_to_2023-08,2023-05,2023-08,Apache Drill,28,7,0.250000
JIRA,jira,project,2023-05_to_2023-08,2023-05,2023-08,Apache Fineract,45,6,0.133333
JIRA,jira,project,2023-05_to_2023-08,2023-05,2023-08,Apache Flex,1,0,0.000000
JIRA,jira,project,2023-05_to_2023-08,2023-05,2023-08,Apache Freemarker,5,2,0.400000
JIRA,jira,project,2023-05_to_2023-08,2023-05,2023-08,Apache Gobblin,66,4,0.060606
JIRA,jira,project,2023-05_to_2023-08,2023-05,2023-08,Apache Gora (Retired),1,0,0.000000
JIRA,jira,project,2023-05_to_2023-08,2023-05,2023-08,Apache Hudi,653,53,0.081164
JIRA,jira,project,2023-05_to_2023-08,2023-05,2023-08,Apache IoTDB,295,16,0.054237
JIRA,jira,project,2023-05_to_2023-08,2023-05,2023-08,Apache Jena,2,1,0.500000
JIRA,jira,project,2023-05_to_2023-08,2023-05,2023-08,Apache Knox,47,2,0.042553
JIRA,jira,project,2023-05_to_2023-08,2023-05,2023-08,Apache Liminal (Retired),2,0,0.000000
JIRA,jira,project,2023-05_to_2023-08,2023-05,2023-08,Apache MADlib,1,1,1.000000
JIRA,jira,project,2023-05_to_2023-08,2023-05,2023-08,Apache Maven Resource Bundles (Moved to GitHub Issues),2,0,0.000000
JIRA,jira,project,2023-05_to_2023-08,2023-05,2023-08,Apache NetBeans Infra,1,1,1.000000
JIRA,jira,project,2023-05_to_2023-08,2023-05,2023-08,Apache NiFi,514,57,0.110895
JIRA,jira,project,2023-05_to_2023-08,2023-05,2023-08,Apache NiFi MiNiFi ,1,0,0.000000
JIRA,jira,project,2023-05_to_2023-08,2023-05,2023-08,Apache NiFi MiNiFi C++,98,9,0.091837
JIRA,jira,project,2023-05_to_2023-08,2023-05,2023-08,Apache Ozone,713,191,0.267882
JIRA,jira,project,2023-05_to_2023-08,2023-05,2023-08,Apache RAT,5,2,0.400000
JIRA,jira,project,2023-05_to_2023-08,2023-05,2023-08,Apache Science Data Analytics Platform,27,0,0.000000
JIRA,jira,project,2023-05_to_2023-08,2023-05,2023-08,Apache Sedona,102,5,0.049020
JIRA,jira,project,2023-05_to_2023-08,2023-05,2023-08,Apache ServiceComb,19,0,0.000000
JIRA,jira,project,2023-05_to_2023-08,2023-05,2023-08,Apache Storm,56,14,0.250000
JIRA,jira,project,2023-05_to_2023-08,2023-05,2023-08,Apache Submarine,24,1,0.041667
JIRA,jira,project,2023-05_to_2023-08,2023-05,2023-08,Apache Tez,20,9,0.450000
JIRA,jira,project,2023-05_to_2023-08,2023-05,2023-08,Apache Unomi,26,8,0.307692
JIRA,jira,project,2023-05_to_2023-08,2023-05,2023-08,Apache YuniKorn,235,29,0.123404
JIRA,jira,project,2023-05_to_2023-08,2023-05,2023-08,Application Links,3,0,0.000000
JIRA,jira,project,2023-05_to_2023-08,2023-05,2023-08,Aries,3,2,0.666667
JIRA,jira,project,2023-05_to_2023-08,2023-05,2023-08,Arquillian,5,0,0.000000
JIRA,jira,project,2023-05_to_2023-08,2023-05,2023-08,Artemis,144,18,0.125000
JIRA,jira,project,2023-05_to_2023-08,2023-05,2023-08,Atlas,51,10,0.196078
JIRA,jira,project,2023-05_to_2023-08,2023-05,2023-08,Atlas SQL,6,0,0.000000
JIRA,jira,project,2023-05_to_2023-08,2023-05,2023-08,Atlassian Cache,3,0,0.000000
JIRA,jira,project,2023-05_to_2023-08,2023-05,2023-08,Atlassian Cloud,44,3,0.068182
JIRA,jira,project,2023-05_to_2023-08,2023-05,2023-08,Atlassian Connect,2,0,0.000000
JIRA,jira,project,2023-05_to_2023-08,2023-05,2023-08,Atlassian Connect Express (Node.js),1,0,0.000000
JIRA,jira,project,2023-05_to_2023-08,2023-05,2023-08,Atlassian Connect JavaScript API,1,0,0.000000
JIRA,jira,project,2023-05_to_2023-08,2023-05,2023-08,Atlassian Connect Spring Boot,2,0,0.000000
JIRA,jira,project,2023-05_to_2023-08,2023-05,2023-08,Atlassian Connect in Jira Cloud,18,0,0.000000
JIRA,jira,project,2023-05_to_2023-08,2023-05,2023-08,Atlassian Ecosystem,18,2,0.111111
JIRA,jira,project,2023-05_to_2023-08,2023-05,2023-08,Atlassian Guard,62,4,0.064516
JIRA,jira,project,2023-05_to_2023-08,2023-05,2023-08,Atlassian Intelligence,13,1,0.076923
JIRA,jira,project,2023-05_to_2023-08,2023-05,2023-08,Atlassian Internationalization,68,2,0.029412
JIRA,jira,project,2023-05_to_2023-08,2023-05,2023-08,Atlassian Marketplace,17,1,0.058824
JIRA,jira,project,2023-05_to_2023-08,2023-05,2023-08,Atlassian Maven Plugin Suite,11,2,0.181818
JIRA,jira,project,2023-05_to_2023-08,2023-05,2023-08,Atlassian OAuth 2.0,1,0,0.000000
JIRA,jira,project,2023-05_to_2023-08,2023-05,2023-08,Atlassian Plugins,2,0,0.000000
JIRA,jira,project,2023-05_to_2023-08,2023-05,2023-08,Atlassian Plugins Webresources,8,0,0.000000
JIRA,jira,project,2023-05_to_2023-08,2023-05,2023-08,Atlassian Pretty URLs,1,0,0.000000
JIRA,jira,project,2023-05_to_2023-08,2023-05,2023-08,Atlassian Product Integrations,27,3,0.111111
JIRA,jira,project,2023-05_to_2023-08,2023-05,2023-08,Atlassian REST,5,0,0.000000
JIRA,jira,project,2023-05_to_2023-08,2023-05,2023-08,Atlassian Troubleshooting & Support Tools Plugin,6,0,0.000000
JIRA,jira,project,2023-05_to_2023-08,2023-05,2023-08,Atlassian User Interface,6,0,0.000000
JIRA,jira,project,2023-05_to_2023-08,2023-05,2023-08,Atlassian WebHooks Plugin,1,0,0.000000
JIRA,jira,project,2023-05_to_2023-08,2023-05,2023-08,Attic,2,0,0.000000
JIRA,jira,project,2023-05_to_2023-08,2023-05,2023-08,Automation for Cloud,98,6,0.061224
JIRA,jira,project,2023-05_to_2023-08,2023-05,2023-08,Automation for Jira Server,36,2,0.055556
JIRA,jira,project,2023-05_to_2023-08,2023-05,2023-08,Axiom,1,0,0.000000
JIRA,jira,project,2023-05_to_2023-08,2023-05,2023-08,Axis2,4,3,0.750000
JIRA,jira,project,2023-05_to_2023-08,2023-05,2023-08,Bahir (Retired),2,0,0.000000
JIRA,jira,project,2023-05_to_2023-08,2023-05,2023-08,Bamboo Data Center,116,21,0.181034
JIRA,jira,project,2023-05_to_2023-08,2023-05,2023-08,Batik,5,1,0.200000
JIRA,jira,project,2023-05_to_2023-08,2023-05,2023-08,Bigtop,60,26,0.433333
JIRA,jira,project,2023-05_to_2023-08,2023-05,2023-08,Bitbucket Cloud,229,10,0.043668
JIRA,jira,project,2023-05_to_2023-08,2023-05,2023-08,Bitbucket Data Center,160,19,0.118750
JIRA,jira,project,2023-05_to_2023-08,2023-05,2023-08,BxMS Documentation,2,0,0.000000
JIRA,jira,project,2023-05_to_2023-08,2023-05,2023-08,Byteman,5,1,0.200000
JIRA,jira,project,2023-05_to_2023-08,2023-05,2023-08,C Driver,77,6,0.077922
JIRA,jira,project,2023-05_to_2023-08,2023-05,2023-08,C# Driver,144,31,0.215278
JIRA,jira,project,2023-05_to_2023-08,2023-05,2023-08,C++ Driver,47,2,0.042553
JIRA,jira,project,2023-05_to_2023-08,2023-05,2023-08,CXF,80,14,0.175000
JIRA,jira,project,2023-05_to_2023-08,2023-05,2023-08,CXF XJC Utils,2,0,0.000000
JIRA,jira,project,2023-05_to_2023-08,2023-05,2023-08,Calcite,289,47,0.162630
JIRA,jira,project,2023-05_to_2023-08,2023-05,2023-08,Camel,728,95,0.130495
JIRA,jira,project,2023-05_to_2023-08,2023-05,2023-08,Causeway,110,5,0.045455
JIRA,jira,project,2023-05_to_2023-08,2023-05,2023-08,Cayenne,10,2,0.200000
JIRA,jira,project,2023-05_to_2023-08,2023-05,2023-08,CentOS Stream Pipeline,110,32,0.290909
JIRA,jira,project,2023-05_to_2023-08,2023-05,2023-08,Cert Manager support for Red Hat OpenShift,68,1,0.014706
JIRA,jira,project,2023-05_to_2023-08,2023-05,2023-08,Certification Partner Experience Public,18,0,0.000000
JIRA,jira,project,2023-05_to_2023-08,2023-05,2023-08,Clair,10,0,0.000000
JIRA,jira,project,2023-05_to_2023-08,2023-05,2023-08,Client,2,0,0.000000
JIRA,jira,project,2023-05_to_2023-08,2023-05,2023-08,Cloud Enablement,26,3,0.115385
JIRA,jira,project,2023-05_to_2023-08,2023-05,2023-08,Cloud Infrastructure Security & Compliance,71,4,0.056338
JIRA,jira,project,2023-05_to_2023-08,2023-05,2023-08,Cloud Native Runtimes (CNR) Documentation,4,0,0.000000
JIRA,jira,project,2023-05_to_2023-08,2023-05,2023-08,Cluster Integration and Delivery,4,0,0.000000
JIRA,jira,project,2023-05_to_2023-08,2023-05,2023-08,Cluster Observability Operator,1,0,0.000000
JIRA,jira,project,2023-05_to_2023-08,2023-05,2023-08,Cockpit,35,1,0.028571
JIRA,jira,project,2023-05_to_2023-08,2023-05,2023-08,Coin,38,6,0.157895
JIRA,jira,project,2023-05_to_2023-08,2023-05,2023-08,Commerce,10,0,0.000000
JIRA,jira,project,2023-05_to_2023-08,2023-05,2023-08,Commons BCEL,3,3,1.000000
JIRA,jira,project,2023-05_to_2023-08,2023-05,2023-08,Commons BeanUtils,2,1,0.500000
JIRA,jira,project,2023-05_to_2023-08,2023-05,2023-08,Commons CLI,2,0,0.000000
JIRA,jira,project,2023-05_to_2023-08,2023-05,2023-08,Commons CSV,2,1,0.500000
JIRA,jira,project,2023-05_to_2023-08,2023-05,2023-08,Commons Codec,2,0,0.000000
JIRA,jira,project,2023-05_to_2023-08,2023-05,2023-08,Commons Collections,6,1,0.166667
JIRA,jira,project,2023-05_to_2023-08,2023-05,2023-08,Commons Compress,6,2,0.333333
JIRA,jira,project,2023-05_to_2023-08,2023-05,2023-08,Commons Configuration,5,1,0.200000
JIRA,jira,project,2023-05_to_2023-08,2023-05,2023-08,Commons DBCP,1,0,0.000000
JIRA,jira,project,2023-05_to_2023-08,2023-05,2023-08,Commons Daemon,1,1,1.000000
JIRA,jira,project,2023-05_to_2023-08,2023-05,2023-08,Commons DbUtils,1,1,1.000000
JIRA,jira,project,2023-05_to_2023-08,2023-05,2023-08,Commons Email,2,0,0.000000
JIRA,jira,project,2023-05_to_2023-08,2023-05,2023-08,Commons Exec,2,1,0.500000
JIRA,jira,project,2023-05_to_2023-08,2023-05,2023-08,Commons FileUpload,1,1,1.000000
JIRA,jira,project,2023-05_to_2023-08,2023-05,2023-08,Commons Geometry,14,2,0.142857
JIRA,jira,project,2023-05_to_2023-08,2023-05,2023-08,Commons IO,18,6,0.333333
JIRA,jira,project,2023-05_to_2023-08,2023-05,2023-08,Commons Imaging,10,1,0.100000
JIRA,jira,project,2023-05_to_2023-08,2023-05,2023-08,Commons JCS,3,0,0.000000
JIRA,jira,project,2023-05_to_2023-08,2023-05,2023-08,Commons JEXL,9,1,0.111111
JIRA,jira,project,2023-05_to_2023-08,2023-05,2023-08,Commons Lang,15,5,0.333333
JIRA,jira,project,2023-05_to_2023-08,2023-05,2023-08,Commons Logging,1,0,0.000000
JIRA,jira,project,2023-05_to_2023-08,2023-05,2023-08,Commons Math,5,1,0.200000
JIRA,jira,project,2023-05_to_2023-08,2023-05,2023-08,Commons Net,4,3,0.750000
JIRA,jira,project,2023-05_to_2023-08,2023-05,2023-08,Commons Numbers,11,1,0.090909
JIRA,jira,project,2023-05_to_2023-08,2023-05,2023-08,Commons Statistics,10,0,0.000000
JIRA,jira,project,2023-05_to_2023-08,2023-05,2023-08,Commons Text,8,0,0.000000
JIRA,jira,project,2023-05_to_2023-08,2023-05,2023-08,Commons VFS,7,4,0.571429
JIRA,jira,project,2023-05_to_2023-08,2023-05,2023-08,Community Development,5,1,0.200000
JIRA,jira,project,2023-05_to_2023-08,2023-05,2023-08,Compass,291,14,0.048110
JIRA,jira,project,2023-05_to_2023-08,2023-05,2023-08,Confluence Cloud,562,40,0.071174
JIRA,jira,project,2023-05_to_2023-08,2023-05,2023-08,Confluence Data Center,601,47,0.078203
JIRA,jira,project,2023-05_to_2023-08,2023-05,2023-08,Container Tools,58,5,0.086207
JIRA,jira,project,2023-05_to_2023-08,2023-05,2023-08,Content Gateway,7,0,0.000000
JIRA,jira,project,2023-05_to_2023-08,2023-05,2023-08,Contrib: Clog,1,1,1.000000
JIRA,jira,project,2023-05_to_2023-08,2023-05,2023-08,Contrib: SCORM Player,2,0,0.000000
JIRA,jira,project,2023-05_to_2023-08,2023-05,2023-08,Core Server,3851,326,0.084653
JIRA,jira,project,2023-05_to_2023-08,2023-05,2023-08,CoreOS OCP,192,23,0.119792
JIRA,jira,project,2023-05_to_2023-08,2023-05,2023-08,Cost Management,21,1,0.047619
JIRA,jira,project,2023-05_to_2023-08,2023-05,2023-08,Crowd Data Center,11,2,0.181818
JIRA,jira,project,2023-05_to_2023-08,2023-05,2023-08,Crucible,31,3,0.096774
JIRA,jira,project,2023-05_to_2023-08,2023-05,2023-08,DMR,4,0,0.000000
JIRA,jira,project,2023-05_to_2023-08,2023-05,2023-08,Daffodil,30,6,0.200000
JIRA,jira,project,2023-05_to_2023-08,2023-05,2023-08,Data Foundation Bugs,39,10,0.256410
JIRA,jira,project,2023-05_to_2023-08,2023-05,2023-08,DataFu,1,1,1.000000
JIRA,jira,project,2023-05_to_2023-08,2023-05,2023-08,Debezium,434,131,0.301843
JIRA,jira,project,2023-05_to_2023-08,2023-05,2023-08,Derby (Retired),4,2,0.500000
JIRA,jira,project,2023-05_to_2023-08,2023-05,2023-08,Directory,1,1,1.000000
JIRA,jira,project,2023-05_to_2023-08,2023-05,2023-08,Directory ApacheDS,2,1,0.500000
JIRA,jira,project,2023-05_to_2023-08,2023-05,2023-08,Directory Client API,2,0,0.000000
JIRA,jira,project,2023-05_to_2023-08,2023-05,2023-08,Directory Kerberos,1,1,1.000000
JIRA,jira,project,2023-05_to_2023-08,2023-05,2023-08,Directory Studio,2,0,0.000000
JIRA,jira,project,2023-05_to_2023-08,2023-05,2023-08,Distributed Tracing,293,18,0.061433
JIRA,jira,project,2023-05_to_2023-08,2023-05,2023-08,Docs for Red Hat Developers,217,0,0.000000
JIRA,jira,project,2023-05_to_2023-08,2023-05,2023-08,Drivers,60,3,0.050000
JIRA,jira,project,2023-05_to_2023-08,2023-05,2023-08,Drools,95,13,0.136842
JIRA,jira,project,2023-05_to_2023-08,2023-05,2023-08,EAP Documentation,76,1,0.013158
JIRA,jira,project,2023-05_to_2023-08,2023-05,2023-08,EJB Client Library (AS7+),12,3,0.250000
JIRA,jira,project,2023-05_to_2023-08,2023-05,2023-08,ENTSBT,2,1,0.500000
JIRA,jira,project,2023-05_to_2023-08,2023-05,2023-08,Edge Request For Enhancements,16,0,0.000000
JIRA,jira,project,2023-05_to_2023-08,2023-05,2023-08,Elytron Web,4,0,0.000000
JIRA,jira,project,2023-05_to_2023-08,2023-05,2023-08,Empire,5,1,0.200000
JIRA,jira,project,2023-05_to_2023-08,2023-05,2023-08,Entity Framework,50,0,0.000000
JIRA,jira,project,2023-05_to_2023-08,2023-05,2023-08,FOP,15,6,0.400000
JIRA,jira,project,2023-05_to_2023-08,2023-05,2023-08,FORTRESS,6,2,0.333333
JIRA,jira,project,2023-05_to_2023-08,2023-05,2023-08,Fake Leaks,4,0,0.000000
JIRA,jira,project,2023-05_to_2023-08,2023-05,2023-08,Fast Datapath Product,50,10,0.200000
JIRA,jira,project,2023-05_to_2023-08,2023-05,2023-08,Fedora,134,51,0.380597
JIRA,jira,project,2023-05_to_2023-08,2023-05,2023-08,Felix,42,6,0.142857
JIRA,jira,project,2023-05_to_2023-08,2023-05,2023-08,Fidelis AI,2,0,0.000000
JIRA,jira,project,2023-05_to_2023-08,2023-05,2023-08,FishEye,29,2,0.068966
JIRA,jira,project,2023-05_to_2023-08,2023-05,2023-08,FlightPath,254,9,0.035433
JIRA,jira,project,2023-05_to_2023-08,2023-05,2023-08,Flink,1035,211,0.203865
JIRA,jira,project,2023-05_to_2023-08,2023-05,2023-08,Flume,7,2,0.285714
JIRA,jira,project,2023-05_to_2023-08,2023-05,2023-08,Forge,75,8,0.106667
JIRA,jira,project,2023-05_to_2023-08,2023-05,2023-08,FtpServer,2,0,0.000000
JIRA,jira,project,2023-05_to_2023-08,2023-05,2023-08,Fuse Tooling,1,1,1.000000
JIRA,jira,project,2023-05_to_2023-08,2023-05,2023-08,Fuse/AMQ Documentation,9,0,0.000000
JIRA,jira,project,2023-05_to_2023-08,2023-05,2023-08,Geode,3,0,0.000000
JIRA,jira,project,2023-05_to_2023-08,2023-05,2023-08,Go Driver,134,23,0.171642
JIRA,jira,project,2023-05_to_2023-08,2023-05,2023-08,Griffin (Retired),1,0,0.000000
JIRA,jira,project,2023-05_to_2023-08,2023-05,2023-08,Groovy,126,49,0.388889
JIRA,jira,project,2023-05_to_2023-08,2023-05,2023-08,Guacamole,69,22,0.318841
JIRA,jira,project,2023-05_to_2023-08,2023-05,2023-08,HAL,27,5,0.185185
JIRA,jira,project,2023-05_to_2023-08,2023-05,2023-08,HBase,237,66,0.278481
JIRA,jira,project,2023-05_to_2023-08,2023-05,2023-08,HMS ,1,0,0.000000
JIRA,jira,project,2023-05_to_2023-08,2023-05,2023-08,Hadoop Common,143,98,0.685315
JIRA,jira,project,2023-05_to_2023-08,2023-05,2023-08,Hadoop HDFS,177,127,0.717514
JIRA,jira,project,2023-05_to_2023-08,2023-05,2023-08,Hadoop Map/Reduce,15,10,0.666667
JIRA,jira,project,2023-05_to_2023-08,2023-05,2023-08,Hadoop YARN,73,51,0.698630
JIRA,jira,project,2023-05_to_2023-08,2023-05,2023-08,HawtIO,123,10,0.081301
JIRA,jira,project,2023-05_to_2023-08,2023-05,2023-08,Hive,355,65,0.183099
JIRA,jira,project,2023-05_to_2023-08,2023-05,2023-08,HttpComponents HttpAsyncClient,1,0,0.000000
JIRA,jira,project,2023-05_to_2023-08,2023-05,2023-08,HttpComponents HttpClient,23,2,0.086957
JIRA,jira,project,2023-05_to_2023-08,2023-05,2023-08,HttpComponents HttpCore,12,3,0.250000
JIRA,jira,project,2023-05_to_2023-08,2023-05,2023-08,Hybrid Cloud Console,1090,48,0.044037
JIRA,jira,project,2023-05_to_2023-08,2023-05,2023-08,Hybrid Cloud Console Docs Feedback,21,0,0.000000
JIRA,jira,project,2023-05_to_2023-08,2023-05,2023-08,Hybrid Cloud Infrastructure Documentation,26,0,0.000000
JIRA,jira,project,2023-05_to_2023-08,2023-05,2023-08,IMPALA,306,103,0.336601
JIRA,jira,project,2023-05_to_2023-08,2023-05,2023-08,Identity,40,1,0.025000
JIRA,jira,project,2023-05_to_2023-08,2023-05,2023-08,Ignite,933,164,0.175777
JIRA,jira,project,2023-05_to_2023-08,2023-05,2023-08,Incubator,3,0,0.000000
JIRA,jira,project,2023-05_to_2023-08,2023-05,2023-08,Insights Experiences,494,27,0.054656
JIRA,jira,project,2023-05_to_2023-08,2023-05,2023-08,Insights Rule Analysis Tool,3,1,0.333333
JIRA,jira,project,2023-05_to_2023-08,2023-05,2023-08,IronJacamar,8,0,0.000000
JIRA,jira,project,2023-05_to_2023-08,2023-05,2023-08,Ivy,4,2,0.500000
JIRA,jira,project,2023-05_to_2023-08,2023-05,2023-08,JBeret,7,0,0.000000
JIRA,jira,project,2023-05_to_2023-08,2023-05,2023-08,JBoss Core Services,20,3,0.150000
JIRA,jira,project,2023-05_to_2023-08,2023-05,2023-08,JBoss Enterprise Application Platform,432,92,0.212963
JIRA,jira,project,2023-05_to_2023-08,2023-05,2023-08,JBoss Log Manager,22,2,0.090909
JIRA,jira,project,2023-05_to_2023-08,2023-05,2023-08,JBoss Logging,3,1,0.333333
JIRA,jira,project,2023-05_to_2023-08,2023-05,2023-08,JBoss Marshalling,5,1,0.200000
JIRA,jira,project,2023-05_to_2023-08,2023-05,2023-08,JBoss Metadata,1,1,1.000000
JIRA,jira,project,2023-05_to_2023-08,2023-05,2023-08,JBoss Remoting (3+),1,0,0.000000
JIRA,jira,project,2023-05_to_2023-08,2023-05,2023-08,JBoss Server Migration Tool,12,3,0.250000
JIRA,jira,project,2023-05_to_2023-08,2023-05,2023-08,JBoss Transaction Manager,18,4,0.222222
JIRA,jira,project,2023-05_to_2023-08,2023-05,2023-08,JBoss VFS,2,1,0.500000
JIRA,jira,project,2023-05_to_2023-08,2023-05,2023-08,JBoss Web Server,29,4,0.137931
JIRA,jira,project,2023-05_to_2023-08,2023-05,2023-08,JBoss Web Services,28,4,0.142857
JIRA,jira,project,2023-05_to_2023-08,2023-05,2023-08,JDO,7,0,0.000000
JIRA,jira,project,2023-05_to_2023-08,2023-05,2023-08,JGroups,35,10,0.285714
JIRA,jira,project,2023-05_to_2023-08,2023-05,2023-08,JIRA Calendar Plugin,1,0,0.000000
JIRA,jira,project,2023-05_to_2023-08,2023-05,2023-08,JSPWiki,4,1,0.250000
JIRA,jira,project,2023-05_to_2023-08,2023-05,2023-08,Jackrabbit Content Repository,38,3,0.078947
JIRA,jira,project,2023-05_to_2023-08,2023-05,2023-08,Jackrabbit FileVault,11,1,0.090909
JIRA,jira,project,2023-05_to_2023-08,2023-05,2023-08,Jackrabbit OCM,1,0,0.000000
JIRA,jira,project,2023-05_to_2023-08,2023-05,2023-08,Jackrabbit Oak,208,47,0.225962
JIRA,jira,project,2023-05_to_2023-08,2023-05,2023-08,Jackrabbit Site,1,0,0.000000
JIRA,jira,project,2023-05_to_2023-08,2023-05,2023-08,James Mime4j,1,1,1.000000
JIRA,jira,project,2023-05_to_2023-08,2023-05,2023-08,James Server,31,5,0.161290
JIRA,jira,project,2023-05_to_2023-08,2023-05,2023-08,Java Driver,157,44,0.280255
JIRA,jira,project,2023-05_to_2023-08,2023-05,2023-08,Jira Admin Support,5,0,0.000000
JIRA,jira,project,2023-05_to_2023-08,2023-05,2023-08,Jira Align,401,29,0.072319
JIRA,jira,project,2023-05_to_2023-08,2023-05,2023-08,Jira Cloud,17,0,0.000000
JIRA,jira,project,2023-05_to_2023-08,2023-05,2023-08,Jira Data Center,430,41,0.095349
JIRA,jira,project,2023-05_to_2023-08,2023-05,2023-08,Jira Performance Testing Tools,211,17,0.080569
JIRA,jira,project,2023-05_to_2023-08,2023-05,2023-08,Jira Platform Cloud,1009,45,0.044599
JIRA,jira,project,2023-05_to_2023-08,2023-05,2023-08,Jira Service Management Cloud,394,22,0.055838
JIRA,jira,project,2023-05_to_2023-08,2023-05,2023-08,Jira Service Management Data Center,310,28,0.090323
JIRA,jira,project,2023-05_to_2023-08,2023-05,2023-08,Jira Software Data Center,137,14,0.102190
JIRA,jira,project,2023-05_to_2023-08,2023-05,2023-08,Jira Work Management Cloud,52,3,0.057692
JIRA,jira,project,2023-05_to_2023-08,2023-05,2023-08,Johnzon,3,0,0.000000
JIRA,jira,project,2023-05_to_2023-08,2023-05,2023-08,Juneau,8,0,0.000000
JIRA,jira,project,2023-05_to_2023-08,2023-05,2023-08,KIE Cloud,15,0,0.000000
JIRA,jira,project,2023-05_to_2023-08,2023-05,2023-08,Kafka,474,89,0.187764
JIRA,jira,project,2023-05_to_2023-08,2023-05,2023-08,Kafka Connector,16,1,0.062500
JIRA,jira,project,2023-05_to_2023-08,2023-05,2023-08,Karaf,50,7,0.140000
JIRA,jira,project,2023-05_to_2023-08,2023-05,2023-08,Knative Serving,55,8,0.145455
JIRA,jira,project,2023-05_to_2023-08,2023-05,2023-08,Kogito,670,47,0.070149
JIRA,jira,project,2023-05_to_2023-08,2023-05,2023-08,Konflux UI,15,0,0.000000
JIRA,jira,project,2023-05_to_2023-08,2023-05,2023-08,Konveyor Tackle,2,0,0.000000
JIRA,jira,project,2023-05_to_2023-08,2023-05,2023-08,Kudu,34,13,0.382353
JIRA,jira,project,2023-05_to_2023-08,2023-05,2023-08,Kylin,162,2,0.012346
JIRA,jira,project,2023-05_to_2023-08,2023-05,2023-08,Legal Discuss,12,0,0.000000
JIRA,jira,project,2023-05_to_2023-08,2023-05,2023-08,Libmongocrypt,15,2,0.133333
JIRA,jira,project,2023-05_to_2023-08,2023-05,2023-08,Livy,15,3,0.200000
JIRA,jira,project,2023-05_to_2023-08,2023-05,2023-08,Log4cxx,1,1,1.000000
JIRA,jira,project,2023-05_to_2023-08,2023-05,2023-08,Log4j 2,7,1,0.142857
JIRA,jira,project,2023-05_to_2023-08,2023-05,2023-08,Log4net,1,0,0.000000
JIRA,jira,project,2023-05_to_2023-08,2023-05,2023-08,MINA,1,0,0.000000
JIRA,jira,project,2023-05_to_2023-08,2023-05,2023-08,MINA SSHD,11,5,0.454545
JIRA,jira,project,2023-05_to_2023-08,2023-05,2023-08,Machine Config Operator,151,2,0.013245
JIRA,jira,project,2023-05_to_2023-08,2023-05,2023-08,Maistra,1,1,1.000000
JIRA,jira,project,2023-05_to_2023-08,2023-05,2023-08,Managed Service ,163,5,0.030675
JIRA,jira,project,2023-05_to_2023-08,2023-05,2023-08,ManifoldCF,2,0,0.000000
JIRA,jira,project,2023-05_to_2023-08,2023-05,2023-08,MariaDB ColumnStore,76,27,0.355263
JIRA,jira,project,2023-05_to_2023-08,2023-05,2023-08,MariaDB Connector/C,17,7,0.411765
JIRA,jira,project,2023-05_to_2023-08,2023-05,2023-08,MariaDB Connector/C++,3,2,0.666667
JIRA,jira,project,2023-05_to_2023-08,2023-05,2023-08,MariaDB Connector/J,32,6,0.187500
JIRA,jira,project,2023-05_to_2023-08,2023-05,2023-08,MariaDB Connector/ODBC,5,0,0.000000
JIRA,jira,project,2023-05_to_2023-08,2023-05,2023-08,MariaDB Connector/Python,7,3,0.428571
JIRA,jira,project,2023-05_to_2023-08,2023-05,2023-08,MariaDB Connector/R2DBC,1,0,0.000000
JIRA,jira,project,2023-05_to_2023-08,2023-05,2023-08,MariaDB Connector/node.js,15,0,0.000000
JIRA,jira,project,2023-05_to_2023-08,2023-05,2023-08,MariaDB Foundation Development,29,4,0.137931
JIRA,jira,project,2023-05_to_2023-08,2023-05,2023-08,MariaDB MaxScale,132,19,0.143939
JIRA,jira,project,2023-05_to_2023-08,2023-05,2023-08,MariaDB Server,896,522,0.582589
JIRA,jira,project,2023-05_to_2023-08,2023-05,2023-08,Marketplace Growth and Experiences,1,0,0.000000
JIRA,jira,project,2023-05_to_2023-08,2023-05,2023-08,Maven (Moved to GitHub Issues),88,26,0.295455
JIRA,jira,project,2023-05_to_2023-08,2023-05,2023-08,Maven Antrun Plugin (Moved to GitHub Issues),1,0,0.000000
JIRA,jira,project,2023-05_to_2023-08,2023-05,2023-08,Maven Archetype (Moved to GitHub Issues),1,0,0.000000
JIRA,jira,project,2023-05_to_2023-08,2023-05,2023-08,Maven Assembly Plugin (Moved to GitHub Issues),10,0,0.000000
JIRA,jira,project,2023-05_to_2023-08,2023-05,2023-08,Maven Build Cache Extension (Moved to GitHub Issues),11,7,0.636364
JIRA,jira,project,2023-05_to_2023-08,2023-05,2023-08,Maven Changes Plugin (Moved to GitHub Issues),3,0,0.000000
JIRA,jira,project,2023-05_to_2023-08,2023-05,2023-08,Maven Checkstyle Plugin (Moved to GitHub Issues),7,1,0.142857
JIRA,jira,project,2023-05_to_2023-08,2023-05,2023-08,Maven Clean Plugin (Moved to GitHub Issues),4,1,0.250000
JIRA,jira,project,2023-05_to_2023-08,2023-05,2023-08,Maven Compiler Plugin (Moved to GitHub Issues),8,4,0.500000
JIRA,jira,project,2023-05_to_2023-08,2023-05,2023-08,Maven Dependency Plugin (Moved to GitHub Issues),24,5,0.208333
JIRA,jira,project,2023-05_to_2023-08,2023-05,2023-08,Maven Deploy Plugin (Moved to GitHub Issues),2,1,0.500000
JIRA,jira,project,2023-05_to_2023-08,2023-05,2023-08,Maven Documentation Checker Plugin  (RETIRED) (Retired),1,0,0.000000
JIRA,jira,project,2023-05_to_2023-08,2023-05,2023-08,Maven Doxia (Moved to GitHub Issues),2,0,0.000000
JIRA,jira,project,2023-05_to_2023-08,2023-05,2023-08,Maven Doxia Sitetools (Moved to GitHub Issues),4,0,0.000000
JIRA,jira,project,2023-05_to_2023-08,2023-05,2023-08,Maven EAR Plugin (Moved to GitHub Issues),5,0,0.000000
JIRA,jira,project,2023-05_to_2023-08,2023-05,2023-08,Maven EJB Plugin (Moved to GitHub Issues),1,0,0.000000
JIRA,jira,project,2023-05_to_2023-08,2023-05,2023-08,Maven Enforcer Plugin (Moved to GitHub Issues),9,2,0.222222
JIRA,jira,project,2023-05_to_2023-08,2023-05,2023-08,Maven GPG Plugin (Moved to GitHub Issues),5,1,0.200000
JIRA,jira,project,2023-05_to_2023-08,2023-05,2023-08,Maven Help Plugin (Moved to GitHub Issues),1,0,0.000000
JIRA,jira,project,2023-05_to_2023-08,2023-05,2023-08,Maven Indexer (Moved to GitHub Issues),11,0,0.000000
JIRA,jira,project,2023-05_to_2023-08,2023-05,2023-08,Maven Install Plugin (Moved to GitHub Issues),1,0,0.000000
JIRA,jira,project,2023-05_to_2023-08,2023-05,2023-08,Maven Invoker Plugin (Moved to GitHub Issues),15,3,0.200000
JIRA,jira,project,2023-05_to_2023-08,2023-05,2023-08,Maven JAR Plugin (Moved to GitHub Issues),1,1,1.000000
JIRA,jira,project,2023-05_to_2023-08,2023-05,2023-08,Maven JLink Plugin (Moved to GitHub Issues),6,0,0.000000
JIRA,jira,project,2023-05_to_2023-08,2023-05,2023-08,Maven Jar Signer Plugin (Moved to GitHub Issues),3,1,0.333333
JIRA,jira,project,2023-05_to_2023-08,2023-05,2023-08,Maven Javadoc Plugin (Moved to GitHub Issues),21,11,0.523810
JIRA,jira,project,2023-05_to_2023-08,2023-05,2023-08,Maven Linkcheck Plugin (Moved to GitHub Issues),1,0,0.000000
JIRA,jira,project,2023-05_to_2023-08,2023-05,2023-08,Maven PMD Plugin (Moved to GitHub Issues),13,7,0.538462
JIRA,jira,project,2023-05_to_2023-08,2023-05,2023-08,Maven POMs (Moved to GitHub issues),9,2,0.222222
JIRA,jira,project,2023-05_to_2023-08,2023-05,2023-08,Maven Patch Plugin (RETIRED),1,1,1.000000
JIRA,jira,project,2023-05_to_2023-08,2023-05,2023-08,Maven Plugin Testing  (Moved to GitHub Issues),2,0,0.000000
JIRA,jira,project,2023-05_to_2023-08,2023-05,2023-08,Maven Plugin Tools (Moved to GitHub Issues),14,2,0.142857
JIRA,jira,project,2023-05_to_2023-08,2023-05,2023-08,Maven Project Info Reports Plugin (Moved to GitHub Issues),18,1,0.055556
JIRA,jira,project,2023-05_to_2023-08,2023-05,2023-08,Maven Project Web Site (Moved to GitHub Issues),4,2,0.500000
JIRA,jira,project,2023-05_to_2023-08,2023-05,2023-08,Maven RAR Plugin (Moved to GitHub Issues),1,0,0.000000
JIRA,jira,project,2023-05_to_2023-08,2023-05,2023-08,Maven Release Plugin (Moved to GitHub Issues),14,1,0.071429
JIRA,jira,project,2023-05_to_2023-08,2023-05,2023-08,Maven Remote Resources Plugin (Moved to GitHub Issues),7,1,0.142857
JIRA,jira,project,2023-05_to_2023-08,2023-05,2023-08,Maven Resolver (Moved to GitHub Issues),36,11,0.305556
JIRA,jira,project,2023-05_to_2023-08,2023-05,2023-08,Maven Resources Plugin (Moved to GitHub Issues),3,1,0.333333
JIRA,jira,project,2023-05_to_2023-08,2023-05,2023-08,Maven SCM (Moved to GitHub Issues),4,1,0.250000
JIRA,jira,project,2023-05_to_2023-08,2023-05,2023-08,Maven SCM Publish Plugin (Moved to GitHub Issues),2,2,1.000000
JIRA,jira,project,2023-05_to_2023-08,2023-05,2023-08,Maven Shade Plugin (Moved to GitHub Issues),12,4,0.333333
JIRA,jira,project,2023-05_to_2023-08,2023-05,2023-08,Maven Shared Components,47,3,0.063830
JIRA,jira,project,2023-05_to_2023-08,2023-05,2023-08,Maven Site Plugin (Moved to GitHub Issues),10,2,0.200000
JIRA,jira,project,2023-05_to_2023-08,2023-05,2023-08,Maven Skins (Moved to GitHub Issues),8,1,0.125000
JIRA,jira,project,2023-05_to_2023-08,2023-05,2023-08,Maven Source Plugin (Moved to GitHub Issues),11,3,0.272727
JIRA,jira,project,2023-05_to_2023-08,2023-05,2023-08,Maven Surefire (Moved to GitHub Issues),32,6,0.187500
JIRA,jira,project,2023-05_to_2023-08,2023-05,2023-08,Maven WAR Plugin (Moved to GitHub Issues),9,0,0.000000
JIRA,jira,project,2023-05_to_2023-08,2023-05,2023-08,Maven Wrapper (Moved to GitHub Issues),6,3,0.500000
JIRA,jira,project,2023-05_to_2023-08,2023-05,2023-08,Meecrowave,10,0,0.000000
JIRA,jira,project,2023-05_to_2023-08,2023-05,2023-08,Mesos (Retired),2,2,1.000000
JIRA,jira,project,2023-05_to_2023-08,2023-05,2023-08,MicroShift,299,21,0.070234
JIRA,jira,project,2023-05_to_2023-08,2023-05,2023-08,Migration Platform,93,28,0.301075
JIRA,jira,project,2023-05_to_2023-08,2023-05,2023-08,Migration Toolkit for Applications,607,52,0.085667
JIRA,jira,project,2023-05_to_2023-08,2023-05,2023-08,Migration Toolkit for Virtualization,116,22,0.189655
JIRA,jira,project,2023-05_to_2023-08,2023-05,2023-08,Mnemonic (Retired),18,0,0.000000
JIRA,jira,project,2023-05_to_2023-08,2023-05,2023-08,ModeShape,2,0,0.000000
JIRA,jira,project,2023-05_to_2023-08,2023-05,2023-08,Modular Service Container,5,1,0.200000
JIRA,jira,project,2023-05_to_2023-08,2023-05,2023-08,MongoDB Database Tools,70,9,0.128571
JIRA,jira,project,2023-05_to_2023-08,2023-05,2023-08,MongoDB Shell,117,20,0.170940
JIRA,jira,project,2023-05_to_2023-08,2023-05,2023-08,Mongoid,45,7,0.155556
JIRA,jira,project,2023-05_to_2023-08,2023-05,2023-08,Motor,57,8,0.140351
JIRA,jira,project,2023-05_to_2023-08,2023-05,2023-08,Multiple Architecture Enablement,68,5,0.073529
JIRA,jira,project,2023-05_to_2023-08,2023-05,2023-08,MyFaces Core,22,5,0.227273
JIRA,jira,project,2023-05_to_2023-08,2023-05,2023-08,MyFaces Tobago,33,1,0.030303
JIRA,jira,project,2023-05_to_2023-08,2023-05,2023-08,Network Edge,72,2,0.027778
JIRA,jira,project,2023-05_to_2023-08,2023-05,2023-08,Network Hardware Enablement,143,6,0.041958
JIRA,jira,project,2023-05_to_2023-08,2023-05,2023-08,Network Observability,202,19,0.094059
JIRA,jira,project,2023-05_to_2023-08,2023-05,2023-08,Node.js Driver,350,46,0.131429
JIRA,jira,project,2023-05_to_2023-08,2023-05,2023-08,Nutch,9,0,0.000000
JIRA,jira,project,2023-05_to_2023-08,2023-05,2023-08,OCMUI ,239,5,0.020921
JIRA,jira,project,2023-05_to_2023-08,2023-05,2023-08,OCP Technical Release Team,211,37,0.175355
JIRA,jira,project,2023-05_to_2023-08,2023-05,2023-08,ODATA,4,0,0.000000
JIRA,jira,project,2023-05_to_2023-08,2023-05,2023-08,OFBiz,37,6,0.162162
JIRA,jira,project,2023-05_to_2023-08,2023-05,2023-08,OPCT ,27,2,0.074074
JIRA,jira,project,2023-05_to_2023-08,2023-05,2023-08,ORC,83,5,0.060241
JIRA,jira,project,2023-05_to_2023-08,2023-05,2023-08,Observability Documentation,241,1,0.004149
JIRA,jira,project,2023-05_to_2023-08,2023-05,2023-08,Observability UI,47,0,0.000000
JIRA,jira,project,2023-05_to_2023-08,2023-05,2023-08,Observability and Data Analysis Program,80,0,0.000000
JIRA,jira,project,2023-05_to_2023-08,2023-05,2023-08,Olingo,8,1,0.125000
JIRA,jira,project,2023-05_to_2023-08,2023-05,2023-08,On Prem Networking,42,2,0.047619
JIRA,jira,project,2023-05_to_2023-08,2023-05,2023-08,Oozie (Retired),1,1,1.000000
JIRA,jira,project,2023-05_to_2023-08,2023-05,2023-08,OpenJDK,115,11,0.095652
JIRA,jira,project,2023-05_to_2023-08,2023-05,2023-08,OpenJPA,5,0,0.000000
JIRA,jira,project,2023-05_to_2023-08,2023-05,2023-08,OpenNLP,19,1,0.052632
JIRA,jira,project,2023-05_to_2023-08,2023-05,2023-08,OpenShift API Server,33,1,0.030303
JIRA,jira,project,2023-05_to_2023-08,2023-05,2023-08,OpenShift API for Data Protection,610,115,0.188525
JIRA,jira,project,2023-05_to_2023-08,2023-05,2023-08,OpenShift App Analytics,1,0,0.000000
JIRA,jira,project,2023-05_to_2023-08,2023-05,2023-08,OpenShift Application Platform Engineering,6,0,0.000000
JIRA,jira,project,2023-05_to_2023-08,2023-05,2023-08,OpenShift Authentication,47,3,0.063830
JIRA,jira,project,2023-05_to_2023-08,2023-05,2023-08,OpenShift Autoscaling,4,0,0.000000
JIRA,jira,project,2023-05_to_2023-08,2023-05,2023-08,OpenShift Bugs,3236,1310,0.404821
JIRA,jira,project,2023-05_to_2023-08,2023-05,2023-08,OpenShift BuildConfig,1,0,0.000000
JIRA,jira,project,2023-05_to_2023-08,2023-05,2023-08,OpenShift Builds,79,1,0.012658
JIRA,jira,project,2023-05_to_2023-08,2023-05,2023-08,OpenShift CFE,86,4,0.046512
JIRA,jira,project,2023-05_to_2023-08,2023-05,2023-08,OpenShift Cloud,121,15,0.123967
JIRA,jira,project,2023-05_to_2023-08,2023-05,2023-08,OpenShift Cloud Credential Operator,55,1,0.018182
JIRA,jira,project,2023-05_to_2023-08,2023-05,2023-08,OpenShift Console,120,1,0.008333
JIRA,jira,project,2023-05_to_2023-08,2023-05,2023-08,OpenShift Container Platform (OCP) Strategy,257,1,0.003891
JIRA,jira,project,2023-05_to_2023-08,2023-05,2023-08,OpenShift Core Networking,201,6,0.029851
JIRA,jira,project,2023-05_to_2023-08,2023-05,2023-08,OpenShift Data Foundation Request For Enhancement,1,1,1.000000
JIRA,jira,project,2023-05_to_2023-08,2023-05,2023-08,OpenShift Edge,16,1,0.062500
JIRA,jira,project,2023-05_to_2023-08,2023-05,2023-08,OpenShift Etcd,35,0,0.000000
JIRA,jira,project,2023-05_to_2023-08,2023-05,2023-08,OpenShift GitOps,323,42,0.130031
JIRA,jira,project,2023-05_to_2023-08,2023-05,2023-08,OpenShift Hive,79,19,0.240506
JIRA,jira,project,2023-05_to_2023-08,2023-05,2023-08,OpenShift Hosted Control Plane,99,13,0.131313
JIRA,jira,project,2023-05_to_2023-08,2023-05,2023-08,OpenShift Image Registry,10,0,0.000000
JIRA,jira,project,2023-05_to_2023-08,2023-05,2023-08,OpenShift Installer,154,6,0.038961
JIRA,jira,project,2023-05_to_2023-08,2023-05,2023-08,OpenShift Jenkins,10,0,0.000000
JIRA,jira,project,2023-05_to_2023-08,2023-05,2023-08,OpenShift Logging,323,78,0.241486
JIRA,jira,project,2023-05_to_2023-08,2023-05,2023-08,OpenShift Migration Toolkit for Containers,59,2,0.033898
JIRA,jira,project,2023-05_to_2023-08,2023-05,2023-08,OpenShift Monitoring,166,7,0.042169
JIRA,jira,project,2023-05_to_2023-08,2023-05,2023-08,OpenShift Node,122,1,0.008197
JIRA,jira,project,2023-05_to_2023-08,2023-05,2023-08,OpenShift Over the Air,52,6,0.115385
JIRA,jira,project,2023-05_to_2023-08,2023-05,2023-08,OpenShift Pipelines,306,31,0.101307
JIRA,jira,project,2023-05_to_2023-08,2023-05,2023-08,OpenShift Pod Autoscaling,7,0,0.000000
JIRA,jira,project,2023-05_to_2023-08,2023-05,2023-08,OpenShift Request For Enhancement,393,15,0.038168
JIRA,jira,project,2023-05_to_2023-08,2023-05,2023-08,OpenShift Service Mesh,681,64,0.093979
JIRA,jira,project,2023-05_to_2023-08,2023-05,2023-08,OpenShift Specialist Platform Team,120,6,0.050000
JIRA,jira,project,2023-05_to_2023-08,2023-05,2023-08,OpenShift Storage,121,5,0.041322
JIRA,jira,project,2023-05_to_2023-08,2023-05,2023-08,OpenShift Top Level Product Strategy,2,0,0.000000
JIRA,jira,project,2023-05_to_2023-08,2023-05,2023-08,OpenShift UX Product Design,65,0,0.000000
JIRA,jira,project,2023-05_to_2023-08,2023-05,2023-08,OpenShift Virtualization,1996,186,0.093186
JIRA,jira,project,2023-05_to_2023-08,2023-05,2023-08,OpenShift Windows Containers,43,5,0.116279
JIRA,jira,project,2023-05_to_2023-08,2023-05,2023-08,OpenShift Workloads,62,3,0.048387
JIRA,jira,project,2023-05_to_2023-08,2023-05,2023-08,OpenStack as Infra,49,0,0.000000
JIRA,jira,project,2023-05_to_2023-08,2023-05,2023-08,Openmeetings,8,0,0.000000
JIRA,jira,project,2023-05_to_2023-08,2023-05,2023-08,Openshift sandboxed containers,15,3,0.200000
JIRA,jira,project,2023-05_to_2023-08,2023-05,2023-08,Operator Ecosystem,175,1,0.005714
JIRA,jira,project,2023-05_to_2023-08,2023-05,2023-08,Operator Runtime,123,0,0.000000
JIRA,jira,project,2023-05_to_2023-08,2023-05,2023-08,Opsgenie,180,14,0.077778
JIRA,jira,project,2023-05_to_2023-08,2023-05,2023-08,OptaPlanner,7,4,0.571429
JIRA,jira,project,2023-05_to_2023-08,2023-05,2023-08,Origin Community Distribution of Kubernetes,48,1,0.020833
JIRA,jira,project,2023-05_to_2023-08,2023-05,2023-08,PDFBox,78,20,0.256410
JIRA,jira,project,2023-05_to_2023-08,2023-05,2023-08,PHP Driver: Extension,59,7,0.118644
JIRA,jira,project,2023-05_to_2023-08,2023-05,2023-08,PHP Driver: Library,91,4,0.043956
JIRA,jira,project,2023-05_to_2023-08,2023-05,2023-08,PHP ORMs,59,0,0.000000
JIRA,jira,project,2023-05_to_2023-08,2023-05,2023-08,Parquet,49,10,0.204082
JIRA,jira,project,2023-05_to_2023-08,2023-05,2023-08,Performance and Scale for AI Platforms,52,1,0.019231
JIRA,jira,project,2023-05_to_2023-08,2023-05,2023-08,Phoenix,81,17,0.209877
JIRA,jira,project,2023-05_to_2023-08,2023-05,2023-08,Phoenix Omid,7,2,0.285714
JIRA,jira,project,2023-05_to_2023-08,2023-05,2023-08,Pig,7,1,0.142857
JIRA,jira,project,2023-05_to_2023-08,2023-05,2023-08,Podling Suitable Names Search,3,0,0.000000
JIRA,jira,project,2023-05_to_2023-08,2023-05,2023-08,Product Technical Learning,602,23,0.038206
JIRA,jira,project,2023-05_to_2023-08,2023-05,2023-08,Proforma Server & Data Centre,11,1,0.090909
JIRA,jira,project,2023-05_to_2023-08,2023-05,2023-08,Project Quay,321,59,0.183801
JIRA,jira,project,2023-05_to_2023-08,2023-05,2023-08,PyLucene,1,0,0.000000
JIRA,jira,project,2023-05_to_2023-08,2023-05,2023-08,Python Driver,230,39,0.169565
JIRA,jira,project,2023-05_to_2023-08,2023-05,2023-08,Python Integrations,10,1,0.100000
JIRA,jira,project,2023-05_to_2023-08,2023-05,2023-08,"Qbs (""Cubes"")",20,10,0.500000
JIRA,jira,project,2023-05_to_2023-08,2023-05,2023-08,Qpid,13,2,0.153846
JIRA,jira,project,2023-05_to_2023-08,2023-05,2023-08,Qpid Dispatch,2,2,1.000000
JIRA,jira,project,2023-05_to_2023-08,2023-05,2023-08,Qpid JMS,5,1,0.200000
JIRA,jira,project,2023-05_to_2023-08,2023-05,2023-08,Qpid Proton,44,5,0.113636
JIRA,jira,project,2023-05_to_2023-08,2023-05,2023-08,Qt,2840,733,0.258099
JIRA,jira,project,2023-05_to_2023-08,2023-05,2023-08,Qt Creator,434,84,0.193548
JIRA,jira,project,2023-05_to_2023-08,2023-05,2023-08,Qt Design Studio,674,55,0.081602
JIRA,jira,project,2023-05_to_2023-08,2023-05,2023-08,Qt Installer Framework,85,11,0.129412
JIRA,jira,project,2023-05_to_2023-08,2023-05,2023-08,Qt Project Website,17,0,0.000000
JIRA,jira,project,2023-05_to_2023-08,2023-05,2023-08,Qt Quality Assurance Infrastructure,171,13,0.076023
JIRA,jira,project,2023-05_to_2023-08,2023-05,2023-08,Qt Visual Studio Tools,24,5,0.208333
JIRA,jira,project,2023-05_to_2023-08,2023-05,2023-08,Qt WebBrowser,1,0,0.000000
JIRA,jira,project,2023-05_to_2023-08,2023-05,2023-08,Qt for Python,130,56,0.430769
JIRA,jira,project,2023-05_to_2023-08,2023-05,2023-08,Quarkus,129,19,0.147287
JIRA,jira,project,2023-05_to_2023-08,2023-05,2023-08,Quarkus Documentation,171,0,0.000000
JIRA,jira,project,2023-05_to_2023-08,2023-05,2023-08,RDO Project,37,0,0.000000
JIRA,jira,project,2023-05_to_2023-08,2023-05,2023-08,RESTEasy,57,7,0.122807
JIRA,jira,project,2023-05_to_2023-08,2023-05,2023-08,RH,49,8,0.163265
JIRA,jira,project,2023-05_to_2023-08,2023-05,2023-08,RHEL,481,203,0.422037
JIRA,jira,project,2023-05_to_2023-08,2023-05,2023-08,RHEL Conversions,51,17,0.333333
JIRA,jira,project,2023-05_to_2023-08,2023-05,2023-08,RHEL Documentation,2,0,0.000000
JIRA,jira,project,2023-05_to_2023-08,2023-05,2023-08,RHEL Testing,2,2,1.000000
JIRA,jira,project,2023-05_to_2023-08,2023-05,2023-08,Ranger,172,20,0.116279
JIRA,jira,project,2023-05_to_2023-08,2023-05,2023-08,Ratis,41,8,0.195122
JIRA,jira,project,2023-05_to_2023-08,2023-05,2023-08,Reactive JVM Platform,6,0,0.000000
JIRA,jira,project,2023-05_to_2023-08,2023-05,2023-08,Red Hat 3scale API Management,332,27,0.081325
JIRA,jira,project,2023-05_to_2023-08,2023-05,2023-08,Red Hat Advanced Cluster Management,1345,127,0.094424
JIRA,jira,project,2023-05_to_2023-08,2023-05,2023-08,Red Hat Advanced Cluster Security,1,0,0.000000
JIRA,jira,project,2023-05_to_2023-08,2023-05,2023-08,Red Hat Build of Apache Camel for Quarkus,26,4,0.153846
JIRA,jira,project,2023-05_to_2023-08,2023-05,2023-08,Red Hat Data Grid,70,3,0.042857
JIRA,jira,project,2023-05_to_2023-08,2023-05,2023-08,Red Hat Decision Manager,3,1,0.333333
JIRA,jira,project,2023-05_to_2023-08,2023-05,2023-08,Red Hat Directory Server,8,2,0.250000
JIRA,jira,project,2023-05_to_2023-08,2023-05,2023-08,Red Hat Fuse,433,25,0.057737
JIRA,jira,project,2023-05_to_2023-08,2023-05,2023-08,Red Hat Insights Engineering,18,2,0.111111
JIRA,jira,project,2023-05_to_2023-08,2023-05,2023-08,Red Hat Insights Strategy,2,0,0.000000
JIRA,jira,project,2023-05_to_2023-08,2023-05,2023-08,Red Hat OpenBridge,2,0,0.000000
JIRA,jira,project,2023-05_to_2023-08,2023-05,2023-08,Red Hat OpenShift Control Planes,4,0,0.000000
JIRA,jira,project,2023-05_to_2023-08,2023-05,2023-08,Red Hat OpenShift Data Science,1213,39,0.032152
JIRA,jira,project,2023-05_to_2023-08,2023-05,2023-08,Red Hat OpenShift Dev Spaces (formerly CodeReady Workspaces),165,45,0.272727
JIRA,jira,project,2023-05_to_2023-08,2023-05,2023-08,Red Hat OpenStack Services on OpenShift,459,34,0.074074
JIRA,jira,project,2023-05_to_2023-08,2023-05,2023-08,Red Hat Process Automation Manager,54,12,0.222222
JIRA,jira,project,2023-05_to_2023-08,2023-05,2023-08,Red Hat Service Interconnect (Skupper),53,7,0.132075
JIRA,jira,project,2023-05_to_2023-08,2023-05,2023-08,Red Hat Workload Availability,14,0,0.000000
JIRA,jira,project,2023-05_to_2023-08,2023-05,2023-08,Red Hat build of Apache Camel for Spring Boot,192,11,0.057292
JIRA,jira,project,2023-05_to_2023-08,2023-05,2023-08,Red Hat build of Keycloak,2,0,0.000000
JIRA,jira,project,2023-05_to_2023-08,2023-05,2023-08,Red Hat build of OptaPlanner,1,0,0.000000
JIRA,jira,project,2023-05_to_2023-08,2023-05,2023-08,Remoting JMX,5,0,0.000000
JIRA,jira,project,2023-05_to_2023-08,2023-05,2023-08,Ruby Driver,69,9,0.130435
JIRA,jira,project,2023-05_to_2023-08,2023-05,2023-08,Rust Driver,110,2,0.018182
JIRA,jira,project,2023-05_to_2023-08,2023-05,2023-08,SAML for Atlassian Data Center,4,0,0.000000
JIRA,jira,project,2023-05_to_2023-08,2023-05,2023-08,Sakai,380,57,0.150000
JIRA,jira,project,2023-05_to_2023-08,2023-05,2023-08,Samza,12,1,0.083333
JIRA,jira,project,2023-05_to_2023-08,2023-05,2023-08,Santuario,4,0,0.000000
JIRA,jira,project,2023-05_to_2023-08,2023-05,2023-08,Satellite,1106,225,0.203436
JIRA,jira,project,2023-05_to_2023-08,2023-05,2023-08,Security Data,5,2,0.400000
JIRA,jira,project,2023-05_to_2023-08,2023-05,2023-08,Server Deployments and Scale,1,0,0.000000
JIRA,jira,project,2023-05_to_2023-08,2023-05,2023-08,Server Platform Frontend,29,0,0.000000
JIRA,jira,project,2023-05_to_2023-08,2023-05,2023-08,Serverless logic,18,0,0.000000
JIRA,jira,project,2023-05_to_2023-08,2023-05,2023-08,ServiceMix,73,3,0.041096
JIRA,jira,project,2023-05_to_2023-08,2023-05,2023-08,Shared Access Layer,2,0,0.000000
JIRA,jira,project,2023-05_to_2023-08,2023-05,2023-08,Shiro,2,1,0.500000
JIRA,jira,project,2023-05_to_2023-08,2023-05,2023-08,ShrinkWrap Resolvers,7,4,0.571429
JIRA,jira,project,2023-05_to_2023-08,2023-05,2023-08,Sidecar for Apache Cassandra,22,2,0.090909
JIRA,jira,project,2023-05_to_2023-08,2023-05,2023-08,Singa,1,0,0.000000
JIRA,jira,project,2023-05_to_2023-08,2023-05,2023-08,Sling,163,36,0.220859
JIRA,jira,project,2023-05_to_2023-08,2023-05,2023-08,Solr,177,37,0.209040
JIRA,jira,project,2023-05_to_2023-08,2023-05,2023-08,Sourcetree For Mac,22,5,0.227273
JIRA,jira,project,2023-05_to_2023-08,2023-05,2023-08,Sourcetree for Windows,61,9,0.147541
JIRA,jira,project,2023-05_to_2023-08,2023-05,2023-08,Spark,1710,179,0.104678
JIRA,jira,project,2023-05_to_2023-08,2023-05,2023-08,Spark Connector,9,2,0.222222
JIRA,jira,project,2023-05_to_2023-08,2023-05,2023-08,Spatial Information Systems,9,0,0.000000
JIRA,jira,project,2023-05_to_2023-08,2023-05,2023-08,Spring Boot & Cloud,66,0,0.000000
JIRA,jira,project,2023-05_to_2023-08,2023-05,2023-08,StAXMapper,2,0,0.000000
JIRA,jira,project,2023-05_to_2023-08,2023-05,2023-08,Statuspage,11,1,0.090909
JIRA,jira,project,2023-05_to_2023-08,2023-05,2023-08,Struts 2,36,1,0.027778
JIRA,jira,project,2023-05_to_2023-08,2023-05,2023-08,Subscription Watch,132,9,0.068182
JIRA,jira,project,2023-05_to_2023-08,2023-05,2023-08,Subversion,1,0,0.000000
JIRA,jira,project,2023-05_to_2023-08,2023-05,2023-08,Synapse,2,0,0.000000
JIRA,jira,project,2023-05_to_2023-08,2023-05,2023-08,Syncope,20,2,0.100000
JIRA,jira,project,2023-05_to_2023-08,2023-05,2023-08,SystemDS,57,5,0.087719
JIRA,jira,project,2023-05_to_2023-08,2023-05,2023-08,TEST Defect Tracking Project,22,0,0.000000
JIRA,jira,project,2023-05_to_2023-08,2023-05,2023-08,TOREE,17,0,0.000000
JIRA,jira,project,2023-05_to_2023-08,2023-05,2023-08,Tapestry 5,7,5,0.714286
JIRA,jira,project,2023-05_to_2023-08,2023-05,2023-08,Teiid,1,0,0.000000
JIRA,jira,project,2023-05_to_2023-08,2023-05,2023-08,Thrift,27,5,0.185185
JIRA,jira,project,2023-05_to_2023-08,2023-05,2023-08,Tika,98,8,0.081633
JIRA,jira,project,2023-05_to_2023-08,2023-05,2023-08,TinkerPop,52,13,0.250000
JIRA,jira,project,2023-05_to_2023-08,2023-05,2023-08,TomEE,35,2,0.057143
JIRA,jira,project,2023-05_to_2023-08,2023-05,2023-08,Tools (JBoss Tools),70,8,0.114286
JIRA,jira,project,2023-05_to_2023-08,2023-05,2023-08,Undertow,37,6,0.162162
JIRA,jira,project,2023-05_to_2023-08,2023-05,2023-08,VS Code Extension,71,3,0.042254
JIRA,jira,project,2023-05_to_2023-08,2023-05,2023-08,Velocity,1,1,1.000000
JIRA,jira,project,2023-05_to_2023-08,2023-05,2023-08,Virtualization Strategy,29,0,0.000000
JIRA,jira,project,2023-05_to_2023-08,2023-05,2023-08,Visual Design,18,0,0.000000
JIRA,jira,project,2023-05_to_2023-08,2023-05,2023-08,Visual Studio,23,0,0.000000
JIRA,jira,project,2023-05_to_2023-08,2023-05,2023-08,WINDUP ,157,9,0.057325
JIRA,jira,project,2023-05_to_2023-08,2023-05,2023-08,WINDUPRULE ,47,1,0.021277
JIRA,jira,project,2023-05_to_2023-08,2023-05,2023-08,WSS4J,4,2,0.500000
JIRA,jira,project,2023-05_to_2023-08,2023-05,2023-08,Web Terminal for OpenShift,10,0,0.000000
JIRA,jira,project,2023-05_to_2023-08,2023-05,2023-08,Weld,8,0,0.000000
JIRA,jira,project,2023-05_to_2023-08,2023-05,2023-08,Whimsy,4,1,0.250000
JIRA,jira,project,2023-05_to_2023-08,2023-05,2023-08,Who's Looking for OnDemand,3,0,0.000000
JIRA,jira,project,2023-05_to_2023-08,2023-05,2023-08,Wicket,19,1,0.052632
JIRA,jira,project,2023-05_to_2023-08,2023-05,2023-08,WildFly,359,43,0.119777
JIRA,jira,project,2023-05_to_2023-08,2023-05,2023-08,WildFly Arquillian,4,0,0.000000
JIRA,jira,project,2023-05_to_2023-08,2023-05,2023-08,WildFly Core,112,12,0.107143
JIRA,jira,project,2023-05_to_2023-08,2023-05,2023-08,WildFly Discovery,9,2,0.222222
JIRA,jira,project,2023-05_to_2023-08,2023-05,2023-08,WildFly EJB HTTP Client,8,0,0.000000
JIRA,jira,project,2023-05_to_2023-08,2023-05,2023-08,WildFly Elytron,36,0,0.000000
JIRA,jira,project,2023-05_to_2023-08,2023-05,2023-08,WildFly Elytron EE,6,0,0.000000
JIRA,jira,project,2023-05_to_2023-08,2023-05,2023-08,WildFly Maven Plugin,10,1,0.100000
JIRA,jira,project,2023-05_to_2023-08,2023-05,2023-08,WildFly Naming Client,6,1,0.166667
JIRA,jira,project,2023-05_to_2023-08,2023-05,2023-08,WildFly OpenSSL Natives,1,1,1.000000
JIRA,jira,project,2023-05_to_2023-08,2023-05,2023-08,WildFly Transaction Client,14,1,0.071429
JIRA,jira,project,2023-05_to_2023-08,2023-05,2023-08,WildFly WIP,73,19,0.260274
JIRA,jira,project,2023-05_to_2023-08,2023-05,2023-08,WiredTiger,570,208,0.364912
JIRA,jira,project,2023-05_to_2023-08,2023-05,2023-08,XMLBeans,3,1,0.333333
JIRA,jira,project,2023-05_to_2023-08,2023-05,2023-08,XMLGraphicsCommons,2,0,0.000000
JIRA,jira,project,2023-05_to_2023-08,2023-05,2023-08,XNIO,4,2,0.500000
JIRA,jira,project,2023-05_to_2023-08,2023-05,2023-08,Xerces,2,1,0.500000
JIRA,jira,project,2023-05_to_2023-08,2023-05,2023-08,Xerces2,3,1,0.333333
JIRA,jira,project,2023-05_to_2023-08,2023-05,2023-08,Yetus,13,2,0.153846
JIRA,jira,project,2023-05_to_2023-08,2023-05,2023-08,Zeppelin,43,15,0.348837
JIRA,jira,project,2023-05_to_2023-08,2023-05,2023-08,ZooKeeper,47,19,0.404255
JIRA,jira,project,2023-05_to_2023-08,2023-05,2023-08,atlassian,1,0,0.000000
JIRA,jira,project,2023-05_to_2023-08,2023-05,2023-08,jBPM,23,9,0.391304
JIRA,jira,project,2023-05_to_2023-08,2023-05,2023-08,mod_cluster,14,5,0.357143
JIRA,jira,project,2023-05_to_2023-08,2023-05,2023-08,repository.jboss.org/nexus,16,0,0.000000
JIRA,jira,project,2023-05_to_2023-08,2023-05,2023-08,www.apache.org website,7,1,0.142857
JIRA,jira,project,2023-09_to_2023-12,2023-09,2023-12,AMQ Broker,205,38,0.185366
JIRA,jira,project,2023-09_to_2023-12,2023-09,2023-12,AMQ Clients,9,1,0.111111
JIRA,jira,project,2023-09_to_2023-12,2023-09,2023-12,AMQ Documentation,12,0,0.000000
JIRA,jira,project,2023-09_to_2023-12,2023-09,2023-12,AMQ Streams,174,12,0.068966
JIRA,jira,project,2023-09_to_2023-12,2023-09,2023-12,AMQ Streams Kafka Proxy,3,0,0.000000
JIRA,jira,project,2023-09_to_2023-12,2023-09,2023-12,ActiveMQ (Read,102,16,0.156863
JIRA,jira,project,2023-09_to_2023-12,2023-09,2023-12,ActiveMQ .Net,1,0,0.000000
JIRA,jira,project,2023-09_to_2023-12,2023-09,2023-12,ActiveMQ C++ Client,2,1,0.500000
JIRA,jira,project,2023-09_to_2023-12,2023-09,2023-12,ActiveMQ OpenWire,8,0,0.000000
JIRA,jira,project,2023-09_to_2023-12,2023-09,2023-12,ActiveObjects,11,0,0.000000
JIRA,jira,project,2023-09_to_2023-12,2023-09,2023-12,Activity Streams,1,0,0.000000
JIRA,jira,project,2023-09_to_2023-12,2023-09,2023-12,Admin Experience,90,5,0.055556
JIRA,jira,project,2023-09_to_2023-12,2023-09,2023-12,Aesh,1,0,0.000000
JIRA,jira,project,2023-09_to_2023-12,2023-09,2023-12,Agent,141,8,0.056738
JIRA,jira,project,2023-09_to_2023-12,2023-09,2023-12,Agroal,12,1,0.083333
JIRA,jira,project,2023-09_to_2023-12,2023-09,2023-12,Airavata,3,1,0.333333
JIRA,jira,project,2023-09_to_2023-12,2023-09,2023-12,Ambari,33,8,0.242424
JIRA,jira,project,2023-09_to_2023-12,2023-09,2023-12,Analytics,38,0,0.000000
JIRA,jira,project,2023-09_to_2023-12,2023-09,2023-12,Ansible Automation Platform RFEs,178,5,0.028090
JIRA,jira,project,2023-09_to_2023-12,2023-09,2023-12,Ansible Strategy,1,0,0.000000
JIRA,jira,project,2023-09_to_2023-12,2023-09,2023-12,Apache AsterixDB,80,2,0.025000
JIRA,jira,project,2023-09_to_2023-12,2023-09,2023-12,Apache Avro,77,17,0.220779
JIRA,jira,project,2023-09_to_2023-12,2023-09,2023-12,Apache Cassandra,420,172,0.409524
JIRA,jira,project,2023-09_to_2023-12,2023-09,2023-12,Apache Cassandra Java driver,9,0,0.000000
JIRA,jira,project,2023-09_to_2023-12,2023-09,2023-12,Apache Celeborn,259,14,0.054054
JIRA,jira,project,2023-09_to_2023-12,2023-09,2023-12,Apache Commons All,1,0,0.000000
JIRA,jira,project,2023-09_to_2023-12,2023-09,2023-12,Apache Curator,8,2,0.250000
JIRA,jira,project,2023-09_to_2023-12,2023-09,2023-12,Apache Drill,15,1,0.066667
JIRA,jira,project,2023-09_to_2023-12,2023-09,2023-12,Apache Fineract,64,4,0.062500
JIRA,jira,project,2023-09_to_2023-12,2023-09,2023-12,Apache Freemarker,5,2,0.400000
JIRA,jira,project,2023-09_to_2023-12,2023-09,2023-12,Apache Gobblin,86,7,0.081395
JIRA,jira,project,2023-09_to_2023-12,2023-09,2023-12,Apache Hudi,458,60,0.131004
JIRA,jira,project,2023-09_to_2023-12,2023-09,2023-12,Apache IoTDB,149,12,0.080537
JIRA,jira,project,2023-09_to_2023-12,2023-09,2023-12,Apache Jena,4,2,0.500000
JIRA,jira,project,2023-09_to_2023-12,2023-09,2023-12,Apache Knox,45,4,0.088889
JIRA,jira,project,2023-09_to_2023-12,2023-09,2023-12,Apache MADlib,1,1,1.000000
JIRA,jira,project,2023-09_to_2023-12,2023-09,2023-12,Apache NetBeans Infra,1,0,0.000000
JIRA,jira,project,2023-09_to_2023-12,2023-09,2023-12,Apache NiFi,538,40,0.074349
JIRA,jira,project,2023-09_to_2023-12,2023-09,2023-12,Apache NiFi MiNiFi C++,65,10,0.153846
JIRA,jira,project,2023-09_to_2023-12,2023-09,2023-12,Apache NuttX,1,0,0.000000
JIRA,jira,project,2023-09_to_2023-12,2023-09,2023-12,Apache Ozone,804,154,0.191542
JIRA,jira,project,2023-09_to_2023-12,2023-09,2023-12,Apache RAT,18,3,0.166667
JIRA,jira,project,2023-09_to_2023-12,2023-09,2023-12,Apache Roller,1,0,0.000000
JIRA,jira,project,2023-09_to_2023-12,2023-09,2023-12,Apache SCIMple,1,0,0.000000
JIRA,jira,project,2023-09_to_2023-12,2023-09,2023-12,Apache Science Data Analytics Platform,19,1,0.052632
JIRA,jira,project,2023-09_to_2023-12,2023-09,2023-12,Apache Sedona,79,5,0.063291
JIRA,jira,project,2023-09_to_2023-12,2023-09,2023-12,Apache ServiceComb,41,0,0.000000
JIRA,jira,project,2023-09_to_2023-12,2023-09,2023-12,Apache Storm,45,6,0.133333
JIRA,jira,project,2023-09_to_2023-12,2023-09,2023-12,Apache Submarine,11,0,0.000000
JIRA,jira,project,2023-09_to_2023-12,2023-09,2023-12,Apache Tez,15,2,0.133333
JIRA,jira,project,2023-09_to_2023-12,2023-09,2023-12,Apache Unomi,17,3,0.176471
JIRA,jira,project,2023-09_to_2023-12,2023-09,2023-12,Apache YuniKorn,348,41,0.117816
JIRA,jira,project,2023-09_to_2023-12,2023-09,2023-12,AppFormer,1,0,0.000000
JIRA,jira,project,2023-09_to_2023-12,2023-09,2023-12,Application Links,3,1,0.333333
JIRA,jira,project,2023-09_to_2023-12,2023-09,2023-12,Archiva (Retired),2,2,1.000000
JIRA,jira,project,2023-09_to_2023-12,2023-09,2023-12,Aries,18,4,0.222222
JIRA,jira,project,2023-09_to_2023-12,2023-09,2023-12,Arquillian,1,0,0.000000
JIRA,jira,project,2023-09_to_2023-12,2023-09,2023-12,Artemis,133,14,0.105263
JIRA,jira,project,2023-09_to_2023-12,2023-09,2023-12,Atlas,34,6,0.176471
JIRA,jira,project,2023-09_to_2023-12,2023-09,2023-12,Atlas SQL,6,0,0.000000
JIRA,jira,project,2023-09_to_2023-12,2023-09,2023-12,Atlassian Cache,1,0,0.000000
JIRA,jira,project,2023-09_to_2023-12,2023-09,2023-12,Atlassian Cloud,54,6,0.111111
JIRA,jira,project,2023-09_to_2023-12,2023-09,2023-12,Atlassian Connect,2,0,0.000000
JIRA,jira,project,2023-09_to_2023-12,2023-09,2023-12,Atlassian Connect Express (Node.js),1,0,0.000000
JIRA,jira,project,2023-09_to_2023-12,2023-09,2023-12,Atlassian Connect JavaScript API,1,1,1.000000
JIRA,jira,project,2023-09_to_2023-12,2023-09,2023-12,Atlassian Connect Spring Boot,6,1,0.166667
JIRA,jira,project,2023-09_to_2023-12,2023-09,2023-12,Atlassian Connect in Jira Cloud,18,2,0.111111
JIRA,jira,project,2023-09_to_2023-12,2023-09,2023-12,Atlassian Ecosystem,32,4,0.125000
JIRA,jira,project,2023-09_to_2023-12,2023-09,2023-12,Atlassian Gadgets,2,0,0.000000
JIRA,jira,project,2023-09_to_2023-12,2023-09,2023-12,Atlassian Guard,49,1,0.020408
JIRA,jira,project,2023-09_to_2023-12,2023-09,2023-12,Atlassian Intelligence,33,0,0.000000
JIRA,jira,project,2023-09_to_2023-12,2023-09,2023-12,Atlassian Internationalization,37,0,0.000000
JIRA,jira,project,2023-09_to_2023-12,2023-09,2023-12,Atlassian LESS,8,0,0.000000
JIRA,jira,project,2023-09_to_2023-12,2023-09,2023-12,Atlassian Marketplace,31,2,0.064516
JIRA,jira,project,2023-09_to_2023-12,2023-09,2023-12,Atlassian Maven Plugin Suite,13,0,0.000000
JIRA,jira,project,2023-09_to_2023-12,2023-09,2023-12,Atlassian OAuth 2.0,1,0,0.000000
JIRA,jira,project,2023-09_to_2023-12,2023-09,2023-12,Atlassian Plugins,5,0,0.000000
JIRA,jira,project,2023-09_to_2023-12,2023-09,2023-12,Atlassian Plugins Webresources,54,0,0.000000
JIRA,jira,project,2023-09_to_2023-12,2023-09,2023-12,Atlassian Product Integrations,17,0,0.000000
JIRA,jira,project,2023-09_to_2023-12,2023-09,2023-12,Atlassian REST,2,0,0.000000
JIRA,jira,project,2023-09_to_2023-12,2023-09,2023-12,Atlassian Reference Application,1,0,0.000000
JIRA,jira,project,2023-09_to_2023-12,2023-09,2023-12,Atlassian Selenium,1,0,0.000000
JIRA,jira,project,2023-09_to_2023-12,2023-09,2023-12,Atlassian Troubleshooting & Support Tools Plugin,7,0,0.000000
JIRA,jira,project,2023-09_to_2023-12,2023-09,2023-12,Atlassian User Interface,15,0,0.000000
JIRA,jira,project,2023-09_to_2023-12,2023-09,2023-12,Atlassian WebHooks Plugin,2,1,0.500000
JIRA,jira,project,2023-09_to_2023-12,2023-09,2023-12,Attic,4,0,0.000000
JIRA,jira,project,2023-09_to_2023-12,2023-09,2023-12,Automation for Cloud,111,7,0.063063
JIRA,jira,project,2023-09_to_2023-12,2023-09,2023-12,Automation for Jira Server,50,10,0.200000
JIRA,jira,project,2023-09_to_2023-12,2023-09,2023-12,Axiom,1,0,0.000000
JIRA,jira,project,2023-09_to_2023-12,2023-09,2023-12,Axis2,3,2,0.666667
JIRA,jira,project,2023-09_to_2023-12,2023-09,2023-12,Bamboo Data Center,398,21,0.052764
JIRA,jira,project,2023-09_to_2023-12,2023-09,2023-12,Batik,4,0,0.000000
JIRA,jira,project,2023-09_to_2023-12,2023-09,2023-12,Bigtop,59,9,0.152542
JIRA,jira,project,2023-09_to_2023-12,2023-09,2023-12,Bitbucket Cloud,171,12,0.070175
JIRA,jira,project,2023-09_to_2023-12,2023-09,2023-12,Bitbucket Data Center,353,22,0.062323
JIRA,jira,project,2023-09_to_2023-12,2023-09,2023-12,BxMS Documentation,4,0,0.000000
JIRA,jira,project,2023-09_to_2023-12,2023-09,2023-12,Byteman,3,1,0.333333
JIRA,jira,project,2023-09_to_2023-12,2023-09,2023-12,C Driver,76,11,0.144737
JIRA,jira,project,2023-09_to_2023-12,2023-09,2023-12,C# Driver,114,23,0.201754
JIRA,jira,project,2023-09_to_2023-12,2023-09,2023-12,C++ Driver,52,3,0.057692
JIRA,jira,project,2023-09_to_2023-12,2023-09,2023-12,CCS documentation feedback,3,0,0.000000
JIRA,jira,project,2023-09_to_2023-12,2023-09,2023-12,CPE Infrastructure,79,9,0.113924
JIRA,jira,project,2023-09_to_2023-12,2023-09,2023-12,CXF,45,19,0.422222
JIRA,jira,project,2023-09_to_2023-12,2023-09,2023-12,CXF XJC Utils,1,1,1.000000
JIRA,jira,project,2023-09_to_2023-12,2023-09,2023-12,Calcite,214,50,0.233645
JIRA,jira,project,2023-09_to_2023-12,2023-09,2023-12,Camel,558,88,0.157706
JIRA,jira,project,2023-09_to_2023-12,2023-09,2023-12,Causeway,100,8,0.080000
JIRA,jira,project,2023-09_to_2023-12,2023-09,2023-12,Cayenne,19,0,0.000000
JIRA,jira,project,2023-09_to_2023-12,2023-09,2023-12,CentOS Stream Pipeline,75,21,0.280000
JIRA,jira,project,2023-09_to_2023-12,2023-09,2023-12,Cert Manager support for Red Hat OpenShift,54,0,0.000000
JIRA,jira,project,2023-09_to_2023-12,2023-09,2023-12,Certification Partner Experience Public,15,0,0.000000
JIRA,jira,project,2023-09_to_2023-12,2023-09,2023-12,Clair,7,1,0.142857
JIRA,jira,project,2023-09_to_2023-12,2023-09,2023-12,Client,2,0,0.000000
JIRA,jira,project,2023-09_to_2023-12,2023-09,2023-12,Cloud Enablement,13,1,0.076923
JIRA,jira,project,2023-09_to_2023-12,2023-09,2023-12,Cloud Infrastructure Security & Compliance,34,2,0.058824
JIRA,jira,project,2023-09_to_2023-12,2023-09,2023-12,Cloud Native Runtimes (CNR) Documentation,1,1,1.000000
JIRA,jira,project,2023-09_to_2023-12,2023-09,2023-12,Cluster Integration and Delivery,24,2,0.083333
JIRA,jira,project,2023-09_to_2023-12,2023-09,2023-12,Cluster Observability Operator,10,3,0.300000
JIRA,jira,project,2023-09_to_2023-12,2023-09,2023-12,Cockpit,28,0,0.000000
JIRA,jira,project,2023-09_to_2023-12,2023-09,2023-12,Coin,24,7,0.291667
JIRA,jira,project,2023-09_to_2023-12,2023-09,2023-12,Commerce,7,0,0.000000
JIRA,jira,project,2023-09_to_2023-12,2023-09,2023-12,Commons BCEL,1,0,0.000000
JIRA,jira,project,2023-09_to_2023-12,2023-09,2023-12,Commons BeanUtils,3,2,0.666667
JIRA,jira,project,2023-09_to_2023-12,2023-09,2023-12,Commons CLI,2,0,0.000000
JIRA,jira,project,2023-09_to_2023-12,2023-09,2023-12,Commons CSV,1,1,1.000000
JIRA,jira,project,2023-09_to_2023-12,2023-09,2023-12,Commons Codec,8,0,0.000000
JIRA,jira,project,2023-09_to_2023-12,2023-09,2023-12,Commons Collections,5,1,0.200000
JIRA,jira,project,2023-09_to_2023-12,2023-09,2023-12,Commons Compress,6,3,0.500000
JIRA,jira,project,2023-09_to_2023-12,2023-09,2023-12,Commons Configuration,2,1,0.500000
JIRA,jira,project,2023-09_to_2023-12,2023-09,2023-12,Commons Crypto,12,5,0.416667
JIRA,jira,project,2023-09_to_2023-12,2023-09,2023-12,Commons DBCP,3,1,0.333333
JIRA,jira,project,2023-09_to_2023-12,2023-09,2023-12,Commons Daemon,1,0,0.000000
JIRA,jira,project,2023-09_to_2023-12,2023-09,2023-12,Commons Digester,1,0,0.000000
JIRA,jira,project,2023-09_to_2023-12,2023-09,2023-12,Commons FileUpload,3,1,0.333333
JIRA,jira,project,2023-09_to_2023-12,2023-09,2023-12,Commons IO,27,4,0.148148
JIRA,jira,project,2023-09_to_2023-12,2023-09,2023-12,Commons Imaging,11,1,0.090909
JIRA,jira,project,2023-09_to_2023-12,2023-09,2023-12,Commons JCS,4,2,0.500000
JIRA,jira,project,2023-09_to_2023-12,2023-09,2023-12,Commons JEXL,13,3,0.230769
JIRA,jira,project,2023-09_to_2023-12,2023-09,2023-12,Commons JXPath,1,0,0.000000
JIRA,jira,project,2023-09_to_2023-12,2023-09,2023-12,Commons Lang,13,3,0.230769
JIRA,jira,project,2023-09_to_2023-12,2023-09,2023-12,Commons Logging,4,0,0.000000
JIRA,jira,project,2023-09_to_2023-12,2023-09,2023-12,Commons Math,1,0,0.000000
JIRA,jira,project,2023-09_to_2023-12,2023-09,2023-12,Commons Net,1,0,0.000000
JIRA,jira,project,2023-09_to_2023-12,2023-09,2023-12,Commons Numbers,1,0,0.000000
JIRA,jira,project,2023-09_to_2023-12,2023-09,2023-12,Commons Pool,3,0,0.000000
JIRA,jira,project,2023-09_to_2023-12,2023-09,2023-12,Commons Statistics,3,1,0.333333
JIRA,jira,project,2023-09_to_2023-12,2023-09,2023-12,Commons VFS,10,4,0.400000
JIRA,jira,project,2023-09_to_2023-12,2023-09,2023-12,Commons Validator,2,1,0.500000
JIRA,jira,project,2023-09_to_2023-12,2023-09,2023-12,Community Development,4,0,0.000000
JIRA,jira,project,2023-09_to_2023-12,2023-09,2023-12,Compass,342,20,0.058480
JIRA,jira,project,2023-09_to_2023-12,2023-09,2023-12,Confluence Cloud,663,49,0.073906
JIRA,jira,project,2023-09_to_2023-12,2023-09,2023-12,Confluence Data Center,316,50,0.158228
JIRA,jira,project,2023-09_to_2023-12,2023-09,2023-12,Container Tools,83,7,0.084337
JIRA,jira,project,2023-09_to_2023-12,2023-09,2023-12,Content Gateway,9,1,0.111111
JIRA,jira,project,2023-09_to_2023-12,2023-09,2023-12,Contrib: Clog,1,0,0.000000
JIRA,jira,project,2023-09_to_2023-12,2023-09,2023-12,Contrib: SCORM Player,1,1,1.000000
JIRA,jira,project,2023-09_to_2023-12,2023-09,2023-12,Contrib: TurnItIn,1,0,0.000000
JIRA,jira,project,2023-09_to_2023-12,2023-09,2023-12,Core Server,3645,371,0.101783
JIRA,jira,project,2023-09_to_2023-12,2023-09,2023-12,CoreOS OCP,161,13,0.080745
JIRA,jira,project,2023-09_to_2023-12,2023-09,2023-12,Cost Management,16,0,0.000000
JIRA,jira,project,2023-09_to_2023-12,2023-09,2023-12,Crowd Data Center,200,2,0.010000
JIRA,jira,project,2023-09_to_2023-12,2023-09,2023-12,Crucible,5,1,0.200000
JIRA,jira,project,2023-09_to_2023-12,2023-09,2023-12,Daffodil,27,5,0.185185
JIRA,jira,project,2023-09_to_2023-12,2023-09,2023-12,Data Foundation Bugs,31,8,0.258065
JIRA,jira,project,2023-09_to_2023-12,2023-09,2023-12,DataFu,1,0,0.000000
JIRA,jira,project,2023-09_to_2023-12,2023-09,2023-12,Debezium,398,102,0.256281
JIRA,jira,project,2023-09_to_2023-12,2023-09,2023-12,Derby (Retired),3,2,0.666667
JIRA,jira,project,2023-09_to_2023-12,2023-09,2023-12,Directory,1,1,1.000000
JIRA,jira,project,2023-09_to_2023-12,2023-09,2023-12,Directory ApacheDS,1,1,1.000000
JIRA,jira,project,2023-09_to_2023-12,2023-09,2023-12,Directory Client API,2,1,0.500000
JIRA,jira,project,2023-09_to_2023-12,2023-09,2023-12,Directory Kerberos,6,0,0.000000
JIRA,jira,project,2023-09_to_2023-12,2023-09,2023-12,Directory Studio,2,0,0.000000
JIRA,jira,project,2023-09_to_2023-12,2023-09,2023-12,Distributed Tracing,173,16,0.092486
JIRA,jira,project,2023-09_to_2023-12,2023-09,2023-12,Docs for Red Hat Developers,151,1,0.006623
JIRA,jira,project,2023-09_to_2023-12,2023-09,2023-12,Drivers,54,3,0.055556
JIRA,jira,project,2023-09_to_2023-12,2023-09,2023-12,Drools,51,16,0.313725
JIRA,jira,project,2023-09_to_2023-12,2023-09,2023-12,EAP Documentation,105,2,0.019048
JIRA,jira,project,2023-09_to_2023-12,2023-09,2023-12,EJB Client Library (AS7+),1,0,0.000000
JIRA,jira,project,2023-09_to_2023-12,2023-09,2023-12,ENTSBT,8,1,0.125000
JIRA,jira,project,2023-09_to_2023-12,2023-09,2023-12,Edge Request For Enhancements,3,0,0.000000
JIRA,jira,project,2023-09_to_2023-12,2023-09,2023-12,Elytron Web,10,0,0.000000
JIRA,jira,project,2023-09_to_2023-12,2023-09,2023-12,Entity Framework,32,12,0.375000
JIRA,jira,project,2023-09_to_2023-12,2023-09,2023-12,FOP,19,3,0.157895
JIRA,jira,project,2023-09_to_2023-12,2023-09,2023-12,FORTRESS,5,0,0.000000
JIRA,jira,project,2023-09_to_2023-12,2023-09,2023-12,Fast Datapath Product,196,57,0.290816
JIRA,jira,project,2023-09_to_2023-12,2023-09,2023-12,Fedora,116,46,0.396552
JIRA,jira,project,2023-09_to_2023-12,2023-09,2023-12,Felix,30,4,0.133333
JIRA,jira,project,2023-09_to_2023-12,2023-09,2023-12,Fidelis AI,2,0,0.000000
JIRA,jira,project,2023-09_to_2023-12,2023-09,2023-12,FishEye,9,1,0.111111
JIRA,jira,project,2023-09_to_2023-12,2023-09,2023-12,FlightPath,222,2,0.009009
JIRA,jira,project,2023-09_to_2023-12,2023-09,2023-12,Flink,947,202,0.213305
JIRA,jira,project,2023-09_to_2023-12,2023-09,2023-12,Flume,1,0,0.000000
JIRA,jira,project,2023-09_to_2023-12,2023-09,2023-12,Forge,60,7,0.116667
JIRA,jira,project,2023-09_to_2023-12,2023-09,2023-12,Fuse/AMQ Documentation,8,0,0.000000
JIRA,jira,project,2023-09_to_2023-12,2023-09,2023-12,Geode,2,0,0.000000
JIRA,jira,project,2023-09_to_2023-12,2023-09,2023-12,Go Driver,94,16,0.170213
JIRA,jira,project,2023-09_to_2023-12,2023-09,2023-12,Griffin (Retired),1,0,0.000000
JIRA,jira,project,2023-09_to_2023-12,2023-09,2023-12,Groovy,99,23,0.232323
JIRA,jira,project,2023-09_to_2023-12,2023-09,2023-12,Guacamole,49,12,0.244898
JIRA,jira,project,2023-09_to_2023-12,2023-09,2023-12,HAL,48,21,0.437500
JIRA,jira,project,2023-09_to_2023-12,2023-09,2023-12,HBase,229,59,0.257642
JIRA,jira,project,2023-09_to_2023-12,2023-09,2023-12,HMS ,1,0,0.000000
JIRA,jira,project,2023-09_to_2023-12,2023-09,2023-12,Hadoop Common,136,90,0.661765
JIRA,jira,project,2023-09_to_2023-12,2023-09,2023-12,Hadoop HDFS,136,104,0.764706
JIRA,jira,project,2023-09_to_2023-12,2023-09,2023-12,Hadoop Map/Reduce,14,13,0.928571
JIRA,jira,project,2023-09_to_2023-12,2023-09,2023-12,Hadoop YARN,79,59,0.746835
JIRA,jira,project,2023-09_to_2023-12,2023-09,2023-12,HawtIO,91,12,0.131868
JIRA,jira,project,2023-09_to_2023-12,2023-09,2023-12,Hive,308,72,0.233766
JIRA,jira,project,2023-09_to_2023-12,2023-09,2023-12,HttpComponents HttpAsyncClient,1,1,1.000000
JIRA,jira,project,2023-09_to_2023-12,2023-09,2023-12,HttpComponents HttpClient,17,10,0.588235
JIRA,jira,project,2023-09_to_2023-12,2023-09,2023-12,HttpComponents HttpCore,6,3,0.500000
JIRA,jira,project,2023-09_to_2023-12,2023-09,2023-12,Hybrid Cloud Console,902,18,0.019956
JIRA,jira,project,2023-09_to_2023-12,2023-09,2023-12,Hybrid Cloud Console Docs Feedback,17,2,0.117647
JIRA,jira,project,2023-09_to_2023-12,2023-09,2023-12,Hybrid Cloud Infrastructure Documentation,92,0,0.000000
JIRA,jira,project,2023-09_to_2023-12,2023-09,2023-12,IMPALA,249,76,0.305221
JIRA,jira,project,2023-09_to_2023-12,2023-09,2023-12,Identity,36,0,0.000000
JIRA,jira,project,2023-09_to_2023-12,2023-09,2023-12,Ignite,858,183,0.213287
JIRA,jira,project,2023-09_to_2023-12,2023-09,2023-12,Incubator,2,0,0.000000
JIRA,jira,project,2023-09_to_2023-12,2023-09,2023-12,Insights Experiences,468,30,0.064103
JIRA,jira,project,2023-09_to_2023-12,2023-09,2023-12,Insights Rule Analysis Tool,8,3,0.375000
JIRA,jira,project,2023-09_to_2023-12,2023-09,2023-12,IronJacamar,3,1,0.333333
JIRA,jira,project,2023-09_to_2023-12,2023-09,2023-12,Ivy,2,0,0.000000
JIRA,jira,project,2023-09_to_2023-12,2023-09,2023-12,IvyDE (Retired),1,0,0.000000
JIRA,jira,project,2023-09_to_2023-12,2023-09,2023-12,JBeret,1,0,0.000000
JIRA,jira,project,2023-09_to_2023-12,2023-09,2023-12,JBoss Core Services,12,1,0.083333
JIRA,jira,project,2023-09_to_2023-12,2023-09,2023-12,JBoss Enterprise Application Platform,560,177,0.316071
JIRA,jira,project,2023-09_to_2023-12,2023-09,2023-12,JBoss Log Manager,6,4,0.666667
JIRA,jira,project,2023-09_to_2023-12,2023-09,2023-12,JBoss Marshalling,2,0,0.000000
JIRA,jira,project,2023-09_to_2023-12,2023-09,2023-12,JBoss Server Migration Tool,3,0,0.000000
JIRA,jira,project,2023-09_to_2023-12,2023-09,2023-12,JBoss Transaction Manager,24,6,0.250000
JIRA,jira,project,2023-09_to_2023-12,2023-09,2023-12,JBoss VFS,3,0,0.000000
JIRA,jira,project,2023-09_to_2023-12,2023-09,2023-12,JBoss Web Server,35,1,0.028571
JIRA,jira,project,2023-09_to_2023-12,2023-09,2023-12,JBoss Web Services,24,4,0.166667
JIRA,jira,project,2023-09_to_2023-12,2023-09,2023-12,JDO,1,0,0.000000
JIRA,jira,project,2023-09_to_2023-12,2023-09,2023-12,JGroups,17,5,0.294118
JIRA,jira,project,2023-09_to_2023-12,2023-09,2023-12,JIRA Toolkit Plugin,1,0,0.000000
JIRA,jira,project,2023-09_to_2023-12,2023-09,2023-12,JSPWiki,3,0,0.000000
JIRA,jira,project,2023-09_to_2023-12,2023-09,2023-12,Jackrabbit Content Repository,41,2,0.048780
JIRA,jira,project,2023-09_to_2023-12,2023-09,2023-12,Jackrabbit FileVault,21,5,0.238095
JIRA,jira,project,2023-09_to_2023-12,2023-09,2023-12,Jackrabbit Oak,161,43,0.267081
JIRA,jira,project,2023-09_to_2023-12,2023-09,2023-12,James Server,31,3,0.096774
JIRA,jira,project,2023-09_to_2023-12,2023-09,2023-12,Jandex,1,1,1.000000
JIRA,jira,project,2023-09_to_2023-12,2023-09,2023-12,Java Driver,140,17,0.121429
JIRA,jira,project,2023-09_to_2023-12,2023-09,2023-12,Jira Admin Support,2,0,0.000000
JIRA,jira,project,2023-09_to_2023-12,2023-09,2023-12,Jira Align,975,19,0.019487
JIRA,jira,project,2023-09_to_2023-12,2023-09,2023-12,Jira Cloud,73,3,0.041096
JIRA,jira,project,2023-09_to_2023-12,2023-09,2023-12,Jira Data Center,312,37,0.118590
JIRA,jira,project,2023-09_to_2023-12,2023-09,2023-12,Jira Performance Testing Tools,105,15,0.142857
JIRA,jira,project,2023-09_to_2023-12,2023-09,2023-12,Jira Platform Cloud,992,42,0.042339
JIRA,jira,project,2023-09_to_2023-12,2023-09,2023-12,Jira Service Management Cloud,425,25,0.058824
JIRA,jira,project,2023-09_to_2023-12,2023-09,2023-12,Jira Service Management Data Center,452,22,0.048673
JIRA,jira,project,2023-09_to_2023-12,2023-09,2023-12,Jira Software Data Center,139,12,0.086331
JIRA,jira,project,2023-09_to_2023-12,2023-09,2023-12,Jira Work Management Cloud,57,0,0.000000
JIRA,jira,project,2023-09_to_2023-12,2023-09,2023-12,Johnzon,1,0,0.000000
JIRA,jira,project,2023-09_to_2023-12,2023-09,2023-12,Juneau,11,1,0.090909
JIRA,jira,project,2023-09_to_2023-12,2023-09,2023-12,KIE Cloud,1,0,0.000000
JIRA,jira,project,2023-09_to_2023-12,2023-09,2023-12,Kafka,646,146,0.226006
JIRA,jira,project,2023-09_to_2023-12,2023-09,2023-12,Kafka Connector,7,0,0.000000
JIRA,jira,project,2023-09_to_2023-12,2023-09,2023-12,Karaf,53,7,0.132075
JIRA,jira,project,2023-09_to_2023-12,2023-09,2023-12,Knative Serving,59,5,0.084746
JIRA,jira,project,2023-09_to_2023-12,2023-09,2023-12,Kogito,214,13,0.060748
JIRA,jira,project,2023-09_to_2023-12,2023-09,2023-12,Konflux UI,28,1,0.035714
JIRA,jira,project,2023-09_to_2023-12,2023-09,2023-12,Kotlin BSON,1,0,0.000000
JIRA,jira,project,2023-09_to_2023-12,2023-09,2023-12,Kudu,28,15,0.535714
JIRA,jira,project,2023-09_to_2023-12,2023-09,2023-12,Kylin,47,6,0.127660
JIRA,jira,project,2023-09_to_2023-12,2023-09,2023-12,Legal Discuss,9,0,0.000000
JIRA,jira,project,2023-09_to_2023-12,2023-09,2023-12,Libmongocrypt,16,2,0.125000
JIRA,jira,project,2023-09_to_2023-12,2023-09,2023-12,Livy,6,0,0.000000
JIRA,jira,project,2023-09_to_2023-12,2023-09,2023-12,Log4j 2,11,5,0.454545
JIRA,jira,project,2023-09_to_2023-12,2023-09,2023-12,Log4net,1,1,1.000000
JIRA,jira,project,2023-09_to_2023-12,2023-09,2023-12,Lucene.Net,2,0,0.000000
JIRA,jira,project,2023-09_to_2023-12,2023-09,2023-12,MINA,1,1,1.000000
JIRA,jira,project,2023-09_to_2023-12,2023-09,2023-12,MINA SSHD,2,0,0.000000
JIRA,jira,project,2023-09_to_2023-12,2023-09,2023-12,Machine Config Operator,211,6,0.028436
JIRA,jira,project,2023-09_to_2023-12,2023-09,2023-12,Mahout,8,0,0.000000
JIRA,jira,project,2023-09_to_2023-12,2023-09,2023-12,Managed Service ,32,0,0.000000
JIRA,jira,project,2023-09_to_2023-12,2023-09,2023-12,ManifoldCF,4,2,0.500000
JIRA,jira,project,2023-09_to_2023-12,2023-09,2023-12,MariaDB ColumnStore,65,31,0.476923
JIRA,jira,project,2023-09_to_2023-12,2023-09,2023-12,MariaDB Connector/C,13,4,0.307692
JIRA,jira,project,2023-09_to_2023-12,2023-09,2023-12,MariaDB Connector/C++,2,0,0.000000
JIRA,jira,project,2023-09_to_2023-12,2023-09,2023-12,MariaDB Connector/J,37,15,0.405405
JIRA,jira,project,2023-09_to_2023-12,2023-09,2023-12,MariaDB Connector/ODBC,12,4,0.333333
JIRA,jira,project,2023-09_to_2023-12,2023-09,2023-12,MariaDB Connector/Python,9,5,0.555556
JIRA,jira,project,2023-09_to_2023-12,2023-09,2023-12,MariaDB Connector/R2DBC,4,1,0.250000
JIRA,jira,project,2023-09_to_2023-12,2023-09,2023-12,MariaDB Connector/node.js,13,1,0.076923
JIRA,jira,project,2023-09_to_2023-12,2023-09,2023-12,MariaDB Foundation Development,44,2,0.045455
JIRA,jira,project,2023-09_to_2023-12,2023-09,2023-12,MariaDB MaxScale,174,28,0.160920
JIRA,jira,project,2023-09_to_2023-12,2023-09,2023-12,MariaDB Server,1057,663,0.627247
JIRA,jira,project,2023-09_to_2023-12,2023-09,2023-12,Marvell DPU Collaboration,1,0,0.000000
JIRA,jira,project,2023-09_to_2023-12,2023-09,2023-12,Maven (Moved to GitHub Issues),124,24,0.193548
JIRA,jira,project,2023-09_to_2023-12,2023-09,2023-12,Maven ACR Plugin (Moved to GitHub Issues),1,0,0.000000
JIRA,jira,project,2023-09_to_2023-12,2023-09,2023-12,Maven Antrun Plugin (Moved to GitHub Issues),1,0,0.000000
JIRA,jira,project,2023-09_to_2023-12,2023-09,2023-12,Maven Archetype (Moved to GitHub Issues),6,2,0.333333
JIRA,jira,project,2023-09_to_2023-12,2023-09,2023-12,Maven Archetype Bundles (Moved to GitHub Issues),4,0,0.000000
JIRA,jira,project,2023-09_to_2023-12,2023-09,2023-12,Maven Artifact Plugin (Moved to GitHub Issues),11,3,0.272727
JIRA,jira,project,2023-09_to_2023-12,2023-09,2023-12,Maven Assembly Plugin (Moved to GitHub Issues),16,1,0.062500
JIRA,jira,project,2023-09_to_2023-12,2023-09,2023-12,Maven Build Cache Extension (Moved to GitHub Issues),8,2,0.250000
JIRA,jira,project,2023-09_to_2023-12,2023-09,2023-12,Maven Changes Plugin (Moved to GitHub Issues),2,1,0.500000
JIRA,jira,project,2023-09_to_2023-12,2023-09,2023-12,Maven Checkstyle Plugin (Moved to GitHub Issues),4,1,0.250000
JIRA,jira,project,2023-09_to_2023-12,2023-09,2023-12,Maven Clean Plugin (Moved to GitHub Issues),5,0,0.000000
JIRA,jira,project,2023-09_to_2023-12,2023-09,2023-12,Maven Compiler Plugin (Moved to GitHub Issues),25,8,0.320000
JIRA,jira,project,2023-09_to_2023-12,2023-09,2023-12,Maven DOAP Plugin (Moved to GitHub Issues),2,0,0.000000
JIRA,jira,project,2023-09_to_2023-12,2023-09,2023-12,Maven Dependency Plugin (Moved to GitHub Issues),19,5,0.263158
JIRA,jira,project,2023-09_to_2023-12,2023-09,2023-12,Maven Deploy Plugin (Moved to GitHub Issues),4,1,0.250000
JIRA,jira,project,2023-09_to_2023-12,2023-09,2023-12,Maven Documentation Checker Plugin  (RETIRED) (Retired),1,0,0.000000
JIRA,jira,project,2023-09_to_2023-12,2023-09,2023-12,Maven Doxia (Moved to GitHub Issues),15,0,0.000000
JIRA,jira,project,2023-09_to_2023-12,2023-09,2023-12,Maven Doxia Sitetools (Moved to GitHub Issues),10,1,0.100000
JIRA,jira,project,2023-09_to_2023-12,2023-09,2023-12,Maven Doxia Tools (Moved to GitHub Issues),1,0,0.000000
JIRA,jira,project,2023-09_to_2023-12,2023-09,2023-12,Maven EAR Plugin (Moved to GitHub Issues),1,0,0.000000
JIRA,jira,project,2023-09_to_2023-12,2023-09,2023-12,Maven Enforcer Plugin (Moved to GitHub Issues),5,2,0.400000
JIRA,jira,project,2023-09_to_2023-12,2023-09,2023-12,Maven Help Plugin (Moved to GitHub Issues),3,1,0.333333
JIRA,jira,project,2023-09_to_2023-12,2023-09,2023-12,Maven Indexer (Moved to GitHub Issues),18,0,0.000000
JIRA,jira,project,2023-09_to_2023-12,2023-09,2023-12,Maven Install Plugin (Moved to GitHub Issues),6,2,0.333333
JIRA,jira,project,2023-09_to_2023-12,2023-09,2023-12,Maven Invoker Plugin (Moved to GitHub Issues),2,1,0.500000
JIRA,jira,project,2023-09_to_2023-12,2023-09,2023-12,Maven JAR Plugin (Moved to GitHub Issues),4,1,0.250000
JIRA,jira,project,2023-09_to_2023-12,2023-09,2023-12,Maven JDeprScan Plugin (Moved to GitHub Issues),1,0,0.000000
JIRA,jira,project,2023-09_to_2023-12,2023-09,2023-12,Maven JDeps Plugin (Moved to GitHub Issues),1,0,0.000000
JIRA,jira,project,2023-09_to_2023-12,2023-09,2023-12,Maven JLink Plugin (Moved to GitHub Issues),3,0,0.000000
JIRA,jira,project,2023-09_to_2023-12,2023-09,2023-12,Maven JXR (Moved to GitHub Issues),11,0,0.000000
JIRA,jira,project,2023-09_to_2023-12,2023-09,2023-12,Maven Jar Signer Plugin (Moved to GitHub Issues),5,1,0.200000
JIRA,jira,project,2023-09_to_2023-12,2023-09,2023-12,Maven Javadoc Plugin (Moved to GitHub Issues),13,5,0.384615
JIRA,jira,project,2023-09_to_2023-12,2023-09,2023-12,Maven PMD Plugin (Moved to GitHub Issues),5,0,0.000000
JIRA,jira,project,2023-09_to_2023-12,2023-09,2023-12,Maven POMs (Moved to GitHub issues),29,1,0.034483
JIRA,jira,project,2023-09_to_2023-12,2023-09,2023-12,Maven Plugin Testing  (Moved to GitHub Issues),7,0,0.000000
JIRA,jira,project,2023-09_to_2023-12,2023-09,2023-12,Maven Plugin Tools (Moved to GitHub Issues),21,1,0.047619
JIRA,jira,project,2023-09_to_2023-12,2023-09,2023-12,Maven Project Info Reports Plugin (Moved to GitHub Issues),3,0,0.000000
JIRA,jira,project,2023-09_to_2023-12,2023-09,2023-12,Maven Project Web Site (Moved to GitHub Issues),7,0,0.000000
JIRA,jira,project,2023-09_to_2023-12,2023-09,2023-12,Maven Remote Resources Plugin (Moved to GitHub Issues),5,0,0.000000
JIRA,jira,project,2023-09_to_2023-12,2023-09,2023-12,Maven Resolver (Moved to GitHub Issues),66,3,0.045455
JIRA,jira,project,2023-09_to_2023-12,2023-09,2023-12,Maven Resources Plugin (Moved to GitHub Issues),1,1,1.000000
JIRA,jira,project,2023-09_to_2023-12,2023-09,2023-12,Maven SCM (Moved to GitHub Issues),2,0,0.000000
JIRA,jira,project,2023-09_to_2023-12,2023-09,2023-12,Maven Shade Plugin (Moved to GitHub Issues),7,2,0.285714
JIRA,jira,project,2023-09_to_2023-12,2023-09,2023-12,Maven Shared Components,50,5,0.100000
JIRA,jira,project,2023-09_to_2023-12,2023-09,2023-12,Maven Site Plugin (Moved to GitHub Issues),21,2,0.095238
JIRA,jira,project,2023-09_to_2023-12,2023-09,2023-12,Maven Skins (Moved to GitHub Issues),4,0,0.000000
JIRA,jira,project,2023-09_to_2023-12,2023-09,2023-12,Maven Surefire (Moved to GitHub Issues),33,9,0.272727
JIRA,jira,project,2023-09_to_2023-12,2023-09,2023-12,Maven Wagon (Moved to GitHub Issues),2,0,0.000000
JIRA,jira,project,2023-09_to_2023-12,2023-09,2023-12,Maven Wrapper (Moved to GitHub Issues),6,1,0.166667
JIRA,jira,project,2023-09_to_2023-12,2023-09,2023-12,MicroShift,348,26,0.074713
JIRA,jira,project,2023-09_to_2023-12,2023-09,2023-12,Migration Platform,148,38,0.256757
JIRA,jira,project,2023-09_to_2023-12,2023-09,2023-12,Migration Toolkit for Applications,617,32,0.051864
JIRA,jira,project,2023-09_to_2023-12,2023-09,2023-12,Migration Toolkit for Virtualization,139,26,0.187050
JIRA,jira,project,2023-09_to_2023-12,2023-09,2023-12,Mnemonic (Retired),13,0,0.000000
JIRA,jira,project,2023-09_to_2023-12,2023-09,2023-12,Modular Service Container,3,0,0.000000
JIRA,jira,project,2023-09_to_2023-12,2023-09,2023-12,MongoDB Database Tools,62,6,0.096774
JIRA,jira,project,2023-09_to_2023-12,2023-09,2023-12,MongoDB Shell,53,15,0.283019
JIRA,jira,project,2023-09_to_2023-12,2023-09,2023-12,Mongoid,65,8,0.123077
JIRA,jira,project,2023-09_to_2023-12,2023-09,2023-12,Motor,42,7,0.166667
JIRA,jira,project,2023-09_to_2023-12,2023-09,2023-12,Multiple Architecture Enablement,116,3,0.025862
JIRA,jira,project,2023-09_to_2023-12,2023-09,2023-12,MyFaces Core,22,9,0.409091
JIRA,jira,project,2023-09_to_2023-12,2023-09,2023-12,MyFaces Tobago,27,3,0.111111
JIRA,jira,project,2023-09_to_2023-12,2023-09,2023-12,Network Edge,96,0,0.000000
JIRA,jira,project,2023-09_to_2023-12,2023-09,2023-12,Network Hardware Enablement,93,0,0.000000
JIRA,jira,project,2023-09_to_2023-12,2023-09,2023-12,Network Observability,144,12,0.083333
JIRA,jira,project,2023-09_to_2023-12,2023-09,2023-12,Node.js Driver,194,20,0.103093
JIRA,jira,project,2023-09_to_2023-12,2023-09,2023-12,Nutch,27,6,0.222222
JIRA,jira,project,2023-09_to_2023-12,2023-09,2023-12,OCMUI ,487,19,0.039014
JIRA,jira,project,2023-09_to_2023-12,2023-09,2023-12,OCP Technical Release Team,204,45,0.220588
JIRA,jira,project,2023-09_to_2023-12,2023-09,2023-12,OFBiz,25,1,0.040000
JIRA,jira,project,2023-09_to_2023-12,2023-09,2023-12,OPCT ,28,4,0.142857
JIRA,jira,project,2023-09_to_2023-12,2023-09,2023-12,ORC,65,2,0.030769
JIRA,jira,project,2023-09_to_2023-12,2023-09,2023-12,Observability Documentation,184,2,0.010870
JIRA,jira,project,2023-09_to_2023-12,2023-09,2023-12,Observability UI,48,3,0.062500
JIRA,jira,project,2023-09_to_2023-12,2023-09,2023-12,Observability and Data Analysis Program,72,1,0.013889
JIRA,jira,project,2023-09_to_2023-12,2023-09,2023-12,Olingo,8,1,0.125000
JIRA,jira,project,2023-09_to_2023-12,2023-09,2023-12,On Prem Networking,113,4,0.035398
JIRA,jira,project,2023-09_to_2023-12,2023-09,2023-12,Oozie (Retired),2,1,0.500000
JIRA,jira,project,2023-09_to_2023-12,2023-09,2023-12,OpenJDK,99,4,0.040404
JIRA,jira,project,2023-09_to_2023-12,2023-09,2023-12,OpenJPA,4,2,0.500000
JIRA,jira,project,2023-09_to_2023-12,2023-09,2023-12,OpenNLP,29,4,0.137931
JIRA,jira,project,2023-09_to_2023-12,2023-09,2023-12,OpenOffice,2,0,0.000000
JIRA,jira,project,2023-09_to_2023-12,2023-09,2023-12,OpenShift API Server,28,0,0.000000
JIRA,jira,project,2023-09_to_2023-12,2023-09,2023-12,OpenShift API for Data Protection,500,89,0.178000
JIRA,jira,project,2023-09_to_2023-12,2023-09,2023-12,OpenShift App Analytics,2,0,0.000000
JIRA,jira,project,2023-09_to_2023-12,2023-09,2023-12,OpenShift Application Platform Engineering,3,0,0.000000
JIRA,jira,project,2023-09_to_2023-12,2023-09,2023-12,OpenShift Authentication,39,0,0.000000
JIRA,jira,project,2023-09_to_2023-12,2023-09,2023-12,OpenShift Autoscaling,4,0,0.000000
JIRA,jira,project,2023-09_to_2023-12,2023-09,2023-12,OpenShift Bugs,3852,1349,0.350208
JIRA,jira,project,2023-09_to_2023-12,2023-09,2023-12,OpenShift BuildConfig,5,1,0.200000
JIRA,jira,project,2023-09_to_2023-12,2023-09,2023-12,OpenShift Builds,74,2,0.027027
JIRA,jira,project,2023-09_to_2023-12,2023-09,2023-12,OpenShift CFE,59,1,0.016949
JIRA,jira,project,2023-09_to_2023-12,2023-09,2023-12,OpenShift Cloud,228,21,0.092105
JIRA,jira,project,2023-09_to_2023-12,2023-09,2023-12,OpenShift Cloud Credential Operator,81,0,0.000000
JIRA,jira,project,2023-09_to_2023-12,2023-09,2023-12,OpenShift Console,128,2,0.015625
JIRA,jira,project,2023-09_to_2023-12,2023-09,2023-12,OpenShift Container Platform (OCP) Strategy,185,0,0.000000
JIRA,jira,project,2023-09_to_2023-12,2023-09,2023-12,OpenShift Core Networking,285,2,0.007018
JIRA,jira,project,2023-09_to_2023-12,2023-09,2023-12,OpenShift Data Foundation Request For Enhancement,1,0,0.000000
JIRA,jira,project,2023-09_to_2023-12,2023-09,2023-12,OpenShift Edge,14,0,0.000000
JIRA,jira,project,2023-09_to_2023-12,2023-09,2023-12,OpenShift Etcd,33,0,0.000000
JIRA,jira,project,2023-09_to_2023-12,2023-09,2023-12,OpenShift GitOps,348,45,0.129310
JIRA,jira,project,2023-09_to_2023-12,2023-09,2023-12,OpenShift Hive,85,14,0.164706
JIRA,jira,project,2023-09_to_2023-12,2023-09,2023-12,OpenShift Hosted Control Plane,117,11,0.094017
JIRA,jira,project,2023-09_to_2023-12,2023-09,2023-12,OpenShift Image Registry,58,2,0.034483
JIRA,jira,project,2023-09_to_2023-12,2023-09,2023-12,OpenShift Installer,373,9,0.024129
JIRA,jira,project,2023-09_to_2023-12,2023-09,2023-12,OpenShift Jenkins,5,0,0.000000
JIRA,jira,project,2023-09_to_2023-12,2023-09,2023-12,OpenShift Logging,274,55,0.200730
JIRA,jira,project,2023-09_to_2023-12,2023-09,2023-12,OpenShift Migration Toolkit for Containers,48,3,0.062500
JIRA,jira,project,2023-09_to_2023-12,2023-09,2023-12,OpenShift Monitoring,233,6,0.025751
JIRA,jira,project,2023-09_to_2023-12,2023-09,2023-12,OpenShift Node,197,6,0.030457
JIRA,jira,project,2023-09_to_2023-12,2023-09,2023-12,OpenShift Over the Air,135,12,0.088889
JIRA,jira,project,2023-09_to_2023-12,2023-09,2023-12,OpenShift Pipelines,300,25,0.083333
JIRA,jira,project,2023-09_to_2023-12,2023-09,2023-12,OpenShift Pod Autoscaling,20,2,0.100000
JIRA,jira,project,2023-09_to_2023-12,2023-09,2023-12,OpenShift Request For Enhancement,292,10,0.034247
JIRA,jira,project,2023-09_to_2023-12,2023-09,2023-12,OpenShift Service Mesh,675,43,0.063704
JIRA,jira,project,2023-09_to_2023-12,2023-09,2023-12,OpenShift Specialist Platform Team,190,11,0.057895
JIRA,jira,project,2023-09_to_2023-12,2023-09,2023-12,OpenShift Storage,254,3,0.011811
JIRA,jira,project,2023-09_to_2023-12,2023-09,2023-12,OpenShift Top Level Product Strategy,1,0,0.000000
JIRA,jira,project,2023-09_to_2023-12,2023-09,2023-12,OpenShift UX Product Design,35,1,0.028571
JIRA,jira,project,2023-09_to_2023-12,2023-09,2023-12,OpenShift Virtualization,1792,134,0.074777
JIRA,jira,project,2023-09_to_2023-12,2023-09,2023-12,OpenShift Windows Containers,49,4,0.081633
JIRA,jira,project,2023-09_to_2023-12,2023-09,2023-12,OpenShift Workloads,109,3,0.027523
JIRA,jira,project,2023-09_to_2023-12,2023-09,2023-12,OpenStack as Infra,109,0,0.000000
JIRA,jira,project,2023-09_to_2023-12,2023-09,2023-12,OpenWebBeans,7,1,0.142857
JIRA,jira,project,2023-09_to_2023-12,2023-09,2023-12,Openmeetings,2,0,0.000000
JIRA,jira,project,2023-09_to_2023-12,2023-09,2023-12,Openshift sandboxed containers,76,13,0.171053
JIRA,jira,project,2023-09_to_2023-12,2023-09,2023-12,Operator Ecosystem,130,1,0.007692
JIRA,jira,project,2023-09_to_2023-12,2023-09,2023-12,Operator Runtime,123,1,0.008130
JIRA,jira,project,2023-09_to_2023-12,2023-09,2023-12,Opsgenie,198,7,0.035354
JIRA,jira,project,2023-09_to_2023-12,2023-09,2023-12,OptaPlanner,5,1,0.200000
JIRA,jira,project,2023-09_to_2023-12,2023-09,2023-12,Origin Community Distribution of Kubernetes,11,0,0.000000
JIRA,jira,project,2023-09_to_2023-12,2023-09,2023-12,PDFBox,77,25,0.324675
JIRA,jira,project,2023-09_to_2023-12,2023-09,2023-12,PHP Driver: Extension,51,4,0.078431
JIRA,jira,project,2023-09_to_2023-12,2023-09,2023-12,PHP Driver: Library,89,3,0.033708
JIRA,jira,project,2023-09_to_2023-12,2023-09,2023-12,PHP ORMs,42,6,0.142857
JIRA,jira,project,2023-09_to_2023-12,2023-09,2023-12,Parquet,73,9,0.123288
JIRA,jira,project,2023-09_to_2023-12,2023-09,2023-12,Performance and Scale for AI Platforms,44,0,0.000000
JIRA,jira,project,2023-09_to_2023-12,2023-09,2023-12,Phoenix,132,36,0.272727
JIRA,jira,project,2023-09_to_2023-12,2023-09,2023-12,Phoenix Omid,22,5,0.227273
JIRA,jira,project,2023-09_to_2023-12,2023-09,2023-12,Pig,1,1,1.000000
JIRA,jira,project,2023-09_to_2023-12,2023-09,2023-12,Pluto (Retired),6,2,0.333333
JIRA,jira,project,2023-09_to_2023-12,2023-09,2023-12,Podling Suitable Names Search,6,0,0.000000
JIRA,jira,project,2023-09_to_2023-12,2023-09,2023-12,Product Technical Learning,591,34,0.057530
JIRA,jira,project,2023-09_to_2023-12,2023-09,2023-12,Proforma Server & Data Centre,9,0,0.000000
JIRA,jira,project,2023-09_to_2023-12,2023-09,2023-12,Project Quay,299,38,0.127090
JIRA,jira,project,2023-09_to_2023-12,2023-09,2023-12,PyLucene,2,2,1.000000
JIRA,jira,project,2023-09_to_2023-12,2023-09,2023-12,Python Driver,121,29,0.239669
JIRA,jira,project,2023-09_to_2023-12,2023-09,2023-12,Python Integrations,19,2,0.105263
JIRA,jira,project,2023-09_to_2023-12,2023-09,2023-12,"Qbs (""Cubes"")",20,11,0.550000
JIRA,jira,project,2023-09_to_2023-12,2023-09,2023-12,Qpid,9,1,0.111111
JIRA,jira,project,2023-09_to_2023-12,2023-09,2023-12,Qpid Dispatch,1,1,1.000000
JIRA,jira,project,2023-09_to_2023-12,2023-09,2023-12,Qpid JMS,4,0,0.000000
JIRA,jira,project,2023-09_to_2023-12,2023-09,2023-12,Qpid Proton,25,7,0.280000
JIRA,jira,project,2023-09_to_2023-12,2023-09,2023-12,Qt,3110,815,0.262058
JIRA,jira,project,2023-09_to_2023-12,2023-09,2023-12,Qt 3D Studio,2,1,0.500000
JIRA,jira,project,2023-09_to_2023-12,2023-09,2023-12,Qt Creator,550,112,0.203636
JIRA,jira,project,2023-09_to_2023-12,2023-09,2023-12,Qt Design Studio,931,46,0.049409
JIRA,jira,project,2023-09_to_2023-12,2023-09,2023-12,Qt Installer Framework,87,6,0.068966
JIRA,jira,project,2023-09_to_2023-12,2023-09,2023-12,Qt Project Website,20,1,0.050000
JIRA,jira,project,2023-09_to_2023-12,2023-09,2023-12,Qt Quality Assurance Infrastructure,162,13,0.080247
JIRA,jira,project,2023-09_to_2023-12,2023-09,2023-12,Qt Tools for Android,5,0,0.000000
JIRA,jira,project,2023-09_to_2023-12,2023-09,2023-12,Qt Visual Studio Tools,30,10,0.333333
JIRA,jira,project,2023-09_to_2023-12,2023-09,2023-12,Qt WebBrowser,1,0,0.000000
JIRA,jira,project,2023-09_to_2023-12,2023-09,2023-12,Qt for Python,101,44,0.435644
JIRA,jira,project,2023-09_to_2023-12,2023-09,2023-12,Quarkus,213,18,0.084507
JIRA,jira,project,2023-09_to_2023-12,2023-09,2023-12,Quarkus Documentation,96,2,0.020833
JIRA,jira,project,2023-09_to_2023-12,2023-09,2023-12,RDO Project,17,0,0.000000
JIRA,jira,project,2023-09_to_2023-12,2023-09,2023-12,RESTEasy,53,3,0.056604
JIRA,jira,project,2023-09_to_2023-12,2023-09,2023-12,RH,29,3,0.103448
JIRA,jira,project,2023-09_to_2023-12,2023-09,2023-12,RH Developer Hub Planning,1,0,0.000000
JIRA,jira,project,2023-09_to_2023-12,2023-09,2023-12,RHEL,4335,1968,0.453979
JIRA,jira,project,2023-09_to_2023-12,2023-09,2023-12,RHEL Conversions,84,23,0.273810
JIRA,jira,project,2023-09_to_2023-12,2023-09,2023-12,RHEL Documentation,101,10,0.099010
JIRA,jira,project,2023-09_to_2023-12,2023-09,2023-12,RHEL Performance,5,0,0.000000
JIRA,jira,project,2023-09_to_2023-12,2023-09,2023-12,RHEL Testing,1,0,0.000000
JIRA,jira,project,2023-09_to_2023-12,2023-09,2023-12,RHOS Request for Features,2,1,0.500000
JIRA,jira,project,2023-09_to_2023-12,2023-09,2023-12,RHTAP UI,3,0,0.000000
JIRA,jira,project,2023-09_to_2023-12,2023-09,2023-12,Ranger,239,26,0.108787
JIRA,jira,project,2023-09_to_2023-12,2023-09,2023-12,Ratis,103,22,0.213592
JIRA,jira,project,2023-09_to_2023-12,2023-09,2023-12,Reactive JVM Platform,3,0,0.000000
JIRA,jira,project,2023-09_to_2023-12,2023-09,2023-12,Red Hat 3scale API Management,227,21,0.092511
JIRA,jira,project,2023-09_to_2023-12,2023-09,2023-12,Red Hat Advanced Cluster Management,1102,119,0.107985
JIRA,jira,project,2023-09_to_2023-12,2023-09,2023-12,Red Hat Build of Apache Camel for Quarkus,14,1,0.071429
JIRA,jira,project,2023-09_to_2023-12,2023-09,2023-12,Red Hat Data Grid,48,4,0.083333
JIRA,jira,project,2023-09_to_2023-12,2023-09,2023-12,Red Hat Decision Manager,7,6,0.857143
JIRA,jira,project,2023-09_to_2023-12,2023-09,2023-12,Red Hat Developer Hub Bugs,16,7,0.437500
JIRA,jira,project,2023-09_to_2023-12,2023-09,2023-12,Red Hat Directory Server,8,6,0.750000
JIRA,jira,project,2023-09_to_2023-12,2023-09,2023-12,Red Hat Fuse,463,16,0.034557
JIRA,jira,project,2023-09_to_2023-12,2023-09,2023-12,Red Hat Insights Engineering,16,0,0.000000
JIRA,jira,project,2023-09_to_2023-12,2023-09,2023-12,Red Hat Insights Strategy,3,0,0.000000
JIRA,jira,project,2023-09_to_2023-12,2023-09,2023-12,Red Hat Offline Knowledge Portal,1,0,0.000000
JIRA,jira,project,2023-09_to_2023-12,2023-09,2023-12,Red Hat OpenBridge,1,0,0.000000
JIRA,jira,project,2023-09_to_2023-12,2023-09,2023-12,Red Hat OpenShift Control Planes,1,0,0.000000
JIRA,jira,project,2023-09_to_2023-12,2023-09,2023-12,Red Hat OpenShift Data Science,431,23,0.053364
JIRA,jira,project,2023-09_to_2023-12,2023-09,2023-12,Red Hat OpenShift Dev Spaces (formerly CodeReady Workspaces),162,41,0.253086
JIRA,jira,project,2023-09_to_2023-12,2023-09,2023-12,Red Hat OpenStack Services on OpenShift,785,63,0.080255
JIRA,jira,project,2023-09_to_2023-12,2023-09,2023-12,Red Hat Process Automation Manager,41,11,0.268293
JIRA,jira,project,2023-09_to_2023-12,2023-09,2023-12,Red Hat Service Interconnect (Skupper),71,11,0.154930
JIRA,jira,project,2023-09_to_2023-12,2023-09,2023-12,Red Hat Workload Availability,7,0,0.000000
JIRA,jira,project,2023-09_to_2023-12,2023-09,2023-12,Red Hat build of Apache Camel for Spring Boot,269,5,0.018587
JIRA,jira,project,2023-09_to_2023-12,2023-09,2023-12,Red Hat build of Keycloak,13,0,0.000000
JIRA,jira,project,2023-09_to_2023-12,2023-09,2023-12,Rich Text Editor for JIRA,1,0,0.000000
JIRA,jira,project,2023-09_to_2023-12,2023-09,2023-12,Rovo,1,0,0.000000
JIRA,jira,project,2023-09_to_2023-12,2023-09,2023-12,Ruby Driver,37,1,0.027027
JIRA,jira,project,2023-09_to_2023-12,2023-09,2023-12,Rust Driver,57,2,0.035088
JIRA,jira,project,2023-09_to_2023-12,2023-09,2023-12,SAML for Atlassian Data Center,4,2,0.500000
JIRA,jira,project,2023-09_to_2023-12,2023-09,2023-12,Sakai,360,92,0.255556
JIRA,jira,project,2023-09_to_2023-12,2023-09,2023-12,Samza,7,1,0.142857
JIRA,jira,project,2023-09_to_2023-12,2023-09,2023-12,Santuario,4,0,0.000000
JIRA,jira,project,2023-09_to_2023-12,2023-09,2023-12,Satellite,951,195,0.205047
JIRA,jira,project,2023-09_to_2023-12,2023-09,2023-12,Security Data,3,0,0.000000
JIRA,jira,project,2023-09_to_2023-12,2023-09,2023-12,Server Deployments and Scale,5,1,0.200000
JIRA,jira,project,2023-09_to_2023-12,2023-09,2023-12,Server Platform Frontend,1,0,0.000000
JIRA,jira,project,2023-09_to_2023-12,2023-09,2023-12,Serverless logic,51,5,0.098039
JIRA,jira,project,2023-09_to_2023-12,2023-09,2023-12,ServiceMix,54,0,0.000000
JIRA,jira,project,2023-09_to_2023-12,2023-09,2023-12,Shared Access Layer,3,0,0.000000
JIRA,jira,project,2023-09_to_2023-12,2023-09,2023-12,ShrinkWrap Resolvers,16,1,0.062500
JIRA,jira,project,2023-09_to_2023-12,2023-09,2023-12,Sidecar for Apache Cassandra,20,2,0.100000
JIRA,jira,project,2023-09_to_2023-12,2023-09,2023-12,Singa,8,1,0.125000
JIRA,jira,project,2023-09_to_2023-12,2023-09,2023-12,Sling,197,28,0.142132
JIRA,jira,project,2023-09_to_2023-12,2023-09,2023-12,Solr,150,38,0.253333
JIRA,jira,project,2023-09_to_2023-12,2023-09,2023-12,Sourcetree For Mac,12,0,0.000000
JIRA,jira,project,2023-09_to_2023-12,2023-09,2023-12,Sourcetree for Windows,59,13,0.220339
JIRA,jira,project,2023-09_to_2023-12,2023-09,2023-12,Spark,1504,177,0.117686
JIRA,jira,project,2023-09_to_2023-12,2023-09,2023-12,Spark Connector,6,4,0.666667
JIRA,jira,project,2023-09_to_2023-12,2023-09,2023-12,Spatial Information Systems,6,1,0.166667
JIRA,jira,project,2023-09_to_2023-12,2023-09,2023-12,Statuspage,19,0,0.000000
JIRA,jira,project,2023-09_to_2023-12,2023-09,2023-12,Streams for Apache Kafka Console,12,0,0.000000
JIRA,jira,project,2023-09_to_2023-12,2023-09,2023-12,Struts 2,39,2,0.051282
JIRA,jira,project,2023-09_to_2023-12,2023-09,2023-12,Subscription Watch,196,23,0.117347
JIRA,jira,project,2023-09_to_2023-12,2023-09,2023-12,Subversion,3,0,0.000000
JIRA,jira,project,2023-09_to_2023-12,2023-09,2023-12,Synapse,3,0,0.000000
JIRA,jira,project,2023-09_to_2023-12,2023-09,2023-12,Syncope,24,0,0.000000
JIRA,jira,project,2023-09_to_2023-12,2023-09,2023-12,SystemDS,44,0,0.000000
JIRA,jira,project,2023-09_to_2023-12,2023-09,2023-12,TEST Defect Tracking Project,17,2,0.117647
JIRA,jira,project,2023-09_to_2023-12,2023-09,2023-12,TOREE,1,0,0.000000
JIRA,jira,project,2023-09_to_2023-12,2023-09,2023-12,Tapestry 5,10,8,0.800000
JIRA,jira,project,2023-09_to_2023-12,2023-09,2023-12,Thrift,20,4,0.200000
JIRA,jira,project,2023-09_to_2023-12,2023-09,2023-12,Tika,53,9,0.169811
JIRA,jira,project,2023-09_to_2023-12,2023-09,2023-12,TinkerPop,37,6,0.162162
JIRA,jira,project,2023-09_to_2023-12,2023-09,2023-12,TomEE,54,7,0.129630
JIRA,jira,project,2023-09_to_2023-12,2023-09,2023-12,Tools (JBoss Tools),46,2,0.043478
JIRA,jira,project,2023-09_to_2023-12,2023-09,2023-12,Undertow,29,6,0.206897
JIRA,jira,project,2023-09_to_2023-12,2023-09,2023-12,VCL,2,0,0.000000
JIRA,jira,project,2023-09_to_2023-12,2023-09,2023-12,VS Code Extension,51,5,0.098039
JIRA,jira,project,2023-09_to_2023-12,2023-09,2023-12,Velocity,3,2,0.666667
JIRA,jira,project,2023-09_to_2023-12,2023-09,2023-12,Virtualization Strategy,13,0,0.000000
JIRA,jira,project,2023-09_to_2023-12,2023-09,2023-12,Visual Design,29,0,0.000000
JIRA,jira,project,2023-09_to_2023-12,2023-09,2023-12,WINDUP ,58,1,0.017241
JIRA,jira,project,2023-09_to_2023-12,2023-09,2023-12,WINDUPRULE ,7,1,0.142857
JIRA,jira,project,2023-09_to_2023-12,2023-09,2023-12,WSS4J,5,1,0.200000
JIRA,jira,project,2023-09_to_2023-12,2023-09,2023-12,Web Terminal for OpenShift,19,0,0.000000
JIRA,jira,project,2023-09_to_2023-12,2023-09,2023-12,Weld,18,3,0.166667
JIRA,jira,project,2023-09_to_2023-12,2023-09,2023-12,Whimsy,1,0,0.000000
JIRA,jira,project,2023-09_to_2023-12,2023-09,2023-12,Wicket,21,6,0.285714
JIRA,jira,project,2023-09_to_2023-12,2023-09,2023-12,WildFly,407,37,0.090909
JIRA,jira,project,2023-09_to_2023-12,2023-09,2023-12,WildFly Arquillian,2,1,0.500000
JIRA,jira,project,2023-09_to_2023-12,2023-09,2023-12,WildFly Core,142,22,0.154930
JIRA,jira,project,2023-09_to_2023-12,2023-09,2023-12,WildFly EJB HTTP Client,18,1,0.055556
JIRA,jira,project,2023-09_to_2023-12,2023-09,2023-12,WildFly Elytron,120,4,0.033333
JIRA,jira,project,2023-09_to_2023-12,2023-09,2023-12,WildFly Elytron EE,1,0,0.000000
JIRA,jira,project,2023-09_to_2023-12,2023-09,2023-12,WildFly Maven Plugin,20,4,0.200000
JIRA,jira,project,2023-09_to_2023-12,2023-09,2023-12,WildFly Naming Client,2,1,0.500000
JIRA,jira,project,2023-09_to_2023-12,2023-09,2023-12,WildFly OpenSSL Natives,1,1,1.000000
JIRA,jira,project,2023-09_to_2023-12,2023-09,2023-12,WildFly Transaction Client,4,0,0.000000
JIRA,jira,project,2023-09_to_2023-12,2023-09,2023-12,WildFly WIP,3,2,0.666667
JIRA,jira,project,2023-09_to_2023-12,2023-09,2023-12,WiredTiger,622,183,0.294212
JIRA,jira,project,2023-09_to_2023-12,2023-09,2023-12,XBean,3,0,0.000000
JIRA,jira,project,2023-09_to_2023-12,2023-09,2023-12,XML Commons,1,0,0.000000
JIRA,jira,project,2023-09_to_2023-12,2023-09,2023-12,XMLBeans,7,1,0.142857
JIRA,jira,project,2023-09_to_2023-12,2023-09,2023-12,XMLGraphicsCommons,2,1,0.500000
JIRA,jira,project,2023-09_to_2023-12,2023-09,2023-12,XNIO,4,0,0.000000
JIRA,jira,project,2023-09_to_2023-12,2023-09,2023-12,Xerces2,3,1,0.333333
JIRA,jira,project,2023-09_to_2023-12,2023-09,2023-12,XmlSchema,1,0,0.000000
JIRA,jira,project,2023-09_to_2023-12,2023-09,2023-12,Yetus,12,2,0.166667
JIRA,jira,project,2023-09_to_2023-12,2023-09,2023-12,Zeppelin,39,0,0.000000
JIRA,jira,project,2023-09_to_2023-12,2023-09,2023-12,ZooKeeper,43,9,0.209302
JIRA,jira,project,2023-09_to_2023-12,2023-09,2023-12,jBPM,23,7,0.304348
JIRA,jira,project,2023-09_to_2023-12,2023-09,2023-12,jclouds (Retired) (Retired),3,1,0.333333
JIRA,jira,project,2023-09_to_2023-12,2023-09,2023-12,mod_cluster,15,0,0.000000
JIRA,jira,project,2023-09_to_2023-12,2023-09,2023-12,repository.jboss.org/nexus,7,1,0.142857
JIRA,jira,project,2023-09_to_2023-12,2023-09,2023-12,serf,1,0,0.000000
JIRA,jira,project,2024-01_to_2024-04,2024-01,2024-04,AMQ Broker,178,26,0.146067
JIRA,jira,project,2024-01_to_2024-04,2024-01,2024-04,AMQ Clients,17,0,0.000000
JIRA,jira,project,2024-01_to_2024-04,2024-01,2024-04,AMQ Documentation,1,0,0.000000
JIRA,jira,project,2024-01_to_2024-04,2024-01,2024-04,AMQ Streams,187,12,0.064171
JIRA,jira,project,2024-01_to_2024-04,2024-01,2024-04,AMQ Streams Kafka Proxy,14,4,0.285714
JIRA,jira,project,2024-01_to_2024-04,2024-01,2024-04,ActiveMQ (Read,82,12,0.146341
JIRA,jira,project,2024-01_to_2024-04,2024-01,2024-04,ActiveMQ .Net,2,0,0.000000
JIRA,jira,project,2024-01_to_2024-04,2024-01,2024-04,ActiveMQ C++ Client,1,1,1.000000
JIRA,jira,project,2024-01_to_2024-04,2024-01,2024-04,ActiveMQ OpenWire,2,0,0.000000
JIRA,jira,project,2024-01_to_2024-04,2024-01,2024-04,ActiveObjects,1,1,1.000000
JIRA,jira,project,2024-01_to_2024-04,2024-01,2024-04,Activity Streams,3,1,0.333333
JIRA,jira,project,2024-01_to_2024-04,2024-01,2024-04,Admin Experience,87,5,0.057471
JIRA,jira,project,2024-01_to_2024-04,2024-01,2024-04,AeroGear,1,0,0.000000
JIRA,jira,project,2024-01_to_2024-04,2024-01,2024-04,Agent,57,0,0.000000
JIRA,jira,project,2024-01_to_2024-04,2024-01,2024-04,Agroal,9,0,0.000000
JIRA,jira,project,2024-01_to_2024-04,2024-01,2024-04,Airavata,4,0,0.000000
JIRA,jira,project,2024-01_to_2024-04,2024-01,2024-04,Ambari,43,10,0.232558
JIRA,jira,project,2024-01_to_2024-04,2024-01,2024-04,Analytics,55,0,0.000000
JIRA,jira,project,2024-01_to_2024-04,2024-01,2024-04,Ansible Automation Platform RFEs,140,7,0.050000
JIRA,jira,project,2024-01_to_2024-04,2024-01,2024-04,Ansible Strategy,8,0,0.000000
JIRA,jira,project,2024-01_to_2024-04,2024-01,2024-04,Apache AsterixDB,57,1,0.017544
JIRA,jira,project,2024-01_to_2024-04,2024-01,2024-04,Apache Avro,60,17,0.283333
JIRA,jira,project,2024-01_to_2024-04,2024-01,2024-04,Apache Cassandra,338,123,0.363905
JIRA,jira,project,2024-01_to_2024-04,2024-01,2024-04,Apache Cassandra Analytics,2,0,0.000000
JIRA,jira,project,2024-01_to_2024-04,2024-01,2024-04,Apache Cassandra Java driver,16,5,0.312500
JIRA,jira,project,2024-01_to_2024-04,2024-01,2024-04,Apache Celeborn,202,9,0.044554
JIRA,jira,project,2024-01_to_2024-04,2024-01,2024-04,Apache Commons All,1,0,0.000000
JIRA,jira,project,2024-01_to_2024-04,2024-01,2024-04,Apache Curator,8,0,0.000000
JIRA,jira,project,2024-01_to_2024-04,2024-01,2024-04,Apache Doris,1,0,0.000000
JIRA,jira,project,2024-01_to_2024-04,2024-01,2024-04,Apache Drill,24,12,0.500000
JIRA,jira,project,2024-01_to_2024-04,2024-01,2024-04,Apache Dubbo,4,0,0.000000
JIRA,jira,project,2024-01_to_2024-04,2024-01,2024-04,Apache Fineract,44,4,0.090909
JIRA,jira,project,2024-01_to_2024-04,2024-01,2024-04,Apache Freemarker,1,0,0.000000
JIRA,jira,project,2024-01_to_2024-04,2024-01,2024-04,Apache Gluten (incubating),1,0,0.000000
JIRA,jira,project,2024-01_to_2024-04,2024-01,2024-04,Apache Gobblin,80,6,0.075000
JIRA,jira,project,2024-01_to_2024-04,2024-01,2024-04,Apache Gora (Retired),1,0,0.000000
JIRA,jira,project,2024-01_to_2024-04,2024-01,2024-04,Apache Hudi,424,53,0.125000
JIRA,jira,project,2024-01_to_2024-04,2024-01,2024-04,Apache InLong,1,0,0.000000
JIRA,jira,project,2024-01_to_2024-04,2024-01,2024-04,Apache IoTDB,41,0,0.000000
JIRA,jira,project,2024-01_to_2024-04,2024-01,2024-04,Apache Jena,1,0,0.000000
JIRA,jira,project,2024-01_to_2024-04,2024-01,2024-04,Apache Knox,35,7,0.200000
JIRA,jira,project,2024-01_to_2024-04,2024-01,2024-04,Apache MADlib,3,2,0.666667
JIRA,jira,project,2024-01_to_2024-04,2024-01,2024-04,Apache NiFi,562,54,0.096085
JIRA,jira,project,2024-01_to_2024-04,2024-01,2024-04,Apache NiFi MiNiFi C++,80,10,0.125000
JIRA,jira,project,2024-01_to_2024-04,2024-01,2024-04,Apache NuttX,3,0,0.000000
JIRA,jira,project,2024-01_to_2024-04,2024-01,2024-04,Apache Ozone,742,157,0.211590
JIRA,jira,project,2024-01_to_2024-04,2024-01,2024-04,Apache PLC4X,1,0,0.000000
JIRA,jira,project,2024-01_to_2024-04,2024-01,2024-04,Apache Pinot,1,0,0.000000
JIRA,jira,project,2024-01_to_2024-04,2024-01,2024-04,Apache RAT,29,7,0.241379
JIRA,jira,project,2024-01_to_2024-04,2024-01,2024-04,Apache Science Data Analytics Platform,9,0,0.000000
JIRA,jira,project,2024-01_to_2024-04,2024-01,2024-04,Apache Sedona,94,9,0.095745
JIRA,jira,project,2024-01_to_2024-04,2024-01,2024-04,Apache ServiceComb,26,1,0.038462
JIRA,jira,project,2024-01_to_2024-04,2024-01,2024-04,Apache Storm,39,4,0.102564
JIRA,jira,project,2024-01_to_2024-04,2024-01,2024-04,Apache Submarine,2,0,0.000000
JIRA,jira,project,2024-01_to_2024-04,2024-01,2024-04,Apache Tentacles,3,1,0.333333
JIRA,jira,project,2024-01_to_2024-04,2024-01,2024-04,Apache Tez,29,4,0.137931
JIRA,jira,project,2024-01_to_2024-04,2024-01,2024-04,Apache Unomi,10,1,0.100000
JIRA,jira,project,2024-01_to_2024-04,2024-01,2024-04,Apache Wayang,1,0,0.000000
JIRA,jira,project,2024-01_to_2024-04,2024-01,2024-04,Apache Whisker,4,1,0.250000
JIRA,jira,project,2024-01_to_2024-04,2024-01,2024-04,Apache YuniKorn,297,34,0.114478
JIRA,jira,project,2024-01_to_2024-04,2024-01,2024-04,Application Links,2,0,0.000000
JIRA,jira,project,2024-01_to_2024-04,2024-01,2024-04,Aries,1,0,0.000000
JIRA,jira,project,2024-01_to_2024-04,2024-01,2024-04,Arquillian,3,1,0.333333
JIRA,jira,project,2024-01_to_2024-04,2024-01,2024-04,Artemis,199,19,0.095477
JIRA,jira,project,2024-01_to_2024-04,2024-01,2024-04,Atlas,47,5,0.106383
JIRA,jira,project,2024-01_to_2024-04,2024-01,2024-04,Atlas SQL,6,0,0.000000
JIRA,jira,project,2024-01_to_2024-04,2024-01,2024-04,Atlassian Cache,1,0,0.000000
JIRA,jira,project,2024-01_to_2024-04,2024-01,2024-04,Atlassian Cloud,85,5,0.058824
JIRA,jira,project,2024-01_to_2024-04,2024-01,2024-04,Atlassian Connect JavaScript API,1,0,0.000000
JIRA,jira,project,2024-01_to_2024-04,2024-01,2024-04,Atlassian Connect Spring Boot,4,1,0.250000
JIRA,jira,project,2024-01_to_2024-04,2024-01,2024-04,Atlassian Connect in Jira Cloud,2,0,0.000000
JIRA,jira,project,2024-01_to_2024-04,2024-01,2024-04,Atlassian Ecosystem,77,6,0.077922
JIRA,jira,project,2024-01_to_2024-04,2024-01,2024-04,Atlassian Guard,60,3,0.050000
JIRA,jira,project,2024-01_to_2024-04,2024-01,2024-04,Atlassian Intelligence,36,3,0.083333
JIRA,jira,project,2024-01_to_2024-04,2024-01,2024-04,Atlassian Internationalization,41,0,0.000000
JIRA,jira,project,2024-01_to_2024-04,2024-01,2024-04,Atlassian Marketplace,34,2,0.058824
JIRA,jira,project,2024-01_to_2024-04,2024-01,2024-04,Atlassian Maven Plugin Suite,26,0,0.000000
JIRA,jira,project,2024-01_to_2024-04,2024-01,2024-04,Atlassian OAuth 2.0,2,0,0.000000
JIRA,jira,project,2024-01_to_2024-04,2024-01,2024-04,Atlassian Plugin SDK,2,2,1.000000
JIRA,jira,project,2024-01_to_2024-04,2024-01,2024-04,Atlassian Plugin Webfragment,1,0,0.000000
JIRA,jira,project,2024-01_to_2024-04,2024-01,2024-04,Atlassian Plugins,2,0,0.000000
JIRA,jira,project,2024-01_to_2024-04,2024-01,2024-04,Atlassian Plugins Webresources,8,0,0.000000
JIRA,jira,project,2024-01_to_2024-04,2024-01,2024-04,Atlassian Product Integrations,14,0,0.000000
JIRA,jira,project,2024-01_to_2024-04,2024-01,2024-04,Atlassian REST,31,4,0.129032
JIRA,jira,project,2024-01_to_2024-04,2024-01,2024-04,Atlassian Reference Application,1,0,0.000000
JIRA,jira,project,2024-01_to_2024-04,2024-01,2024-04,Atlassian Soy Templates,1,0,0.000000
JIRA,jira,project,2024-01_to_2024-04,2024-01,2024-04,Atlassian Troubleshooting & Support Tools Plugin,8,1,0.125000
JIRA,jira,project,2024-01_to_2024-04,2024-01,2024-04,Atlassian User Interface,1,0,0.000000
JIRA,jira,project,2024-01_to_2024-04,2024-01,2024-04,Atlassian WebHooks Plugin,1,0,0.000000
JIRA,jira,project,2024-01_to_2024-04,2024-01,2024-04,Attic,2,0,0.000000
JIRA,jira,project,2024-01_to_2024-04,2024-01,2024-04,Automation for Cloud,132,8,0.060606
JIRA,jira,project,2024-01_to_2024-04,2024-01,2024-04,Automation for Jira Server,41,4,0.097561
JIRA,jira,project,2024-01_to_2024-04,2024-01,2024-04,Axis2,3,2,0.666667
JIRA,jira,project,2024-01_to_2024-04,2024-01,2024-04,BVal,1,1,1.000000
JIRA,jira,project,2024-01_to_2024-04,2024-01,2024-04,Bamboo Data Center,117,31,0.264957
JIRA,jira,project,2024-01_to_2024-04,2024-01,2024-04,BatchEE,31,0,0.000000
JIRA,jira,project,2024-01_to_2024-04,2024-01,2024-04,Batik,3,2,0.666667
JIRA,jira,project,2024-01_to_2024-04,2024-01,2024-04,Bigtop,46,13,0.282609
JIRA,jira,project,2024-01_to_2024-04,2024-01,2024-04,Bitbucket Cloud,179,13,0.072626
JIRA,jira,project,2024-01_to_2024-04,2024-01,2024-04,Bitbucket Data Center,216,22,0.101852
JIRA,jira,project,2024-01_to_2024-04,2024-01,2024-04,Brooklyn,3,2,0.666667
JIRA,jira,project,2024-01_to_2024-04,2024-01,2024-04,Byteman,2,0,0.000000
JIRA,jira,project,2024-01_to_2024-04,2024-01,2024-04,C Driver,94,8,0.085106
JIRA,jira,project,2024-01_to_2024-04,2024-01,2024-04,C# Driver,156,17,0.108974
JIRA,jira,project,2024-01_to_2024-04,2024-01,2024-04,C++ Driver,84,0,0.000000
JIRA,jira,project,2024-01_to_2024-04,2024-01,2024-04,CCS documentation feedback,2,0,0.000000
JIRA,jira,project,2024-01_to_2024-04,2024-01,2024-04,CPE Infrastructure,478,61,0.127615
JIRA,jira,project,2024-01_to_2024-04,2024-01,2024-04,CXF,39,15,0.384615
JIRA,jira,project,2024-01_to_2024-04,2024-01,2024-04,Calcite,210,49,0.233333
JIRA,jira,project,2024-01_to_2024-04,2024-01,2024-04,Camel,596,82,0.137584
JIRA,jira,project,2024-01_to_2024-04,2024-01,2024-04,Candlepin,1,0,0.000000
JIRA,jira,project,2024-01_to_2024-04,2024-01,2024-04,CarbonData,1,0,0.000000
JIRA,jira,project,2024-01_to_2024-04,2024-01,2024-04,Causeway,64,3,0.046875
JIRA,jira,project,2024-01_to_2024-04,2024-01,2024-04,Cayenne,18,4,0.222222
JIRA,jira,project,2024-01_to_2024-04,2024-01,2024-04,CentOS Stream Pipeline,115,26,0.226087
JIRA,jira,project,2024-01_to_2024-04,2024-01,2024-04,Cert Manager support for Red Hat OpenShift,27,0,0.000000
JIRA,jira,project,2024-01_to_2024-04,2024-01,2024-04,Certification Partner Experience Public,18,0,0.000000
JIRA,jira,project,2024-01_to_2024-04,2024-01,2024-04,Clair,22,1,0.045455
JIRA,jira,project,2024-01_to_2024-04,2024-01,2024-04,Client,2,0,0.000000
JIRA,jira,project,2024-01_to_2024-04,2024-01,2024-04,Cloud Enablement,12,0,0.000000
JIRA,jira,project,2024-01_to_2024-04,2024-01,2024-04,Cloud Infrastructure Security & Compliance,143,13,0.090909
JIRA,jira,project,2024-01_to_2024-04,2024-01,2024-04,Cloud Native Runtimes (CNR) Documentation,1,0,0.000000
JIRA,jira,project,2024-01_to_2024-04,2024-01,2024-04,Cluster Integration and Delivery,90,1,0.011111
JIRA,jira,project,2024-01_to_2024-04,2024-01,2024-04,Cluster Observability Operator,127,24,0.188976
JIRA,jira,project,2024-01_to_2024-04,2024-01,2024-04,Cockpit,27,2,0.074074
JIRA,jira,project,2024-01_to_2024-04,2024-01,2024-04,Coin,27,6,0.222222
JIRA,jira,project,2024-01_to_2024-04,2024-01,2024-04,Comdev GSOC,20,0,0.000000
JIRA,jira,project,2024-01_to_2024-04,2024-01,2024-04,Commerce,10,0,0.000000
JIRA,jira,project,2024-01_to_2024-04,2024-01,2024-04,Commons BCEL,2,0,0.000000
JIRA,jira,project,2024-01_to_2024-04,2024-01,2024-04,Commons BeanUtils,1,0,0.000000
JIRA,jira,project,2024-01_to_2024-04,2024-01,2024-04,Commons CLI,9,1,0.111111
JIRA,jira,project,2024-01_to_2024-04,2024-01,2024-04,Commons CSV,2,2,1.000000
JIRA,jira,project,2024-01_to_2024-04,2024-01,2024-04,Commons Codec,7,1,0.142857
JIRA,jira,project,2024-01_to_2024-04,2024-01,2024-04,Commons Collections,3,0,0.000000
JIRA,jira,project,2024-01_to_2024-04,2024-01,2024-04,Commons Compress,23,6,0.260870
JIRA,jira,project,2024-01_to_2024-04,2024-01,2024-04,Commons Configuration,7,3,0.428571
JIRA,jira,project,2024-01_to_2024-04,2024-01,2024-04,Commons Crypto,1,0,0.000000
JIRA,jira,project,2024-01_to_2024-04,2024-01,2024-04,Commons DBCP,3,1,0.333333
JIRA,jira,project,2024-01_to_2024-04,2024-01,2024-04,Commons Daemon,1,0,0.000000
JIRA,jira,project,2024-01_to_2024-04,2024-01,2024-04,Commons DbUtils,1,1,1.000000
JIRA,jira,project,2024-01_to_2024-04,2024-01,2024-04,Commons Email,1,0,0.000000
JIRA,jira,project,2024-01_to_2024-04,2024-01,2024-04,Commons Exec,1,1,1.000000
JIRA,jira,project,2024-01_to_2024-04,2024-01,2024-04,Commons Geometry,1,0,0.000000
JIRA,jira,project,2024-01_to_2024-04,2024-01,2024-04,Commons IO,20,0,0.000000
JIRA,jira,project,2024-01_to_2024-04,2024-01,2024-04,Commons Imaging,3,1,0.333333
JIRA,jira,project,2024-01_to_2024-04,2024-01,2024-04,Commons JEXL,3,1,0.333333
JIRA,jira,project,2024-01_to_2024-04,2024-01,2024-04,Commons JXPath,1,0,0.000000
JIRA,jira,project,2024-01_to_2024-04,2024-01,2024-04,Commons Lang,7,0,0.000000
JIRA,jira,project,2024-01_to_2024-04,2024-01,2024-04,Commons Logging,2,0,0.000000
JIRA,jira,project,2024-01_to_2024-04,2024-01,2024-04,Commons Math,1,0,0.000000
JIRA,jira,project,2024-01_to_2024-04,2024-01,2024-04,Commons Net,4,0,0.000000
JIRA,jira,project,2024-01_to_2024-04,2024-01,2024-04,Commons RNG,1,1,1.000000
JIRA,jira,project,2024-01_to_2024-04,2024-01,2024-04,Commons Statistics,1,0,0.000000
JIRA,jira,project,2024-01_to_2024-04,2024-01,2024-04,Commons Text,2,1,0.500000
JIRA,jira,project,2024-01_to_2024-04,2024-01,2024-04,Commons Validator,1,0,0.000000
JIRA,jira,project,2024-01_to_2024-04,2024-01,2024-04,Community Development,5,0,0.000000
JIRA,jira,project,2024-01_to_2024-04,2024-01,2024-04,Compass,298,16,0.053691
JIRA,jira,project,2024-01_to_2024-04,2024-01,2024-04,Confluence Cloud,930,81,0.087097
JIRA,jira,project,2024-01_to_2024-04,2024-01,2024-04,Confluence Data Center,344,46,0.133721
JIRA,jira,project,2024-01_to_2024-04,2024-01,2024-04,Container Tools,84,5,0.059524
JIRA,jira,project,2024-01_to_2024-04,2024-01,2024-04,Content Gateway,18,2,0.111111
JIRA,jira,project,2024-01_to_2024-04,2024-01,2024-04,Contrib: Clog,1,1,1.000000
JIRA,jira,project,2024-01_to_2024-04,2024-01,2024-04,Core Server,5096,584,0.114600
JIRA,jira,project,2024-01_to_2024-04,2024-01,2024-04,CoreOS OCP,181,2,0.011050
JIRA,jira,project,2024-01_to_2024-04,2024-01,2024-04,Cost Management,18,0,0.000000
JIRA,jira,project,2024-01_to_2024-04,2024-01,2024-04,Crowd Data Center,45,2,0.044444
JIRA,jira,project,2024-01_to_2024-04,2024-01,2024-04,Crucible,20,0,0.000000
JIRA,jira,project,2024-01_to_2024-04,2024-01,2024-04,Daffodil,27,10,0.370370
JIRA,jira,project,2024-01_to_2024-04,2024-01,2024-04,Data Foundation Bugs,87,22,0.252874
JIRA,jira,project,2024-01_to_2024-04,2024-01,2024-04,DataFu,3,0,0.000000
JIRA,jira,project,2024-01_to_2024-04,2024-01,2024-04,Debezium,457,136,0.297593
JIRA,jira,project,2024-01_to_2024-04,2024-01,2024-04,Derby (Retired),3,1,0.333333
JIRA,jira,project,2024-01_to_2024-04,2024-01,2024-04,Directory ApacheDS,14,3,0.214286
JIRA,jira,project,2024-01_to_2024-04,2024-01,2024-04,Directory Client API,3,1,0.333333
JIRA,jira,project,2024-01_to_2024-04,2024-01,2024-04,Directory Studio,27,2,0.074074
JIRA,jira,project,2024-01_to_2024-04,2024-01,2024-04,Distributed Tracing,267,15,0.056180
JIRA,jira,project,2024-01_to_2024-04,2024-01,2024-04,Docs for Red Hat Developers,109,1,0.009174
JIRA,jira,project,2024-01_to_2024-04,2024-01,2024-04,Drivers,76,7,0.092105
JIRA,jira,project,2024-01_to_2024-04,2024-01,2024-04,Drools,19,6,0.315789
JIRA,jira,project,2024-01_to_2024-04,2024-01,2024-04,EAP Documentation,92,4,0.043478
JIRA,jira,project,2024-01_to_2024-04,2024-01,2024-04,EJB Client Library (AS7+),2,0,0.000000
JIRA,jira,project,2024-01_to_2024-04,2024-01,2024-04,ENTSBT,30,0,0.000000
JIRA,jira,project,2024-01_to_2024-04,2024-01,2024-04,Elytron Web,17,0,0.000000
JIRA,jira,project,2024-01_to_2024-04,2024-01,2024-04,Empire,10,0,0.000000
JIRA,jira,project,2024-01_to_2024-04,2024-01,2024-04,Entity Framework,24,11,0.458333
JIRA,jira,project,2024-01_to_2024-04,2024-01,2024-04,FOP,13,1,0.076923
JIRA,jira,project,2024-01_to_2024-04,2024-01,2024-04,Fast Datapath Product,275,95,0.345455
JIRA,jira,project,2024-01_to_2024-04,2024-01,2024-04,Fedora,107,43,0.401869
JIRA,jira,project,2024-01_to_2024-04,2024-01,2024-04,Felix,23,4,0.173913
JIRA,jira,project,2024-01_to_2024-04,2024-01,2024-04,FishEye,25,1,0.040000
JIRA,jira,project,2024-01_to_2024-04,2024-01,2024-04,FlightPath,461,57,0.123644
JIRA,jira,project,2024-01_to_2024-04,2024-01,2024-04,Flink,1312,290,0.221037
JIRA,jira,project,2024-01_to_2024-04,2024-01,2024-04,Flume,1,0,0.000000
JIRA,jira,project,2024-01_to_2024-04,2024-01,2024-04,Forge,48,11,0.229167
JIRA,jira,project,2024-01_to_2024-04,2024-01,2024-04,Geode,2,0,0.000000
JIRA,jira,project,2024-01_to_2024-04,2024-01,2024-04,Go Driver,116,18,0.155172
JIRA,jira,project,2024-01_to_2024-04,2024-01,2024-04,Griffin (Retired),1,0,0.000000
JIRA,jira,project,2024-01_to_2024-04,2024-01,2024-04,Groovy,102,28,0.274510
JIRA,jira,project,2024-01_to_2024-04,2024-01,2024-04,Guacamole,47,14,0.297872
JIRA,jira,project,2024-01_to_2024-04,2024-01,2024-04,HAL,16,1,0.062500
JIRA,jira,project,2024-01_to_2024-04,2024-01,2024-04,HBase,270,79,0.292593
JIRA,jira,project,2024-01_to_2024-04,2024-01,2024-04,HMS ,1,0,0.000000
JIRA,jira,project,2024-01_to_2024-04,2024-01,2024-04,Hadoop Common,137,103,0.751825
JIRA,jira,project,2024-01_to_2024-04,2024-01,2024-04,Hadoop HDFS,189,135,0.714286
JIRA,jira,project,2024-01_to_2024-04,2024-01,2024-04,Hadoop Map/Reduce,8,8,1.000000
JIRA,jira,project,2024-01_to_2024-04,2024-01,2024-04,Hadoop YARN,55,40,0.727273
JIRA,jira,project,2024-01_to_2024-04,2024-01,2024-04,Hawkular,1,0,0.000000
JIRA,jira,project,2024-01_to_2024-04,2024-01,2024-04,HawtIO,40,3,0.075000
JIRA,jira,project,2024-01_to_2024-04,2024-01,2024-04,Hive,269,71,0.263941
JIRA,jira,project,2024-01_to_2024-04,2024-01,2024-04,HttpComponents HttpAsyncClient,1,1,1.000000
JIRA,jira,project,2024-01_to_2024-04,2024-01,2024-04,HttpComponents HttpClient,13,6,0.461538
JIRA,jira,project,2024-01_to_2024-04,2024-01,2024-04,HttpComponents HttpCore,3,1,0.333333
JIRA,jira,project,2024-01_to_2024-04,2024-01,2024-04,Hybrid Cloud Console,995,25,0.025126
JIRA,jira,project,2024-01_to_2024-04,2024-01,2024-04,Hybrid Cloud Console Docs Feedback,2,1,0.500000
JIRA,jira,project,2024-01_to_2024-04,2024-01,2024-04,Hybrid Cloud Infrastructure Documentation,127,1,0.007874
JIRA,jira,project,2024-01_to_2024-04,2024-01,2024-04,IMPALA,384,115,0.299479
JIRA,jira,project,2024-01_to_2024-04,2024-01,2024-04,Identity,44,3,0.068182
JIRA,jira,project,2024-01_to_2024-04,2024-01,2024-04,Ignite,969,181,0.186791
JIRA,jira,project,2024-01_to_2024-04,2024-01,2024-04,Incubator,2,0,0.000000
JIRA,jira,project,2024-01_to_2024-04,2024-01,2024-04,Insights Experiences,418,23,0.055024
JIRA,jira,project,2024-01_to_2024-04,2024-01,2024-04,Insights Rule Analysis Tool,6,1,0.166667
JIRA,jira,project,2024-01_to_2024-04,2024-01,2024-04,Intel IPU Collaboration,2,0,0.000000
JIRA,jira,project,2024-01_to_2024-04,2024-01,2024-04,IronJacamar,9,1,0.111111
JIRA,jira,project,2024-01_to_2024-04,2024-01,2024-04,Ivy,3,2,0.666667
JIRA,jira,project,2024-01_to_2024-04,2024-01,2024-04,JBeret,8,1,0.125000
JIRA,jira,project,2024-01_to_2024-04,2024-01,2024-04,JBoss Core Services,9,0,0.000000
JIRA,jira,project,2024-01_to_2024-04,2024-01,2024-04,JBoss Enterprise Application Platform,343,69,0.201166
JIRA,jira,project,2024-01_to_2024-04,2024-01,2024-04,JBoss Enterprise Spec APIs,3,0,0.000000
JIRA,jira,project,2024-01_to_2024-04,2024-01,2024-04,JBoss Log Manager,8,1,0.125000
JIRA,jira,project,2024-01_to_2024-04,2024-01,2024-04,JBoss Logging,2,0,0.000000
JIRA,jira,project,2024-01_to_2024-04,2024-01,2024-04,JBoss Marshalling,2,0,0.000000
JIRA,jira,project,2024-01_to_2024-04,2024-01,2024-04,JBoss Metadata,1,1,1.000000
JIRA,jira,project,2024-01_to_2024-04,2024-01,2024-04,JBoss Remoting (3+),6,0,0.000000
JIRA,jira,project,2024-01_to_2024-04,2024-01,2024-04,JBoss Server Migration Tool,8,2,0.250000
JIRA,jira,project,2024-01_to_2024-04,2024-01,2024-04,JBoss Transaction Manager,54,8,0.148148
JIRA,jira,project,2024-01_to_2024-04,2024-01,2024-04,JBoss VFS,3,0,0.000000
JIRA,jira,project,2024-01_to_2024-04,2024-01,2024-04,JBoss Web Server,18,1,0.055556
JIRA,jira,project,2024-01_to_2024-04,2024-01,2024-04,JBoss Web Services,9,2,0.222222
JIRA,jira,project,2024-01_to_2024-04,2024-01,2024-04,JDO,6,1,0.166667
JIRA,jira,project,2024-01_to_2024-04,2024-01,2024-04,JGroups,51,13,0.254902
JIRA,jira,project,2024-01_to_2024-04,2024-01,2024-04,JSPWiki,9,1,0.111111
JIRA,jira,project,2024-01_to_2024-04,2024-01,2024-04,Jackrabbit Content Repository,38,1,0.026316
JIRA,jira,project,2024-01_to_2024-04,2024-01,2024-04,Jackrabbit FileVault,13,3,0.230769
JIRA,jira,project,2024-01_to_2024-04,2024-01,2024-04,Jackrabbit Oak,188,21,0.111702
JIRA,jira,project,2024-01_to_2024-04,2024-01,2024-04,Jackrabbit Site,3,0,0.000000
JIRA,jira,project,2024-01_to_2024-04,2024-01,2024-04,James Mime4j,4,1,0.250000
JIRA,jira,project,2024-01_to_2024-04,2024-01,2024-04,James Server,64,14,0.218750
JIRA,jira,project,2024-01_to_2024-04,2024-01,2024-04,Java Driver,148,22,0.148649
JIRA,jira,project,2024-01_to_2024-04,2024-01,2024-04,Java Integrations & Frameworks,1,0,0.000000
JIRA,jira,project,2024-01_to_2024-04,2024-01,2024-04,Jira Admin Support,4,0,0.000000
JIRA,jira,project,2024-01_to_2024-04,2024-01,2024-04,Jira Align,595,14,0.023529
JIRA,jira,project,2024-01_to_2024-04,2024-01,2024-04,Jira Cloud,39,1,0.025641
JIRA,jira,project,2024-01_to_2024-04,2024-01,2024-04,Jira Data Center,452,45,0.099558
JIRA,jira,project,2024-01_to_2024-04,2024-01,2024-04,Jira Performance Testing Tools,10,1,0.100000
JIRA,jira,project,2024-01_to_2024-04,2024-01,2024-04,Jira Platform Cloud,1241,52,0.041902
JIRA,jira,project,2024-01_to_2024-04,2024-01,2024-04,Jira Service Management Cloud,485,24,0.049485
JIRA,jira,project,2024-01_to_2024-04,2024-01,2024-04,Jira Service Management Data Center,201,32,0.159204
JIRA,jira,project,2024-01_to_2024-04,2024-01,2024-04,Jira Software Data Center,414,12,0.028986
JIRA,jira,project,2024-01_to_2024-04,2024-01,2024-04,Jira Work Management Cloud,77,0,0.000000
JIRA,jira,project,2024-01_to_2024-04,2024-01,2024-04,Johnzon,4,2,0.500000
JIRA,jira,project,2024-01_to_2024-04,2024-01,2024-04,Juneau,1,0,0.000000
JIRA,jira,project,2024-01_to_2024-04,2024-01,2024-04,Kafka,578,164,0.283737
JIRA,jira,project,2024-01_to_2024-04,2024-01,2024-04,Kafka Connector,13,3,0.230769
JIRA,jira,project,2024-01_to_2024-04,2024-01,2024-04,Karaf,32,6,0.187500
JIRA,jira,project,2024-01_to_2024-04,2024-01,2024-04,Knative Serving,40,0,0.000000
JIRA,jira,project,2024-01_to_2024-04,2024-01,2024-04,Kogito,80,3,0.037500
JIRA,jira,project,2024-01_to_2024-04,2024-01,2024-04,Konflux UI,5,0,0.000000
JIRA,jira,project,2024-01_to_2024-04,2024-01,2024-04,Kudu,33,12,0.363636
JIRA,jira,project,2024-01_to_2024-04,2024-01,2024-04,Kylin,99,4,0.040404
JIRA,jira,project,2024-01_to_2024-04,2024-01,2024-04,Legal Discuss,13,0,0.000000
JIRA,jira,project,2024-01_to_2024-04,2024-01,2024-04,Libmongocrypt,29,3,0.103448
JIRA,jira,project,2024-01_to_2024-04,2024-01,2024-04,Livy,5,1,0.200000
JIRA,jira,project,2024-01_to_2024-04,2024-01,2024-04,Log4j 2,6,1,0.166667
JIRA,jira,project,2024-01_to_2024-04,2024-01,2024-04,Log4net,1,0,0.000000
JIRA,jira,project,2024-01_to_2024-04,2024-01,2024-04,Lucene4c,1,1,1.000000
JIRA,jira,project,2024-01_to_2024-04,2024-01,2024-04,MINA,1,0,0.000000
JIRA,jira,project,2024-01_to_2024-04,2024-01,2024-04,MINA SSHD,3,1,0.333333
JIRA,jira,project,2024-01_to_2024-04,2024-01,2024-04,Machine Config Operator,164,1,0.006098
JIRA,jira,project,2024-01_to_2024-04,2024-01,2024-04,Mahout,39,0,0.000000
JIRA,jira,project,2024-01_to_2024-04,2024-01,2024-04,Managed Service ,29,1,0.034483
JIRA,jira,project,2024-01_to_2024-04,2024-01,2024-04,ManifoldCF,4,1,0.250000
JIRA,jira,project,2024-01_to_2024-04,2024-01,2024-04,MariaDB ColumnStore,102,37,0.362745
JIRA,jira,project,2024-01_to_2024-04,2024-01,2024-04,MariaDB Connector/C,14,3,0.214286
JIRA,jira,project,2024-01_to_2024-04,2024-01,2024-04,MariaDB Connector/C++,13,1,0.076923
JIRA,jira,project,2024-01_to_2024-04,2024-01,2024-04,MariaDB Connector/J,32,9,0.281250
JIRA,jira,project,2024-01_to_2024-04,2024-01,2024-04,MariaDB Connector/ODBC,11,1,0.090909
JIRA,jira,project,2024-01_to_2024-04,2024-01,2024-04,MariaDB Connector/Python,6,1,0.166667
JIRA,jira,project,2024-01_to_2024-04,2024-01,2024-04,MariaDB Connector/R2DBC,5,0,0.000000
JIRA,jira,project,2024-01_to_2024-04,2024-01,2024-04,MariaDB Connector/node.js,13,3,0.230769
JIRA,jira,project,2024-01_to_2024-04,2024-01,2024-04,MariaDB Foundation Development,55,8,0.145455
JIRA,jira,project,2024-01_to_2024-04,2024-01,2024-04,MariaDB MaxScale,175,28,0.160000
JIRA,jira,project,2024-01_to_2024-04,2024-01,2024-04,MariaDB Server,878,498,0.567198
JIRA,jira,project,2024-01_to_2024-04,2024-01,2024-04,Marvell DPU Collaboration,53,0,0.000000
JIRA,jira,project,2024-01_to_2024-04,2024-01,2024-04,Maven (Moved to GitHub Issues),116,26,0.224138
JIRA,jira,project,2024-01_to_2024-04,2024-01,2024-04,Maven Antrun Plugin (Moved to GitHub Issues),1,0,0.000000
JIRA,jira,project,2024-01_to_2024-04,2024-01,2024-04,Maven Archetype (Moved to GitHub Issues),5,2,0.400000
JIRA,jira,project,2024-01_to_2024-04,2024-01,2024-04,Maven Archetype Bundles (Moved to GitHub Issues),2,0,0.000000
JIRA,jira,project,2024-01_to_2024-04,2024-01,2024-04,Maven Artifact Plugin (Moved to GitHub Issues),8,3,0.375000
JIRA,jira,project,2024-01_to_2024-04,2024-01,2024-04,Maven Assembly Plugin (Moved to GitHub Issues),14,4,0.285714
JIRA,jira,project,2024-01_to_2024-04,2024-01,2024-04,Maven Build Cache Extension (Moved to GitHub Issues),17,4,0.235294
JIRA,jira,project,2024-01_to_2024-04,2024-01,2024-04,Maven Changes Plugin (Moved to GitHub Issues),2,0,0.000000
JIRA,jira,project,2024-01_to_2024-04,2024-01,2024-04,Maven Checkstyle Plugin (Moved to GitHub Issues),3,0,0.000000
JIRA,jira,project,2024-01_to_2024-04,2024-01,2024-04,Maven Clean Plugin (Moved to GitHub Issues),3,2,0.666667
JIRA,jira,project,2024-01_to_2024-04,2024-01,2024-04,Maven Compiler Plugin (Moved to GitHub Issues),18,4,0.222222
JIRA,jira,project,2024-01_to_2024-04,2024-01,2024-04,Maven DOAP Plugin (Moved to GitHub Issues),1,0,0.000000
JIRA,jira,project,2024-01_to_2024-04,2024-01,2024-04,Maven Dependency Plugin (Moved to GitHub Issues),24,7,0.291667
JIRA,jira,project,2024-01_to_2024-04,2024-01,2024-04,Maven Deploy Plugin (Moved to GitHub Issues),1,0,0.000000
JIRA,jira,project,2024-01_to_2024-04,2024-01,2024-04,Maven Doxia (Moved to GitHub Issues),13,1,0.076923
JIRA,jira,project,2024-01_to_2024-04,2024-01,2024-04,Maven Doxia Sitetools (Moved to GitHub Issues),15,3,0.200000
JIRA,jira,project,2024-01_to_2024-04,2024-01,2024-04,Maven Doxia Tools (Moved to GitHub Issues),3,0,0.000000
JIRA,jira,project,2024-01_to_2024-04,2024-01,2024-04,Maven Enforcer Plugin (Moved to GitHub Issues),7,0,0.000000
JIRA,jira,project,2024-01_to_2024-04,2024-01,2024-04,Maven GPG Plugin (Moved to GitHub Issues),26,6,0.230769
JIRA,jira,project,2024-01_to_2024-04,2024-01,2024-04,Maven Help Plugin (Moved to GitHub Issues),2,0,0.000000
JIRA,jira,project,2024-01_to_2024-04,2024-01,2024-04,Maven Indexer (Moved to GitHub Issues),7,0,0.000000
JIRA,jira,project,2024-01_to_2024-04,2024-01,2024-04,Maven Install Plugin (Moved to GitHub Issues),2,0,0.000000
JIRA,jira,project,2024-01_to_2024-04,2024-01,2024-04,Maven Invoker Plugin (Moved to GitHub Issues),10,0,0.000000
JIRA,jira,project,2024-01_to_2024-04,2024-01,2024-04,Maven JAR Plugin (Moved to GitHub Issues),8,1,0.125000
JIRA,jira,project,2024-01_to_2024-04,2024-01,2024-04,Maven JLink Plugin (Moved to GitHub Issues),6,2,0.333333
JIRA,jira,project,2024-01_to_2024-04,2024-01,2024-04,Maven JMod Plugin (Moved to GitHub Issues),6,0,0.000000
JIRA,jira,project,2024-01_to_2024-04,2024-01,2024-04,Maven JXR (Moved to GitHub Issues),1,0,0.000000
JIRA,jira,project,2024-01_to_2024-04,2024-01,2024-04,Maven Jar Signer Plugin (Moved to GitHub Issues),1,0,0.000000
JIRA,jira,project,2024-01_to_2024-04,2024-01,2024-04,Maven Javadoc Plugin (Moved to GitHub Issues),8,3,0.375000
JIRA,jira,project,2024-01_to_2024-04,2024-01,2024-04,Maven PMD Plugin (Moved to GitHub Issues),4,2,0.500000
JIRA,jira,project,2024-01_to_2024-04,2024-01,2024-04,Maven POMs (Moved to GitHub issues),33,0,0.000000
JIRA,jira,project,2024-01_to_2024-04,2024-01,2024-04,Maven Plugin Testing  (Moved to GitHub Issues),1,0,0.000000
JIRA,jira,project,2024-01_to_2024-04,2024-01,2024-04,Maven Plugin Tools (Moved to GitHub Issues),19,6,0.315789
JIRA,jira,project,2024-01_to_2024-04,2024-01,2024-04,Maven Project Info Reports Plugin (Moved to GitHub Issues),2,1,0.500000
JIRA,jira,project,2024-01_to_2024-04,2024-01,2024-04,Maven Project Web Site (Moved to GitHub Issues),6,0,0.000000
JIRA,jira,project,2024-01_to_2024-04,2024-01,2024-04,Maven RAR Plugin (Moved to GitHub Issues),5,0,0.000000
JIRA,jira,project,2024-01_to_2024-04,2024-01,2024-04,Maven Release Plugin (Moved to GitHub Issues),7,4,0.571429
JIRA,jira,project,2024-01_to_2024-04,2024-01,2024-04,Maven Remote Resources Plugin (Moved to GitHub Issues),3,0,0.000000
JIRA,jira,project,2024-01_to_2024-04,2024-01,2024-04,Maven Resolver (Moved to GitHub Issues),90,6,0.066667
JIRA,jira,project,2024-01_to_2024-04,2024-01,2024-04,Maven Resources Plugin (Moved to GitHub Issues),4,0,0.000000
JIRA,jira,project,2024-01_to_2024-04,2024-01,2024-04,Maven SCM (Moved to GitHub Issues),10,3,0.300000
JIRA,jira,project,2024-01_to_2024-04,2024-01,2024-04,Maven SCM Publish Plugin (Moved to GitHub Issues),6,0,0.000000
JIRA,jira,project,2024-01_to_2024-04,2024-01,2024-04,Maven Scripting (Moved to GitHub Issues),3,0,0.000000
JIRA,jira,project,2024-01_to_2024-04,2024-01,2024-04,Maven Shade Plugin (Moved to GitHub Issues),8,2,0.250000
JIRA,jira,project,2024-01_to_2024-04,2024-01,2024-04,Maven Shared Components,39,2,0.051282
JIRA,jira,project,2024-01_to_2024-04,2024-01,2024-04,Maven Site Plugin (Moved to GitHub Issues),5,1,0.200000
JIRA,jira,project,2024-01_to_2024-04,2024-01,2024-04,Maven Skins (Moved to GitHub Issues),5,0,0.000000
JIRA,jira,project,2024-01_to_2024-04,2024-01,2024-04,Maven Source Plugin (Moved to GitHub Issues),4,0,0.000000
JIRA,jira,project,2024-01_to_2024-04,2024-01,2024-04,Maven Surefire (Moved to GitHub Issues),17,6,0.352941
JIRA,jira,project,2024-01_to_2024-04,2024-01,2024-04,Maven Toolchains Plugin (Moved to GitHub Issues),7,3,0.428571
JIRA,jira,project,2024-01_to_2024-04,2024-01,2024-04,Maven WAR Plugin (Moved to GitHub Issues),1,0,0.000000
JIRA,jira,project,2024-01_to_2024-04,2024-01,2024-04,Maven Wagon (Moved to GitHub Issues),1,0,0.000000
JIRA,jira,project,2024-01_to_2024-04,2024-01,2024-04,Maven Wrapper (Moved to GitHub Issues),14,4,0.285714
JIRA,jira,project,2024-01_to_2024-04,2024-01,2024-04,Meecrowave,1,0,0.000000
JIRA,jira,project,2024-01_to_2024-04,2024-01,2024-04,MicroShift,442,21,0.047511
JIRA,jira,project,2024-01_to_2024-04,2024-01,2024-04,Migration Platform,159,35,0.220126
JIRA,jira,project,2024-01_to_2024-04,2024-01,2024-04,Migration Toolkit for Applications,644,53,0.082298
JIRA,jira,project,2024-01_to_2024-04,2024-01,2024-04,Migration Toolkit for Virtualization,209,23,0.110048
JIRA,jira,project,2024-01_to_2024-04,2024-01,2024-04,Mnemonic (Retired),15,0,0.000000
JIRA,jira,project,2024-01_to_2024-04,2024-01,2024-04,ModeShape,1,0,0.000000
JIRA,jira,project,2024-01_to_2024-04,2024-01,2024-04,Modular Service Container,2,0,0.000000
JIRA,jira,project,2024-01_to_2024-04,2024-01,2024-04,MongoDB Database Tools,45,1,0.022222
JIRA,jira,project,2024-01_to_2024-04,2024-01,2024-04,MongoDB Shell,64,9,0.140625
JIRA,jira,project,2024-01_to_2024-04,2024-01,2024-04,Mongoid,35,2,0.057143
JIRA,jira,project,2024-01_to_2024-04,2024-01,2024-04,Motor,80,11,0.137500
JIRA,jira,project,2024-01_to_2024-04,2024-01,2024-04,Multiple Architecture Enablement,193,9,0.046632
JIRA,jira,project,2024-01_to_2024-04,2024-01,2024-04,MyFaces Core,17,5,0.294118
JIRA,jira,project,2024-01_to_2024-04,2024-01,2024-04,MyFaces Tobago,34,2,0.058824
JIRA,jira,project,2024-01_to_2024-04,2024-01,2024-04,Network Edge,200,0,0.000000
JIRA,jira,project,2024-01_to_2024-04,2024-01,2024-04,Network Hardware Enablement,38,1,0.026316
JIRA,jira,project,2024-01_to_2024-04,2024-01,2024-04,Network Observability,161,20,0.124224
JIRA,jira,project,2024-01_to_2024-04,2024-01,2024-04,Node.js Driver,313,32,0.102236
JIRA,jira,project,2024-01_to_2024-04,2024-01,2024-04,Nutch,29,8,0.275862
JIRA,jira,project,2024-01_to_2024-04,2024-01,2024-04,OCMUI ,488,28,0.057377
JIRA,jira,project,2024-01_to_2024-04,2024-01,2024-04,OCP Technical Release Team,200,53,0.265000
JIRA,jira,project,2024-01_to_2024-04,2024-01,2024-04,ODATA,1,0,0.000000
JIRA,jira,project,2024-01_to_2024-04,2024-01,2024-04,OFBiz,199,52,0.261307
JIRA,jira,project,2024-01_to_2024-04,2024-01,2024-04,OPCT ,2,0,0.000000
JIRA,jira,project,2024-01_to_2024-04,2024-01,2024-04,ORC,142,3,0.021127
JIRA,jira,project,2024-01_to_2024-04,2024-01,2024-04,Observability Documentation,265,9,0.033962
JIRA,jira,project,2024-01_to_2024-04,2024-01,2024-04,Observability UI,83,0,0.000000
JIRA,jira,project,2024-01_to_2024-04,2024-01,2024-04,Observability and Data Analysis Program,98,0,0.000000
JIRA,jira,project,2024-01_to_2024-04,2024-01,2024-04,Olingo,6,3,0.500000
JIRA,jira,project,2024-01_to_2024-04,2024-01,2024-04,On Prem Networking,49,2,0.040816
JIRA,jira,project,2024-01_to_2024-04,2024-01,2024-04,Oozie (Retired),3,2,0.666667
JIRA,jira,project,2024-01_to_2024-04,2024-01,2024-04,OpenJDK,110,4,0.036364
JIRA,jira,project,2024-01_to_2024-04,2024-01,2024-04,OpenJPA,2,1,0.500000
JIRA,jira,project,2024-01_to_2024-04,2024-01,2024-04,OpenNLP,15,1,0.066667
JIRA,jira,project,2024-01_to_2024-04,2024-01,2024-04,OpenOffice,1,0,0.000000
JIRA,jira,project,2024-01_to_2024-04,2024-01,2024-04,OpenShift API Server,112,0,0.000000
JIRA,jira,project,2024-01_to_2024-04,2024-01,2024-04,OpenShift API for Data Protection,543,89,0.163904
JIRA,jira,project,2024-01_to_2024-04,2024-01,2024-04,OpenShift Application Platform Engineering,1,0,0.000000
JIRA,jira,project,2024-01_to_2024-04,2024-01,2024-04,OpenShift Authentication,35,2,0.057143
JIRA,jira,project,2024-01_to_2024-04,2024-01,2024-04,OpenShift Autoscaling,36,0,0.000000
JIRA,jira,project,2024-01_to_2024-04,2024-01,2024-04,OpenShift Bugs,3435,1350,0.393013
JIRA,jira,project,2024-01_to_2024-04,2024-01,2024-04,OpenShift BuildConfig,9,0,0.000000
JIRA,jira,project,2024-01_to_2024-04,2024-01,2024-04,OpenShift Builds,57,4,0.070175
JIRA,jira,project,2024-01_to_2024-04,2024-01,2024-04,OpenShift CFE,31,0,0.000000
JIRA,jira,project,2024-01_to_2024-04,2024-01,2024-04,OpenShift Cloud,173,32,0.184971
JIRA,jira,project,2024-01_to_2024-04,2024-01,2024-04,OpenShift Cloud Credential Operator,43,4,0.093023
JIRA,jira,project,2024-01_to_2024-04,2024-01,2024-04,OpenShift Console,132,0,0.000000
JIRA,jira,project,2024-01_to_2024-04,2024-01,2024-04,OpenShift Container Platform (OCP) Strategy,232,1,0.004310
JIRA,jira,project,2024-01_to_2024-04,2024-01,2024-04,OpenShift Core Networking,478,6,0.012552
JIRA,jira,project,2024-01_to_2024-04,2024-01,2024-04,OpenShift Edge,18,0,0.000000
JIRA,jira,project,2024-01_to_2024-04,2024-01,2024-04,OpenShift Etcd,81,0,0.000000
JIRA,jira,project,2024-01_to_2024-04,2024-01,2024-04,OpenShift GitOps,539,72,0.133581
JIRA,jira,project,2024-01_to_2024-04,2024-01,2024-04,OpenShift Hive,87,8,0.091954
JIRA,jira,project,2024-01_to_2024-04,2024-01,2024-04,OpenShift Hosted Control Plane,122,12,0.098361
JIRA,jira,project,2024-01_to_2024-04,2024-01,2024-04,OpenShift Image Registry,12,2,0.166667
JIRA,jira,project,2024-01_to_2024-04,2024-01,2024-04,OpenShift Installer,282,17,0.060284
JIRA,jira,project,2024-01_to_2024-04,2024-01,2024-04,OpenShift Jenkins,29,1,0.034483
JIRA,jira,project,2024-01_to_2024-04,2024-01,2024-04,OpenShift Logging,388,78,0.201031
JIRA,jira,project,2024-01_to_2024-04,2024-01,2024-04,OpenShift Migration Toolkit for Containers,28,5,0.178571
JIRA,jira,project,2024-01_to_2024-04,2024-01,2024-04,OpenShift Monitoring,154,5,0.032468
JIRA,jira,project,2024-01_to_2024-04,2024-01,2024-04,OpenShift Node,276,9,0.032609
JIRA,jira,project,2024-01_to_2024-04,2024-01,2024-04,OpenShift Over the Air,106,17,0.160377
JIRA,jira,project,2024-01_to_2024-04,2024-01,2024-04,OpenShift Pipelines,293,24,0.081911
JIRA,jira,project,2024-01_to_2024-04,2024-01,2024-04,OpenShift Pod Autoscaling,20,1,0.050000
JIRA,jira,project,2024-01_to_2024-04,2024-01,2024-04,OpenShift Request For Enhancement,361,11,0.030471
JIRA,jira,project,2024-01_to_2024-04,2024-01,2024-04,OpenShift Service Mesh,666,65,0.097598
JIRA,jira,project,2024-01_to_2024-04,2024-01,2024-04,OpenShift Specialist Platform Team,196,7,0.035714
JIRA,jira,project,2024-01_to_2024-04,2024-01,2024-04,OpenShift Storage,136,3,0.022059
JIRA,jira,project,2024-01_to_2024-04,2024-01,2024-04,OpenShift Top Level Product Strategy,2,0,0.000000
JIRA,jira,project,2024-01_to_2024-04,2024-01,2024-04,OpenShift UX Product Design,1,0,0.000000
JIRA,jira,project,2024-01_to_2024-04,2024-01,2024-04,OpenShift Virtualization,1634,136,0.083231
JIRA,jira,project,2024-01_to_2024-04,2024-01,2024-04,OpenShift Windows Containers,83,9,0.108434
JIRA,jira,project,2024-01_to_2024-04,2024-01,2024-04,OpenShift Workloads,168,4,0.023810
JIRA,jira,project,2024-01_to_2024-04,2024-01,2024-04,OpenStack Strategy,3,0,0.000000
JIRA,jira,project,2024-01_to_2024-04,2024-01,2024-04,OpenStack as Infra,100,5,0.050000
JIRA,jira,project,2024-01_to_2024-04,2024-01,2024-04,OpenWebBeans,3,2,0.666667
JIRA,jira,project,2024-01_to_2024-04,2024-01,2024-04,Openmeetings,4,0,0.000000
JIRA,jira,project,2024-01_to_2024-04,2024-01,2024-04,Openshift sandboxed containers,301,34,0.112957
JIRA,jira,project,2024-01_to_2024-04,2024-01,2024-04,Operator Ecosystem,66,1,0.015152
JIRA,jira,project,2024-01_to_2024-04,2024-01,2024-04,Operator Runtime,153,3,0.019608
JIRA,jira,project,2024-01_to_2024-04,2024-01,2024-04,Opsgenie,221,20,0.090498
JIRA,jira,project,2024-01_to_2024-04,2024-01,2024-04,Origin Community Distribution of Kubernetes,5,0,0.000000
JIRA,jira,project,2024-01_to_2024-04,2024-01,2024-04,PDFBox,63,24,0.380952
JIRA,jira,project,2024-01_to_2024-04,2024-01,2024-04,PHP Driver: Extension,31,1,0.032258
JIRA,jira,project,2024-01_to_2024-04,2024-01,2024-04,PHP Driver: Library,105,3,0.028571
JIRA,jira,project,2024-01_to_2024-04,2024-01,2024-04,PHP ORMs,45,4,0.088889
JIRA,jira,project,2024-01_to_2024-04,2024-01,2024-04,Parquet,47,7,0.148936
JIRA,jira,project,2024-01_to_2024-04,2024-01,2024-04,Performance and Scale for AI Platforms,106,2,0.018868
JIRA,jira,project,2024-01_to_2024-04,2024-01,2024-04,Phoenix,145,33,0.227586
JIRA,jira,project,2024-01_to_2024-04,2024-01,2024-04,Phoenix Omid,21,4,0.190476
JIRA,jira,project,2024-01_to_2024-04,2024-01,2024-04,Pig,10,7,0.700000
JIRA,jira,project,2024-01_to_2024-04,2024-01,2024-04,Podling Suitable Names Search,2,0,0.000000
JIRA,jira,project,2024-01_to_2024-04,2024-01,2024-04,Product Technical Learning,562,32,0.056940
JIRA,jira,project,2024-01_to_2024-04,2024-01,2024-04,Proforma Server & Data Centre,10,3,0.300000
JIRA,jira,project,2024-01_to_2024-04,2024-01,2024-04,Project Quay,305,54,0.177049
JIRA,jira,project,2024-01_to_2024-04,2024-01,2024-04,PyLucene,1,0,0.000000
JIRA,jira,project,2024-01_to_2024-04,2024-01,2024-04,Python Driver,243,66,0.271605
JIRA,jira,project,2024-01_to_2024-04,2024-01,2024-04,Python Integrations,66,3,0.045455
JIRA,jira,project,2024-01_to_2024-04,2024-01,2024-04,"Qbs (""Cubes"")",17,9,0.529412
JIRA,jira,project,2024-01_to_2024-04,2024-01,2024-04,Qpid,7,1,0.142857
JIRA,jira,project,2024-01_to_2024-04,2024-01,2024-04,Qpid Dispatch,1,1,1.000000
JIRA,jira,project,2024-01_to_2024-04,2024-01,2024-04,Qpid JMS,4,1,0.250000
JIRA,jira,project,2024-01_to_2024-04,2024-01,2024-04,Qpid Proton,32,5,0.156250
JIRA,jira,project,2024-01_to_2024-04,2024-01,2024-04,Qt,3495,846,0.242060
JIRA,jira,project,2024-01_to_2024-04,2024-01,2024-04,Qt Creator,521,83,0.159309
JIRA,jira,project,2024-01_to_2024-04,2024-01,2024-04,Qt Design Studio,954,41,0.042977
JIRA,jira,project,2024-01_to_2024-04,2024-01,2024-04,Qt Extensions,1,0,0.000000
JIRA,jira,project,2024-01_to_2024-04,2024-01,2024-04,Qt Installer Framework,108,18,0.166667
JIRA,jira,project,2024-01_to_2024-04,2024-01,2024-04,Qt Project Website,15,0,0.000000
JIRA,jira,project,2024-01_to_2024-04,2024-01,2024-04,Qt Quality Assurance Infrastructure,223,24,0.107623
JIRA,jira,project,2024-01_to_2024-04,2024-01,2024-04,Qt Tools for Android,35,7,0.200000
JIRA,jira,project,2024-01_to_2024-04,2024-01,2024-04,Qt Visual Studio Tools,44,11,0.250000
JIRA,jira,project,2024-01_to_2024-04,2024-01,2024-04,Qt WebBrowser,1,0,0.000000
JIRA,jira,project,2024-01_to_2024-04,2024-01,2024-04,Qt for Python,134,63,0.470149
JIRA,jira,project,2024-01_to_2024-04,2024-01,2024-04,Quarkus,153,20,0.130719
JIRA,jira,project,2024-01_to_2024-04,2024-01,2024-04,Quarkus Documentation,134,1,0.007463
JIRA,jira,project,2024-01_to_2024-04,2024-01,2024-04,RDO Project,116,6,0.051724
JIRA,jira,project,2024-01_to_2024-04,2024-01,2024-04,RESTEasy,62,8,0.129032
JIRA,jira,project,2024-01_to_2024-04,2024-01,2024-04,RH,23,5,0.217391
JIRA,jira,project,2024-01_to_2024-04,2024-01,2024-04,RH Developer Hub Planning,8,0,0.000000
JIRA,jira,project,2024-01_to_2024-04,2024-01,2024-04,RHEL,2507,831,0.331472
JIRA,jira,project,2024-01_to_2024-04,2024-01,2024-04,RHEL Conversions,107,22,0.205607
JIRA,jira,project,2024-01_to_2024-04,2024-01,2024-04,RHEL Documentation,46,2,0.043478
JIRA,jira,project,2024-01_to_2024-04,2024-01,2024-04,RHEL Performance,9,1,0.111111
JIRA,jira,project,2024-01_to_2024-04,2024-01,2024-04,RHOS Request for Features,5,0,0.000000
JIRA,jira,project,2024-01_to_2024-04,2024-01,2024-04,Ranger,158,18,0.113924
JIRA,jira,project,2024-01_to_2024-04,2024-01,2024-04,Ratis,78,14,0.179487
JIRA,jira,project,2024-01_to_2024-04,2024-01,2024-04,Red Hat 3scale API Management,217,19,0.087558
JIRA,jira,project,2024-01_to_2024-04,2024-01,2024-04,Red Hat Advanced Cluster Management,1219,113,0.092699
JIRA,jira,project,2024-01_to_2024-04,2024-01,2024-04,Red Hat Advanced Cluster Security,1,0,0.000000
JIRA,jira,project,2024-01_to_2024-04,2024-01,2024-04,Red Hat Build of Apache Camel for Quarkus,4,0,0.000000
JIRA,jira,project,2024-01_to_2024-04,2024-01,2024-04,Red Hat Data Grid,38,3,0.078947
JIRA,jira,project,2024-01_to_2024-04,2024-01,2024-04,Red Hat Decision Manager,1,1,1.000000
JIRA,jira,project,2024-01_to_2024-04,2024-01,2024-04,Red Hat Developer Hub Bugs,195,44,0.225641
JIRA,jira,project,2024-01_to_2024-04,2024-01,2024-04,Red Hat Directory Server,10,8,0.800000
JIRA,jira,project,2024-01_to_2024-04,2024-01,2024-04,Red Hat Fuse,249,7,0.028112
JIRA,jira,project,2024-01_to_2024-04,2024-01,2024-04,Red Hat Insights Engineering,22,5,0.227273
JIRA,jira,project,2024-01_to_2024-04,2024-01,2024-04,Red Hat Insights Strategy,6,0,0.000000
JIRA,jira,project,2024-01_to_2024-04,2024-01,2024-04,Red Hat Internal Developer Platform,14,0,0.000000
JIRA,jira,project,2024-01_to_2024-04,2024-01,2024-04,Red Hat Offline Knowledge Portal,2,0,0.000000
JIRA,jira,project,2024-01_to_2024-04,2024-01,2024-04,Red Hat OpenShift Control Planes,2,0,0.000000
JIRA,jira,project,2024-01_to_2024-04,2024-01,2024-04,Red Hat OpenShift Data Science,143,3,0.020979
JIRA,jira,project,2024-01_to_2024-04,2024-01,2024-04,Red Hat OpenShift Dev Spaces (formerly CodeReady Workspaces),173,24,0.138728
JIRA,jira,project,2024-01_to_2024-04,2024-01,2024-04,Red Hat OpenStack Services on OpenShift,1487,143,0.096167
JIRA,jira,project,2024-01_to_2024-04,2024-01,2024-04,Red Hat Process Automation Manager,26,6,0.230769
JIRA,jira,project,2024-01_to_2024-04,2024-01,2024-04,Red Hat Service Interconnect (Skupper),67,3,0.044776
JIRA,jira,project,2024-01_to_2024-04,2024-01,2024-04,Red Hat Workload Availability,8,3,0.375000
JIRA,jira,project,2024-01_to_2024-04,2024-01,2024-04,Red Hat build of Apache Camel,8,2,0.250000
JIRA,jira,project,2024-01_to_2024-04,2024-01,2024-04,Red Hat build of Apache Camel for Spring Boot,162,3,0.018519
JIRA,jira,project,2024-01_to_2024-04,2024-01,2024-04,Red Hat build of Keycloak,79,24,0.303797
JIRA,jira,project,2024-01_to_2024-04,2024-01,2024-04,Rovo,3,0,0.000000
JIRA,jira,project,2024-01_to_2024-04,2024-01,2024-04,Ruby Driver,92,5,0.054348
JIRA,jira,project,2024-01_to_2024-04,2024-01,2024-04,Rust Driver,114,2,0.017544
JIRA,jira,project,2024-01_to_2024-04,2024-01,2024-04,Rya,1,0,0.000000
JIRA,jira,project,2024-01_to_2024-04,2024-01,2024-04,SAML for Atlassian Data Center,7,0,0.000000
JIRA,jira,project,2024-01_to_2024-04,2024-01,2024-04,Sakai,413,65,0.157385
JIRA,jira,project,2024-01_to_2024-04,2024-01,2024-04,Samza,1,0,0.000000
JIRA,jira,project,2024-01_to_2024-04,2024-01,2024-04,Santuario,9,1,0.111111
JIRA,jira,project,2024-01_to_2024-04,2024-01,2024-04,Satellite,691,204,0.295224
JIRA,jira,project,2024-01_to_2024-04,2024-01,2024-04,Security Data,3,0,0.000000
JIRA,jira,project,2024-01_to_2024-04,2024-01,2024-04,Server Deployments and Scale,2,0,0.000000
JIRA,jira,project,2024-01_to_2024-04,2024-01,2024-04,Server Platform Frontend,8,0,0.000000
JIRA,jira,project,2024-01_to_2024-04,2024-01,2024-04,Serverless logic,79,6,0.075949
JIRA,jira,project,2024-01_to_2024-04,2024-01,2024-04,ServiceMix,44,1,0.022727
JIRA,jira,project,2024-01_to_2024-04,2024-01,2024-04,ShrinkWrap Resolvers,9,2,0.222222
JIRA,jira,project,2024-01_to_2024-04,2024-01,2024-04,Sidecar for Apache Cassandra,35,6,0.171429
JIRA,jira,project,2024-01_to_2024-04,2024-01,2024-04,Sling,97,13,0.134021
JIRA,jira,project,2024-01_to_2024-04,2024-01,2024-04,Solr,155,32,0.206452
JIRA,jira,project,2024-01_to_2024-04,2024-01,2024-04,Sourcetree For Mac,27,4,0.148148
JIRA,jira,project,2024-01_to_2024-04,2024-01,2024-04,Sourcetree for Windows,53,10,0.188679
JIRA,jira,project,2024-01_to_2024-04,2024-01,2024-04,Spark,1512,131,0.086640
JIRA,jira,project,2024-01_to_2024-04,2024-01,2024-04,Spark Connector,9,1,0.111111
JIRA,jira,project,2024-01_to_2024-04,2024-01,2024-04,Spatial Information Systems,6,0,0.000000
JIRA,jira,project,2024-01_to_2024-04,2024-01,2024-04,Statuspage,23,2,0.086957
JIRA,jira,project,2024-01_to_2024-04,2024-01,2024-04,Steve,5,0,0.000000
JIRA,jira,project,2024-01_to_2024-04,2024-01,2024-04,Streams for Apache Kafka Console,24,0,0.000000
JIRA,jira,project,2024-01_to_2024-04,2024-01,2024-04,Struts 2,39,2,0.051282
JIRA,jira,project,2024-01_to_2024-04,2024-01,2024-04,Subscription Watch,166,17,0.102410
JIRA,jira,project,2024-01_to_2024-04,2024-01,2024-04,Syncope,20,1,0.050000
JIRA,jira,project,2024-01_to_2024-04,2024-01,2024-04,SystemDS,37,7,0.189189
JIRA,jira,project,2024-01_to_2024-04,2024-01,2024-04,TEST Defect Tracking Project,37,20,0.540541
JIRA,jira,project,2024-01_to_2024-04,2024-01,2024-04,TOREE,1,0,0.000000
JIRA,jira,project,2024-01_to_2024-04,2024-01,2024-04,TRELLO,263,2,0.007605
JIRA,jira,project,2024-01_to_2024-04,2024-01,2024-04,Tapestry 5,6,5,0.833333
JIRA,jira,project,2024-01_to_2024-04,2024-01,2024-04,Thrift,31,10,0.322581
JIRA,jira,project,2024-01_to_2024-04,2024-01,2024-04,Tika,74,11,0.148649
JIRA,jira,project,2024-01_to_2024-04,2024-01,2024-04,TinkerPop,49,10,0.204082
JIRA,jira,project,2024-01_to_2024-04,2024-01,2024-04,TomEE,37,5,0.135135
JIRA,jira,project,2024-01_to_2024-04,2024-01,2024-04,Tools (JBoss Tools),34,4,0.117647
JIRA,jira,project,2024-01_to_2024-04,2024-01,2024-04,Torque,1,0,0.000000
JIRA,jira,project,2024-01_to_2024-04,2024-01,2024-04,UIMA,1,0,0.000000
JIRA,jira,project,2024-01_to_2024-04,2024-01,2024-04,Undertow,42,11,0.261905
JIRA,jira,project,2024-01_to_2024-04,2024-01,2024-04,Universal Plugin Manager,3,0,0.000000
JIRA,jira,project,2024-01_to_2024-04,2024-01,2024-04,VCL,13,0,0.000000
JIRA,jira,project,2024-01_to_2024-04,2024-01,2024-04,VS Code Extension,14,1,0.071429
JIRA,jira,project,2024-01_to_2024-04,2024-01,2024-04,Velocity,10,1,0.100000
JIRA,jira,project,2024-01_to_2024-04,2024-01,2024-04,Velocity Tools,5,0,0.000000
JIRA,jira,project,2024-01_to_2024-04,2024-01,2024-04,Virtualization Strategy,4,0,0.000000
JIRA,jira,project,2024-01_to_2024-04,2024-01,2024-04,Visual Design,34,0,0.000000
JIRA,jira,project,2024-01_to_2024-04,2024-01,2024-04,Visual Studio,5,1,0.200000
JIRA,jira,project,2024-01_to_2024-04,2024-01,2024-04,WINDUP ,35,2,0.057143
JIRA,jira,project,2024-01_to_2024-04,2024-01,2024-04,WINDUPRULE ,6,1,0.166667
JIRA,jira,project,2024-01_to_2024-04,2024-01,2024-04,WSS4J,4,0,0.000000
JIRA,jira,project,2024-01_to_2024-04,2024-01,2024-04,Web Terminal for OpenShift,35,6,0.171429
JIRA,jira,project,2024-01_to_2024-04,2024-01,2024-04,Weld,18,4,0.222222
JIRA,jira,project,2024-01_to_2024-04,2024-01,2024-04,Whimsy,8,1,0.125000
JIRA,jira,project,2024-01_to_2024-04,2024-01,2024-04,Wicket,17,1,0.058824
JIRA,jira,project,2024-01_to_2024-04,2024-01,2024-04,WildFly,401,57,0.142145
JIRA,jira,project,2024-01_to_2024-04,2024-01,2024-04,WildFly Arquillian,28,0,0.000000
JIRA,jira,project,2024-01_to_2024-04,2024-01,2024-04,WildFly Core,146,13,0.089041
JIRA,jira,project,2024-01_to_2024-04,2024-01,2024-04,WildFly Discovery,2,0,0.000000
JIRA,jira,project,2024-01_to_2024-04,2024-01,2024-04,WildFly EJB HTTP Client,2,1,0.500000
JIRA,jira,project,2024-01_to_2024-04,2024-01,2024-04,WildFly Elytron,44,4,0.090909
JIRA,jira,project,2024-01_to_2024-04,2024-01,2024-04,WildFly Elytron EE,6,0,0.000000
JIRA,jira,project,2024-01_to_2024-04,2024-01,2024-04,WildFly Maven Plugin,18,2,0.111111
JIRA,jira,project,2024-01_to_2024-04,2024-01,2024-04,WildFly Naming Client,1,0,0.000000
JIRA,jira,project,2024-01_to_2024-04,2024-01,2024-04,WildFly OpenSSL,1,0,0.000000
JIRA,jira,project,2024-01_to_2024-04,2024-01,2024-04,WildFly OpenSSL Natives,1,0,0.000000
JIRA,jira,project,2024-01_to_2024-04,2024-01,2024-04,WildFly Transaction Client,2,0,0.000000
JIRA,jira,project,2024-01_to_2024-04,2024-01,2024-04,WildFly WIP,5,4,0.800000
JIRA,jira,project,2024-01_to_2024-04,2024-01,2024-04,WiredTiger,685,211,0.308029
JIRA,jira,project,2024-01_to_2024-04,2024-01,2024-04,XBean,2,1,0.500000
JIRA,jira,project,2024-01_to_2024-04,2024-01,2024-04,XMLBeans,2,1,0.500000
JIRA,jira,project,2024-01_to_2024-04,2024-01,2024-04,XMLGraphicsCommons,2,1,0.500000
JIRA,jira,project,2024-01_to_2024-04,2024-01,2024-04,XNIO,5,1,0.200000
JIRA,jira,project,2024-01_to_2024-04,2024-01,2024-04,Xerces,4,1,0.250000
JIRA,jira,project,2024-01_to_2024-04,2024-01,2024-04,Xerces2,2,0,0.000000
JIRA,jira,project,2024-01_to_2024-04,2024-01,2024-04,Yetus,1,0,0.000000
JIRA,jira,project,2024-01_to_2024-04,2024-01,2024-04,Zeppelin,31,5,0.161290
JIRA,jira,project,2024-01_to_2024-04,2024-01,2024-04,ZooKeeper,49,13,0.265306
JIRA,jira,project,2024-01_to_2024-04,2024-01,2024-04,anaconda installer,35,1,0.028571
JIRA,jira,project,2024-01_to_2024-04,2024-01,2024-04,jBPM,7,3,0.428571
JIRA,jira,project,2024-01_to_2024-04,2024-01,2024-04,jboss.org,1,1,1.000000
JIRA,jira,project,2024-01_to_2024-04,2024-01,2024-04,jclouds (Retired) (Retired),10,3,0.300000
JIRA,jira,project,2024-01_to_2024-04,2024-01,2024-04,mod_cluster,6,2,0.333333
JIRA,jira,project,2024-01_to_2024-04,2024-01,2024-04,repository.jboss.org/nexus,12,0,0.000000
JIRA,jira,project,2024-05_to_2024-08,2024-05,2024-08,AMQ Broker,199,40,0.201005
JIRA,jira,project,2024-05_to_2024-08,2024-05,2024-08,AMQ Documentation,8,0,0.000000
JIRA,jira,project,2024-05_to_2024-08,2024-05,2024-08,AMQ Interconnect,1,0,0.000000
JIRA,jira,project,2024-05_to_2024-08,2024-05,2024-08,AMQ Streams,150,3,0.020000
JIRA,jira,project,2024-05_to_2024-08,2024-05,2024-08,AMQ Streams Flink,77,13,0.168831
JIRA,jira,project,2024-05_to_2024-08,2024-05,2024-08,AMQ Streams Kafka Proxy,3,0,0.000000
JIRA,jira,project,2024-05_to_2024-08,2024-05,2024-08,ActiveMQ (Read,59,8,0.135593
JIRA,jira,project,2024-05_to_2024-08,2024-05,2024-08,ActiveMQ C++ Client,1,1,1.000000
JIRA,jira,project,2024-05_to_2024-08,2024-05,2024-08,ActiveMQ OpenWire,1,0,0.000000
JIRA,jira,project,2024-05_to_2024-08,2024-05,2024-08,ActiveMQ Website,1,0,0.000000
JIRA,jira,project,2024-05_to_2024-08,2024-05,2024-08,ActiveObjects,5,1,0.200000
JIRA,jira,project,2024-05_to_2024-08,2024-05,2024-08,Admin Experience,99,5,0.050505
JIRA,jira,project,2024-05_to_2024-08,2024-05,2024-08,AeroGear,2,1,0.500000
JIRA,jira,project,2024-05_to_2024-08,2024-05,2024-08,Agent,48,4,0.083333
JIRA,jira,project,2024-05_to_2024-08,2024-05,2024-08,Agroal,8,0,0.000000
JIRA,jira,project,2024-05_to_2024-08,2024-05,2024-08,Airavata,1,0,0.000000
JIRA,jira,project,2024-05_to_2024-08,2024-05,2024-08,Ambari,47,8,0.170213
JIRA,jira,project,2024-05_to_2024-08,2024-05,2024-08,Analytics,88,5,0.056818
JIRA,jira,project,2024-05_to_2024-08,2024-05,2024-08,Ansible Automation Platform RFEs,155,1,0.006452
JIRA,jira,project,2024-05_to_2024-08,2024-05,2024-08,Apache AGE,1,1,1.000000
JIRA,jira,project,2024-05_to_2024-08,2024-05,2024-08,Apache AsterixDB,102,17,0.166667
JIRA,jira,project,2024-05_to_2024-08,2024-05,2024-08,Apache Avro,62,16,0.258065
JIRA,jira,project,2024-05_to_2024-08,2024-05,2024-08,Apache Cassandra,258,90,0.348837
JIRA,jira,project,2024-05_to_2024-08,2024-05,2024-08,Apache Cassandra Analytics,4,0,0.000000
JIRA,jira,project,2024-05_to_2024-08,2024-05,2024-08,Apache Cassandra Go driver,9,0,0.000000
JIRA,jira,project,2024-05_to_2024-08,2024-05,2024-08,Apache Cassandra Java driver,10,1,0.100000
JIRA,jira,project,2024-05_to_2024-08,2024-05,2024-08,Apache Celeborn,179,11,0.061453
JIRA,jira,project,2024-05_to_2024-08,2024-05,2024-08,Apache Curator,11,1,0.090909
JIRA,jira,project,2024-05_to_2024-08,2024-05,2024-08,Apache Datasketches,2,0,0.000000
JIRA,jira,project,2024-05_to_2024-08,2024-05,2024-08,Apache Drill,16,7,0.437500
JIRA,jira,project,2024-05_to_2024-08,2024-05,2024-08,Apache Fineract,41,2,0.048780
JIRA,jira,project,2024-05_to_2024-08,2024-05,2024-08,Apache Freemarker,1,1,1.000000
JIRA,jira,project,2024-05_to_2024-08,2024-05,2024-08,Apache Gobblin,87,2,0.022989
JIRA,jira,project,2024-05_to_2024-08,2024-05,2024-08,Apache Gora (Retired),1,0,0.000000
JIRA,jira,project,2024-05_to_2024-08,2024-05,2024-08,Apache Hudi,461,37,0.080260
JIRA,jira,project,2024-05_to_2024-08,2024-05,2024-08,Apache IoTDB,25,2,0.080000
JIRA,jira,project,2024-05_to_2024-08,2024-05,2024-08,Apache Knox,28,4,0.142857
JIRA,jira,project,2024-05_to_2024-08,2024-05,2024-08,Apache Maven Resource Bundles (Moved to GitHub Issues),4,2,0.500000
JIRA,jira,project,2024-05_to_2024-08,2024-05,2024-08,Apache NiFi,574,79,0.137631
JIRA,jira,project,2024-05_to_2024-08,2024-05,2024-08,Apache NiFi MiNiFi C++,95,8,0.084211
JIRA,jira,project,2024-05_to_2024-08,2024-05,2024-08,Apache Ozone,615,133,0.216260
JIRA,jira,project,2024-05_to_2024-08,2024-05,2024-08,Apache RAT,26,2,0.076923
JIRA,jira,project,2024-05_to_2024-08,2024-05,2024-08,Apache Science Data Analytics Platform,11,0,0.000000
JIRA,jira,project,2024-05_to_2024-08,2024-05,2024-08,Apache Sedona,97,4,0.041237
JIRA,jira,project,2024-05_to_2024-08,2024-05,2024-08,Apache ServiceComb,16,0,0.000000
JIRA,jira,project,2024-05_to_2024-08,2024-05,2024-08,Apache Storm,24,2,0.083333
JIRA,jira,project,2024-05_to_2024-08,2024-05,2024-08,Apache Tez,21,9,0.428571
JIRA,jira,project,2024-05_to_2024-08,2024-05,2024-08,Apache Unomi,22,3,0.136364
JIRA,jira,project,2024-05_to_2024-08,2024-05,2024-08,Apache YuniKorn,247,24,0.097166
JIRA,jira,project,2024-05_to_2024-08,2024-05,2024-08,Application Links,1,0,0.000000
JIRA,jira,project,2024-05_to_2024-08,2024-05,2024-08,Aries,29,0,0.000000
JIRA,jira,project,2024-05_to_2024-08,2024-05,2024-08,Arquillian,4,1,0.250000
JIRA,jira,project,2024-05_to_2024-08,2024-05,2024-08,Artemis,277,37,0.133574
JIRA,jira,project,2024-05_to_2024-08,2024-05,2024-08,Atlas,53,7,0.132075
JIRA,jira,project,2024-05_to_2024-08,2024-05,2024-08,Atlas SQL,11,0,0.000000
JIRA,jira,project,2024-05_to_2024-08,2024-05,2024-08,Atlassian Cache,1,0,0.000000
JIRA,jira,project,2024-05_to_2024-08,2024-05,2024-08,Atlassian Cloud,95,7,0.073684
JIRA,jira,project,2024-05_to_2024-08,2024-05,2024-08,Atlassian Connect Spring Boot,4,1,0.250000
JIRA,jira,project,2024-05_to_2024-08,2024-05,2024-08,Atlassian Connect in Jira Cloud,6,0,0.000000
JIRA,jira,project,2024-05_to_2024-08,2024-05,2024-08,Atlassian Ecosystem,98,8,0.081633
JIRA,jira,project,2024-05_to_2024-08,2024-05,2024-08,Atlassian Guard,64,2,0.031250
JIRA,jira,project,2024-05_to_2024-08,2024-05,2024-08,Atlassian Intelligence,27,3,0.111111
JIRA,jira,project,2024-05_to_2024-08,2024-05,2024-08,Atlassian Internationalization,28,0,0.000000
JIRA,jira,project,2024-05_to_2024-08,2024-05,2024-08,Atlassian Marketplace,37,3,0.081081
JIRA,jira,project,2024-05_to_2024-08,2024-05,2024-08,Atlassian Maven Plugin Suite,13,0,0.000000
JIRA,jira,project,2024-05_to_2024-08,2024-05,2024-08,Atlassian OAuth 2.0,1,0,0.000000
JIRA,jira,project,2024-05_to_2024-08,2024-05,2024-08,Atlassian Plugin Webfragment,4,0,0.000000
JIRA,jira,project,2024-05_to_2024-08,2024-05,2024-08,Atlassian Plugins,2,0,0.000000
JIRA,jira,project,2024-05_to_2024-08,2024-05,2024-08,Atlassian Plugins Webresources,9,0,0.000000
JIRA,jira,project,2024-05_to_2024-08,2024-05,2024-08,Atlassian Product Integrations,14,0,0.000000
JIRA,jira,project,2024-05_to_2024-08,2024-05,2024-08,Atlassian REST,6,0,0.000000
JIRA,jira,project,2024-05_to_2024-08,2024-05,2024-08,Atlassian Troubleshooting & Support Tools Plugin,2,0,0.000000
JIRA,jira,project,2024-05_to_2024-08,2024-05,2024-08,Atlassian User Interface,13,1,0.076923
JIRA,jira,project,2024-05_to_2024-08,2024-05,2024-08,Atlassian WebHooks Plugin,1,0,0.000000
JIRA,jira,project,2024-05_to_2024-08,2024-05,2024-08,Atlassian Whitelist,1,0,0.000000
JIRA,jira,project,2024-05_to_2024-08,2024-05,2024-08,Attic,4,0,0.000000
JIRA,jira,project,2024-05_to_2024-08,2024-05,2024-08,Automation for Cloud,133,6,0.045113
JIRA,jira,project,2024-05_to_2024-08,2024-05,2024-08,Automation for Jira Server,37,6,0.162162
JIRA,jira,project,2024-05_to_2024-08,2024-05,2024-08,Axiom,1,0,0.000000
JIRA,jira,project,2024-05_to_2024-08,2024-05,2024-08,Axis2,7,3,0.428571
JIRA,jira,project,2024-05_to_2024-08,2024-05,2024-08,BVal,1,0,0.000000
JIRA,jira,project,2024-05_to_2024-08,2024-05,2024-08,Bamboo Data Center,109,29,0.266055
JIRA,jira,project,2024-05_to_2024-08,2024-05,2024-08,Batik,3,0,0.000000
JIRA,jira,project,2024-05_to_2024-08,2024-05,2024-08,Bigtop,110,12,0.109091
JIRA,jira,project,2024-05_to_2024-08,2024-05,2024-08,Bitbucket Cloud,167,8,0.047904
JIRA,jira,project,2024-05_to_2024-08,2024-05,2024-08,Bitbucket Data Center,181,34,0.187845
JIRA,jira,project,2024-05_to_2024-08,2024-05,2024-08,BxMS Documentation,2,0,0.000000
JIRA,jira,project,2024-05_to_2024-08,2024-05,2024-08,Byteman,2,2,1.000000
JIRA,jira,project,2024-05_to_2024-08,2024-05,2024-08,C Driver,96,2,0.020833
JIRA,jira,project,2024-05_to_2024-08,2024-05,2024-08,C# Driver,151,40,0.264901
JIRA,jira,project,2024-05_to_2024-08,2024-05,2024-08,C++ Driver,56,3,0.053571
JIRA,jira,project,2024-05_to_2024-08,2024-05,2024-08,CCS documentation feedback,1,0,0.000000
JIRA,jira,project,2024-05_to_2024-08,2024-05,2024-08,CPE Infrastructure,451,64,0.141907
JIRA,jira,project,2024-05_to_2024-08,2024-05,2024-08,CXF,45,13,0.288889
JIRA,jira,project,2024-05_to_2024-08,2024-05,2024-08,CXF XJC Utils,2,0,0.000000
JIRA,jira,project,2024-05_to_2024-08,2024-05,2024-08,Calcite,164,35,0.213415
JIRA,jira,project,2024-05_to_2024-08,2024-05,2024-08,Camel,490,89,0.181633
JIRA,jira,project,2024-05_to_2024-08,2024-05,2024-08,CarbonData,1,0,0.000000
JIRA,jira,project,2024-05_to_2024-08,2024-05,2024-08,Causeway,77,6,0.077922
JIRA,jira,project,2024-05_to_2024-08,2024-05,2024-08,Cayenne,18,0,0.000000
JIRA,jira,project,2024-05_to_2024-08,2024-05,2024-08,CentOS Stream Pipeline,254,40,0.157480
JIRA,jira,project,2024-05_to_2024-08,2024-05,2024-08,Cert Manager support for Red Hat OpenShift,21,3,0.142857
JIRA,jira,project,2024-05_to_2024-08,2024-05,2024-08,Certification Partner Experience Public,23,0,0.000000
JIRA,jira,project,2024-05_to_2024-08,2024-05,2024-08,Clair,13,0,0.000000
JIRA,jira,project,2024-05_to_2024-08,2024-05,2024-08,Client,4,0,0.000000
JIRA,jira,project,2024-05_to_2024-08,2024-05,2024-08,Cloud Enablement,12,1,0.083333
JIRA,jira,project,2024-05_to_2024-08,2024-05,2024-08,Cloud Infrastructure Security & Compliance,121,13,0.107438
JIRA,jira,project,2024-05_to_2024-08,2024-05,2024-08,Cluster Integration and Delivery,99,1,0.010101
JIRA,jira,project,2024-05_to_2024-08,2024-05,2024-08,Cluster Observability Operator,146,23,0.157534
JIRA,jira,project,2024-05_to_2024-08,2024-05,2024-08,Cockpit,20,0,0.000000
JIRA,jira,project,2024-05_to_2024-08,2024-05,2024-08,Coin,18,6,0.333333
JIRA,jira,project,2024-05_to_2024-08,2024-05,2024-08,Commerce,11,1,0.090909
JIRA,jira,project,2024-05_to_2024-08,2024-05,2024-08,Commons BeanUtils,4,1,0.250000
JIRA,jira,project,2024-05_to_2024-08,2024-05,2024-08,Commons CLI,7,0,0.000000
JIRA,jira,project,2024-05_to_2024-08,2024-05,2024-08,Commons Collections,12,0,0.000000
JIRA,jira,project,2024-05_to_2024-08,2024-05,2024-08,Commons Compress,8,3,0.375000
JIRA,jira,project,2024-05_to_2024-08,2024-05,2024-08,Commons Configuration,5,1,0.200000
JIRA,jira,project,2024-05_to_2024-08,2024-05,2024-08,Commons DBCP,1,0,0.000000
JIRA,jira,project,2024-05_to_2024-08,2024-05,2024-08,Commons Daemon,3,3,1.000000
JIRA,jira,project,2024-05_to_2024-08,2024-05,2024-08,Commons Digester,1,0,0.000000
JIRA,jira,project,2024-05_to_2024-08,2024-05,2024-08,Commons Email,2,0,0.000000
JIRA,jira,project,2024-05_to_2024-08,2024-05,2024-08,Commons FileUpload,1,1,1.000000
JIRA,jira,project,2024-05_to_2024-08,2024-05,2024-08,Commons IO,4,2,0.500000
JIRA,jira,project,2024-05_to_2024-08,2024-05,2024-08,Commons Imaging,3,2,0.666667
JIRA,jira,project,2024-05_to_2024-08,2024-05,2024-08,Commons JEXL,6,1,0.166667
JIRA,jira,project,2024-05_to_2024-08,2024-05,2024-08,Commons Lang,20,7,0.350000
JIRA,jira,project,2024-05_to_2024-08,2024-05,2024-08,Commons Logging,5,2,0.400000
JIRA,jira,project,2024-05_to_2024-08,2024-05,2024-08,Commons Math,1,0,0.000000
JIRA,jira,project,2024-05_to_2024-08,2024-05,2024-08,Commons Net,4,2,0.500000
JIRA,jira,project,2024-05_to_2024-08,2024-05,2024-08,Commons Numbers,1,0,0.000000
JIRA,jira,project,2024-05_to_2024-08,2024-05,2024-08,Commons Pool,2,1,0.500000
JIRA,jira,project,2024-05_to_2024-08,2024-05,2024-08,Commons RNG,1,0,0.000000
JIRA,jira,project,2024-05_to_2024-08,2024-05,2024-08,Commons Statistics,4,0,0.000000
JIRA,jira,project,2024-05_to_2024-08,2024-05,2024-08,Commons Text,1,0,0.000000
JIRA,jira,project,2024-05_to_2024-08,2024-05,2024-08,Commons VFS,3,1,0.333333
JIRA,jira,project,2024-05_to_2024-08,2024-05,2024-08,Commons Validator,1,0,0.000000
JIRA,jira,project,2024-05_to_2024-08,2024-05,2024-08,Community Development,3,0,0.000000
JIRA,jira,project,2024-05_to_2024-08,2024-05,2024-08,Compass,290,27,0.093103
JIRA,jira,project,2024-05_to_2024-08,2024-05,2024-08,Confluence Cloud,835,58,0.069461
JIRA,jira,project,2024-05_to_2024-08,2024-05,2024-08,Confluence Data Center,316,49,0.155063
JIRA,jira,project,2024-05_to_2024-08,2024-05,2024-08,Connectivity Link,6,1,0.166667
JIRA,jira,project,2024-05_to_2024-08,2024-05,2024-08,Container Tools,119,20,0.168067
JIRA,jira,project,2024-05_to_2024-08,2024-05,2024-08,Content Gateway,4,0,0.000000
JIRA,jira,project,2024-05_to_2024-08,2024-05,2024-08,Core Server,4147,451,0.108753
JIRA,jira,project,2024-05_to_2024-08,2024-05,2024-08,CoreOS OCP,114,10,0.087719
JIRA,jira,project,2024-05_to_2024-08,2024-05,2024-08,Cost Management,22,0,0.000000
JIRA,jira,project,2024-05_to_2024-08,2024-05,2024-08,Crowd Data Center,22,4,0.181818
JIRA,jira,project,2024-05_to_2024-08,2024-05,2024-08,Crucible,2,0,0.000000
JIRA,jira,project,2024-05_to_2024-08,2024-05,2024-08,Daffodil,30,4,0.133333
JIRA,jira,project,2024-05_to_2024-08,2024-05,2024-08,Data Foundation Bugs,129,38,0.294574
JIRA,jira,project,2024-05_to_2024-08,2024-05,2024-08,DataFu,1,0,0.000000
JIRA,jira,project,2024-05_to_2024-08,2024-05,2024-08,Debezium,352,107,0.303977
JIRA,jira,project,2024-05_to_2024-08,2024-05,2024-08,Derby (Retired),4,0,0.000000
JIRA,jira,project,2024-05_to_2024-08,2024-05,2024-08,Directory ApacheDS,11,2,0.181818
JIRA,jira,project,2024-05_to_2024-08,2024-05,2024-08,Directory Client API,6,0,0.000000
JIRA,jira,project,2024-05_to_2024-08,2024-05,2024-08,Distributed Tracing,269,28,0.104089
JIRA,jira,project,2024-05_to_2024-08,2024-05,2024-08,Docs for Red Hat Developers,85,0,0.000000
JIRA,jira,project,2024-05_to_2024-08,2024-05,2024-08,Drivers,37,7,0.189189
JIRA,jira,project,2024-05_to_2024-08,2024-05,2024-08,Drools,9,2,0.222222
JIRA,jira,project,2024-05_to_2024-08,2024-05,2024-08,EAP Documentation,67,4,0.059701
JIRA,jira,project,2024-05_to_2024-08,2024-05,2024-08,EJB Client Library (AS7+),3,0,0.000000
JIRA,jira,project,2024-05_to_2024-08,2024-05,2024-08,ENTSBT,16,0,0.000000
JIRA,jira,project,2024-05_to_2024-08,2024-05,2024-08,Empire,10,0,0.000000
JIRA,jira,project,2024-05_to_2024-08,2024-05,2024-08,Entity Framework,38,9,0.236842
JIRA,jira,project,2024-05_to_2024-08,2024-05,2024-08,FOP,25,3,0.120000
JIRA,jira,project,2024-05_to_2024-08,2024-05,2024-08,FORTRESS,1,0,0.000000
JIRA,jira,project,2024-05_to_2024-08,2024-05,2024-08,Fast Datapath Product,132,39,0.295455
JIRA,jira,project,2024-05_to_2024-08,2024-05,2024-08,Fedora,106,40,0.377358
JIRA,jira,project,2024-05_to_2024-08,2024-05,2024-08,Felix,23,3,0.130435
JIRA,jira,project,2024-05_to_2024-08,2024-05,2024-08,FishEye,8,3,0.375000
JIRA,jira,project,2024-05_to_2024-08,2024-05,2024-08,FlightPath,337,45,0.133531
JIRA,jira,project,2024-05_to_2024-08,2024-05,2024-08,Flink,912,177,0.194079
JIRA,jira,project,2024-05_to_2024-08,2024-05,2024-08,Forge,105,16,0.152381
JIRA,jira,project,2024-05_to_2024-08,2024-05,2024-08,Geode,2,1,0.500000
JIRA,jira,project,2024-05_to_2024-08,2024-05,2024-08,Go Driver,104,18,0.173077
JIRA,jira,project,2024-05_to_2024-08,2024-05,2024-08,Groovy,91,34,0.373626
JIRA,jira,project,2024-05_to_2024-08,2024-05,2024-08,Guacamole,33,6,0.181818
JIRA,jira,project,2024-05_to_2024-08,2024-05,2024-08,HAL,11,1,0.090909
JIRA,jira,project,2024-05_to_2024-08,2024-05,2024-08,HBase,247,55,0.222672
JIRA,jira,project,2024-05_to_2024-08,2024-05,2024-08,Hadoop Common,97,75,0.773196
JIRA,jira,project,2024-05_to_2024-08,2024-05,2024-08,Hadoop HDFS,97,68,0.701031
JIRA,jira,project,2024-05_to_2024-08,2024-05,2024-08,Hadoop Map/Reduce,9,3,0.333333
JIRA,jira,project,2024-05_to_2024-08,2024-05,2024-08,Hadoop YARN,25,20,0.800000
JIRA,jira,project,2024-05_to_2024-08,2024-05,2024-08,HawtIO,31,0,0.000000
JIRA,jira,project,2024-05_to_2024-08,2024-05,2024-08,Hive,250,82,0.328000
JIRA,jira,project,2024-05_to_2024-08,2024-05,2024-08,HttpComponents HttpAsyncClient,1,0,0.000000
JIRA,jira,project,2024-05_to_2024-08,2024-05,2024-08,HttpComponents HttpClient,10,5,0.500000
JIRA,jira,project,2024-05_to_2024-08,2024-05,2024-08,HttpComponents HttpCore,2,0,0.000000
JIRA,jira,project,2024-05_to_2024-08,2024-05,2024-08,Hybrid Cloud Console,1088,29,0.026654
JIRA,jira,project,2024-05_to_2024-08,2024-05,2024-08,Hybrid Cloud Console Docs Feedback,7,0,0.000000
JIRA,jira,project,2024-05_to_2024-08,2024-05,2024-08,Hybrid Cloud Infrastructure Documentation,135,0,0.000000
JIRA,jira,project,2024-05_to_2024-08,2024-05,2024-08,IMPALA,295,99,0.335593
JIRA,jira,project,2024-05_to_2024-08,2024-05,2024-08,Identity,39,0,0.000000
JIRA,jira,project,2024-05_to_2024-08,2024-05,2024-08,Ignite,961,176,0.183143
JIRA,jira,project,2024-05_to_2024-08,2024-05,2024-08,Incubator,1,0,0.000000
JIRA,jira,project,2024-05_to_2024-08,2024-05,2024-08,Insights Experiences,442,26,0.058824
JIRA,jira,project,2024-05_to_2024-08,2024-05,2024-08,Intel IPU Collaboration,11,0,0.000000
JIRA,jira,project,2024-05_to_2024-08,2024-05,2024-08,IronJacamar,9,3,0.333333
JIRA,jira,project,2024-05_to_2024-08,2024-05,2024-08,JBeret,1,0,0.000000
JIRA,jira,project,2024-05_to_2024-08,2024-05,2024-08,JBoss A,1,1,1.000000
JIRA,jira,project,2024-05_to_2024-08,2024-05,2024-08,JBoss Core Services,9,0,0.000000
JIRA,jira,project,2024-05_to_2024-08,2024-05,2024-08,JBoss Enterprise Application Platform,331,81,0.244713
JIRA,jira,project,2024-05_to_2024-08,2024-05,2024-08,JBoss Enterprise Spec APIs,1,0,0.000000
JIRA,jira,project,2024-05_to_2024-08,2024-05,2024-08,JBoss Logging,1,0,0.000000
JIRA,jira,project,2024-05_to_2024-08,2024-05,2024-08,JBoss Metadata,1,0,0.000000
JIRA,jira,project,2024-05_to_2024-08,2024-05,2024-08,JBoss Remoting (3+),8,1,0.125000
JIRA,jira,project,2024-05_to_2024-08,2024-05,2024-08,JBoss Server Migration Tool,10,3,0.300000
JIRA,jira,project,2024-05_to_2024-08,2024-05,2024-08,JBoss Transaction Manager,33,4,0.121212
JIRA,jira,project,2024-05_to_2024-08,2024-05,2024-08,JBoss Web Server,12,1,0.083333
JIRA,jira,project,2024-05_to_2024-08,2024-05,2024-08,JBoss Web Services,11,3,0.272727
JIRA,jira,project,2024-05_to_2024-08,2024-05,2024-08,JDO,2,0,0.000000
JIRA,jira,project,2024-05_to_2024-08,2024-05,2024-08,JGroups,35,7,0.200000
JIRA,jira,project,2024-05_to_2024-08,2024-05,2024-08,JIRA Calendar Plugin,1,0,0.000000
JIRA,jira,project,2024-05_to_2024-08,2024-05,2024-08,JSPWiki,4,1,0.250000
JIRA,jira,project,2024-05_to_2024-08,2024-05,2024-08,Jackrabbit Content Repository,48,2,0.041667
JIRA,jira,project,2024-05_to_2024-08,2024-05,2024-08,Jackrabbit FileVault,27,5,0.185185
JIRA,jira,project,2024-05_to_2024-08,2024-05,2024-08,Jackrabbit Oak,289,91,0.314879
JIRA,jira,project,2024-05_to_2024-08,2024-05,2024-08,James Server,35,11,0.314286
JIRA,jira,project,2024-05_to_2024-08,2024-05,2024-08,James jSPF,3,3,1.000000
JIRA,jira,project,2024-05_to_2024-08,2024-05,2024-08,Java Driver,111,14,0.126126
JIRA,jira,project,2024-05_to_2024-08,2024-05,2024-08,Jira Admin Support,1,0,0.000000
JIRA,jira,project,2024-05_to_2024-08,2024-05,2024-08,Jira Align,545,21,0.038532
JIRA,jira,project,2024-05_to_2024-08,2024-05,2024-08,Jira Cloud,10,0,0.000000
JIRA,jira,project,2024-05_to_2024-08,2024-05,2024-08,Jira Data Center,296,45,0.152027
JIRA,jira,project,2024-05_to_2024-08,2024-05,2024-08,Jira Platform Cloud,1192,45,0.037752
JIRA,jira,project,2024-05_to_2024-08,2024-05,2024-08,Jira Service Management Cloud,696,35,0.050287
JIRA,jira,project,2024-05_to_2024-08,2024-05,2024-08,Jira Service Management Data Center,231,28,0.121212
JIRA,jira,project,2024-05_to_2024-08,2024-05,2024-08,Jira Software Data Center,126,11,0.087302
JIRA,jira,project,2024-05_to_2024-08,2024-05,2024-08,Jira Work Management Cloud,65,1,0.015385
JIRA,jira,project,2024-05_to_2024-08,2024-05,2024-08,Johnzon,6,1,0.166667
JIRA,jira,project,2024-05_to_2024-08,2024-05,2024-08,Kafka,806,160,0.198511
JIRA,jira,project,2024-05_to_2024-08,2024-05,2024-08,Kafka Connector,10,3,0.300000
JIRA,jira,project,2024-05_to_2024-08,2024-05,2024-08,Karaf,31,4,0.129032
JIRA,jira,project,2024-05_to_2024-08,2024-05,2024-08,Knative Serving,29,4,0.137931
JIRA,jira,project,2024-05_to_2024-08,2024-05,2024-08,Kogito,1,0,0.000000
JIRA,jira,project,2024-05_to_2024-08,2024-05,2024-08,Konflux UI,50,1,0.020000
JIRA,jira,project,2024-05_to_2024-08,2024-05,2024-08,Kotlin BSON,2,2,1.000000
JIRA,jira,project,2024-05_to_2024-08,2024-05,2024-08,Kudu,42,23,0.547619
JIRA,jira,project,2024-05_to_2024-08,2024-05,2024-08,Kylin,112,3,0.026786
JIRA,jira,project,2024-05_to_2024-08,2024-05,2024-08,Legal Discuss,4,0,0.000000
JIRA,jira,project,2024-05_to_2024-08,2024-05,2024-08,Libmongocrypt,36,5,0.138889
JIRA,jira,project,2024-05_to_2024-08,2024-05,2024-08,Livy,9,2,0.222222
JIRA,jira,project,2024-05_to_2024-08,2024-05,2024-08,Log4j 2,2,1,0.500000
JIRA,jira,project,2024-05_to_2024-08,2024-05,2024-08,MINA,2,0,0.000000
JIRA,jira,project,2024-05_to_2024-08,2024-05,2024-08,MINA SSHD,2,2,1.000000
JIRA,jira,project,2024-05_to_2024-08,2024-05,2024-08,Machine Config Operator,123,5,0.040650
JIRA,jira,project,2024-05_to_2024-08,2024-05,2024-08,Mahout,2,0,0.000000
JIRA,jira,project,2024-05_to_2024-08,2024-05,2024-08,Maistra,1,1,1.000000
JIRA,jira,project,2024-05_to_2024-08,2024-05,2024-08,Managed Service ,20,1,0.050000
JIRA,jira,project,2024-05_to_2024-08,2024-05,2024-08,ManifoldCF,7,1,0.142857
JIRA,jira,project,2024-05_to_2024-08,2024-05,2024-08,MariaDB ColumnStore,51,14,0.274510
JIRA,jira,project,2024-05_to_2024-08,2024-05,2024-08,MariaDB Connector/C,29,14,0.482759
JIRA,jira,project,2024-05_to_2024-08,2024-05,2024-08,MariaDB Connector/C++,3,0,0.000000
JIRA,jira,project,2024-05_to_2024-08,2024-05,2024-08,MariaDB Connector/J,22,7,0.318182
JIRA,jira,project,2024-05_to_2024-08,2024-05,2024-08,MariaDB Connector/ODBC,16,5,0.312500
JIRA,jira,project,2024-05_to_2024-08,2024-05,2024-08,MariaDB Connector/Python,5,4,0.800000
JIRA,jira,project,2024-05_to_2024-08,2024-05,2024-08,MariaDB Connector/R2DBC,6,1,0.166667
JIRA,jira,project,2024-05_to_2024-08,2024-05,2024-08,MariaDB Connector/node.js,9,1,0.111111
JIRA,jira,project,2024-05_to_2024-08,2024-05,2024-08,MariaDB Foundation Development,76,7,0.092105
JIRA,jira,project,2024-05_to_2024-08,2024-05,2024-08,MariaDB MaxScale,141,16,0.113475
JIRA,jira,project,2024-05_to_2024-08,2024-05,2024-08,MariaDB Server,770,454,0.589610
JIRA,jira,project,2024-05_to_2024-08,2024-05,2024-08,Marvell DPU Collaboration,9,0,0.000000
JIRA,jira,project,2024-05_to_2024-08,2024-05,2024-08,Maven (Moved to GitHub Issues),118,30,0.254237
JIRA,jira,project,2024-05_to_2024-08,2024-05,2024-08,Maven Archetype (Moved to GitHub Issues),15,0,0.000000
JIRA,jira,project,2024-05_to_2024-08,2024-05,2024-08,Maven Archetype Bundles (Moved to GitHub Issues),4,0,0.000000
JIRA,jira,project,2024-05_to_2024-08,2024-05,2024-08,Maven Artifact Plugin (Moved to GitHub Issues),4,0,0.000000
JIRA,jira,project,2024-05_to_2024-08,2024-05,2024-08,Maven Assembly Plugin (Moved to GitHub Issues),3,1,0.333333
JIRA,jira,project,2024-05_to_2024-08,2024-05,2024-08,Maven Build Cache Extension (Moved to GitHub Issues),12,3,0.250000
JIRA,jira,project,2024-05_to_2024-08,2024-05,2024-08,Maven Changelog Plugin (Moved to GitHub Issues),2,0,0.000000
JIRA,jira,project,2024-05_to_2024-08,2024-05,2024-08,Maven Checkstyle Plugin (Moved to GitHub Issues),4,1,0.250000
JIRA,jira,project,2024-05_to_2024-08,2024-05,2024-08,Maven Clean Plugin (Moved to GitHub Issues),5,0,0.000000
JIRA,jira,project,2024-05_to_2024-08,2024-05,2024-08,Maven Compiler Plugin (Moved to GitHub Issues),9,3,0.333333
JIRA,jira,project,2024-05_to_2024-08,2024-05,2024-08,Maven Dependency Plugin (Moved to GitHub Issues),25,6,0.240000
JIRA,jira,project,2024-05_to_2024-08,2024-05,2024-08,Maven Deploy Plugin (Moved to GitHub Issues),7,1,0.142857
JIRA,jira,project,2024-05_to_2024-08,2024-05,2024-08,Maven Doxia (Moved to GitHub Issues),6,0,0.000000
JIRA,jira,project,2024-05_to_2024-08,2024-05,2024-08,Maven Doxia Sitetools (Moved to GitHub Issues),7,0,0.000000
JIRA,jira,project,2024-05_to_2024-08,2024-05,2024-08,Maven Doxia Tools (Moved to GitHub Issues),1,0,0.000000
JIRA,jira,project,2024-05_to_2024-08,2024-05,2024-08,Maven EJB Plugin (Moved to GitHub Issues),2,0,0.000000
JIRA,jira,project,2024-05_to_2024-08,2024-05,2024-08,Maven Enforcer Plugin (Moved to GitHub Issues),7,0,0.000000
JIRA,jira,project,2024-05_to_2024-08,2024-05,2024-08,Maven GPG Plugin (Moved to GitHub Issues),9,1,0.111111
JIRA,jira,project,2024-05_to_2024-08,2024-05,2024-08,Maven Help Plugin (Moved to GitHub Issues),2,0,0.000000
JIRA,jira,project,2024-05_to_2024-08,2024-05,2024-08,Maven Indexer (Moved to GitHub Issues),17,0,0.000000
JIRA,jira,project,2024-05_to_2024-08,2024-05,2024-08,Maven Install Plugin (Moved to GitHub Issues),5,1,0.200000
JIRA,jira,project,2024-05_to_2024-08,2024-05,2024-08,Maven Invoker Plugin (Moved to GitHub Issues),8,0,0.000000
JIRA,jira,project,2024-05_to_2024-08,2024-05,2024-08,Maven JAR Plugin (Moved to GitHub Issues),3,1,0.333333
JIRA,jira,project,2024-05_to_2024-08,2024-05,2024-08,Maven JDeps Plugin (Moved to GitHub Issues),1,0,0.000000
JIRA,jira,project,2024-05_to_2024-08,2024-05,2024-08,Maven JLink Plugin (Moved to GitHub Issues),2,2,1.000000
JIRA,jira,project,2024-05_to_2024-08,2024-05,2024-08,Maven JXR (Moved to GitHub Issues),2,0,0.000000
JIRA,jira,project,2024-05_to_2024-08,2024-05,2024-08,Maven Jar Signer Plugin (Moved to GitHub Issues),1,0,0.000000
JIRA,jira,project,2024-05_to_2024-08,2024-05,2024-08,Maven Javadoc Plugin (Moved to GitHub Issues),19,4,0.210526
JIRA,jira,project,2024-05_to_2024-08,2024-05,2024-08,Maven PMD Plugin (Moved to GitHub Issues),7,3,0.428571
JIRA,jira,project,2024-05_to_2024-08,2024-05,2024-08,Maven Plugin Testing  (Moved to GitHub Issues),1,0,0.000000
JIRA,jira,project,2024-05_to_2024-08,2024-05,2024-08,Maven Plugin Tools (Moved to GitHub Issues),14,3,0.214286
JIRA,jira,project,2024-05_to_2024-08,2024-05,2024-08,Maven Project Info Reports Plugin (Moved to GitHub Issues),11,2,0.181818
JIRA,jira,project,2024-05_to_2024-08,2024-05,2024-08,Maven Project Web Site (Moved to GitHub Issues),5,0,0.000000
JIRA,jira,project,2024-05_to_2024-08,2024-05,2024-08,Maven Release Plugin (Moved to GitHub Issues),12,5,0.416667
JIRA,jira,project,2024-05_to_2024-08,2024-05,2024-08,Maven Resolver (Moved to GitHub Issues),45,6,0.133333
JIRA,jira,project,2024-05_to_2024-08,2024-05,2024-08,Maven Resources Plugin (Moved to GitHub Issues),3,2,0.666667
JIRA,jira,project,2024-05_to_2024-08,2024-05,2024-08,Maven SCM (Moved to GitHub Issues),1,0,0.000000
JIRA,jira,project,2024-05_to_2024-08,2024-05,2024-08,Maven SCM Publish Plugin (Moved to GitHub Issues),3,0,0.000000
JIRA,jira,project,2024-05_to_2024-08,2024-05,2024-08,Maven Scripting (Moved to GitHub Issues),1,0,0.000000
JIRA,jira,project,2024-05_to_2024-08,2024-05,2024-08,Maven Shade Plugin (Moved to GitHub Issues),7,2,0.285714
JIRA,jira,project,2024-05_to_2024-08,2024-05,2024-08,Maven Shared Components,38,2,0.052632
JIRA,jira,project,2024-05_to_2024-08,2024-05,2024-08,Maven Site Plugin (Moved to GitHub Issues),8,0,0.000000
JIRA,jira,project,2024-05_to_2024-08,2024-05,2024-08,Maven Skins (Moved to GitHub Issues),6,0,0.000000
JIRA,jira,project,2024-05_to_2024-08,2024-05,2024-08,Maven Source Plugin (Moved to GitHub Issues),2,0,0.000000
JIRA,jira,project,2024-05_to_2024-08,2024-05,2024-08,Maven Surefire (Moved to GitHub Issues),17,8,0.470588
JIRA,jira,project,2024-05_to_2024-08,2024-05,2024-08,Maven Toolchains Plugin (Moved to GitHub Issues),3,1,0.333333
JIRA,jira,project,2024-05_to_2024-08,2024-05,2024-08,Maven Wrapper (Moved to GitHub Issues),11,7,0.636364
JIRA,jira,project,2024-05_to_2024-08,2024-05,2024-08,Meecrowave,1,0,0.000000
JIRA,jira,project,2024-05_to_2024-08,2024-05,2024-08,Mesos (Retired),2,1,0.500000
JIRA,jira,project,2024-05_to_2024-08,2024-05,2024-08,MicroShift,289,25,0.086505
JIRA,jira,project,2024-05_to_2024-08,2024-05,2024-08,Migration Platform,99,30,0.303030
JIRA,jira,project,2024-05_to_2024-08,2024-05,2024-08,Migration Toolkit for Applications,842,195,0.231591
JIRA,jira,project,2024-05_to_2024-08,2024-05,2024-08,Migration Toolkit for Virtualization,219,28,0.127854
JIRA,jira,project,2024-05_to_2024-08,2024-05,2024-08,Mnemonic (Retired),17,0,0.000000
JIRA,jira,project,2024-05_to_2024-08,2024-05,2024-08,ModeShape,6,0,0.000000
JIRA,jira,project,2024-05_to_2024-08,2024-05,2024-08,Modular Service Container,2,2,1.000000
JIRA,jira,project,2024-05_to_2024-08,2024-05,2024-08,MongoDB Database Tools,96,8,0.083333
JIRA,jira,project,2024-05_to_2024-08,2024-05,2024-08,MongoDB Shell,59,8,0.135593
JIRA,jira,project,2024-05_to_2024-08,2024-05,2024-08,MongoDB for IntelliJ Plugin,69,0,0.000000
JIRA,jira,project,2024-05_to_2024-08,2024-05,2024-08,Mongoid,39,4,0.102564
JIRA,jira,project,2024-05_to_2024-08,2024-05,2024-08,Motor,45,7,0.155556
JIRA,jira,project,2024-05_to_2024-08,2024-05,2024-08,Multiple Architecture Enablement,182,4,0.021978
JIRA,jira,project,2024-05_to_2024-08,2024-05,2024-08,MyFaces Core,15,5,0.333333
JIRA,jira,project,2024-05_to_2024-08,2024-05,2024-08,MyFaces Tobago,36,2,0.055556
JIRA,jira,project,2024-05_to_2024-08,2024-05,2024-08,NLPCraft (Retired),3,0,0.000000
JIRA,jira,project,2024-05_to_2024-08,2024-05,2024-08,Network Edge,100,0,0.000000
JIRA,jira,project,2024-05_to_2024-08,2024-05,2024-08,Network Hardware Enablement,48,1,0.020833
JIRA,jira,project,2024-05_to_2024-08,2024-05,2024-08,Network Observability,166,17,0.102410
JIRA,jira,project,2024-05_to_2024-08,2024-05,2024-08,Node.js Driver,190,24,0.126316
JIRA,jira,project,2024-05_to_2024-08,2024-05,2024-08,Nutch,9,2,0.222222
JIRA,jira,project,2024-05_to_2024-08,2024-05,2024-08,OCMUI ,496,9,0.018145
JIRA,jira,project,2024-05_to_2024-08,2024-05,2024-08,OCP Technical Release Team,148,35,0.236486
JIRA,jira,project,2024-05_to_2024-08,2024-05,2024-08,ODATA,17,0,0.000000
JIRA,jira,project,2024-05_to_2024-08,2024-05,2024-08,OFBiz,57,15,0.263158
JIRA,jira,project,2024-05_to_2024-08,2024-05,2024-08,OPCT ,19,7,0.368421
JIRA,jira,project,2024-05_to_2024-08,2024-05,2024-08,ORC,61,2,0.032787
JIRA,jira,project,2024-05_to_2024-08,2024-05,2024-08,Observability Documentation,217,4,0.018433
JIRA,jira,project,2024-05_to_2024-08,2024-05,2024-08,Observability UI,90,5,0.055556
JIRA,jira,project,2024-05_to_2024-08,2024-05,2024-08,Observability and Data Analysis Program,62,4,0.064516
JIRA,jira,project,2024-05_to_2024-08,2024-05,2024-08,Olingo,9,5,0.555556
JIRA,jira,project,2024-05_to_2024-08,2024-05,2024-08,On Prem Networking,54,0,0.000000
JIRA,jira,project,2024-05_to_2024-08,2024-05,2024-08,Oozie (Retired),1,1,1.000000
JIRA,jira,project,2024-05_to_2024-08,2024-05,2024-08,OpenJDK,78,13,0.166667
JIRA,jira,project,2024-05_to_2024-08,2024-05,2024-08,OpenJPA,6,0,0.000000
JIRA,jira,project,2024-05_to_2024-08,2024-05,2024-08,OpenNLP,50,3,0.060000
JIRA,jira,project,2024-05_to_2024-08,2024-05,2024-08,OpenShift API Server,23,4,0.173913
JIRA,jira,project,2024-05_to_2024-08,2024-05,2024-08,OpenShift API for Data Protection,708,202,0.285311
JIRA,jira,project,2024-05_to_2024-08,2024-05,2024-08,OpenShift Application Platform Engineering,13,0,0.000000
JIRA,jira,project,2024-05_to_2024-08,2024-05,2024-08,OpenShift Authentication,12,1,0.083333
JIRA,jira,project,2024-05_to_2024-08,2024-05,2024-08,OpenShift Autoscaling,17,1,0.058824
JIRA,jira,project,2024-05_to_2024-08,2024-05,2024-08,OpenShift Bugs,4009,1586,0.395610
JIRA,jira,project,2024-05_to_2024-08,2024-05,2024-08,OpenShift BuildConfig,2,0,0.000000
JIRA,jira,project,2024-05_to_2024-08,2024-05,2024-08,OpenShift Builds,68,5,0.073529
JIRA,jira,project,2024-05_to_2024-08,2024-05,2024-08,OpenShift CFE,42,2,0.047619
JIRA,jira,project,2024-05_to_2024-08,2024-05,2024-08,OpenShift Cloud,102,21,0.205882
JIRA,jira,project,2024-05_to_2024-08,2024-05,2024-08,OpenShift Cloud Credential Operator,28,3,0.107143
JIRA,jira,project,2024-05_to_2024-08,2024-05,2024-08,OpenShift Console,159,2,0.012579
JIRA,jira,project,2024-05_to_2024-08,2024-05,2024-08,OpenShift Container Platform (OCP) Strategy,218,0,0.000000
JIRA,jira,project,2024-05_to_2024-08,2024-05,2024-08,OpenShift Core Networking,468,5,0.010684
JIRA,jira,project,2024-05_to_2024-08,2024-05,2024-08,OpenShift Data Foundation Request For Enhancement,1,0,0.000000
JIRA,jira,project,2024-05_to_2024-08,2024-05,2024-08,OpenShift Edge,14,0,0.000000
JIRA,jira,project,2024-05_to_2024-08,2024-05,2024-08,OpenShift Etcd,67,1,0.014925
JIRA,jira,project,2024-05_to_2024-08,2024-05,2024-08,OpenShift GitOps,558,67,0.120072
JIRA,jira,project,2024-05_to_2024-08,2024-05,2024-08,OpenShift Hive,89,14,0.157303
JIRA,jira,project,2024-05_to_2024-08,2024-05,2024-08,OpenShift Hosted Control Plane,239,20,0.083682
JIRA,jira,project,2024-05_to_2024-08,2024-05,2024-08,OpenShift Image Registry,11,1,0.090909
JIRA,jira,project,2024-05_to_2024-08,2024-05,2024-08,OpenShift Installer,185,17,0.091892
JIRA,jira,project,2024-05_to_2024-08,2024-05,2024-08,OpenShift Jenkins,49,10,0.204082
JIRA,jira,project,2024-05_to_2024-08,2024-05,2024-08,OpenShift Logging,432,88,0.203704
JIRA,jira,project,2024-05_to_2024-08,2024-05,2024-08,OpenShift Migration Toolkit for Containers,39,8,0.205128
JIRA,jira,project,2024-05_to_2024-08,2024-05,2024-08,OpenShift Monitoring,121,2,0.016529
JIRA,jira,project,2024-05_to_2024-08,2024-05,2024-08,OpenShift Node,204,9,0.044118
JIRA,jira,project,2024-05_to_2024-08,2024-05,2024-08,OpenShift Over the Air,47,9,0.191489
JIRA,jira,project,2024-05_to_2024-08,2024-05,2024-08,OpenShift Pipelines,1277,45,0.035239
JIRA,jira,project,2024-05_to_2024-08,2024-05,2024-08,OpenShift Pod Autoscaling,37,2,0.054054
JIRA,jira,project,2024-05_to_2024-08,2024-05,2024-08,OpenShift Request For Enhancement,376,16,0.042553
JIRA,jira,project,2024-05_to_2024-08,2024-05,2024-08,OpenShift Service Mesh,1452,57,0.039256
JIRA,jira,project,2024-05_to_2024-08,2024-05,2024-08,OpenShift Specialist Platform Team,138,12,0.086957
JIRA,jira,project,2024-05_to_2024-08,2024-05,2024-08,OpenShift Storage,211,7,0.033175
JIRA,jira,project,2024-05_to_2024-08,2024-05,2024-08,OpenShift Top Level Product Strategy,6,0,0.000000
JIRA,jira,project,2024-05_to_2024-08,2024-05,2024-08,OpenShift UX Product Design,1,0,0.000000
JIRA,jira,project,2024-05_to_2024-08,2024-05,2024-08,OpenShift Virtualization,3456,161,0.046586
JIRA,jira,project,2024-05_to_2024-08,2024-05,2024-08,OpenShift Windows Containers,46,2,0.043478
JIRA,jira,project,2024-05_to_2024-08,2024-05,2024-08,OpenShift Workloads,119,4,0.033613
JIRA,jira,project,2024-05_to_2024-08,2024-05,2024-08,OpenStack Strategy,11,0,0.000000
JIRA,jira,project,2024-05_to_2024-08,2024-05,2024-08,OpenStack as Infra,132,4,0.030303
JIRA,jira,project,2024-05_to_2024-08,2024-05,2024-08,OpenWebBeans,4,1,0.250000
JIRA,jira,project,2024-05_to_2024-08,2024-05,2024-08,Openmeetings,1,0,0.000000
JIRA,jira,project,2024-05_to_2024-08,2024-05,2024-08,Openshift sandboxed containers,230,36,0.156522
JIRA,jira,project,2024-05_to_2024-08,2024-05,2024-08,Operator Ecosystem,26,0,0.000000
JIRA,jira,project,2024-05_to_2024-08,2024-05,2024-08,Operator Runtime,188,1,0.005319
JIRA,jira,project,2024-05_to_2024-08,2024-05,2024-08,Opsgenie,207,5,0.024155
JIRA,jira,project,2024-05_to_2024-08,2024-05,2024-08,OptaPlanner,1,0,0.000000
JIRA,jira,project,2024-05_to_2024-08,2024-05,2024-08,Origin Community Distribution of Kubernetes,15,0,0.000000
JIRA,jira,project,2024-05_to_2024-08,2024-05,2024-08,PDFBox,65,23,0.353846
JIRA,jira,project,2024-05_to_2024-08,2024-05,2024-08,PHP Driver: Extension,55,4,0.072727
JIRA,jira,project,2024-05_to_2024-08,2024-05,2024-08,PHP Driver: Library,22,1,0.045455
JIRA,jira,project,2024-05_to_2024-08,2024-05,2024-08,PHP ORMs,51,3,0.058824
JIRA,jira,project,2024-05_to_2024-08,2024-05,2024-08,Parquet,39,2,0.051282
JIRA,jira,project,2024-05_to_2024-08,2024-05,2024-08,Performance and Scale for AI Platforms,82,3,0.036585
JIRA,jira,project,2024-05_to_2024-08,2024-05,2024-08,Phoenix,89,12,0.134831
JIRA,jira,project,2024-05_to_2024-08,2024-05,2024-08,Pig,8,3,0.375000
JIRA,jira,project,2024-05_to_2024-08,2024-05,2024-08,Podling Suitable Names Search,2,0,0.000000
JIRA,jira,project,2024-05_to_2024-08,2024-05,2024-08,Product Technical Learning,583,30,0.051458
JIRA,jira,project,2024-05_to_2024-08,2024-05,2024-08,Proforma Server & Data Centre,13,1,0.076923
JIRA,jira,project,2024-05_to_2024-08,2024-05,2024-08,Project Quay,362,70,0.193370
JIRA,jira,project,2024-05_to_2024-08,2024-05,2024-08,Python Driver,228,60,0.263158
JIRA,jira,project,2024-05_to_2024-08,2024-05,2024-08,Python Integrations,59,13,0.220339
JIRA,jira,project,2024-05_to_2024-08,2024-05,2024-08,"Qbs (""Cubes"")",16,6,0.375000
JIRA,jira,project,2024-05_to_2024-08,2024-05,2024-08,Qpid,5,3,0.600000
JIRA,jira,project,2024-05_to_2024-08,2024-05,2024-08,Qpid Proton,27,3,0.111111
JIRA,jira,project,2024-05_to_2024-08,2024-05,2024-08,Qt,2819,794,0.281660
JIRA,jira,project,2024-05_to_2024-08,2024-05,2024-08,Qt 3D Studio,2,0,0.000000
JIRA,jira,project,2024-05_to_2024-08,2024-05,2024-08,Qt Creator,568,86,0.151408
JIRA,jira,project,2024-05_to_2024-08,2024-05,2024-08,Qt Design Studio,697,31,0.044476
JIRA,jira,project,2024-05_to_2024-08,2024-05,2024-08,Qt Installer Framework,116,9,0.077586
JIRA,jira,project,2024-05_to_2024-08,2024-05,2024-08,Qt Project Website,16,2,0.125000
JIRA,jira,project,2024-05_to_2024-08,2024-05,2024-08,Qt Quality Assurance Infrastructure,201,28,0.139303
JIRA,jira,project,2024-05_to_2024-08,2024-05,2024-08,Qt Tools for Android,99,9,0.090909
JIRA,jira,project,2024-05_to_2024-08,2024-05,2024-08,Qt Visual Studio Tools,19,2,0.105263
JIRA,jira,project,2024-05_to_2024-08,2024-05,2024-08,Qt WebBrowser,1,0,0.000000
JIRA,jira,project,2024-05_to_2024-08,2024-05,2024-08,Qt for Python,132,54,0.409091
JIRA,jira,project,2024-05_to_2024-08,2024-05,2024-08,Quarkus,148,14,0.094595
JIRA,jira,project,2024-05_to_2024-08,2024-05,2024-08,Quarkus Documentation,159,2,0.012579
JIRA,jira,project,2024-05_to_2024-08,2024-05,2024-08,Quick Reload,2,0,0.000000
JIRA,jira,project,2024-05_to_2024-08,2024-05,2024-08,RDO Project,56,4,0.071429
JIRA,jira,project,2024-05_to_2024-08,2024-05,2024-08,RESTEasy,41,6,0.146341
JIRA,jira,project,2024-05_to_2024-08,2024-05,2024-08,RH,11,2,0.181818
JIRA,jira,project,2024-05_to_2024-08,2024-05,2024-08,RH Developer Hub Planning,39,0,0.000000
JIRA,jira,project,2024-05_to_2024-08,2024-05,2024-08,RHEL,3303,1175,0.355737
JIRA,jira,project,2024-05_to_2024-08,2024-05,2024-08,RHEL Conversions,70,34,0.485714
JIRA,jira,project,2024-05_to_2024-08,2024-05,2024-08,RHEL Documentation,58,6,0.103448
JIRA,jira,project,2024-05_to_2024-08,2024-05,2024-08,RHEL Performance,1,0,0.000000
JIRA,jira,project,2024-05_to_2024-08,2024-05,2024-08,RHOS Request for Features,3,1,0.333333
JIRA,jira,project,2024-05_to_2024-08,2024-05,2024-08,Rampart,1,0,0.000000
JIRA,jira,project,2024-05_to_2024-08,2024-05,2024-08,Ranger,138,30,0.217391
JIRA,jira,project,2024-05_to_2024-08,2024-05,2024-08,Ratis,78,25,0.320513
JIRA,jira,project,2024-05_to_2024-08,2024-05,2024-08,Red Hat 3scale API Management,132,20,0.151515
JIRA,jira,project,2024-05_to_2024-08,2024-05,2024-08,Red Hat Advanced Cluster Management,1367,133,0.097293
JIRA,jira,project,2024-05_to_2024-08,2024-05,2024-08,Red Hat Advanced Cluster Security,5,0,0.000000
JIRA,jira,project,2024-05_to_2024-08,2024-05,2024-08,Red Hat Build of Apache Camel for Quarkus,35,0,0.000000
JIRA,jira,project,2024-05_to_2024-08,2024-05,2024-08,Red Hat Data Grid,93,30,0.322581
JIRA,jira,project,2024-05_to_2024-08,2024-05,2024-08,Red Hat Decision Manager,4,2,0.500000
JIRA,jira,project,2024-05_to_2024-08,2024-05,2024-08,Red Hat Developer Hub Bugs,253,62,0.245059
JIRA,jira,project,2024-05_to_2024-08,2024-05,2024-08,Red Hat Directory Server,12,5,0.416667
JIRA,jira,project,2024-05_to_2024-08,2024-05,2024-08,Red Hat Fuse,217,4,0.018433
JIRA,jira,project,2024-05_to_2024-08,2024-05,2024-08,Red Hat Insights Engineering,34,4,0.117647
JIRA,jira,project,2024-05_to_2024-08,2024-05,2024-08,Red Hat Insights Strategy,7,0,0.000000
JIRA,jira,project,2024-05_to_2024-08,2024-05,2024-08,Red Hat Internal Developer Platform,687,21,0.030568
JIRA,jira,project,2024-05_to_2024-08,2024-05,2024-08,Red Hat Offline Knowledge Portal,1,0,0.000000
JIRA,jira,project,2024-05_to_2024-08,2024-05,2024-08,Red Hat OpenShift Control Planes,1,0,0.000000
JIRA,jira,project,2024-05_to_2024-08,2024-05,2024-08,Red Hat OpenShift Data Science,5,0,0.000000
JIRA,jira,project,2024-05_to_2024-08,2024-05,2024-08,Red Hat OpenShift Dev Spaces (formerly CodeReady Workspaces),182,26,0.142857
JIRA,jira,project,2024-05_to_2024-08,2024-05,2024-08,Red Hat OpenStack Services on OpenShift,1324,206,0.155589
JIRA,jira,project,2024-05_to_2024-08,2024-05,2024-08,Red Hat Process Automation Manager,16,1,0.062500
JIRA,jira,project,2024-05_to_2024-08,2024-05,2024-08,Red Hat Service Interconnect (Skupper),86,9,0.104651
JIRA,jira,project,2024-05_to_2024-08,2024-05,2024-08,Red Hat Workload Availability,5,2,0.400000
JIRA,jira,project,2024-05_to_2024-08,2024-05,2024-08,Red Hat build of Apache Camel,7,1,0.142857
JIRA,jira,project,2024-05_to_2024-08,2024-05,2024-08,Red Hat build of Apache Camel for Spring Boot,79,3,0.037975
JIRA,jira,project,2024-05_to_2024-08,2024-05,2024-08,Red Hat build of Keycloak,73,18,0.246575
JIRA,jira,project,2024-05_to_2024-08,2024-05,2024-08,Rovo,4,1,0.250000
JIRA,jira,project,2024-05_to_2024-08,2024-05,2024-08,Ruby Driver,53,6,0.113208
JIRA,jira,project,2024-05_to_2024-08,2024-05,2024-08,Rust Driver,82,3,0.036585
JIRA,jira,project,2024-05_to_2024-08,2024-05,2024-08,S2U UNIDIGITAL 2023,2,0,0.000000
JIRA,jira,project,2024-05_to_2024-08,2024-05,2024-08,SAML for Atlassian Data Center,2,1,0.500000
JIRA,jira,project,2024-05_to_2024-08,2024-05,2024-08,Sakai,390,64,0.164103
JIRA,jira,project,2024-05_to_2024-08,2024-05,2024-08,Samza,2,0,0.000000
JIRA,jira,project,2024-05_to_2024-08,2024-05,2024-08,Santuario,4,1,0.250000
JIRA,jira,project,2024-05_to_2024-08,2024-05,2024-08,Satellite,1322,241,0.182300
JIRA,jira,project,2024-05_to_2024-08,2024-05,2024-08,Security Data,5,0,0.000000
JIRA,jira,project,2024-05_to_2024-08,2024-05,2024-08,Server Deployments and Scale,8,1,0.125000
JIRA,jira,project,2024-05_to_2024-08,2024-05,2024-08,Server Platform Frontend,4,2,0.500000
JIRA,jira,project,2024-05_to_2024-08,2024-05,2024-08,Serverless logic,80,10,0.125000
JIRA,jira,project,2024-05_to_2024-08,2024-05,2024-08,ServiceMix,43,1,0.023256
JIRA,jira,project,2024-05_to_2024-08,2024-05,2024-08,ShrinkWrap,19,0,0.000000
JIRA,jira,project,2024-05_to_2024-08,2024-05,2024-08,ShrinkWrap Resolvers,11,1,0.090909
JIRA,jira,project,2024-05_to_2024-08,2024-05,2024-08,Sidecar for Apache Cassandra,18,1,0.055556
JIRA,jira,project,2024-05_to_2024-08,2024-05,2024-08,Sling,107,11,0.102804
JIRA,jira,project,2024-05_to_2024-08,2024-05,2024-08,Solr,170,33,0.194118
JIRA,jira,project,2024-05_to_2024-08,2024-05,2024-08,Sourcetree For Mac,33,5,0.151515
JIRA,jira,project,2024-05_to_2024-08,2024-05,2024-08,Sourcetree for Windows,29,7,0.241379
JIRA,jira,project,2024-05_to_2024-08,2024-05,2024-08,Spark,1413,109,0.077141
JIRA,jira,project,2024-05_to_2024-08,2024-05,2024-08,Spark Connector,8,3,0.375000
JIRA,jira,project,2024-05_to_2024-08,2024-05,2024-08,Spatial Information Systems,4,0,0.000000
JIRA,jira,project,2024-05_to_2024-08,2024-05,2024-08,Statuspage,28,3,0.107143
JIRA,jira,project,2024-05_to_2024-08,2024-05,2024-08,Streams for Apache Kafka Console,20,0,0.000000
JIRA,jira,project,2024-05_to_2024-08,2024-05,2024-08,Struts 2,36,7,0.194444
JIRA,jira,project,2024-05_to_2024-08,2024-05,2024-08,Subscription Watch,107,13,0.121495
JIRA,jira,project,2024-05_to_2024-08,2024-05,2024-08,Syncope,9,0,0.000000
JIRA,jira,project,2024-05_to_2024-08,2024-05,2024-08,SystemDS,42,10,0.238095
JIRA,jira,project,2024-05_to_2024-08,2024-05,2024-08,TEST Defect Tracking Project,30,8,0.266667
JIRA,jira,project,2024-05_to_2024-08,2024-05,2024-08,TRELLO,344,4,0.011628
JIRA,jira,project,2024-05_to_2024-08,2024-05,2024-08,Tapestry 5,11,8,0.727273
JIRA,jira,project,2024-05_to_2024-08,2024-05,2024-08,Thrift,32,9,0.281250
JIRA,jira,project,2024-05_to_2024-08,2024-05,2024-08,Tika,55,7,0.127273
JIRA,jira,project,2024-05_to_2024-08,2024-05,2024-08,TinkerPop,32,7,0.218750
JIRA,jira,project,2024-05_to_2024-08,2024-05,2024-08,TomEE,59,8,0.135593
JIRA,jira,project,2024-05_to_2024-08,2024-05,2024-08,Tools (JBoss Tools),37,4,0.108108
JIRA,jira,project,2024-05_to_2024-08,2024-05,2024-08,Undertow,41,14,0.341463
JIRA,jira,project,2024-05_to_2024-08,2024-05,2024-08,VS Code Extension,69,3,0.043478
JIRA,jira,project,2024-05_to_2024-08,2024-05,2024-08,Velocity,3,0,0.000000
JIRA,jira,project,2024-05_to_2024-08,2024-05,2024-08,Velocity Tools,1,0,0.000000
JIRA,jira,project,2024-05_to_2024-08,2024-05,2024-08,Virtualization Strategy,11,1,0.090909
JIRA,jira,project,2024-05_to_2024-08,2024-05,2024-08,Visual Design,16,0,0.000000
JIRA,jira,project,2024-05_to_2024-08,2024-05,2024-08,Visual Studio,28,1,0.035714
JIRA,jira,project,2024-05_to_2024-08,2024-05,2024-08,WINDUP ,22,4,0.181818
JIRA,jira,project,2024-05_to_2024-08,2024-05,2024-08,WINDUPRULE ,2,0,0.000000
JIRA,jira,project,2024-05_to_2024-08,2024-05,2024-08,WSS4J,2,0,0.000000
JIRA,jira,project,2024-05_to_2024-08,2024-05,2024-08,Web Terminal for OpenShift,19,1,0.052632
JIRA,jira,project,2024-05_to_2024-08,2024-05,2024-08,Weld,9,3,0.333333
JIRA,jira,project,2024-05_to_2024-08,2024-05,2024-08,Whimsy,4,1,0.250000
JIRA,jira,project,2024-05_to_2024-08,2024-05,2024-08,Wicket,13,2,0.153846
JIRA,jira,project,2024-05_to_2024-08,2024-05,2024-08,WildFly,366,49,0.133880
JIRA,jira,project,2024-05_to_2024-08,2024-05,2024-08,WildFly Arquillian,16,2,0.125000
JIRA,jira,project,2024-05_to_2024-08,2024-05,2024-08,WildFly Core,150,13,0.086667
JIRA,jira,project,2024-05_to_2024-08,2024-05,2024-08,WildFly EJB HTTP Client,6,0,0.000000
JIRA,jira,project,2024-05_to_2024-08,2024-05,2024-08,WildFly Elytron,41,5,0.121951
JIRA,jira,project,2024-05_to_2024-08,2024-05,2024-08,WildFly Maven Plugin,15,2,0.133333
JIRA,jira,project,2024-05_to_2024-08,2024-05,2024-08,WildFly OpenSSL,2,1,0.500000
JIRA,jira,project,2024-05_to_2024-08,2024-05,2024-08,WildFly OpenSSL Natives,2,0,0.000000
JIRA,jira,project,2024-05_to_2024-08,2024-05,2024-08,WiredTiger,551,145,0.263158
JIRA,jira,project,2024-05_to_2024-08,2024-05,2024-08,XBean,1,0,0.000000
JIRA,jira,project,2024-05_to_2024-08,2024-05,2024-08,XMLBeans,4,0,0.000000
JIRA,jira,project,2024-05_to_2024-08,2024-05,2024-08,XMLGraphicsCommons,1,0,0.000000
JIRA,jira,project,2024-05_to_2024-08,2024-05,2024-08,XNIO,3,0,0.000000
JIRA,jira,project,2024-05_to_2024-08,2024-05,2024-08,Xerces,4,1,0.250000
JIRA,jira,project,2024-05_to_2024-08,2024-05,2024-08,Xerces2,2,1,0.500000
JIRA,jira,project,2024-05_to_2024-08,2024-05,2024-08,Zeppelin,52,7,0.134615
JIRA,jira,project,2024-05_to_2024-08,2024-05,2024-08,ZooKeeper,22,8,0.363636
JIRA,jira,project,2024-05_to_2024-08,2024-05,2024-08,anaconda installer,47,3,0.063830
JIRA,jira,project,2024-05_to_2024-08,2024-05,2024-08,atlassian,1,0,0.000000
JIRA,jira,project,2024-05_to_2024-08,2024-05,2024-08,jBPM,11,4,0.363636
JIRA,jira,project,2024-05_to_2024-08,2024-05,2024-08,jclouds (Retired) (Retired),1,1,1.000000
JIRA,jira,project,2024-05_to_2024-08,2024-05,2024-08,mod_cluster,10,0,0.000000
JIRA,jira,project,2024-05_to_2024-08,2024-05,2024-08,repository.jboss.org/nexus,15,1,0.066667
JIRA,jira,project,2024-09_to_2024-12,2024-09,2024-12,AI Platform Core Components,40,4,0.100000
JIRA,jira,project,2024-09_to_2024-12,2024-09,2024-12,AMQ Broker,123,21,0.170732
JIRA,jira,project,2024-09_to_2024-12,2024-09,2024-12,AMQ Clients,4,0,0.000000
JIRA,jira,project,2024-09_to_2024-12,2024-09,2024-12,AMQ Documentation,4,0,0.000000
JIRA,jira,project,2024-09_to_2024-12,2024-09,2024-12,AMQ Streams,90,8,0.088889
JIRA,jira,project,2024-09_to_2024-12,2024-09,2024-12,AMQ Streams Flink,111,14,0.126126
JIRA,jira,project,2024-09_to_2024-12,2024-09,2024-12,AMQ Streams Kafka Proxy,2,0,0.000000
JIRA,jira,project,2024-09_to_2024-12,2024-09,2024-12,APISIX,1,0,0.000000
JIRA,jira,project,2024-09_to_2024-12,2024-09,2024-12,ActiveMQ (Read,72,10,0.138889
JIRA,jira,project,2024-09_to_2024-12,2024-09,2024-12,ActiveMQ .Net,1,0,0.000000
JIRA,jira,project,2024-09_to_2024-12,2024-09,2024-12,ActiveMQ C++ Client,1,0,0.000000
JIRA,jira,project,2024-09_to_2024-12,2024-09,2024-12,ActiveObjects,2,0,0.000000
JIRA,jira,project,2024-09_to_2024-12,2024-09,2024-12,Admin Experience,102,4,0.039216
JIRA,jira,project,2024-09_to_2024-12,2024-09,2024-12,AeroGear,1,0,0.000000
JIRA,jira,project,2024-09_to_2024-12,2024-09,2024-12,Agent,97,1,0.010309
JIRA,jira,project,2024-09_to_2024-12,2024-09,2024-12,Airavata,2,1,0.500000
JIRA,jira,project,2024-09_to_2024-12,2024-09,2024-12,Ambari,151,23,0.152318
JIRA,jira,project,2024-09_to_2024-12,2024-09,2024-12,Analytics,58,1,0.017241
JIRA,jira,project,2024-09_to_2024-12,2024-09,2024-12,Ansible Automation Platform RFEs,202,12,0.059406
JIRA,jira,project,2024-09_to_2024-12,2024-09,2024-12,Ansible Strategy,3,0,0.000000
JIRA,jira,project,2024-09_to_2024-12,2024-09,2024-12,Apache AsterixDB,45,2,0.044444
JIRA,jira,project,2024-09_to_2024-12,2024-09,2024-12,Apache Avro,59,13,0.220339
JIRA,jira,project,2024-09_to_2024-12,2024-09,2024-12,Apache Cassandra,267,92,0.344569
JIRA,jira,project,2024-09_to_2024-12,2024-09,2024-12,Apache Cassandra Analytics,4,0,0.000000
JIRA,jira,project,2024-09_to_2024-12,2024-09,2024-12,Apache Cassandra Go driver,39,1,0.025641
JIRA,jira,project,2024-09_to_2024-12,2024-09,2024-12,Apache Cassandra Java driver,29,5,0.172414
JIRA,jira,project,2024-09_to_2024-12,2024-09,2024-12,Apache Celeborn,231,18,0.077922
JIRA,jira,project,2024-09_to_2024-12,2024-09,2024-12,Apache Cloudberry,1,0,0.000000
JIRA,jira,project,2024-09_to_2024-12,2024-09,2024-12,Apache Curator,13,5,0.384615
JIRA,jira,project,2024-09_to_2024-12,2024-09,2024-12,Apache Drill,7,6,0.857143
JIRA,jira,project,2024-09_to_2024-12,2024-09,2024-12,Apache Fineract,32,2,0.062500
JIRA,jira,project,2024-09_to_2024-12,2024-09,2024-12,Apache Freemarker,1,0,0.000000
JIRA,jira,project,2024-09_to_2024-12,2024-09,2024-12,Apache Gluten (incubating),2,0,0.000000
JIRA,jira,project,2024-09_to_2024-12,2024-09,2024-12,Apache Gobblin,39,2,0.051282
JIRA,jira,project,2024-09_to_2024-12,2024-09,2024-12,Apache Hudi,644,51,0.079193
JIRA,jira,project,2024-09_to_2024-12,2024-09,2024-12,Apache IoTDB,5,0,0.000000
JIRA,jira,project,2024-09_to_2024-12,2024-09,2024-12,Apache Jena,2,2,1.000000
JIRA,jira,project,2024-09_to_2024-12,2024-09,2024-12,Apache Knox,16,1,0.062500
JIRA,jira,project,2024-09_to_2024-12,2024-09,2024-12,Apache NiFi,424,49,0.115566
JIRA,jira,project,2024-09_to_2024-12,2024-09,2024-12,Apache NiFi MiNiFi C++,56,6,0.107143
JIRA,jira,project,2024-09_to_2024-12,2024-09,2024-12,Apache Otava (incubating),2,0,0.000000
JIRA,jira,project,2024-09_to_2024-12,2024-09,2024-12,Apache Ozone,599,106,0.176962
JIRA,jira,project,2024-09_to_2024-12,2024-09,2024-12,Apache RAT,74,2,0.027027
JIRA,jira,project,2024-09_to_2024-12,2024-09,2024-12,Apache Science Data Analytics Platform,7,0,0.000000
JIRA,jira,project,2024-09_to_2024-12,2024-09,2024-12,Apache Sedona,40,3,0.075000
JIRA,jira,project,2024-09_to_2024-12,2024-09,2024-12,Apache ServiceComb,3,0,0.000000
JIRA,jira,project,2024-09_to_2024-12,2024-09,2024-12,Apache Storm,63,1,0.015873
JIRA,jira,project,2024-09_to_2024-12,2024-09,2024-12,Apache Tentacles,1,1,1.000000
JIRA,jira,project,2024-09_to_2024-12,2024-09,2024-12,Apache Tez,20,6,0.300000
JIRA,jira,project,2024-09_to_2024-12,2024-09,2024-12,Apache Unomi,18,1,0.055556
JIRA,jira,project,2024-09_to_2024-12,2024-09,2024-12,Apache Wayang,1,0,0.000000
JIRA,jira,project,2024-09_to_2024-12,2024-09,2024-12,Apache Whisker,3,2,0.666667
JIRA,jira,project,2024-09_to_2024-12,2024-09,2024-12,Apache YuniKorn,156,11,0.070513
JIRA,jira,project,2024-09_to_2024-12,2024-09,2024-12,Apicurio Product Team,1,0,0.000000
JIRA,jira,project,2024-09_to_2024-12,2024-09,2024-12,Application Links,1,0,0.000000
JIRA,jira,project,2024-09_to_2024-12,2024-09,2024-12,Aries,4,1,0.250000
JIRA,jira,project,2024-09_to_2024-12,2024-09,2024-12,Artemis,200,25,0.125000
JIRA,jira,project,2024-09_to_2024-12,2024-09,2024-12,Atlas,83,11,0.132530
JIRA,jira,project,2024-09_to_2024-12,2024-09,2024-12,Atlas SQL,8,1,0.125000
JIRA,jira,project,2024-09_to_2024-12,2024-09,2024-12,Atlassian Cloud,127,13,0.102362
JIRA,jira,project,2024-09_to_2024-12,2024-09,2024-12,Atlassian Connect in Jira Cloud,3,2,0.666667
JIRA,jira,project,2024-09_to_2024-12,2024-09,2024-12,Atlassian Dark Feature Plugin,2,0,0.000000
JIRA,jira,project,2024-09_to_2024-12,2024-09,2024-12,Atlassian Developer Toolbox,1,0,0.000000
JIRA,jira,project,2024-09_to_2024-12,2024-09,2024-12,Atlassian Ecosystem,155,10,0.064516
JIRA,jira,project,2024-09_to_2024-12,2024-09,2024-12,Atlassian Guard,85,4,0.047059
JIRA,jira,project,2024-09_to_2024-12,2024-09,2024-12,Atlassian Intelligence,61,3,0.049180
JIRA,jira,project,2024-09_to_2024-12,2024-09,2024-12,Atlassian Internationalization,42,14,0.333333
JIRA,jira,project,2024-09_to_2024-12,2024-09,2024-12,Atlassian Marketplace,29,0,0.000000
JIRA,jira,project,2024-09_to_2024-12,2024-09,2024-12,Atlassian Maven Plugin Suite,10,0,0.000000
JIRA,jira,project,2024-09_to_2024-12,2024-09,2024-12,Atlassian OAuth 2.0,1,0,0.000000
JIRA,jira,project,2024-09_to_2024-12,2024-09,2024-12,Atlassian Plugin SDK,1,1,1.000000
JIRA,jira,project,2024-09_to_2024-12,2024-09,2024-12,Atlassian Product Integrations,15,2,0.133333
JIRA,jira,project,2024-09_to_2024-12,2024-09,2024-12,Atlassian Troubleshooting & Support Tools Plugin,5,0,0.000000
JIRA,jira,project,2024-09_to_2024-12,2024-09,2024-12,Atlassian User Interface,5,0,0.000000
JIRA,jira,project,2024-09_to_2024-12,2024-09,2024-12,Attic,1,0,0.000000
JIRA,jira,project,2024-09_to_2024-12,2024-09,2024-12,Automation for Cloud,137,11,0.080292
JIRA,jira,project,2024-09_to_2024-12,2024-09,2024-12,Automation for Jira Server,29,3,0.103448
JIRA,jira,project,2024-09_to_2024-12,2024-09,2024-12,Axiom,1,0,0.000000
JIRA,jira,project,2024-09_to_2024-12,2024-09,2024-12,Axis2,4,2,0.500000
JIRA,jira,project,2024-09_to_2024-12,2024-09,2024-12,Bamboo Data Center,92,28,0.304348
JIRA,jira,project,2024-09_to_2024-12,2024-09,2024-12,Batik,7,2,0.285714
JIRA,jira,project,2024-09_to_2024-12,2024-09,2024-12,Bigtop,102,9,0.088235
JIRA,jira,project,2024-09_to_2024-12,2024-09,2024-12,Bitbucket Cloud,141,8,0.056738
JIRA,jira,project,2024-09_to_2024-12,2024-09,2024-12,Bitbucket Data Center,180,23,0.127778
JIRA,jira,project,2024-09_to_2024-12,2024-09,2024-12,Byteman,2,1,0.500000
JIRA,jira,project,2024-09_to_2024-12,2024-09,2024-12,C Driver,141,9,0.063830
JIRA,jira,project,2024-09_to_2024-12,2024-09,2024-12,C# Driver,190,25,0.131579
JIRA,jira,project,2024-09_to_2024-12,2024-09,2024-12,C++ Driver,100,3,0.030000
JIRA,jira,project,2024-09_to_2024-12,2024-09,2024-12,CCS documentation feedback,4,1,0.250000
JIRA,jira,project,2024-09_to_2024-12,2024-09,2024-12,CPE Infrastructure,381,62,0.162730
JIRA,jira,project,2024-09_to_2024-12,2024-09,2024-12,CXF,43,16,0.372093
JIRA,jira,project,2024-09_to_2024-12,2024-09,2024-12,CXF XJC Utils,1,0,0.000000
JIRA,jira,project,2024-09_to_2024-12,2024-09,2024-12,Calcite,200,36,0.180000
JIRA,jira,project,2024-09_to_2024-12,2024-09,2024-12,Camel,431,81,0.187935
JIRA,jira,project,2024-09_to_2024-12,2024-09,2024-12,Causeway,30,2,0.066667
JIRA,jira,project,2024-09_to_2024-12,2024-09,2024-12,Cayenne,6,0,0.000000
JIRA,jira,project,2024-09_to_2024-12,2024-09,2024-12,CentOS Stream Pipeline,101,20,0.198020
JIRA,jira,project,2024-09_to_2024-12,2024-09,2024-12,Cert Manager support for Red Hat OpenShift,27,4,0.148148
JIRA,jira,project,2024-09_to_2024-12,2024-09,2024-12,Certification Partner Experience Public,20,0,0.000000
JIRA,jira,project,2024-09_to_2024-12,2024-09,2024-12,Clair,27,4,0.148148
JIRA,jira,project,2024-09_to_2024-12,2024-09,2024-12,Cloud Enablement,10,1,0.100000
JIRA,jira,project,2024-09_to_2024-12,2024-09,2024-12,Cloud Infrastructure Security & Compliance,96,9,0.093750
JIRA,jira,project,2024-09_to_2024-12,2024-09,2024-12,Cluster Integration and Delivery,62,3,0.048387
JIRA,jira,project,2024-09_to_2024-12,2024-09,2024-12,Cluster Observability Operator,203,27,0.133005
JIRA,jira,project,2024-09_to_2024-12,2024-09,2024-12,Cockpit,40,1,0.025000
JIRA,jira,project,2024-09_to_2024-12,2024-09,2024-12,Coin,27,4,0.148148
JIRA,jira,project,2024-09_to_2024-12,2024-09,2024-12,Commerce,14,1,0.071429
JIRA,jira,project,2024-09_to_2024-12,2024-09,2024-12,Commons BCEL,2,2,1.000000
JIRA,jira,project,2024-09_to_2024-12,2024-09,2024-12,Commons BeanUtils,4,0,0.000000
JIRA,jira,project,2024-09_to_2024-12,2024-09,2024-12,Commons CLI,3,0,0.000000
JIRA,jira,project,2024-09_to_2024-12,2024-09,2024-12,Commons CSV,4,3,0.750000
JIRA,jira,project,2024-09_to_2024-12,2024-09,2024-12,Commons Codec,1,1,1.000000
JIRA,jira,project,2024-09_to_2024-12,2024-09,2024-12,Commons Collections,8,0,0.000000
JIRA,jira,project,2024-09_to_2024-12,2024-09,2024-12,Commons Compress,5,1,0.200000
JIRA,jira,project,2024-09_to_2024-12,2024-09,2024-12,Commons DBCP,1,1,1.000000
JIRA,jira,project,2024-09_to_2024-12,2024-09,2024-12,Commons Daemon,2,2,1.000000
JIRA,jira,project,2024-09_to_2024-12,2024-09,2024-12,Commons Exec,1,0,0.000000
JIRA,jira,project,2024-09_to_2024-12,2024-09,2024-12,Commons FileUpload,2,0,0.000000
JIRA,jira,project,2024-09_to_2024-12,2024-09,2024-12,Commons IO,6,2,0.333333
JIRA,jira,project,2024-09_to_2024-12,2024-09,2024-12,Commons Imaging,1,1,1.000000
JIRA,jira,project,2024-09_to_2024-12,2024-09,2024-12,Commons JEXL,8,3,0.375000
JIRA,jira,project,2024-09_to_2024-12,2024-09,2024-12,Commons Lang,10,3,0.300000
JIRA,jira,project,2024-09_to_2024-12,2024-09,2024-12,Commons Logging,1,0,0.000000
JIRA,jira,project,2024-09_to_2024-12,2024-09,2024-12,Commons Math,5,0,0.000000
JIRA,jira,project,2024-09_to_2024-12,2024-09,2024-12,Commons Net,2,0,0.000000
JIRA,jira,project,2024-09_to_2024-12,2024-09,2024-12,Commons Pool,2,1,0.500000
JIRA,jira,project,2024-09_to_2024-12,2024-09,2024-12,Commons Validator,4,0,0.000000
JIRA,jira,project,2024-09_to_2024-12,2024-09,2024-12,Community Development,10,0,0.000000
JIRA,jira,project,2024-09_to_2024-12,2024-09,2024-12,Community Linux Engineering,1,0,0.000000
JIRA,jira,project,2024-09_to_2024-12,2024-09,2024-12,Compass,393,110,0.279898
JIRA,jira,project,2024-09_to_2024-12,2024-09,2024-12,Confluence Cloud,825,42,0.050909
JIRA,jira,project,2024-09_to_2024-12,2024-09,2024-12,Confluence Data Center,451,35,0.077605
JIRA,jira,project,2024-09_to_2024-12,2024-09,2024-12,Connectivity Link,4,0,0.000000
JIRA,jira,project,2024-09_to_2024-12,2024-09,2024-12,Container Tools,133,21,0.157895
JIRA,jira,project,2024-09_to_2024-12,2024-09,2024-12,Content Gateway,14,0,0.000000
JIRA,jira,project,2024-09_to_2024-12,2024-09,2024-12,Contrib: Evaluation System,1,0,0.000000
JIRA,jira,project,2024-09_to_2024-12,2024-09,2024-12,Core Server,4395,442,0.100569
JIRA,jira,project,2024-09_to_2024-12,2024-09,2024-12,CoreOS OCP,188,21,0.111702
JIRA,jira,project,2024-09_to_2024-12,2024-09,2024-12,Cost Management,21,0,0.000000
JIRA,jira,project,2024-09_to_2024-12,2024-09,2024-12,Crowd Data Center,25,3,0.120000
JIRA,jira,project,2024-09_to_2024-12,2024-09,2024-12,Crucible,7,2,0.285714
JIRA,jira,project,2024-09_to_2024-12,2024-09,2024-12,Daffodil,42,11,0.261905
JIRA,jira,project,2024-09_to_2024-12,2024-09,2024-12,Data Foundation Bugs,222,92,0.414414
JIRA,jira,project,2024-09_to_2024-12,2024-09,2024-12,DataFu,3,0,0.000000
JIRA,jira,project,2024-09_to_2024-12,2024-09,2024-12,Debezium,338,91,0.269231
JIRA,jira,project,2024-09_to_2024-12,2024-09,2024-12,Derby (Retired),5,4,0.800000
JIRA,jira,project,2024-09_to_2024-12,2024-09,2024-12,Directory ApacheDS,5,1,0.200000
JIRA,jira,project,2024-09_to_2024-12,2024-09,2024-12,Directory Client API,15,0,0.000000
JIRA,jira,project,2024-09_to_2024-12,2024-09,2024-12,Directory Kerberos,1,0,0.000000
JIRA,jira,project,2024-09_to_2024-12,2024-09,2024-12,Directory Studio,2,1,0.500000
JIRA,jira,project,2024-09_to_2024-12,2024-09,2024-12,Distributed Tracing,228,24,0.105263
JIRA,jira,project,2024-09_to_2024-12,2024-09,2024-12,Docs for Red Hat Developers,69,0,0.000000
JIRA,jira,project,2024-09_to_2024-12,2024-09,2024-12,Drivers,76,9,0.118421
JIRA,jira,project,2024-09_to_2024-12,2024-09,2024-12,Drools,13,3,0.230769
JIRA,jira,project,2024-09_to_2024-12,2024-09,2024-12,EAP Documentation,29,0,0.000000
JIRA,jira,project,2024-09_to_2024-12,2024-09,2024-12,EJB Client Library (AS7+),2,1,0.500000
JIRA,jira,project,2024-09_to_2024-12,2024-09,2024-12,Elytron Web,1,0,0.000000
JIRA,jira,project,2024-09_to_2024-12,2024-09,2024-12,Empire,17,0,0.000000
JIRA,jira,project,2024-09_to_2024-12,2024-09,2024-12,Entity Framework,21,5,0.238095
JIRA,jira,project,2024-09_to_2024-12,2024-09,2024-12,Extension for Hibernate ORM,36,1,0.027778
JIRA,jira,project,2024-09_to_2024-12,2024-09,2024-12,External Secrets Operator for Red Hat OpenShift,9,0,0.000000
JIRA,jira,project,2024-09_to_2024-12,2024-09,2024-12,FOP,23,4,0.173913
JIRA,jira,project,2024-09_to_2024-12,2024-09,2024-12,Fake Leaks,1,0,0.000000
JIRA,jira,project,2024-09_to_2024-12,2024-09,2024-12,Fast Datapath Product,203,41,0.201970
JIRA,jira,project,2024-09_to_2024-12,2024-09,2024-12,Fedora,104,48,0.461538
JIRA,jira,project,2024-09_to_2024-12,2024-09,2024-12,Felix,24,8,0.333333
JIRA,jira,project,2024-09_to_2024-12,2024-09,2024-12,FishEye,7,1,0.142857
JIRA,jira,project,2024-09_to_2024-12,2024-09,2024-12,FlightPath,330,26,0.078788
JIRA,jira,project,2024-09_to_2024-12,2024-09,2024-12,Flink,791,127,0.160556
JIRA,jira,project,2024-09_to_2024-12,2024-09,2024-12,Forge,116,9,0.077586
JIRA,jira,project,2024-09_to_2024-12,2024-09,2024-12,Gav Testing,1,0,0.000000
JIRA,jira,project,2024-09_to_2024-12,2024-09,2024-12,Geode,2,0,0.000000
JIRA,jira,project,2024-09_to_2024-12,2024-09,2024-12,Go Driver,114,15,0.131579
JIRA,jira,project,2024-09_to_2024-12,2024-09,2024-12,Groovy,82,24,0.292683
JIRA,jira,project,2024-09_to_2024-12,2024-09,2024-12,Guacamole,31,7,0.225806
JIRA,jira,project,2024-09_to_2024-12,2024-09,2024-12,HAL,11,1,0.090909
JIRA,jira,project,2024-09_to_2024-12,2024-09,2024-12,HBase,236,50,0.211864
JIRA,jira,project,2024-09_to_2024-12,2024-09,2024-12,Hadoop Common,119,80,0.672269
JIRA,jira,project,2024-09_to_2024-12,2024-09,2024-12,Hadoop HDFS,86,51,0.593023
JIRA,jira,project,2024-09_to_2024-12,2024-09,2024-12,Hadoop Map/Reduce,12,3,0.250000
JIRA,jira,project,2024-09_to_2024-12,2024-09,2024-12,Hadoop YARN,32,17,0.531250
JIRA,jira,project,2024-09_to_2024-12,2024-09,2024-12,HawtIO,28,2,0.071429
JIRA,jira,project,2024-09_to_2024-12,2024-09,2024-12,Hive,194,52,0.268041
JIRA,jira,project,2024-09_to_2024-12,2024-09,2024-12,HttpComponents HttpClient,11,5,0.454545
JIRA,jira,project,2024-09_to_2024-12,2024-09,2024-12,HttpComponents HttpCore,6,3,0.500000
JIRA,jira,project,2024-09_to_2024-12,2024-09,2024-12,Hybrid Cloud Console,837,26,0.031063
JIRA,jira,project,2024-09_to_2024-12,2024-09,2024-12,Hybrid Cloud Console Docs Feedback,7,0,0.000000
JIRA,jira,project,2024-09_to_2024-12,2024-09,2024-12,Hybrid Cloud Infrastructure Documentation,134,1,0.007463
JIRA,jira,project,2024-09_to_2024-12,2024-09,2024-12,IMPALA,289,82,0.283737
JIRA,jira,project,2024-09_to_2024-12,2024-09,2024-12,Identity,33,1,0.030303
JIRA,jira,project,2024-09_to_2024-12,2024-09,2024-12,Ignite,1028,212,0.206226
JIRA,jira,project,2024-09_to_2024-12,2024-09,2024-12,Incubator,1,0,0.000000
JIRA,jira,project,2024-09_to_2024-12,2024-09,2024-12,Infra Testy 33,1,0,0.000000
JIRA,jira,project,2024-09_to_2024-12,2024-09,2024-12,Insights Experiences,496,26,0.052419
JIRA,jira,project,2024-09_to_2024-12,2024-09,2024-12,Insights Rule Analysis Tool,3,1,0.333333
JIRA,jira,project,2024-09_to_2024-12,2024-09,2024-12,Intel IPU Collaboration,5,0,0.000000
JIRA,jira,project,2024-09_to_2024-12,2024-09,2024-12,IronJacamar,8,2,0.250000
JIRA,jira,project,2024-09_to_2024-12,2024-09,2024-12,Ivy,1,1,1.000000
JIRA,jira,project,2024-09_to_2024-12,2024-09,2024-12,JBeret,5,0,0.000000
JIRA,jira,project,2024-09_to_2024-12,2024-09,2024-12,JBoss A,1,1,1.000000
JIRA,jira,project,2024-09_to_2024-12,2024-09,2024-12,JBoss Core Services,25,2,0.080000
JIRA,jira,project,2024-09_to_2024-12,2024-09,2024-12,JBoss Enterprise Application Platform,316,63,0.199367
JIRA,jira,project,2024-09_to_2024-12,2024-09,2024-12,JBoss Log Manager,2,0,0.000000
JIRA,jira,project,2024-09_to_2024-12,2024-09,2024-12,JBoss Logging,2,1,0.500000
JIRA,jira,project,2024-09_to_2024-12,2024-09,2024-12,JBoss Marshalling,1,0,0.000000
JIRA,jira,project,2024-09_to_2024-12,2024-09,2024-12,JBoss Remoting (3+),4,0,0.000000
JIRA,jira,project,2024-09_to_2024-12,2024-09,2024-12,JBoss Server Migration Tool,4,0,0.000000
JIRA,jira,project,2024-09_to_2024-12,2024-09,2024-12,JBoss Transaction Manager,52,5,0.096154
JIRA,jira,project,2024-09_to_2024-12,2024-09,2024-12,JBoss VFS,1,0,0.000000
JIRA,jira,project,2024-09_to_2024-12,2024-09,2024-12,JBoss Web Server,30,3,0.100000
JIRA,jira,project,2024-09_to_2024-12,2024-09,2024-12,JBoss Web Services,8,2,0.250000
JIRA,jira,project,2024-09_to_2024-12,2024-09,2024-12,JDO,5,1,0.200000
JIRA,jira,project,2024-09_to_2024-12,2024-09,2024-12,JGroups,27,4,0.148148
JIRA,jira,project,2024-09_to_2024-12,2024-09,2024-12,JIRA Calendar Plugin,1,0,0.000000
JIRA,jira,project,2024-09_to_2024-12,2024-09,2024-12,JSPWiki,6,1,0.166667
JIRA,jira,project,2024-09_to_2024-12,2024-09,2024-12,Jackrabbit Content Repository,23,1,0.043478
JIRA,jira,project,2024-09_to_2024-12,2024-09,2024-12,Jackrabbit FileVault,11,2,0.181818
JIRA,jira,project,2024-09_to_2024-12,2024-09,2024-12,Jackrabbit Oak,265,50,0.188679
JIRA,jira,project,2024-09_to_2024-12,2024-09,2024-12,James Mime4j,1,1,1.000000
JIRA,jira,project,2024-09_to_2024-12,2024-09,2024-12,James Server,31,3,0.096774
JIRA,jira,project,2024-09_to_2024-12,2024-09,2024-12,James jSPF,1,0,0.000000
JIRA,jira,project,2024-09_to_2024-12,2024-09,2024-12,Java Driver,132,12,0.090909
JIRA,jira,project,2024-09_to_2024-12,2024-09,2024-12,Java Integrations & Frameworks,1,0,0.000000
JIRA,jira,project,2024-09_to_2024-12,2024-09,2024-12,Jira Align,391,13,0.033248
JIRA,jira,project,2024-09_to_2024-12,2024-09,2024-12,Jira Cloud,12,0,0.000000
JIRA,jira,project,2024-09_to_2024-12,2024-09,2024-12,Jira Data Center,293,46,0.156997
JIRA,jira,project,2024-09_to_2024-12,2024-09,2024-12,Jira Platform Cloud,1295,45,0.034749
JIRA,jira,project,2024-09_to_2024-12,2024-09,2024-12,Jira Service Management Cloud,758,39,0.051451
JIRA,jira,project,2024-09_to_2024-12,2024-09,2024-12,Jira Service Management Data Center,380,30,0.078947
JIRA,jira,project,2024-09_to_2024-12,2024-09,2024-12,Jira Software Data Center,92,13,0.141304
JIRA,jira,project,2024-09_to_2024-12,2024-09,2024-12,Jira Work Management Cloud,39,3,0.076923
JIRA,jira,project,2024-09_to_2024-12,2024-09,2024-12,Kafka,926,132,0.142549
JIRA,jira,project,2024-09_to_2024-12,2024-09,2024-12,Kafka Connector,8,2,0.250000
JIRA,jira,project,2024-09_to_2024-12,2024-09,2024-12,Karaf,40,6,0.150000
JIRA,jira,project,2024-09_to_2024-12,2024-09,2024-12,Knative Serving,39,2,0.051282
JIRA,jira,project,2024-09_to_2024-12,2024-09,2024-12,Kogito,1,1,1.000000
JIRA,jira,project,2024-09_to_2024-12,2024-09,2024-12,Konflux UI,147,2,0.013605
JIRA,jira,project,2024-09_to_2024-12,2024-09,2024-12,Kotlin BSON,1,0,0.000000
JIRA,jira,project,2024-09_to_2024-12,2024-09,2024-12,Kudu,23,11,0.478261
JIRA,jira,project,2024-09_to_2024-12,2024-09,2024-12,Kylin,25,1,0.040000
JIRA,jira,project,2024-09_to_2024-12,2024-09,2024-12,Legal Discuss,15,0,0.000000
JIRA,jira,project,2024-09_to_2024-12,2024-09,2024-12,Libmongocrypt,32,4,0.125000
JIRA,jira,project,2024-09_to_2024-12,2024-09,2024-12,Log4j 2,5,0,0.000000
JIRA,jira,project,2024-09_to_2024-12,2024-09,2024-12,Loom,1,0,0.000000
JIRA,jira,project,2024-09_to_2024-12,2024-09,2024-12,MINA,6,4,0.666667
JIRA,jira,project,2024-09_to_2024-12,2024-09,2024-12,Machine Config Operator,193,2,0.010363
JIRA,jira,project,2024-09_to_2024-12,2024-09,2024-12,Maistra,1,0,0.000000
JIRA,jira,project,2024-09_to_2024-12,2024-09,2024-12,Managed Service ,23,0,0.000000
JIRA,jira,project,2024-09_to_2024-12,2024-09,2024-12,ManifoldCF,6,1,0.166667
JIRA,jira,project,2024-09_to_2024-12,2024-09,2024-12,MariaDB ColumnStore,81,14,0.172840
JIRA,jira,project,2024-09_to_2024-12,2024-09,2024-12,MariaDB Connector/C,27,16,0.592593
JIRA,jira,project,2024-09_to_2024-12,2024-09,2024-12,MariaDB Connector/C++,2,1,0.500000
JIRA,jira,project,2024-09_to_2024-12,2024-09,2024-12,MariaDB Connector/J,24,9,0.375000
JIRA,jira,project,2024-09_to_2024-12,2024-09,2024-12,MariaDB Connector/ODBC,12,4,0.333333
JIRA,jira,project,2024-09_to_2024-12,2024-09,2024-12,MariaDB Connector/Python,7,5,0.714286
JIRA,jira,project,2024-09_to_2024-12,2024-09,2024-12,MariaDB Connector/R2DBC,5,0,0.000000
JIRA,jira,project,2024-09_to_2024-12,2024-09,2024-12,MariaDB Connector/node.js,7,0,0.000000
JIRA,jira,project,2024-09_to_2024-12,2024-09,2024-12,MariaDB Foundation Development,87,9,0.103448
JIRA,jira,project,2024-09_to_2024-12,2024-09,2024-12,MariaDB MaxScale,206,26,0.126214
JIRA,jira,project,2024-09_to_2024-12,2024-09,2024-12,MariaDB Server,874,539,0.616705
JIRA,jira,project,2024-09_to_2024-12,2024-09,2024-12,Marketplace Growth and Experiences,14,0,0.000000
JIRA,jira,project,2024-09_to_2024-12,2024-09,2024-12,Marvell DPU Collaboration,7,0,0.000000
JIRA,jira,project,2024-09_to_2024-12,2024-09,2024-12,Maven (Moved to GitHub Issues),234,58,0.247863
JIRA,jira,project,2024-09_to_2024-12,2024-09,2024-12,Maven Antrun Plugin (Moved to GitHub Issues),1,1,1.000000
JIRA,jira,project,2024-09_to_2024-12,2024-09,2024-12,Maven Archetype (Moved to GitHub Issues),19,8,0.421053
JIRA,jira,project,2024-09_to_2024-12,2024-09,2024-12,Maven Archetype Bundles (Moved to GitHub Issues),1,1,1.000000
JIRA,jira,project,2024-09_to_2024-12,2024-09,2024-12,Maven Artifact Plugin (Moved to GitHub Issues),12,3,0.250000
JIRA,jira,project,2024-09_to_2024-12,2024-09,2024-12,Maven Build Cache Extension (Moved to GitHub Issues),4,0,0.000000
JIRA,jira,project,2024-09_to_2024-12,2024-09,2024-12,Maven Changelog Plugin (Moved to GitHub Issues),3,0,0.000000
JIRA,jira,project,2024-09_to_2024-12,2024-09,2024-12,Maven Changes Plugin (Moved to GitHub Issues),41,6,0.146341
JIRA,jira,project,2024-09_to_2024-12,2024-09,2024-12,Maven Checkstyle Plugin (Moved to GitHub Issues),2,0,0.000000
JIRA,jira,project,2024-09_to_2024-12,2024-09,2024-12,Maven Clean Plugin (Moved to GitHub Issues),7,1,0.142857
JIRA,jira,project,2024-09_to_2024-12,2024-09,2024-12,Maven Compiler Plugin (Moved to GitHub Issues),6,2,0.333333
JIRA,jira,project,2024-09_to_2024-12,2024-09,2024-12,Maven DOAP Plugin (Moved to GitHub Issues),2,0,0.000000
JIRA,jira,project,2024-09_to_2024-12,2024-09,2024-12,Maven Dependency Plugin (Moved to GitHub Issues),19,6,0.315789
JIRA,jira,project,2024-09_to_2024-12,2024-09,2024-12,Maven Deploy Plugin (Moved to GitHub Issues),2,1,0.500000
JIRA,jira,project,2024-09_to_2024-12,2024-09,2024-12,Maven Doxia (Moved to GitHub Issues),27,3,0.111111
JIRA,jira,project,2024-09_to_2024-12,2024-09,2024-12,Maven Doxia Sitetools (Moved to GitHub Issues),10,1,0.100000
JIRA,jira,project,2024-09_to_2024-12,2024-09,2024-12,Maven Doxia Tools (Moved to GitHub Issues),5,2,0.400000
JIRA,jira,project,2024-09_to_2024-12,2024-09,2024-12,Maven EAR Plugin (Moved to GitHub Issues),2,1,0.500000
JIRA,jira,project,2024-09_to_2024-12,2024-09,2024-12,Maven Enforcer Plugin (Moved to GitHub Issues),6,2,0.333333
JIRA,jira,project,2024-09_to_2024-12,2024-09,2024-12,Maven GPG Plugin (Moved to GitHub Issues),9,0,0.000000
JIRA,jira,project,2024-09_to_2024-12,2024-09,2024-12,Maven Help Plugin (Moved to GitHub Issues),6,0,0.000000
JIRA,jira,project,2024-09_to_2024-12,2024-09,2024-12,Maven Indexer (Moved to GitHub Issues),4,1,0.250000
JIRA,jira,project,2024-09_to_2024-12,2024-09,2024-12,Maven Install Plugin (Moved to GitHub Issues),4,2,0.500000
JIRA,jira,project,2024-09_to_2024-12,2024-09,2024-12,Maven Invoker Plugin (Moved to GitHub Issues),6,1,0.166667
JIRA,jira,project,2024-09_to_2024-12,2024-09,2024-12,Maven JAR Plugin (Moved to GitHub Issues),9,2,0.222222
JIRA,jira,project,2024-09_to_2024-12,2024-09,2024-12,Maven JDeprScan Plugin (Moved to GitHub Issues),1,1,1.000000
JIRA,jira,project,2024-09_to_2024-12,2024-09,2024-12,Maven JLink Plugin (Moved to GitHub Issues),5,1,0.200000
JIRA,jira,project,2024-09_to_2024-12,2024-09,2024-12,Maven JXR (Moved to GitHub Issues),4,0,0.000000
JIRA,jira,project,2024-09_to_2024-12,2024-09,2024-12,Maven Jar Signer Plugin (Moved to GitHub Issues),1,0,0.000000
JIRA,jira,project,2024-09_to_2024-12,2024-09,2024-12,Maven Javadoc Plugin (Moved to GitHub Issues),15,4,0.266667
JIRA,jira,project,2024-09_to_2024-12,2024-09,2024-12,Maven PDF Plugin (RETIRED),3,1,0.333333
JIRA,jira,project,2024-09_to_2024-12,2024-09,2024-12,Maven PMD Plugin (Moved to GitHub Issues),10,4,0.400000
JIRA,jira,project,2024-09_to_2024-12,2024-09,2024-12,Maven Patch Plugin (RETIRED),1,0,0.000000
JIRA,jira,project,2024-09_to_2024-12,2024-09,2024-12,Maven Plugin Testing  (Moved to GitHub Issues),3,0,0.000000
JIRA,jira,project,2024-09_to_2024-12,2024-09,2024-12,Maven Plugin Tools (Moved to GitHub Issues),6,1,0.166667
JIRA,jira,project,2024-09_to_2024-12,2024-09,2024-12,Maven Project Info Reports Plugin (Moved to GitHub Issues),6,3,0.500000
JIRA,jira,project,2024-09_to_2024-12,2024-09,2024-12,Maven Project Web Site (Moved to GitHub Issues),8,1,0.125000
JIRA,jira,project,2024-09_to_2024-12,2024-09,2024-12,Maven RAR Plugin (Moved to GitHub Issues),1,0,0.000000
JIRA,jira,project,2024-09_to_2024-12,2024-09,2024-12,Maven Release Plugin (Moved to GitHub Issues),4,0,0.000000
JIRA,jira,project,2024-09_to_2024-12,2024-09,2024-12,Maven Remote Resources Plugin (Moved to GitHub Issues),10,1,0.100000
JIRA,jira,project,2024-09_to_2024-12,2024-09,2024-12,Maven Resolver (Moved to GitHub Issues),51,4,0.078431
JIRA,jira,project,2024-09_to_2024-12,2024-09,2024-12,Maven Resources Plugin (Moved to GitHub Issues),3,2,0.666667
JIRA,jira,project,2024-09_to_2024-12,2024-09,2024-12,Maven SCM (Moved to GitHub Issues),1,1,1.000000
JIRA,jira,project,2024-09_to_2024-12,2024-09,2024-12,Maven SCM Publish Plugin (Moved to GitHub Issues),1,0,0.000000
JIRA,jira,project,2024-09_to_2024-12,2024-09,2024-12,Maven Shade Plugin (Moved to GitHub Issues),2,0,0.000000
JIRA,jira,project,2024-09_to_2024-12,2024-09,2024-12,Maven Shared Components,33,1,0.030303
JIRA,jira,project,2024-09_to_2024-12,2024-09,2024-12,Maven Site Plugin (Moved to GitHub Issues),13,3,0.230769
JIRA,jira,project,2024-09_to_2024-12,2024-09,2024-12,Maven Skins (Moved to GitHub Issues),10,1,0.100000
JIRA,jira,project,2024-09_to_2024-12,2024-09,2024-12,Maven Stage Plugin (Moved to GitHub Issues),1,0,0.000000
JIRA,jira,project,2024-09_to_2024-12,2024-09,2024-12,Maven Surefire (Moved to GitHub Issues),32,12,0.375000
JIRA,jira,project,2024-09_to_2024-12,2024-09,2024-12,Maven Toolchains Plugin (Moved to GitHub Issues),1,0,0.000000
JIRA,jira,project,2024-09_to_2024-12,2024-09,2024-12,Maven WAR Plugin (Moved to GitHub Issues),1,1,1.000000
JIRA,jira,project,2024-09_to_2024-12,2024-09,2024-12,Maven Wagon (Moved to GitHub Issues),7,0,0.000000
JIRA,jira,project,2024-09_to_2024-12,2024-09,2024-12,Maven Wrapper (Moved to GitHub Issues),9,4,0.444444
JIRA,jira,project,2024-09_to_2024-12,2024-09,2024-12,Meecrowave,4,1,0.250000
JIRA,jira,project,2024-09_to_2024-12,2024-09,2024-12,Mesos (Retired),2,2,1.000000
JIRA,jira,project,2024-09_to_2024-12,2024-09,2024-12,MicroShift,301,30,0.099668
JIRA,jira,project,2024-09_to_2024-12,2024-09,2024-12,Migration Platform,129,29,0.224806
JIRA,jira,project,2024-09_to_2024-12,2024-09,2024-12,Migration Toolkit for Applications,382,113,0.295812
JIRA,jira,project,2024-09_to_2024-12,2024-09,2024-12,Migration Toolkit for Virtualization,324,67,0.206790
JIRA,jira,project,2024-09_to_2024-12,2024-09,2024-12,ModeShape,13,0,0.000000
JIRA,jira,project,2024-09_to_2024-12,2024-09,2024-12,Modular Service Container,1,0,0.000000
JIRA,jira,project,2024-09_to_2024-12,2024-09,2024-12,MongoDB Database Tools,53,5,0.094340
JIRA,jira,project,2024-09_to_2024-12,2024-09,2024-12,MongoDB Shell,87,14,0.160920
JIRA,jira,project,2024-09_to_2024-12,2024-09,2024-12,MongoDB for IntelliJ Plugin,96,4,0.041667
JIRA,jira,project,2024-09_to_2024-12,2024-09,2024-12,Mongoid,21,5,0.238095
JIRA,jira,project,2024-09_to_2024-12,2024-09,2024-12,Motor,56,3,0.053571
JIRA,jira,project,2024-09_to_2024-12,2024-09,2024-12,Multiple Architecture Enablement,89,1,0.011236
JIRA,jira,project,2024-09_to_2024-12,2024-09,2024-12,MyFaces Core,25,10,0.400000
JIRA,jira,project,2024-09_to_2024-12,2024-09,2024-12,MyFaces Tobago,34,1,0.029412
JIRA,jira,project,2024-09_to_2024-12,2024-09,2024-12,Neethi,1,0,0.000000
JIRA,jira,project,2024-09_to_2024-12,2024-09,2024-12,Network Edge,112,0,0.000000
JIRA,jira,project,2024-09_to_2024-12,2024-09,2024-12,Network Hardware Enablement,40,1,0.025000
JIRA,jira,project,2024-09_to_2024-12,2024-09,2024-12,Network Observability,170,18,0.105882
JIRA,jira,project,2024-09_to_2024-12,2024-09,2024-12,NiFi Improvement Proposal,4,0,0.000000
JIRA,jira,project,2024-09_to_2024-12,2024-09,2024-12,Node.js Driver,270,24,0.088889
JIRA,jira,project,2024-09_to_2024-12,2024-09,2024-12,Nutch,37,17,0.459459
JIRA,jira,project,2024-09_to_2024-12,2024-09,2024-12,OCMUI ,548,16,0.029197
JIRA,jira,project,2024-09_to_2024-12,2024-09,2024-12,OCP Technical Release Team,120,12,0.100000
JIRA,jira,project,2024-09_to_2024-12,2024-09,2024-12,ODATA,4,0,0.000000
JIRA,jira,project,2024-09_to_2024-12,2024-09,2024-12,OFBiz,65,16,0.246154
JIRA,jira,project,2024-09_to_2024-12,2024-09,2024-12,OPCT ,4,1,0.250000
JIRA,jira,project,2024-09_to_2024-12,2024-09,2024-12,ORC,55,1,0.018182
JIRA,jira,project,2024-09_to_2024-12,2024-09,2024-12,Observability Documentation,228,11,0.048246
JIRA,jira,project,2024-09_to_2024-12,2024-09,2024-12,Observability UI,77,4,0.051948
JIRA,jira,project,2024-09_to_2024-12,2024-09,2024-12,Observability and Data Analysis Program,114,2,0.017544
JIRA,jira,project,2024-09_to_2024-12,2024-09,2024-12,Olingo,3,1,0.333333
JIRA,jira,project,2024-09_to_2024-12,2024-09,2024-12,On Prem Networking,51,3,0.058824
JIRA,jira,project,2024-09_to_2024-12,2024-09,2024-12,Oozie (Retired),3,2,0.666667
JIRA,jira,project,2024-09_to_2024-12,2024-09,2024-12,Open Education IIIT Bangalore,22,0,0.000000
JIRA,jira,project,2024-09_to_2024-12,2024-09,2024-12,OpenJDK,67,2,0.029851
JIRA,jira,project,2024-09_to_2024-12,2024-09,2024-12,OpenJPA,5,2,0.400000
JIRA,jira,project,2024-09_to_2024-12,2024-09,2024-12,OpenNLP,81,2,0.024691
JIRA,jira,project,2024-09_to_2024-12,2024-09,2024-12,OpenShift API Server,40,1,0.025000
JIRA,jira,project,2024-09_to_2024-12,2024-09,2024-12,OpenShift API for Data Protection,512,134,0.261719
JIRA,jira,project,2024-09_to_2024-12,2024-09,2024-12,OpenShift Application Platform Engineering,27,1,0.037037
JIRA,jira,project,2024-09_to_2024-12,2024-09,2024-12,OpenShift Authentication,17,1,0.058824
JIRA,jira,project,2024-09_to_2024-12,2024-09,2024-12,OpenShift Autoscaling,34,1,0.029412
JIRA,jira,project,2024-09_to_2024-12,2024-09,2024-12,OpenShift Bugs,3561,1390,0.390340
JIRA,jira,project,2024-09_to_2024-12,2024-09,2024-12,OpenShift BuildConfig,6,0,0.000000
JIRA,jira,project,2024-09_to_2024-12,2024-09,2024-12,OpenShift Builds,87,8,0.091954
JIRA,jira,project,2024-09_to_2024-12,2024-09,2024-12,OpenShift CFE,22,0,0.000000
JIRA,jira,project,2024-09_to_2024-12,2024-09,2024-12,OpenShift Cloud,120,19,0.158333
JIRA,jira,project,2024-09_to_2024-12,2024-09,2024-12,OpenShift Cloud Credential Operator,28,3,0.107143
JIRA,jira,project,2024-09_to_2024-12,2024-09,2024-12,OpenShift Console,138,0,0.000000
JIRA,jira,project,2024-09_to_2024-12,2024-09,2024-12,OpenShift Container Platform (OCP) Strategy,197,1,0.005076
JIRA,jira,project,2024-09_to_2024-12,2024-09,2024-12,OpenShift Core Networking,332,5,0.015060
JIRA,jira,project,2024-09_to_2024-12,2024-09,2024-12,OpenShift Data Foundation Request For Enhancement,2,0,0.000000
JIRA,jira,project,2024-09_to_2024-12,2024-09,2024-12,OpenShift Edge,21,0,0.000000
JIRA,jira,project,2024-09_to_2024-12,2024-09,2024-12,OpenShift Etcd,38,4,0.105263
JIRA,jira,project,2024-09_to_2024-12,2024-09,2024-12,OpenShift GitOps,395,43,0.108861
JIRA,jira,project,2024-09_to_2024-12,2024-09,2024-12,OpenShift Hive,91,9,0.098901
JIRA,jira,project,2024-09_to_2024-12,2024-09,2024-12,OpenShift Hosted Control Plane,101,2,0.019802
JIRA,jira,project,2024-09_to_2024-12,2024-09,2024-12,OpenShift Image Registry,18,1,0.055556
JIRA,jira,project,2024-09_to_2024-12,2024-09,2024-12,OpenShift Installer,130,2,0.015385
JIRA,jira,project,2024-09_to_2024-12,2024-09,2024-12,OpenShift Jenkins,11,4,0.363636
JIRA,jira,project,2024-09_to_2024-12,2024-09,2024-12,OpenShift Kueue,15,1,0.066667
JIRA,jira,project,2024-09_to_2024-12,2024-09,2024-12,OpenShift Logging,348,48,0.137931
JIRA,jira,project,2024-09_to_2024-12,2024-09,2024-12,OpenShift Migration Toolkit for Containers,23,3,0.130435
JIRA,jira,project,2024-09_to_2024-12,2024-09,2024-12,OpenShift Monitoring,94,1,0.010638
JIRA,jira,project,2024-09_to_2024-12,2024-09,2024-12,OpenShift Node,185,0,0.000000
JIRA,jira,project,2024-09_to_2024-12,2024-09,2024-12,OpenShift Over the Air,58,5,0.086207
JIRA,jira,project,2024-09_to_2024-12,2024-09,2024-12,OpenShift Pipelines,382,33,0.086387
JIRA,jira,project,2024-09_to_2024-12,2024-09,2024-12,OpenShift Pod Autoscaling,18,3,0.166667
JIRA,jira,project,2024-09_to_2024-12,2024-09,2024-12,OpenShift Request For Enhancement,376,13,0.034574
JIRA,jira,project,2024-09_to_2024-12,2024-09,2024-12,OpenShift Service Mesh,447,39,0.087248
JIRA,jira,project,2024-09_to_2024-12,2024-09,2024-12,OpenShift Specialist Platform Team,154,10,0.064935
JIRA,jira,project,2024-09_to_2024-12,2024-09,2024-12,OpenShift Storage,109,2,0.018349
JIRA,jira,project,2024-09_to_2024-12,2024-09,2024-12,OpenShift Virtualization,4575,169,0.036940
JIRA,jira,project,2024-09_to_2024-12,2024-09,2024-12,OpenShift Windows Containers,20,2,0.100000
JIRA,jira,project,2024-09_to_2024-12,2024-09,2024-12,OpenShift Workloads,46,4,0.086957
JIRA,jira,project,2024-09_to_2024-12,2024-09,2024-12,OpenStack Strategy,12,0,0.000000
JIRA,jira,project,2024-09_to_2024-12,2024-09,2024-12,OpenStack as Infra,97,1,0.010309
JIRA,jira,project,2024-09_to_2024-12,2024-09,2024-12,OpenWebBeans,5,0,0.000000
JIRA,jira,project,2024-09_to_2024-12,2024-09,2024-12,Openmeetings,3,0,0.000000
JIRA,jira,project,2024-09_to_2024-12,2024-09,2024-12,Openshift sandboxed containers,188,10,0.053191
JIRA,jira,project,2024-09_to_2024-12,2024-09,2024-12,Operator Ecosystem,1,0,0.000000
JIRA,jira,project,2024-09_to_2024-12,2024-09,2024-12,Operator Runtime,126,0,0.000000
JIRA,jira,project,2024-09_to_2024-12,2024-09,2024-12,Opsgenie,144,2,0.013889
JIRA,jira,project,2024-09_to_2024-12,2024-09,2024-12,Origin Community Distribution of Kubernetes,5,3,0.600000
JIRA,jira,project,2024-09_to_2024-12,2024-09,2024-12,PDFBox,57,16,0.280702
JIRA,jira,project,2024-09_to_2024-12,2024-09,2024-12,PHP Driver: Extension,56,3,0.053571
JIRA,jira,project,2024-09_to_2024-12,2024-09,2024-12,PHP Driver: Library,95,0,0.000000
JIRA,jira,project,2024-09_to_2024-12,2024-09,2024-12,PHP ORMs,43,0,0.000000
JIRA,jira,project,2024-09_to_2024-12,2024-09,2024-12,Performance and Scale for AI Platforms,31,2,0.064516
JIRA,jira,project,2024-09_to_2024-12,2024-09,2024-12,Phoenix,96,21,0.218750
JIRA,jira,project,2024-09_to_2024-12,2024-09,2024-12,Phoenix Omid,6,1,0.166667
JIRA,jira,project,2024-09_to_2024-12,2024-09,2024-12,Pig,5,1,0.200000
JIRA,jira,project,2024-09_to_2024-12,2024-09,2024-12,Podling Suitable Names Search,7,0,0.000000
JIRA,jira,project,2024-09_to_2024-12,2024-09,2024-12,Product Technical Learning,342,23,0.067251
JIRA,jira,project,2024-09_to_2024-12,2024-09,2024-12,Proforma Server & Data Centre,21,1,0.047619
JIRA,jira,project,2024-09_to_2024-12,2024-09,2024-12,Project Quay,241,54,0.224066
JIRA,jira,project,2024-09_to_2024-12,2024-09,2024-12,Python Driver,257,61,0.237354
JIRA,jira,project,2024-09_to_2024-12,2024-09,2024-12,Python Integrations,124,15,0.120968
JIRA,jira,project,2024-09_to_2024-12,2024-09,2024-12,"Qbs (""Cubes"")",20,9,0.450000
JIRA,jira,project,2024-09_to_2024-12,2024-09,2024-12,Qpid,4,2,0.500000
JIRA,jira,project,2024-09_to_2024-12,2024-09,2024-12,Qpid Dispatch,6,4,0.666667
JIRA,jira,project,2024-09_to_2024-12,2024-09,2024-12,Qpid JMS,3,1,0.333333
JIRA,jira,project,2024-09_to_2024-12,2024-09,2024-12,Qpid Proton,19,1,0.052632
JIRA,jira,project,2024-09_to_2024-12,2024-09,2024-12,Qt,3048,805,0.264108
JIRA,jira,project,2024-09_to_2024-12,2024-09,2024-12,Qt Creator,619,119,0.192246
JIRA,jira,project,2024-09_to_2024-12,2024-09,2024-12,Qt Design Studio,731,32,0.043776
JIRA,jira,project,2024-09_to_2024-12,2024-09,2024-12,Qt Installer Framework,143,7,0.048951
JIRA,jira,project,2024-09_to_2024-12,2024-09,2024-12,Qt Project Website,24,2,0.083333
JIRA,jira,project,2024-09_to_2024-12,2024-09,2024-12,Qt Quality Assurance Infrastructure,214,27,0.126168
JIRA,jira,project,2024-09_to_2024-12,2024-09,2024-12,Qt Tools for Android,91,12,0.131868
JIRA,jira,project,2024-09_to_2024-12,2024-09,2024-12,Qt Visual Studio Tools,67,19,0.283582
JIRA,jira,project,2024-09_to_2024-12,2024-09,2024-12,Qt WebBrowser,1,0,0.000000
JIRA,jira,project,2024-09_to_2024-12,2024-09,2024-12,Qt for Python,120,50,0.416667
JIRA,jira,project,2024-09_to_2024-12,2024-09,2024-12,Quarkus,281,30,0.106762
JIRA,jira,project,2024-09_to_2024-12,2024-09,2024-12,Quarkus Documentation,131,2,0.015267
JIRA,jira,project,2024-09_to_2024-12,2024-09,2024-12,RDO Project,88,5,0.056818
JIRA,jira,project,2024-09_to_2024-12,2024-09,2024-12,RESTEasy,35,1,0.028571
JIRA,jira,project,2024-09_to_2024-12,2024-09,2024-12,RH,6,1,0.166667
JIRA,jira,project,2024-09_to_2024-12,2024-09,2024-12,RH Developer Hub Planning,88,0,0.000000
JIRA,jira,project,2024-09_to_2024-12,2024-09,2024-12,RHEL,2695,948,0.351763
JIRA,jira,project,2024-09_to_2024-12,2024-09,2024-12,RHEL Conversions,31,13,0.419355
JIRA,jira,project,2024-09_to_2024-12,2024-09,2024-12,RHEL Documentation,63,8,0.126984
JIRA,jira,project,2024-09_to_2024-12,2024-09,2024-12,RHEL Performance,1,0,0.000000
JIRA,jira,project,2024-09_to_2024-12,2024-09,2024-12,RHEL Testing,289,256,0.885813
JIRA,jira,project,2024-09_to_2024-12,2024-09,2024-12,RHEL in Cloud,12,0,0.000000
JIRA,jira,project,2024-09_to_2024-12,2024-09,2024-12,RHOS Request for Features,6,1,0.166667
JIRA,jira,project,2024-09_to_2024-12,2024-09,2024-12,RHTAP UI,11,0,0.000000
JIRA,jira,project,2024-09_to_2024-12,2024-09,2024-12,Ranger,159,31,0.194969
JIRA,jira,project,2024-09_to_2024-12,2024-09,2024-12,Ratis,84,21,0.250000
JIRA,jira,project,2024-09_to_2024-12,2024-09,2024-12,Red Hat 3scale API Management,121,10,0.082645
JIRA,jira,project,2024-09_to_2024-12,2024-09,2024-12,Red Hat Advanced Cluster Management,1289,96,0.074476
JIRA,jira,project,2024-09_to_2024-12,2024-09,2024-12,Red Hat Advanced Cluster Security,16,0,0.000000
JIRA,jira,project,2024-09_to_2024-12,2024-09,2024-12,Red Hat Build of Apache Camel for Quarkus,57,2,0.035088
JIRA,jira,project,2024-09_to_2024-12,2024-09,2024-12,Red Hat Data Grid,124,26,0.209677
JIRA,jira,project,2024-09_to_2024-12,2024-09,2024-12,Red Hat Decision Manager,1,0,0.000000
JIRA,jira,project,2024-09_to_2024-12,2024-09,2024-12,Red Hat Developer Hub Bugs,311,57,0.183280
JIRA,jira,project,2024-09_to_2024-12,2024-09,2024-12,Red Hat Directory Server,40,13,0.325000
JIRA,jira,project,2024-09_to_2024-12,2024-09,2024-12,Red Hat Enterprise Linux AI,351,59,0.168091
JIRA,jira,project,2024-09_to_2024-12,2024-09,2024-12,Red Hat Fuse,1,0,0.000000
JIRA,jira,project,2024-09_to_2024-12,2024-09,2024-12,Red Hat Insights Engineering,26,2,0.076923
JIRA,jira,project,2024-09_to_2024-12,2024-09,2024-12,Red Hat Insights Strategy,7,0,0.000000
JIRA,jira,project,2024-09_to_2024-12,2024-09,2024-12,Red Hat Internal Developer Platform,996,26,0.026104
JIRA,jira,project,2024-09_to_2024-12,2024-09,2024-12,Red Hat OpenShift Control Planes,6,0,0.000000
JIRA,jira,project,2024-09_to_2024-12,2024-09,2024-12,Red Hat OpenShift Data Science,1,0,0.000000
JIRA,jira,project,2024-09_to_2024-12,2024-09,2024-12,Red Hat OpenShift Dev Spaces (formerly CodeReady Workspaces),136,20,0.147059
JIRA,jira,project,2024-09_to_2024-12,2024-09,2024-12,Red Hat OpenStack Services on OpenShift,1682,219,0.130202
JIRA,jira,project,2024-09_to_2024-12,2024-09,2024-12,Red Hat Process Automation Manager,4,1,0.250000
JIRA,jira,project,2024-09_to_2024-12,2024-09,2024-12,Red Hat Service Interconnect (Skupper),44,3,0.068182
JIRA,jira,project,2024-09_to_2024-12,2024-09,2024-12,Red Hat Workload Availability,7,1,0.142857
JIRA,jira,project,2024-09_to_2024-12,2024-09,2024-12,Red Hat build of Apache Camel,6,2,0.333333
JIRA,jira,project,2024-09_to_2024-12,2024-09,2024-12,Red Hat build of Apache Camel for Spring Boot,150,4,0.026667
JIRA,jira,project,2024-09_to_2024-12,2024-09,2024-12,Red Hat build of Keycloak,126,31,0.246032
JIRA,jira,project,2024-09_to_2024-12,2024-09,2024-12,Rovo,21,2,0.095238
JIRA,jira,project,2024-09_to_2024-12,2024-09,2024-12,Ruby Driver,65,5,0.076923
JIRA,jira,project,2024-09_to_2024-12,2024-09,2024-12,Rust Driver,96,0,0.000000
JIRA,jira,project,2024-09_to_2024-12,2024-09,2024-12,SAML for Atlassian Data Center,2,0,0.000000
JIRA,jira,project,2024-09_to_2024-12,2024-09,2024-12,Sakai,335,53,0.158209
JIRA,jira,project,2024-09_to_2024-12,2024-09,2024-12,Samza,1,0,0.000000
JIRA,jira,project,2024-09_to_2024-12,2024-09,2024-12,Santuario,1,0,0.000000
JIRA,jira,project,2024-09_to_2024-12,2024-09,2024-12,Satellite,1506,215,0.142762
JIRA,jira,project,2024-09_to_2024-12,2024-09,2024-12,Secret Store CSI for Red Hat OpenShift,4,0,0.000000
JIRA,jira,project,2024-09_to_2024-12,2024-09,2024-12,Security Data,21,0,0.000000
JIRA,jira,project,2024-09_to_2024-12,2024-09,2024-12,Server Deployments and Scale,8,2,0.250000
JIRA,jira,project,2024-09_to_2024-12,2024-09,2024-12,Serverless logic,108,4,0.037037
JIRA,jira,project,2024-09_to_2024-12,2024-09,2024-12,ServiceMix,48,0,0.000000
JIRA,jira,project,2024-09_to_2024-12,2024-09,2024-12,ShrinkWrap,2,0,0.000000
JIRA,jira,project,2024-09_to_2024-12,2024-09,2024-12,ShrinkWrap Resolvers,5,0,0.000000
JIRA,jira,project,2024-09_to_2024-12,2024-09,2024-12,Sidecar for Apache Cassandra,39,2,0.051282
JIRA,jira,project,2024-09_to_2024-12,2024-09,2024-12,Sling,180,22,0.122222
JIRA,jira,project,2024-09_to_2024-12,2024-09,2024-12,Solr,175,28,0.160000
JIRA,jira,project,2024-09_to_2024-12,2024-09,2024-12,Sourcetree For Mac,26,5,0.192308
JIRA,jira,project,2024-09_to_2024-12,2024-09,2024-12,Sourcetree for Windows,34,5,0.147059
JIRA,jira,project,2024-09_to_2024-12,2024-09,2024-12,Spark,1227,113,0.092095
JIRA,jira,project,2024-09_to_2024-12,2024-09,2024-12,Spark Connector,3,0,0.000000
JIRA,jira,project,2024-09_to_2024-12,2024-09,2024-12,Spatial Information Systems,3,1,0.333333
JIRA,jira,project,2024-09_to_2024-12,2024-09,2024-12,Statuspage,28,3,0.107143
JIRA,jira,project,2024-09_to_2024-12,2024-09,2024-12,Streams (Retired) (Retired),1,0,0.000000
JIRA,jira,project,2024-09_to_2024-12,2024-09,2024-12,Streams for Apache Kafka Console,38,0,0.000000
JIRA,jira,project,2024-09_to_2024-12,2024-09,2024-12,Struts 2,49,7,0.142857
JIRA,jira,project,2024-09_to_2024-12,2024-09,2024-12,Subscription Watch,151,18,0.119205
JIRA,jira,project,2024-09_to_2024-12,2024-09,2024-12,Syncope,23,3,0.130435
JIRA,jira,project,2024-09_to_2024-12,2024-09,2024-12,SystemDS,71,5,0.070423
JIRA,jira,project,2024-09_to_2024-12,2024-09,2024-12,TEST Defect Tracking Project,23,6,0.260870
JIRA,jira,project,2024-09_to_2024-12,2024-09,2024-12,TOREE,4,0,0.000000
JIRA,jira,project,2024-09_to_2024-12,2024-09,2024-12,TRELLO,258,12,0.046512
JIRA,jira,project,2024-09_to_2024-12,2024-09,2024-12,Tapestry 5,13,8,0.615385
JIRA,jira,project,2024-09_to_2024-12,2024-09,2024-12,Thrift,28,6,0.214286
JIRA,jira,project,2024-09_to_2024-12,2024-09,2024-12,Tika,60,7,0.116667
JIRA,jira,project,2024-09_to_2024-12,2024-09,2024-12,TinkerPop,14,6,0.428571
JIRA,jira,project,2024-09_to_2024-12,2024-09,2024-12,TomEE,50,4,0.080000
JIRA,jira,project,2024-09_to_2024-12,2024-09,2024-12,Tools (JBoss Tools),8,1,0.125000
JIRA,jira,project,2024-09_to_2024-12,2024-09,2024-12,Torque,2,0,0.000000
JIRA,jira,project,2024-09_to_2024-12,2024-09,2024-12,Undertow,82,10,0.121951
JIRA,jira,project,2024-09_to_2024-12,2024-09,2024-12,VS Code Extension,96,10,0.104167
JIRA,jira,project,2024-09_to_2024-12,2024-09,2024-12,Velocity,5,1,0.200000
JIRA,jira,project,2024-09_to_2024-12,2024-09,2024-12,Velocity Tools,1,0,0.000000
JIRA,jira,project,2024-09_to_2024-12,2024-09,2024-12,Virtualization Strategy,95,0,0.000000
JIRA,jira,project,2024-09_to_2024-12,2024-09,2024-12,Visual Design,19,0,0.000000
JIRA,jira,project,2024-09_to_2024-12,2024-09,2024-12,Visual Studio,2,0,0.000000
JIRA,jira,project,2024-09_to_2024-12,2024-09,2024-12,WINDUP ,3,0,0.000000
JIRA,jira,project,2024-09_to_2024-12,2024-09,2024-12,WINDUPRULE ,2,0,0.000000
JIRA,jira,project,2024-09_to_2024-12,2024-09,2024-12,WSS4J,2,1,0.500000
JIRA,jira,project,2024-09_to_2024-12,2024-09,2024-12,Web Terminal for OpenShift,12,4,0.333333
JIRA,jira,project,2024-09_to_2024-12,2024-09,2024-12,Weld,9,4,0.444444
JIRA,jira,project,2024-09_to_2024-12,2024-09,2024-12,Whimsy,4,1,0.250000
JIRA,jira,project,2024-09_to_2024-12,2024-09,2024-12,Wicket,16,5,0.312500
JIRA,jira,project,2024-09_to_2024-12,2024-09,2024-12,WildFly,485,70,0.144330
JIRA,jira,project,2024-09_to_2024-12,2024-09,2024-12,WildFly Arquillian,11,1,0.090909
JIRA,jira,project,2024-09_to_2024-12,2024-09,2024-12,WildFly Core,134,8,0.059701
JIRA,jira,project,2024-09_to_2024-12,2024-09,2024-12,WildFly EJB HTTP Client,5,0,0.000000
JIRA,jira,project,2024-09_to_2024-12,2024-09,2024-12,WildFly Elytron,70,6,0.085714
JIRA,jira,project,2024-09_to_2024-12,2024-09,2024-12,WildFly Elytron EE,14,0,0.000000
JIRA,jira,project,2024-09_to_2024-12,2024-09,2024-12,WildFly Maven Plugin,19,4,0.210526
JIRA,jira,project,2024-09_to_2024-12,2024-09,2024-12,WildFly WIP,8,2,0.250000
JIRA,jira,project,2024-09_to_2024-12,2024-09,2024-12,WiredTiger,454,93,0.204846
JIRA,jira,project,2024-09_to_2024-12,2024-09,2024-12,XBean,1,0,0.000000
JIRA,jira,project,2024-09_to_2024-12,2024-09,2024-12,XML Commons,3,1,0.333333
JIRA,jira,project,2024-09_to_2024-12,2024-09,2024-12,XMLBeans,3,0,0.000000
JIRA,jira,project,2024-09_to_2024-12,2024-09,2024-12,XMLGraphicsCommons,3,1,0.333333
JIRA,jira,project,2024-09_to_2024-12,2024-09,2024-12,XNIO,6,1,0.166667
JIRA,jira,project,2024-09_to_2024-12,2024-09,2024-12,Xerces,6,1,0.166667
JIRA,jira,project,2024-09_to_2024-12,2024-09,2024-12,Xerces2,3,1,0.333333
JIRA,jira,project,2024-09_to_2024-12,2024-09,2024-12,Yetus,5,1,0.200000
JIRA,jira,project,2024-09_to_2024-12,2024-09,2024-12,Zeppelin,88,12,0.136364
JIRA,jira,project,2024-09_to_2024-12,2024-09,2024-12,ZooKeeper,37,8,0.216216
JIRA,jira,project,2024-09_to_2024-12,2024-09,2024-12,anaconda installer,62,5,0.080645
JIRA,jira,project,2024-09_to_2024-12,2024-09,2024-12,jBPM,4,2,0.500000
JIRA,jira,project,2024-09_to_2024-12,2024-09,2024-12,jclouds (Retired) (Retired),5,1,0.200000
JIRA,jira,project,2024-09_to_2024-12,2024-09,2024-12,mod_cluster,17,5,0.294118
JIRA,jira,project,2024-09_to_2024-12,2024-09,2024-12,repository.jboss.org/nexus,22,3,0.136364
JIRA,jira,project,2025-01_to_2025-04,2025-01,2025-04,AI Platform Core Components,700,44,0.062857
JIRA,jira,project,2025-01_to_2025-04,2025-01,2025-04,AMQ Broker,105,16,0.152381
JIRA,jira,project,2025-01_to_2025-04,2025-01,2025-04,AMQ Clients,2,0,0.000000
JIRA,jira,project,2025-01_to_2025-04,2025-01,2025-04,AMQ Streams,86,9,0.104651
JIRA,jira,project,2025-01_to_2025-04,2025-01,2025-04,AMQ Streams Flink,9,0,0.000000
JIRA,jira,project,2025-01_to_2025-04,2025-01,2025-04,AMQ Streams Kafka Proxy,8,1,0.125000
JIRA,jira,project,2025-01_to_2025-04,2025-01,2025-04,ActiveMQ (Read,57,12,0.210526
JIRA,jira,project,2025-01_to_2025-04,2025-01,2025-04,ActiveMQ .Net,2,0,0.000000
JIRA,jira,project,2025-01_to_2025-04,2025-01,2025-04,ActiveMQ C++ Client,4,0,0.000000
JIRA,jira,project,2025-01_to_2025-04,2025-01,2025-04,ActiveMQ OpenWire,1,0,0.000000
JIRA,jira,project,2025-01_to_2025-04,2025-01,2025-04,ActiveMQ Website,2,0,0.000000
JIRA,jira,project,2025-01_to_2025-04,2025-01,2025-04,ActiveObjects,278,0,0.000000
JIRA,jira,project,2025-01_to_2025-04,2025-01,2025-04,Admin Experience,118,8,0.067797
JIRA,jira,project,2025-01_to_2025-04,2025-01,2025-04,AeroGear,1,0,0.000000
JIRA,jira,project,2025-01_to_2025-04,2025-01,2025-04,Aesh,2,0,0.000000
JIRA,jira,project,2025-01_to_2025-04,2025-01,2025-04,Agent,125,4,0.032000
JIRA,jira,project,2025-01_to_2025-04,2025-01,2025-04,Agroal,10,0,0.000000
JIRA,jira,project,2025-01_to_2025-04,2025-01,2025-04,Airavata,18,0,0.000000
JIRA,jira,project,2025-01_to_2025-04,2025-01,2025-04,Ambari,222,43,0.193694
JIRA,jira,project,2025-01_to_2025-04,2025-01,2025-04,Analytics,64,2,0.031250
JIRA,jira,project,2025-01_to_2025-04,2025-01,2025-04,Ansible Automation Platform RFEs,219,10,0.045662
JIRA,jira,project,2025-01_to_2025-04,2025-01,2025-04,Apache AsterixDB,64,5,0.078125
JIRA,jira,project,2025-01_to_2025-04,2025-01,2025-04,Apache Avro,27,2,0.074074
JIRA,jira,project,2025-01_to_2025-04,2025-01,2025-04,Apache Cassandra,430,152,0.353488
JIRA,jira,project,2025-01_to_2025-04,2025-01,2025-04,Apache Cassandra Analytics,40,2,0.050000
JIRA,jira,project,2025-01_to_2025-04,2025-01,2025-04,Apache Cassandra Go driver,23,0,0.000000
JIRA,jira,project,2025-01_to_2025-04,2025-01,2025-04,Apache Cassandra Java driver,31,7,0.225806
JIRA,jira,project,2025-01_to_2025-04,2025-01,2025-04,Apache Cassandra Python driver,1,0,0.000000
JIRA,jira,project,2025-01_to_2025-04,2025-01,2025-04,Apache Celeborn,175,14,0.080000
JIRA,jira,project,2025-01_to_2025-04,2025-01,2025-04,Apache Commons All,2,1,0.500000
JIRA,jira,project,2025-01_to_2025-04,2025-01,2025-04,Apache Curator,2,1,0.500000
JIRA,jira,project,2025-01_to_2025-04,2025-01,2025-04,Apache Drill,7,0,0.000000
JIRA,jira,project,2025-01_to_2025-04,2025-01,2025-04,Apache Dubbo,6,0,0.000000
JIRA,jira,project,2025-01_to_2025-04,2025-01,2025-04,Apache Fineract,107,8,0.074766
JIRA,jira,project,2025-01_to_2025-04,2025-01,2025-04,Apache Flex,1,0,0.000000
JIRA,jira,project,2025-01_to_2025-04,2025-01,2025-04,Apache Freemarker,4,3,0.750000
JIRA,jira,project,2025-01_to_2025-04,2025-01,2025-04,Apache Gobblin,21,0,0.000000
JIRA,jira,project,2025-01_to_2025-04,2025-01,2025-04,Apache Hudi,554,71,0.128159
JIRA,jira,project,2025-01_to_2025-04,2025-01,2025-04,Apache IoTDB,1,0,0.000000
JIRA,jira,project,2025-01_to_2025-04,2025-01,2025-04,Apache Knox,62,0,0.000000
JIRA,jira,project,2025-01_to_2025-04,2025-01,2025-04,Apache MADlib,1,0,0.000000
JIRA,jira,project,2025-01_to_2025-04,2025-01,2025-04,Apache ManifoldCF SDK,1,0,0.000000
JIRA,jira,project,2025-01_to_2025-04,2025-01,2025-04,Apache Nemo (Retired),1,0,0.000000
JIRA,jira,project,2025-01_to_2025-04,2025-01,2025-04,Apache NetBeans Infra,1,0,0.000000
JIRA,jira,project,2025-01_to_2025-04,2025-01,2025-04,Apache NiFi,381,73,0.191601
JIRA,jira,project,2025-01_to_2025-04,2025-01,2025-04,Apache NiFi MiNiFi C++,58,2,0.034483
JIRA,jira,project,2025-01_to_2025-04,2025-01,2025-04,Apache NuttX,3,0,0.000000
JIRA,jira,project,2025-01_to_2025-04,2025-01,2025-04,Apache Otava (incubating),1,1,1.000000
JIRA,jira,project,2025-01_to_2025-04,2025-01,2025-04,Apache Ozone,942,119,0.126327
JIRA,jira,project,2025-01_to_2025-04,2025-01,2025-04,Apache Pinot,1,0,0.000000
JIRA,jira,project,2025-01_to_2025-04,2025-01,2025-04,Apache RAT,3,1,0.333333
JIRA,jira,project,2025-01_to_2025-04,2025-01,2025-04,Apache SCIMple,1,0,0.000000
JIRA,jira,project,2025-01_to_2025-04,2025-01,2025-04,Apache Science Data Analytics Platform,4,0,0.000000
JIRA,jira,project,2025-01_to_2025-04,2025-01,2025-04,Apache Sedona,44,2,0.045455
JIRA,jira,project,2025-01_to_2025-04,2025-01,2025-04,Apache ServiceComb,3,0,0.000000
JIRA,jira,project,2025-01_to_2025-04,2025-01,2025-04,Apache Storm,12,3,0.250000
JIRA,jira,project,2025-01_to_2025-04,2025-01,2025-04,Apache Tentacles,1,0,0.000000
JIRA,jira,project,2025-01_to_2025-04,2025-01,2025-04,Apache Tez,28,9,0.321429
JIRA,jira,project,2025-01_to_2025-04,2025-01,2025-04,Apache Unomi,26,0,0.000000
JIRA,jira,project,2025-01_to_2025-04,2025-01,2025-04,Apache Wayang,2,0,0.000000
JIRA,jira,project,2025-01_to_2025-04,2025-01,2025-04,Apache Whisker,1,0,0.000000
JIRA,jira,project,2025-01_to_2025-04,2025-01,2025-04,Apache YuniKorn,67,3,0.044776
JIRA,jira,project,2025-01_to_2025-04,2025-01,2025-04,Aries,15,0,0.000000
JIRA,jira,project,2025-01_to_2025-04,2025-01,2025-04,Artemis,229,20,0.087336
JIRA,jira,project,2025-01_to_2025-04,2025-01,2025-04,Atlas,158,9,0.056962
JIRA,jira,project,2025-01_to_2025-04,2025-01,2025-04,Atlas SQL,16,0,0.000000
JIRA,jira,project,2025-01_to_2025-04,2025-01,2025-04,Atlassian Browser DevTools,4,0,0.000000
JIRA,jira,project,2025-01_to_2025-04,2025-01,2025-04,Atlassian Cloud,139,13,0.093525
JIRA,jira,project,2025-01_to_2025-04,2025-01,2025-04,Atlassian Connect Spring Boot,1,0,0.000000
JIRA,jira,project,2025-01_to_2025-04,2025-01,2025-04,Atlassian Ecosystem,179,16,0.089385
JIRA,jira,project,2025-01_to_2025-04,2025-01,2025-04,Atlassian Guard,90,5,0.055556
JIRA,jira,project,2025-01_to_2025-04,2025-01,2025-04,Atlassian Intelligence,41,2,0.048780
JIRA,jira,project,2025-01_to_2025-04,2025-01,2025-04,Atlassian Internationalization,42,0,0.000000
JIRA,jira,project,2025-01_to_2025-04,2025-01,2025-04,Atlassian Marketplace,62,3,0.048387
JIRA,jira,project,2025-01_to_2025-04,2025-01,2025-04,Atlassian Maven Plugin Suite,16,2,0.125000
JIRA,jira,project,2025-01_to_2025-04,2025-01,2025-04,Atlassian OAuth 2.0,2,0,0.000000
JIRA,jira,project,2025-01_to_2025-04,2025-01,2025-04,Atlassian Plugins,2,0,0.000000
JIRA,jira,project,2025-01_to_2025-04,2025-01,2025-04,Atlassian Plugins TestRunner,1,0,0.000000
JIRA,jira,project,2025-01_to_2025-04,2025-01,2025-04,Atlassian Plugins Webresources,1,0,0.000000
JIRA,jira,project,2025-01_to_2025-04,2025-01,2025-04,Atlassian Product Integrations,18,0,0.000000
JIRA,jira,project,2025-01_to_2025-04,2025-01,2025-04,Atlassian Soy Templates,1,0,0.000000
JIRA,jira,project,2025-01_to_2025-04,2025-01,2025-04,Atlassian Threadlocal,1,1,1.000000
JIRA,jira,project,2025-01_to_2025-04,2025-01,2025-04,Atlassian Troubleshooting & Support Tools Plugin,6,0,0.000000
JIRA,jira,project,2025-01_to_2025-04,2025-01,2025-04,Atlassian User Interface,14,1,0.071429
JIRA,jira,project,2025-01_to_2025-04,2025-01,2025-04,Attic,15,1,0.066667
JIRA,jira,project,2025-01_to_2025-04,2025-01,2025-04,Automation for Cloud,140,9,0.064286
JIRA,jira,project,2025-01_to_2025-04,2025-01,2025-04,Automation for Jira Server,33,3,0.090909
JIRA,jira,project,2025-01_to_2025-04,2025-01,2025-04,Axiom,1,0,0.000000
JIRA,jira,project,2025-01_to_2025-04,2025-01,2025-04,Axis2,16,4,0.250000
JIRA,jira,project,2025-01_to_2025-04,2025-01,2025-04,BVal,2,1,0.500000
JIRA,jira,project,2025-01_to_2025-04,2025-01,2025-04,Bamboo Data Center,92,26,0.282609
JIRA,jira,project,2025-01_to_2025-04,2025-01,2025-04,Batik,5,0,0.000000
JIRA,jira,project,2025-01_to_2025-04,2025-01,2025-04,Bigtop,100,9,0.090000
JIRA,jira,project,2025-01_to_2025-04,2025-01,2025-04,Bitbucket Cloud,151,2,0.013245
JIRA,jira,project,2025-01_to_2025-04,2025-01,2025-04,Bitbucket Data Center,244,21,0.086066
JIRA,jira,project,2025-01_to_2025-04,2025-01,2025-04,Brooklyn,2,0,0.000000
JIRA,jira,project,2025-01_to_2025-04,2025-01,2025-04,Byteman,1,0,0.000000
JIRA,jira,project,2025-01_to_2025-04,2025-01,2025-04,C Driver,150,5,0.033333
JIRA,jira,project,2025-01_to_2025-04,2025-01,2025-04,C# Driver,127,15,0.118110
JIRA,jira,project,2025-01_to_2025-04,2025-01,2025-04,C++ Driver,70,6,0.085714
JIRA,jira,project,2025-01_to_2025-04,2025-01,2025-04,CCS documentation feedback,2,0,0.000000
JIRA,jira,project,2025-01_to_2025-04,2025-01,2025-04,CKI Project,2,0,0.000000
JIRA,jira,project,2025-01_to_2025-04,2025-01,2025-04,CPE Infrastructure,840,94,0.111905
JIRA,jira,project,2025-01_to_2025-04,2025-01,2025-04,CXF,40,22,0.550000
JIRA,jira,project,2025-01_to_2025-04,2025-01,2025-04,Calcite,238,55,0.231092
JIRA,jira,project,2025-01_to_2025-04,2025-01,2025-04,Camel,468,85,0.181624
JIRA,jira,project,2025-01_to_2025-04,2025-01,2025-04,Causeway,47,4,0.085106
JIRA,jira,project,2025-01_to_2025-04,2025-01,2025-04,Cayenne,12,1,0.083333
JIRA,jira,project,2025-01_to_2025-04,2025-01,2025-04,CentOS Stream Pipeline,101,16,0.158416
JIRA,jira,project,2025-01_to_2025-04,2025-01,2025-04,Cert Manager support for Red Hat OpenShift,30,2,0.066667
JIRA,jira,project,2025-01_to_2025-04,2025-01,2025-04,Certification Partner Experience Public,23,1,0.043478
JIRA,jira,project,2025-01_to_2025-04,2025-01,2025-04,Clair,15,2,0.133333
JIRA,jira,project,2025-01_to_2025-04,2025-01,2025-04,Cloud Enablement,11,0,0.000000
JIRA,jira,project,2025-01_to_2025-04,2025-01,2025-04,Cloud Infrastructure Security & Compliance,201,52,0.258706
JIRA,jira,project,2025-01_to_2025-04,2025-01,2025-04,Cluster Integration and Delivery,70,2,0.028571
JIRA,jira,project,2025-01_to_2025-04,2025-01,2025-04,Cluster Observability Operator,169,19,0.112426
JIRA,jira,project,2025-01_to_2025-04,2025-01,2025-04,Cockpit,57,2,0.035088
JIRA,jira,project,2025-01_to_2025-04,2025-01,2025-04,Cocoon (Retired),1,0,0.000000
JIRA,jira,project,2025-01_to_2025-04,2025-01,2025-04,Coin,20,1,0.050000
JIRA,jira,project,2025-01_to_2025-04,2025-01,2025-04,Comdev GSOC,29,0,0.000000
JIRA,jira,project,2025-01_to_2025-04,2025-01,2025-04,Commerce,15,4,0.266667
JIRA,jira,project,2025-01_to_2025-04,2025-01,2025-04,Commons BCEL,2,2,1.000000
JIRA,jira,project,2025-01_to_2025-04,2025-01,2025-04,Commons BeanUtils,2,0,0.000000
JIRA,jira,project,2025-01_to_2025-04,2025-01,2025-04,Commons CSV,1,0,0.000000
JIRA,jira,project,2025-01_to_2025-04,2025-01,2025-04,Commons Codec,3,0,0.000000
JIRA,jira,project,2025-01_to_2025-04,2025-01,2025-04,Commons Compress,6,1,0.166667
JIRA,jira,project,2025-01_to_2025-04,2025-01,2025-04,Commons Configuration,2,0,0.000000
JIRA,jira,project,2025-01_to_2025-04,2025-01,2025-04,Commons Daemon,3,1,0.333333
JIRA,jira,project,2025-01_to_2025-04,2025-01,2025-04,Commons DbUtils,1,0,0.000000
JIRA,jira,project,2025-01_to_2025-04,2025-01,2025-04,Commons Email,1,0,0.000000
JIRA,jira,project,2025-01_to_2025-04,2025-01,2025-04,Commons FileUpload,1,0,0.000000
JIRA,jira,project,2025-01_to_2025-04,2025-01,2025-04,Commons IO,8,1,0.125000
JIRA,jira,project,2025-01_to_2025-04,2025-01,2025-04,Commons Imaging,1,0,0.000000
JIRA,jira,project,2025-01_to_2025-04,2025-01,2025-04,Commons JCS,1,1,1.000000
JIRA,jira,project,2025-01_to_2025-04,2025-01,2025-04,Commons JEXL,3,1,0.333333
JIRA,jira,project,2025-01_to_2025-04,2025-01,2025-04,Commons JXPath,1,0,0.000000
JIRA,jira,project,2025-01_to_2025-04,2025-01,2025-04,Commons Lang,9,1,0.111111
JIRA,jira,project,2025-01_to_2025-04,2025-01,2025-04,Commons Logging,1,1,1.000000
JIRA,jira,project,2025-01_to_2025-04,2025-01,2025-04,Commons Math,1,0,0.000000
JIRA,jira,project,2025-01_to_2025-04,2025-01,2025-04,Commons Net,1,0,0.000000
JIRA,jira,project,2025-01_to_2025-04,2025-01,2025-04,Commons Numbers,1,0,0.000000
JIRA,jira,project,2025-01_to_2025-04,2025-01,2025-04,Commons Pool,1,0,0.000000
JIRA,jira,project,2025-01_to_2025-04,2025-01,2025-04,Commons Statistics,2,0,0.000000
JIRA,jira,project,2025-01_to_2025-04,2025-01,2025-04,Commons VFS,4,3,0.750000
JIRA,jira,project,2025-01_to_2025-04,2025-01,2025-04,Commons Validator,2,0,0.000000
JIRA,jira,project,2025-01_to_2025-04,2025-01,2025-04,Community Development,2,0,0.000000
JIRA,jira,project,2025-01_to_2025-04,2025-01,2025-04,Compass,534,228,0.426966
JIRA,jira,project,2025-01_to_2025-04,2025-01,2025-04,Confluence Cloud,968,51,0.052686
JIRA,jira,project,2025-01_to_2025-04,2025-01,2025-04,Confluence Data Center,244,43,0.176230
JIRA,jira,project,2025-01_to_2025-04,2025-01,2025-04,Connectivity Link,37,3,0.081081
JIRA,jira,project,2025-01_to_2025-04,2025-01,2025-04,Container Tools,591,55,0.093063
JIRA,jira,project,2025-01_to_2025-04,2025-01,2025-04,Content Gateway,7,0,0.000000
JIRA,jira,project,2025-01_to_2025-04,2025-01,2025-04,Contrib: Clog,8,0,0.000000
JIRA,jira,project,2025-01_to_2025-04,2025-01,2025-04,Core Server,4894,589,0.120351
JIRA,jira,project,2025-01_to_2025-04,2025-01,2025-04,CoreOS OCP,160,18,0.112500
JIRA,jira,project,2025-01_to_2025-04,2025-01,2025-04,Cost Management,20,0,0.000000
JIRA,jira,project,2025-01_to_2025-04,2025-01,2025-04,Crowd Data Center,30,7,0.233333
JIRA,jira,project,2025-01_to_2025-04,2025-01,2025-04,Crucible,4,0,0.000000
JIRA,jira,project,2025-01_to_2025-04,2025-01,2025-04,Daffodil,27,5,0.185185
JIRA,jira,project,2025-01_to_2025-04,2025-01,2025-04,Data Foundation Bugs,73,33,0.452055
JIRA,jira,project,2025-01_to_2025-04,2025-01,2025-04,DataFu,1,0,0.000000
JIRA,jira,project,2025-01_to_2025-04,2025-01,2025-04,Debezium,391,91,0.232737
JIRA,jira,project,2025-01_to_2025-04,2025-01,2025-04,Derby (Retired),4,2,0.500000
JIRA,jira,project,2025-01_to_2025-04,2025-01,2025-04,Directory ApacheDS,3,0,0.000000
JIRA,jira,project,2025-01_to_2025-04,2025-01,2025-04,Directory Client API,2,0,0.000000
JIRA,jira,project,2025-01_to_2025-04,2025-01,2025-04,Directory Kerberos,2,1,0.500000
JIRA,jira,project,2025-01_to_2025-04,2025-01,2025-04,Directory Studio,5,1,0.200000
JIRA,jira,project,2025-01_to_2025-04,2025-01,2025-04,Distributed Tracing,148,17,0.114865
JIRA,jira,project,2025-01_to_2025-04,2025-01,2025-04,Docs for Red Hat Developers,78,2,0.025641
JIRA,jira,project,2025-01_to_2025-04,2025-01,2025-04,Dogtag PKI,1,1,1.000000
JIRA,jira,project,2025-01_to_2025-04,2025-01,2025-04,Drivers,62,9,0.145161
JIRA,jira,project,2025-01_to_2025-04,2025-01,2025-04,Drools,5,1,0.200000
JIRA,jira,project,2025-01_to_2025-04,2025-01,2025-04,EAP Documentation,49,2,0.040816
JIRA,jira,project,2025-01_to_2025-04,2025-01,2025-04,Elytron Web,25,1,0.040000
JIRA,jira,project,2025-01_to_2025-04,2025-01,2025-04,Empire,11,0,0.000000
JIRA,jira,project,2025-01_to_2025-04,2025-01,2025-04,Entity Framework,23,5,0.217391
JIRA,jira,project,2025-01_to_2025-04,2025-01,2025-04,Extension for Hibernate ORM,36,0,0.000000
JIRA,jira,project,2025-01_to_2025-04,2025-01,2025-04,External Secrets Operator for Red Hat OpenShift,54,1,0.018519
JIRA,jira,project,2025-01_to_2025-04,2025-01,2025-04,FOP,26,1,0.038462
JIRA,jira,project,2025-01_to_2025-04,2025-01,2025-04,FORTRESS,1,0,0.000000
JIRA,jira,project,2025-01_to_2025-04,2025-01,2025-04,Fake Leaks,1,0,0.000000
JIRA,jira,project,2025-01_to_2025-04,2025-01,2025-04,Fast Datapath Product,237,91,0.383966
JIRA,jira,project,2025-01_to_2025-04,2025-01,2025-04,Fedora,246,90,0.365854
JIRA,jira,project,2025-01_to_2025-04,2025-01,2025-04,Felix,27,6,0.222222
JIRA,jira,project,2025-01_to_2025-04,2025-01,2025-04,FishEye,8,2,0.250000
JIRA,jira,project,2025-01_to_2025-04,2025-01,2025-04,FlightPath,323,36,0.111455
JIRA,jira,project,2025-01_to_2025-04,2025-01,2025-04,Flink,767,134,0.174707
JIRA,jira,project,2025-01_to_2025-04,2025-01,2025-04,Focus,13,1,0.076923
JIRA,jira,project,2025-01_to_2025-04,2025-01,2025-04,Forge,141,21,0.148936
JIRA,jira,project,2025-01_to_2025-04,2025-01,2025-04,Geode,1,0,0.000000
JIRA,jira,project,2025-01_to_2025-04,2025-01,2025-04,Go Driver,95,10,0.105263
JIRA,jira,project,2025-01_to_2025-04,2025-01,2025-04,Griffin (Retired),2,0,0.000000
JIRA,jira,project,2025-01_to_2025-04,2025-01,2025-04,Groovy,107,33,0.308411
JIRA,jira,project,2025-01_to_2025-04,2025-01,2025-04,Guacamole,49,17,0.346939
JIRA,jira,project,2025-01_to_2025-04,2025-01,2025-04,HAL,14,1,0.071429
JIRA,jira,project,2025-01_to_2025-04,2025-01,2025-04,HBase,236,50,0.211864
JIRA,jira,project,2025-01_to_2025-04,2025-01,2025-04,Hadoop Common,173,130,0.751445
JIRA,jira,project,2025-01_to_2025-04,2025-01,2025-04,Hadoop HDFS,74,54,0.729730
JIRA,jira,project,2025-01_to_2025-04,2025-01,2025-04,Hadoop Map/Reduce,9,5,0.555556
JIRA,jira,project,2025-01_to_2025-04,2025-01,2025-04,Hadoop YARN,66,40,0.606061
JIRA,jira,project,2025-01_to_2025-04,2025-01,2025-04,HawtIO,17,0,0.000000
JIRA,jira,project,2025-01_to_2025-04,2025-01,2025-04,Hive,250,52,0.208000
JIRA,jira,project,2025-01_to_2025-04,2025-01,2025-04,HttpComponents HttpClient,15,7,0.466667
JIRA,jira,project,2025-01_to_2025-04,2025-01,2025-04,HttpComponents HttpCore,6,2,0.333333
JIRA,jira,project,2025-01_to_2025-04,2025-01,2025-04,Hybrid Cloud Console,1022,33,0.032290
JIRA,jira,project,2025-01_to_2025-04,2025-01,2025-04,Hybrid Cloud Console Docs Feedback,9,2,0.222222
JIRA,jira,project,2025-01_to_2025-04,2025-01,2025-04,Hybrid Cloud Infrastructure Documentation,56,1,0.017857
JIRA,jira,project,2025-01_to_2025-04,2025-01,2025-04,IMPALA,392,125,0.318878
JIRA,jira,project,2025-01_to_2025-04,2025-01,2025-04,Identity,39,3,0.076923
JIRA,jira,project,2025-01_to_2025-04,2025-01,2025-04,Ignite,1127,230,0.204082
JIRA,jira,project,2025-01_to_2025-04,2025-01,2025-04,Incubator,1,0,0.000000
JIRA,jira,project,2025-01_to_2025-04,2025-01,2025-04,Insights Experiences,634,22,0.034700
JIRA,jira,project,2025-01_to_2025-04,2025-01,2025-04,Insights Rule Analysis Tool,3,1,0.333333
JIRA,jira,project,2025-01_to_2025-04,2025-01,2025-04,Intel IPU Collaboration,1,0,0.000000
JIRA,jira,project,2025-01_to_2025-04,2025-01,2025-04,IronJacamar,4,0,0.000000
JIRA,jira,project,2025-01_to_2025-04,2025-01,2025-04,Ivy,6,0,0.000000
JIRA,jira,project,2025-01_to_2025-04,2025-01,2025-04,JBoss Core Services,13,2,0.153846
JIRA,jira,project,2025-01_to_2025-04,2025-01,2025-04,JBoss Enterprise Application Platform,605,129,0.213223
JIRA,jira,project,2025-01_to_2025-04,2025-01,2025-04,JBoss Log Manager,2,2,1.000000
JIRA,jira,project,2025-01_to_2025-04,2025-01,2025-04,JBoss Logging,1,1,1.000000
JIRA,jira,project,2025-01_to_2025-04,2025-01,2025-04,JBoss Marshalling,3,1,0.333333
JIRA,jira,project,2025-01_to_2025-04,2025-01,2025-04,JBoss Metadata,5,0,0.000000
JIRA,jira,project,2025-01_to_2025-04,2025-01,2025-04,JBoss Remoting (3+),2,0,0.000000
JIRA,jira,project,2025-01_to_2025-04,2025-01,2025-04,JBoss Server Migration Tool,8,3,0.375000
JIRA,jira,project,2025-01_to_2025-04,2025-01,2025-04,JBoss Transaction Manager,20,1,0.050000
JIRA,jira,project,2025-01_to_2025-04,2025-01,2025-04,JBoss Web Server,29,1,0.034483
JIRA,jira,project,2025-01_to_2025-04,2025-01,2025-04,JBoss Web Services,6,1,0.166667
JIRA,jira,project,2025-01_to_2025-04,2025-01,2025-04,JDO,4,0,0.000000
JIRA,jira,project,2025-01_to_2025-04,2025-01,2025-04,JGroups,18,7,0.388889
JIRA,jira,project,2025-01_to_2025-04,2025-01,2025-04,Jackrabbit Content Repository,19,0,0.000000
JIRA,jira,project,2025-01_to_2025-04,2025-01,2025-04,Jackrabbit FileVault,13,3,0.230769
JIRA,jira,project,2025-01_to_2025-04,2025-01,2025-04,Jackrabbit Oak,350,52,0.148571
JIRA,jira,project,2025-01_to_2025-04,2025-01,2025-04,James Mailet,1,0,0.000000
JIRA,jira,project,2025-01_to_2025-04,2025-01,2025-04,James Mime4j,1,0,0.000000
JIRA,jira,project,2025-01_to_2025-04,2025-01,2025-04,James Server,31,5,0.161290
JIRA,jira,project,2025-01_to_2025-04,2025-01,2025-04,James jSPF,2,0,0.000000
JIRA,jira,project,2025-01_to_2025-04,2025-01,2025-04,Java Driver,127,12,0.094488
JIRA,jira,project,2025-01_to_2025-04,2025-01,2025-04,Jira Admin Support,1,0,0.000000
JIRA,jira,project,2025-01_to_2025-04,2025-01,2025-04,Jira Align,287,16,0.055749
JIRA,jira,project,2025-01_to_2025-04,2025-01,2025-04,Jira Cloud,3,0,0.000000
JIRA,jira,project,2025-01_to_2025-04,2025-01,2025-04,Jira Data Center,369,46,0.124661
JIRA,jira,project,2025-01_to_2025-04,2025-01,2025-04,Jira Performance Testing Tools,10,1,0.100000
JIRA,jira,project,2025-01_to_2025-04,2025-01,2025-04,Jira Platform Cloud,1495,53,0.035452
JIRA,jira,project,2025-01_to_2025-04,2025-01,2025-04,Jira Service Management Cloud,804,32,0.039801
JIRA,jira,project,2025-01_to_2025-04,2025-01,2025-04,Jira Service Management Data Center,194,29,0.149485
JIRA,jira,project,2025-01_to_2025-04,2025-01,2025-04,Jira Software Data Center,96,11,0.114583
JIRA,jira,project,2025-01_to_2025-04,2025-01,2025-04,Jira Work Management Cloud,43,2,0.046512
JIRA,jira,project,2025-01_to_2025-04,2025-01,2025-04,Johnzon,2,1,0.500000
JIRA,jira,project,2025-01_to_2025-04,2025-01,2025-04,Juneau,1,0,0.000000
JIRA,jira,project,2025-01_to_2025-04,2025-01,2025-04,Kafka,839,110,0.131108
JIRA,jira,project,2025-01_to_2025-04,2025-01,2025-04,Kafka Connector,7,1,0.142857
JIRA,jira,project,2025-01_to_2025-04,2025-01,2025-04,Kaoto,2,0,0.000000
JIRA,jira,project,2025-01_to_2025-04,2025-01,2025-04,Karaf,55,6,0.109091
JIRA,jira,project,2025-01_to_2025-04,2025-01,2025-04,Knative Serving,4,2,0.500000
JIRA,jira,project,2025-01_to_2025-04,2025-01,2025-04,Kogito,2,1,0.500000
JIRA,jira,project,2025-01_to_2025-04,2025-01,2025-04,Konflux UI,168,3,0.017857
JIRA,jira,project,2025-01_to_2025-04,2025-01,2025-04,Kudu,27,17,0.629630
JIRA,jira,project,2025-01_to_2025-04,2025-01,2025-04,Kylin,86,8,0.093023
JIRA,jira,project,2025-01_to_2025-04,2025-01,2025-04,Legal Discuss,8,0,0.000000
JIRA,jira,project,2025-01_to_2025-04,2025-01,2025-04,Libmongocrypt,43,4,0.093023
JIRA,jira,project,2025-01_to_2025-04,2025-01,2025-04,Livy,4,2,0.500000
JIRA,jira,project,2025-01_to_2025-04,2025-01,2025-04,Log4j 2,4,0,0.000000
JIRA,jira,project,2025-01_to_2025-04,2025-01,2025-04,Loom,2,0,0.000000
JIRA,jira,project,2025-01_to_2025-04,2025-01,2025-04,MINA,3,2,0.666667
JIRA,jira,project,2025-01_to_2025-04,2025-01,2025-04,MINA SSHD,3,0,0.000000
JIRA,jira,project,2025-01_to_2025-04,2025-01,2025-04,Machine Config Operator,173,4,0.023121
JIRA,jira,project,2025-01_to_2025-04,2025-01,2025-04,Mahout,3,0,0.000000
JIRA,jira,project,2025-01_to_2025-04,2025-01,2025-04,Managed Service ,50,0,0.000000
JIRA,jira,project,2025-01_to_2025-04,2025-01,2025-04,ManifoldCF,5,1,0.200000
JIRA,jira,project,2025-01_to_2025-04,2025-01,2025-04,MariaDB ColumnStore,110,21,0.190909
JIRA,jira,project,2025-01_to_2025-04,2025-01,2025-04,MariaDB Connector/C,16,9,0.562500
JIRA,jira,project,2025-01_to_2025-04,2025-01,2025-04,MariaDB Connector/C++,5,0,0.000000
JIRA,jira,project,2025-01_to_2025-04,2025-01,2025-04,MariaDB Connector/J,21,9,0.428571
JIRA,jira,project,2025-01_to_2025-04,2025-01,2025-04,MariaDB Connector/ODBC,14,5,0.357143
JIRA,jira,project,2025-01_to_2025-04,2025-01,2025-04,MariaDB Connector/Python,12,5,0.416667
JIRA,jira,project,2025-01_to_2025-04,2025-01,2025-04,MariaDB Connector/node.js,10,3,0.300000
JIRA,jira,project,2025-01_to_2025-04,2025-01,2025-04,MariaDB Foundation Development,172,26,0.151163
JIRA,jira,project,2025-01_to_2025-04,2025-01,2025-04,MariaDB MaxScale,154,27,0.175325
JIRA,jira,project,2025-01_to_2025-04,2025-01,2025-04,MariaDB Server,963,554,0.575286
JIRA,jira,project,2025-01_to_2025-04,2025-01,2025-04,Marketplace Growth and Experiences,4,0,0.000000
JIRA,jira,project,2025-01_to_2025-04,2025-01,2025-04,Marvell DPU Collaboration,24,0,0.000000
JIRA,jira,project,2025-01_to_2025-04,2025-01,2025-04,Maven (Moved to GitHub Issues),239,39,0.163180
JIRA,jira,project,2025-01_to_2025-04,2025-01,2025-04,Maven Antrun Plugin (Moved to GitHub Issues),2,0,0.000000
JIRA,jira,project,2025-01_to_2025-04,2025-01,2025-04,Maven Archetype Bundles (Moved to GitHub Issues),1,1,1.000000
JIRA,jira,project,2025-01_to_2025-04,2025-01,2025-04,Maven Artifact Plugin (Moved to GitHub Issues),3,0,0.000000
JIRA,jira,project,2025-01_to_2025-04,2025-01,2025-04,Maven Assembly Plugin (Moved to GitHub Issues),1,0,0.000000
JIRA,jira,project,2025-01_to_2025-04,2025-01,2025-04,Maven Build Cache Extension (Moved to GitHub Issues),15,4,0.266667
JIRA,jira,project,2025-01_to_2025-04,2025-01,2025-04,Maven Changes Plugin (Moved to GitHub Issues),4,1,0.250000
JIRA,jira,project,2025-01_to_2025-04,2025-01,2025-04,Maven Checkstyle Plugin (Moved to GitHub Issues),4,2,0.500000
JIRA,jira,project,2025-01_to_2025-04,2025-01,2025-04,Maven Compiler Plugin (Moved to GitHub Issues),4,2,0.500000
JIRA,jira,project,2025-01_to_2025-04,2025-01,2025-04,Maven DOAP Plugin (Moved to GitHub Issues),2,0,0.000000
JIRA,jira,project,2025-01_to_2025-04,2025-01,2025-04,Maven Dependency Plugin (Moved to GitHub Issues),10,4,0.400000
JIRA,jira,project,2025-01_to_2025-04,2025-01,2025-04,Maven Deploy Plugin (Moved to GitHub Issues),2,0,0.000000
JIRA,jira,project,2025-01_to_2025-04,2025-01,2025-04,Maven Doxia (Moved to GitHub Issues),4,0,0.000000
JIRA,jira,project,2025-01_to_2025-04,2025-01,2025-04,Maven Doxia Sitetools (Moved to GitHub Issues),6,1,0.166667
JIRA,jira,project,2025-01_to_2025-04,2025-01,2025-04,Maven Enforcer Plugin (Moved to GitHub Issues),5,2,0.400000
JIRA,jira,project,2025-01_to_2025-04,2025-01,2025-04,Maven Help Plugin (Moved to GitHub Issues),1,1,1.000000
JIRA,jira,project,2025-01_to_2025-04,2025-01,2025-04,Maven Install Plugin (Moved to GitHub Issues),1,0,0.000000
JIRA,jira,project,2025-01_to_2025-04,2025-01,2025-04,Maven Invoker Plugin (Moved to GitHub Issues),1,0,0.000000
JIRA,jira,project,2025-01_to_2025-04,2025-01,2025-04,Maven JAR Plugin (Moved to GitHub Issues),3,0,0.000000
JIRA,jira,project,2025-01_to_2025-04,2025-01,2025-04,Maven JDeprScan Plugin (Moved to GitHub Issues),2,0,0.000000
JIRA,jira,project,2025-01_to_2025-04,2025-01,2025-04,Maven JLink Plugin (Moved to GitHub Issues),1,0,0.000000
JIRA,jira,project,2025-01_to_2025-04,2025-01,2025-04,Maven Javadoc Plugin (Moved to GitHub Issues),2,1,0.500000
JIRA,jira,project,2025-01_to_2025-04,2025-01,2025-04,Maven PMD Plugin (Moved to GitHub Issues),2,1,0.500000
JIRA,jira,project,2025-01_to_2025-04,2025-01,2025-04,Maven Plugin Tools (Moved to GitHub Issues),4,1,0.250000
JIRA,jira,project,2025-01_to_2025-04,2025-01,2025-04,Maven Project Info Reports Plugin (Moved to GitHub Issues),8,0,0.000000
JIRA,jira,project,2025-01_to_2025-04,2025-01,2025-04,Maven Release Plugin (Moved to GitHub Issues),4,2,0.500000
JIRA,jira,project,2025-01_to_2025-04,2025-01,2025-04,Maven Resolver (Moved to GitHub Issues),67,2,0.029851
JIRA,jira,project,2025-01_to_2025-04,2025-01,2025-04,Maven Resources Plugin (Moved to GitHub Issues),2,1,0.500000
JIRA,jira,project,2025-01_to_2025-04,2025-01,2025-04,Maven SCM (Moved to GitHub Issues),4,1,0.250000
JIRA,jira,project,2025-01_to_2025-04,2025-01,2025-04,Maven SCM Publish Plugin (Moved to GitHub Issues),2,0,0.000000
JIRA,jira,project,2025-01_to_2025-04,2025-01,2025-04,Maven Shade Plugin (Moved to GitHub Issues),2,0,0.000000
JIRA,jira,project,2025-01_to_2025-04,2025-01,2025-04,Maven Shared Components,16,1,0.062500
JIRA,jira,project,2025-01_to_2025-04,2025-01,2025-04,Maven Site Plugin (Moved to GitHub Issues),7,1,0.142857
JIRA,jira,project,2025-01_to_2025-04,2025-01,2025-04,Maven Skins (Moved to GitHub Issues),2,0,0.000000
JIRA,jira,project,2025-01_to_2025-04,2025-01,2025-04,Maven Source Plugin (Moved to GitHub Issues),1,0,0.000000
JIRA,jira,project,2025-01_to_2025-04,2025-01,2025-04,Maven Stage Plugin (Moved to GitHub Issues),1,0,0.000000
JIRA,jira,project,2025-01_to_2025-04,2025-01,2025-04,Maven Surefire (Moved to GitHub Issues),9,5,0.555556
JIRA,jira,project,2025-01_to_2025-04,2025-01,2025-04,Maven Toolchains Plugin (Moved to GitHub Issues),8,3,0.375000
JIRA,jira,project,2025-01_to_2025-04,2025-01,2025-04,Maven Verifier Plugin (Moved to GitHub Issues),2,0,0.000000
JIRA,jira,project,2025-01_to_2025-04,2025-01,2025-04,Maven Wrapper (Moved to GitHub Issues),5,2,0.400000
JIRA,jira,project,2025-01_to_2025-04,2025-01,2025-04,MicroShift,213,18,0.084507
JIRA,jira,project,2025-01_to_2025-04,2025-01,2025-04,Migration Platform,75,13,0.173333
JIRA,jira,project,2025-01_to_2025-04,2025-01,2025-04,Migration Toolkit for Applications,596,143,0.239933
JIRA,jira,project,2025-01_to_2025-04,2025-01,2025-04,Migration Toolkit for Virtualization,502,63,0.125498
JIRA,jira,project,2025-01_to_2025-04,2025-01,2025-04,ModeShape,19,0,0.000000
JIRA,jira,project,2025-01_to_2025-04,2025-01,2025-04,Modular Service Container,3,0,0.000000
JIRA,jira,project,2025-01_to_2025-04,2025-01,2025-04,MongoDB Database Tools,73,5,0.068493
JIRA,jira,project,2025-01_to_2025-04,2025-01,2025-04,MongoDB Shell,197,93,0.472081
JIRA,jira,project,2025-01_to_2025-04,2025-01,2025-04,MongoDB for IntelliJ Plugin,121,2,0.016529
JIRA,jira,project,2025-01_to_2025-04,2025-01,2025-04,Mongoid,27,5,0.185185
JIRA,jira,project,2025-01_to_2025-04,2025-01,2025-04,Motor,39,2,0.051282
JIRA,jira,project,2025-01_to_2025-04,2025-01,2025-04,Multiple Architecture Enablement,118,2,0.016949
JIRA,jira,project,2025-01_to_2025-04,2025-01,2025-04,MyFaces Core,17,5,0.294118
JIRA,jira,project,2025-01_to_2025-04,2025-01,2025-04,MyFaces Tobago,34,1,0.029412
JIRA,jira,project,2025-01_to_2025-04,2025-01,2025-04,NLPCraft (Retired),1,0,0.000000
JIRA,jira,project,2025-01_to_2025-04,2025-01,2025-04,Network Edge,94,1,0.010638
JIRA,jira,project,2025-01_to_2025-04,2025-01,2025-04,Network Hardware Enablement,134,1,0.007463
JIRA,jira,project,2025-01_to_2025-04,2025-01,2025-04,Network Observability,181,11,0.060773
JIRA,jira,project,2025-01_to_2025-04,2025-01,2025-04,NiFi Improvement Proposal,3,0,0.000000
JIRA,jira,project,2025-01_to_2025-04,2025-01,2025-04,Node.js Driver,306,35,0.114379
JIRA,jira,project,2025-01_to_2025-04,2025-01,2025-04,Nutch,9,5,0.555556
JIRA,jira,project,2025-01_to_2025-04,2025-01,2025-04,OCMUI ,519,14,0.026975
JIRA,jira,project,2025-01_to_2025-04,2025-01,2025-04,OCP Technical Release Team,163,16,0.098160
JIRA,jira,project,2025-01_to_2025-04,2025-01,2025-04,ODATA,1,0,0.000000
JIRA,jira,project,2025-01_to_2025-04,2025-01,2025-04,OFBiz,32,9,0.281250
JIRA,jira,project,2025-01_to_2025-04,2025-01,2025-04,OPCT ,37,8,0.216216
JIRA,jira,project,2025-01_to_2025-04,2025-01,2025-04,ORC,66,1,0.015152
JIRA,jira,project,2025-01_to_2025-04,2025-01,2025-04,Observability Documentation,165,4,0.024242
JIRA,jira,project,2025-01_to_2025-04,2025-01,2025-04,Observability UI,141,5,0.035461
JIRA,jira,project,2025-01_to_2025-04,2025-01,2025-04,Observability and Data Analysis Program,52,1,0.019231
JIRA,jira,project,2025-01_to_2025-04,2025-01,2025-04,Olingo,7,2,0.285714
JIRA,jira,project,2025-01_to_2025-04,2025-01,2025-04,On Prem Networking,41,1,0.024390
JIRA,jira,project,2025-01_to_2025-04,2025-01,2025-04,Oozie (Retired),3,1,0.333333
JIRA,jira,project,2025-01_to_2025-04,2025-01,2025-04,OpenJDK,89,3,0.033708
JIRA,jira,project,2025-01_to_2025-04,2025-01,2025-04,OpenJPA,5,1,0.200000
JIRA,jira,project,2025-01_to_2025-04,2025-01,2025-04,OpenNLP,44,0,0.000000
JIRA,jira,project,2025-01_to_2025-04,2025-01,2025-04,OpenShift API Server,10,1,0.100000
JIRA,jira,project,2025-01_to_2025-04,2025-01,2025-04,OpenShift API for Data Protection,530,127,0.239623
JIRA,jira,project,2025-01_to_2025-04,2025-01,2025-04,OpenShift Application Platform Engineering,104,1,0.009615
JIRA,jira,project,2025-01_to_2025-04,2025-01,2025-04,OpenShift Authentication,4,0,0.000000
JIRA,jira,project,2025-01_to_2025-04,2025-01,2025-04,OpenShift Autoscaling,104,2,0.019231
JIRA,jira,project,2025-01_to_2025-04,2025-01,2025-04,OpenShift Bugs,3157,1347,0.426671
JIRA,jira,project,2025-01_to_2025-04,2025-01,2025-04,OpenShift BuildConfig,1,0,0.000000
JIRA,jira,project,2025-01_to_2025-04,2025-01,2025-04,OpenShift Builds,67,6,0.089552
JIRA,jira,project,2025-01_to_2025-04,2025-01,2025-04,OpenShift Cloud,142,14,0.098592
JIRA,jira,project,2025-01_to_2025-04,2025-01,2025-04,OpenShift Cloud Credential Operator,29,5,0.172414
JIRA,jira,project,2025-01_to_2025-04,2025-01,2025-04,OpenShift Console,136,5,0.036765
JIRA,jira,project,2025-01_to_2025-04,2025-01,2025-04,OpenShift Container Platform (OCP) Strategy,240,4,0.016667
JIRA,jira,project,2025-01_to_2025-04,2025-01,2025-04,OpenShift Core Networking,392,12,0.030612
JIRA,jira,project,2025-01_to_2025-04,2025-01,2025-04,OpenShift Data Foundation Request For Enhancement,25,0,0.000000
JIRA,jira,project,2025-01_to_2025-04,2025-01,2025-04,OpenShift Edge,37,0,0.000000
JIRA,jira,project,2025-01_to_2025-04,2025-01,2025-04,OpenShift Etcd,20,0,0.000000
JIRA,jira,project,2025-01_to_2025-04,2025-01,2025-04,OpenShift GitOps,421,40,0.095012
JIRA,jira,project,2025-01_to_2025-04,2025-01,2025-04,OpenShift Hive,88,9,0.102273
JIRA,jira,project,2025-01_to_2025-04,2025-01,2025-04,OpenShift Hosted Control Plane,12,1,0.083333
JIRA,jira,project,2025-01_to_2025-04,2025-01,2025-04,OpenShift Image Registry,11,1,0.090909
JIRA,jira,project,2025-01_to_2025-04,2025-01,2025-04,OpenShift Installer,181,14,0.077348
JIRA,jira,project,2025-01_to_2025-04,2025-01,2025-04,OpenShift Jenkins,20,8,0.400000
JIRA,jira,project,2025-01_to_2025-04,2025-01,2025-04,OpenShift Kueue,123,3,0.024390
JIRA,jira,project,2025-01_to_2025-04,2025-01,2025-04,OpenShift Logging,450,58,0.128889
JIRA,jira,project,2025-01_to_2025-04,2025-01,2025-04,OpenShift Migration Toolkit for Containers,29,7,0.241379
JIRA,jira,project,2025-01_to_2025-04,2025-01,2025-04,OpenShift Monitoring,86,8,0.093023
JIRA,jira,project,2025-01_to_2025-04,2025-01,2025-04,OpenShift Node,254,8,0.031496
JIRA,jira,project,2025-01_to_2025-04,2025-01,2025-04,OpenShift Over the Air,99,12,0.121212
JIRA,jira,project,2025-01_to_2025-04,2025-01,2025-04,OpenShift Pipelines,487,33,0.067762
JIRA,jira,project,2025-01_to_2025-04,2025-01,2025-04,OpenShift Pod Autoscaling,2,1,0.500000
JIRA,jira,project,2025-01_to_2025-04,2025-01,2025-04,OpenShift Request For Enhancement,376,16,0.042553
JIRA,jira,project,2025-01_to_2025-04,2025-01,2025-04,OpenShift Service Mesh,799,25,0.031289
JIRA,jira,project,2025-01_to_2025-04,2025-01,2025-04,OpenShift Specialist Platform Team,217,9,0.041475
JIRA,jira,project,2025-01_to_2025-04,2025-01,2025-04,OpenShift Storage,155,4,0.025806
JIRA,jira,project,2025-01_to_2025-04,2025-01,2025-04,OpenShift Virtualization,4963,202,0.040701
JIRA,jira,project,2025-01_to_2025-04,2025-01,2025-04,OpenShift Windows Containers,31,3,0.096774
JIRA,jira,project,2025-01_to_2025-04,2025-01,2025-04,OpenShift Workloads,15,1,0.066667
JIRA,jira,project,2025-01_to_2025-04,2025-01,2025-04,OpenStack Strategy,128,3,0.023438
JIRA,jira,project,2025-01_to_2025-04,2025-01,2025-04,OpenStack as Infra,88,7,0.079545
JIRA,jira,project,2025-01_to_2025-04,2025-01,2025-04,OpenWebBeans,2,0,0.000000
JIRA,jira,project,2025-01_to_2025-04,2025-01,2025-04,Openmeetings,5,0,0.000000
JIRA,jira,project,2025-01_to_2025-04,2025-01,2025-04,Openshift sandboxed containers,202,15,0.074257
JIRA,jira,project,2025-01_to_2025-04,2025-01,2025-04,Operator Ecosystem,2,1,0.500000
JIRA,jira,project,2025-01_to_2025-04,2025-01,2025-04,Operator Runtime,202,7,0.034653
JIRA,jira,project,2025-01_to_2025-04,2025-01,2025-04,Opsgenie,82,6,0.073171
JIRA,jira,project,2025-01_to_2025-04,2025-01,2025-04,Origin Community Distribution of Kubernetes,11,1,0.090909
JIRA,jira,project,2025-01_to_2025-04,2025-01,2025-04,PDFBox,65,21,0.323077
JIRA,jira,project,2025-01_to_2025-04,2025-01,2025-04,PHP Driver: Extension,61,5,0.081967
JIRA,jira,project,2025-01_to_2025-04,2025-01,2025-04,PHP Driver: Library,63,2,0.031746
JIRA,jira,project,2025-01_to_2025-04,2025-01,2025-04,PHP ORMs,45,6,0.133333
JIRA,jira,project,2025-01_to_2025-04,2025-01,2025-04,Performance and Scale for AI Platforms,1,0,0.000000
JIRA,jira,project,2025-01_to_2025-04,2025-01,2025-04,Phoenix,101,14,0.138614
JIRA,jira,project,2025-01_to_2025-04,2025-01,2025-04,Phoenix Omid,14,0,0.000000
JIRA,jira,project,2025-01_to_2025-04,2025-01,2025-04,Pig,1,1,1.000000
JIRA,jira,project,2025-01_to_2025-04,2025-01,2025-04,Pivot (Retired),1,0,0.000000
JIRA,jira,project,2025-01_to_2025-04,2025-01,2025-04,Pluto (Retired),2,0,0.000000
JIRA,jira,project,2025-01_to_2025-04,2025-01,2025-04,Podling Suitable Names Search,7,0,0.000000
JIRA,jira,project,2025-01_to_2025-04,2025-01,2025-04,Product Technical Learning,477,32,0.067086
JIRA,jira,project,2025-01_to_2025-04,2025-01,2025-04,Proforma Server & Data Centre,16,1,0.062500
JIRA,jira,project,2025-01_to_2025-04,2025-01,2025-04,Project Quay,242,26,0.107438
JIRA,jira,project,2025-01_to_2025-04,2025-01,2025-04,Python Driver,334,93,0.278443
JIRA,jira,project,2025-01_to_2025-04,2025-01,2025-04,Python Integrations,146,15,0.102740
JIRA,jira,project,2025-01_to_2025-04,2025-01,2025-04,"Qbs (""Cubes"")",15,7,0.466667
JIRA,jira,project,2025-01_to_2025-04,2025-01,2025-04,Qpid,14,2,0.142857
JIRA,jira,project,2025-01_to_2025-04,2025-01,2025-04,Qpid Dispatch,5,3,0.600000
JIRA,jira,project,2025-01_to_2025-04,2025-01,2025-04,Qpid JMS,4,0,0.000000
JIRA,jira,project,2025-01_to_2025-04,2025-01,2025-04,Qpid Proton,28,2,0.071429
JIRA,jira,project,2025-01_to_2025-04,2025-01,2025-04,Qt,2938,751,0.255616
JIRA,jira,project,2025-01_to_2025-04,2025-01,2025-04,Qt 3D Studio,1,0,0.000000
JIRA,jira,project,2025-01_to_2025-04,2025-01,2025-04,Qt Bridges,14,1,0.071429
JIRA,jira,project,2025-01_to_2025-04,2025-01,2025-04,Qt Creator,478,94,0.196653
JIRA,jira,project,2025-01_to_2025-04,2025-01,2025-04,Qt Design Studio,738,52,0.070461
JIRA,jira,project,2025-01_to_2025-04,2025-01,2025-04,Qt Installer Framework,124,13,0.104839
JIRA,jira,project,2025-01_to_2025-04,2025-01,2025-04,Qt Playground Projects,1,0,0.000000
JIRA,jira,project,2025-01_to_2025-04,2025-01,2025-04,Qt Project Website,26,0,0.000000
JIRA,jira,project,2025-01_to_2025-04,2025-01,2025-04,Qt Quality Assurance Infrastructure,190,15,0.078947
JIRA,jira,project,2025-01_to_2025-04,2025-01,2025-04,Qt Tools for Android,104,20,0.192308
JIRA,jira,project,2025-01_to_2025-04,2025-01,2025-04,Qt Visual Studio Tools,27,9,0.333333
JIRA,jira,project,2025-01_to_2025-04,2025-01,2025-04,Qt WebBrowser,1,0,0.000000
JIRA,jira,project,2025-01_to_2025-04,2025-01,2025-04,Qt for Python,110,42,0.381818
JIRA,jira,project,2025-01_to_2025-04,2025-01,2025-04,Quarkus,173,8,0.046243
JIRA,jira,project,2025-01_to_2025-04,2025-01,2025-04,Quarkus Documentation,121,1,0.008264
JIRA,jira,project,2025-01_to_2025-04,2025-01,2025-04,Quick Reload,8,0,0.000000
JIRA,jira,project,2025-01_to_2025-04,2025-01,2025-04,RDO Project,54,3,0.055556
JIRA,jira,project,2025-01_to_2025-04,2025-01,2025-04,REST API Browser,1,0,0.000000
JIRA,jira,project,2025-01_to_2025-04,2025-01,2025-04,RESTEasy,21,2,0.095238
JIRA,jira,project,2025-01_to_2025-04,2025-01,2025-04,RH,2,0,0.000000
JIRA,jira,project,2025-01_to_2025-04,2025-01,2025-04,RH Developer Hub Planning,98,1,0.010204
JIRA,jira,project,2025-01_to_2025-04,2025-01,2025-04,RHEL,3040,932,0.306579
JIRA,jira,project,2025-01_to_2025-04,2025-01,2025-04,RHEL Conversions,6,5,0.833333
JIRA,jira,project,2025-01_to_2025-04,2025-01,2025-04,RHEL Documentation,63,4,0.063492
JIRA,jira,project,2025-01_to_2025-04,2025-01,2025-04,RHEL Performance,5,0,0.000000
JIRA,jira,project,2025-01_to_2025-04,2025-01,2025-04,RHEL Testing,150,76,0.506667
JIRA,jira,project,2025-01_to_2025-04,2025-01,2025-04,RHEL in Cloud,6,0,0.000000
JIRA,jira,project,2025-01_to_2025-04,2025-01,2025-04,RHOS Request for Features,18,1,0.055556
JIRA,jira,project,2025-01_to_2025-04,2025-01,2025-04,RHTAP UI,31,0,0.000000
JIRA,jira,project,2025-01_to_2025-04,2025-01,2025-04,Rampart,1,0,0.000000
JIRA,jira,project,2025-01_to_2025-04,2025-01,2025-04,Ranger,120,19,0.158333
JIRA,jira,project,2025-01_to_2025-04,2025-01,2025-04,Ratis,53,14,0.264151
JIRA,jira,project,2025-01_to_2025-04,2025-01,2025-04,Red Hat 3scale API Management,149,12,0.080537
JIRA,jira,project,2025-01_to_2025-04,2025-01,2025-04,Red Hat Advanced Cluster Management,1628,150,0.092138
JIRA,jira,project,2025-01_to_2025-04,2025-01,2025-04,Red Hat Advanced Cluster Security,813,38,0.046740
JIRA,jira,project,2025-01_to_2025-04,2025-01,2025-04,Red Hat Build of Apache Camel for Quarkus,42,2,0.047619
JIRA,jira,project,2025-01_to_2025-04,2025-01,2025-04,Red Hat Data Grid,34,5,0.147059
JIRA,jira,project,2025-01_to_2025-04,2025-01,2025-04,Red Hat Developer Hub Bugs,408,66,0.161765
JIRA,jira,project,2025-01_to_2025-04,2025-01,2025-04,Red Hat Directory Server,32,3,0.093750
JIRA,jira,project,2025-01_to_2025-04,2025-01,2025-04,Red Hat Enterprise Linux AI,563,44,0.078153
JIRA,jira,project,2025-01_to_2025-04,2025-01,2025-04,Red Hat Fuse,2,2,1.000000
JIRA,jira,project,2025-01_to_2025-04,2025-01,2025-04,Red Hat Insights Engineering,27,2,0.074074
JIRA,jira,project,2025-01_to_2025-04,2025-01,2025-04,Red Hat Insights Strategy,3,0,0.000000
JIRA,jira,project,2025-01_to_2025-04,2025-01,2025-04,Red Hat Internal Developer Platform,1099,25,0.022748
JIRA,jira,project,2025-01_to_2025-04,2025-01,2025-04,Red Hat Offline Knowledge Portal,3,1,0.333333
JIRA,jira,project,2025-01_to_2025-04,2025-01,2025-04,Red Hat OpenShift Control Planes,1,0,0.000000
JIRA,jira,project,2025-01_to_2025-04,2025-01,2025-04,Red Hat OpenShift Data Science,35,1,0.028571
JIRA,jira,project,2025-01_to_2025-04,2025-01,2025-04,Red Hat OpenShift Dev Spaces (formerly CodeReady Workspaces),143,33,0.230769
JIRA,jira,project,2025-01_to_2025-04,2025-01,2025-04,Red Hat OpenStack Services on OpenShift,1880,249,0.132447
JIRA,jira,project,2025-01_to_2025-04,2025-01,2025-04,Red Hat Process Automation Manager,4,0,0.000000
JIRA,jira,project,2025-01_to_2025-04,2025-01,2025-04,Red Hat Service Interconnect (Skupper),48,5,0.104167
JIRA,jira,project,2025-01_to_2025-04,2025-01,2025-04,Red Hat Update Infrastructure for Cloud Providers,1,0,0.000000
JIRA,jira,project,2025-01_to_2025-04,2025-01,2025-04,Red Hat Workload Availability,17,2,0.117647
JIRA,jira,project,2025-01_to_2025-04,2025-01,2025-04,Red Hat build of Apache Camel,25,4,0.160000
JIRA,jira,project,2025-01_to_2025-04,2025-01,2025-04,Red Hat build of Apache Camel for Spring Boot,36,1,0.027778
JIRA,jira,project,2025-01_to_2025-04,2025-01,2025-04,Red Hat build of Keycloak,99,22,0.222222
JIRA,jira,project,2025-01_to_2025-04,2025-01,2025-04,Rovo,36,2,0.055556
JIRA,jira,project,2025-01_to_2025-04,2025-01,2025-04,Ruby Driver,54,2,0.037037
JIRA,jira,project,2025-01_to_2025-04,2025-01,2025-04,Rust Driver,80,3,0.037500
JIRA,jira,project,2025-01_to_2025-04,2025-01,2025-04,Sakai,612,135,0.220588
JIRA,jira,project,2025-01_to_2025-04,2025-01,2025-04,Samza,1,0,0.000000
JIRA,jira,project,2025-01_to_2025-04,2025-01,2025-04,Santuario,3,1,0.333333
JIRA,jira,project,2025-01_to_2025-04,2025-01,2025-04,Satellite,1801,365,0.202665
JIRA,jira,project,2025-01_to_2025-04,2025-01,2025-04,Secret Store CSI for Red Hat OpenShift,86,2,0.023256
JIRA,jira,project,2025-01_to_2025-04,2025-01,2025-04,Security Data,14,1,0.071429
JIRA,jira,project,2025-01_to_2025-04,2025-01,2025-04,Server Deployments and Scale,7,0,0.000000
JIRA,jira,project,2025-01_to_2025-04,2025-01,2025-04,Server Platform Frontend,1,0,0.000000
JIRA,jira,project,2025-01_to_2025-04,2025-01,2025-04,Serverless logic,73,3,0.041096
JIRA,jira,project,2025-01_to_2025-04,2025-01,2025-04,ServiceMix,31,2,0.064516
JIRA,jira,project,2025-01_to_2025-04,2025-01,2025-04,Sidecar for Apache Cassandra,61,3,0.049180
JIRA,jira,project,2025-01_to_2025-04,2025-01,2025-04,Sling,174,24,0.137931
JIRA,jira,project,2025-01_to_2025-04,2025-01,2025-04,Solr,139,22,0.158273
JIRA,jira,project,2025-01_to_2025-04,2025-01,2025-04,Sourcetree For Mac,12,1,0.083333
JIRA,jira,project,2025-01_to_2025-04,2025-01,2025-04,Sourcetree for Windows,31,8,0.258065
JIRA,jira,project,2025-01_to_2025-04,2025-01,2025-04,Spark,1257,96,0.076372
JIRA,jira,project,2025-01_to_2025-04,2025-01,2025-04,Spark Connector,7,1,0.142857
JIRA,jira,project,2025-01_to_2025-04,2025-01,2025-04,Spatial Information Systems,2,0,0.000000
JIRA,jira,project,2025-01_to_2025-04,2025-01,2025-04,Statuspage,36,3,0.083333
JIRA,jira,project,2025-01_to_2025-04,2025-01,2025-04,Steve,3,0,0.000000
JIRA,jira,project,2025-01_to_2025-04,2025-01,2025-04,Streams for Apache Kafka Console,35,1,0.028571
JIRA,jira,project,2025-01_to_2025-04,2025-01,2025-04,Struts 2,40,7,0.175000
JIRA,jira,project,2025-01_to_2025-04,2025-01,2025-04,Subscription Watch,135,36,0.266667
JIRA,jira,project,2025-01_to_2025-04,2025-01,2025-04,Subversion JIRA plugin,1,0,0.000000
JIRA,jira,project,2025-01_to_2025-04,2025-01,2025-04,Syncope,25,3,0.120000
JIRA,jira,project,2025-01_to_2025-04,2025-01,2025-04,SystemDS,68,2,0.029412
JIRA,jira,project,2025-01_to_2025-04,2025-01,2025-04,TEST Defect Tracking Project,1,0,0.000000
JIRA,jira,project,2025-01_to_2025-04,2025-01,2025-04,TOREE,4,0,0.000000
JIRA,jira,project,2025-01_to_2025-04,2025-01,2025-04,TRELLO,295,6,0.020339
JIRA,jira,project,2025-01_to_2025-04,2025-01,2025-04,Tapestry 5,6,4,0.666667
JIRA,jira,project,2025-01_to_2025-04,2025-01,2025-04,Test Project,1,0,0.000000
JIRA,jira,project,2025-01_to_2025-04,2025-01,2025-04,The Maven Metric Extension,1,0,0.000000
JIRA,jira,project,2025-01_to_2025-04,2025-01,2025-04,Thrift,22,4,0.181818
JIRA,jira,project,2025-01_to_2025-04,2025-01,2025-04,Tika,45,8,0.177778
JIRA,jira,project,2025-01_to_2025-04,2025-01,2025-04,TinkerPop,34,8,0.235294
JIRA,jira,project,2025-01_to_2025-04,2025-01,2025-04,TomEE,42,6,0.142857
JIRA,jira,project,2025-01_to_2025-04,2025-01,2025-04,Tools (JBoss Tools),4,0,0.000000
JIRA,jira,project,2025-01_to_2025-04,2025-01,2025-04,Torque,2,1,0.500000
JIRA,jira,project,2025-01_to_2025-04,2025-01,2025-04,UIMA,1,0,0.000000
JIRA,jira,project,2025-01_to_2025-04,2025-01,2025-04,Undertow,12,2,0.166667
JIRA,jira,project,2025-01_to_2025-04,2025-01,2025-04,VS Code Extension,78,11,0.141026
JIRA,jira,project,2025-01_to_2025-04,2025-01,2025-04,Velocity,2,1,0.500000
JIRA,jira,project,2025-01_to_2025-04,2025-01,2025-04,Virtualization Strategy,19,0,0.000000
JIRA,jira,project,2025-01_to_2025-04,2025-01,2025-04,Visual Design,22,0,0.000000
JIRA,jira,project,2025-01_to_2025-04,2025-01,2025-04,Visual Studio,7,1,0.142857
JIRA,jira,project,2025-01_to_2025-04,2025-01,2025-04,WSS4J,5,0,0.000000
JIRA,jira,project,2025-01_to_2025-04,2025-01,2025-04,Web Terminal for OpenShift,5,0,0.000000
JIRA,jira,project,2025-01_to_2025-04,2025-01,2025-04,Weld,9,0,0.000000
JIRA,jira,project,2025-01_to_2025-04,2025-01,2025-04,Whimsy,6,0,0.000000
JIRA,jira,project,2025-01_to_2025-04,2025-01,2025-04,Wicket,16,2,0.125000
JIRA,jira,project,2025-01_to_2025-04,2025-01,2025-04,WildFly,324,48,0.148148
JIRA,jira,project,2025-01_to_2025-04,2025-01,2025-04,WildFly Arquillian,9,3,0.333333
JIRA,jira,project,2025-01_to_2025-04,2025-01,2025-04,WildFly Core,99,13,0.131313
JIRA,jira,project,2025-01_to_2025-04,2025-01,2025-04,WildFly EJB HTTP Client,1,0,0.000000
JIRA,jira,project,2025-01_to_2025-04,2025-01,2025-04,WildFly Elytron,30,4,0.133333
JIRA,jira,project,2025-01_to_2025-04,2025-01,2025-04,WildFly Elytron EE,10,2,0.200000
JIRA,jira,project,2025-01_to_2025-04,2025-01,2025-04,WildFly Maven Plugin,13,0,0.000000
JIRA,jira,project,2025-01_to_2025-04,2025-01,2025-04,WildFly OpenSSL,1,1,1.000000
JIRA,jira,project,2025-01_to_2025-04,2025-01,2025-04,WildFly Transaction Client,1,0,0.000000
JIRA,jira,project,2025-01_to_2025-04,2025-01,2025-04,WildFly WIP,4,1,0.250000
JIRA,jira,project,2025-01_to_2025-04,2025-01,2025-04,WiredTiger,498,142,0.285141
JIRA,jira,project,2025-01_to_2025-04,2025-01,2025-04,XBean,1,0,0.000000
JIRA,jira,project,2025-01_to_2025-04,2025-01,2025-04,XML Commons,1,0,0.000000
JIRA,jira,project,2025-01_to_2025-04,2025-01,2025-04,Xerces,2,1,0.500000
JIRA,jira,project,2025-01_to_2025-04,2025-01,2025-04,Xerces2,4,3,0.750000
JIRA,jira,project,2025-01_to_2025-04,2025-01,2025-04,Yetus,3,0,0.000000
JIRA,jira,project,2025-01_to_2025-04,2025-01,2025-04,Zeppelin,28,7,0.250000
JIRA,jira,project,2025-01_to_2025-04,2025-01,2025-04,Zero Trust Workload Identity Manager,11,0,0.000000
JIRA,jira,project,2025-01_to_2025-04,2025-01,2025-04,ZooKeeper,35,5,0.142857
JIRA,jira,project,2025-01_to_2025-04,2025-01,2025-04,anaconda installer,91,1,0.010989
JIRA,jira,project,2025-01_to_2025-04,2025-01,2025-04,cTAKES,1,0,0.000000
JIRA,jira,project,2025-01_to_2025-04,2025-01,2025-04,jBPM,3,1,0.333333
JIRA,jira,project,2025-01_to_2025-04,2025-01,2025-04,jclouds (Retired) (Retired),3,2,0.666667
JIRA,jira,project,2025-01_to_2025-04,2025-01,2025-04,mod_cluster,4,1,0.250000
JIRA,jira,project,2025-01_to_2025-04,2025-01,2025-04,repository.jboss.org/nexus,22,0,0.000000
JIRA,jira,project,2025-05_to_2025-08,2025-05,2025-08,AI Platform Core Components,1410,117,0.082979
JIRA,jira,project,2025-05_to_2025-08,2025-05,2025-08,AMQ Broker,95,12,0.126316
JIRA,jira,project,2025-05_to_2025-08,2025-05,2025-08,AMQ Clients,4,0,0.000000
JIRA,jira,project,2025-05_to_2025-08,2025-05,2025-08,AMQ Streams,82,3,0.036585
JIRA,jira,project,2025-05_to_2025-08,2025-05,2025-08,AMQ Streams Flink,19,0,0.000000
JIRA,jira,project,2025-05_to_2025-08,2025-05,2025-08,AMQ Streams Kafka Proxy,12,0,0.000000
JIRA,jira,project,2025-05_to_2025-08,2025-05,2025-08,ActiveMQ (Read,64,3,0.046875
JIRA,jira,project,2025-05_to_2025-08,2025-05,2025-08,ActiveMQ .Net,4,0,0.000000
JIRA,jira,project,2025-05_to_2025-08,2025-05,2025-08,ActiveMQ C++ Client,1,1,1.000000
JIRA,jira,project,2025-05_to_2025-08,2025-05,2025-08,ActiveObjects,45,1,0.022222
JIRA,jira,project,2025-05_to_2025-08,2025-05,2025-08,Admin Experience,146,12,0.082192
JIRA,jira,project,2025-05_to_2025-08,2025-05,2025-08,AeroGear,6,0,0.000000
JIRA,jira,project,2025-05_to_2025-08,2025-05,2025-08,Agent,94,2,0.021277
JIRA,jira,project,2025-05_to_2025-08,2025-05,2025-08,Agroal,15,2,0.133333
JIRA,jira,project,2025-05_to_2025-08,2025-05,2025-08,Airavata,2,1,0.500000
JIRA,jira,project,2025-05_to_2025-08,2025-05,2025-08,Ambari,49,13,0.265306
JIRA,jira,project,2025-05_to_2025-08,2025-05,2025-08,Analytics,88,1,0.011364
JIRA,jira,project,2025-05_to_2025-08,2025-05,2025-08,Ansible Automation Platform RFEs,186,6,0.032258
JIRA,jira,project,2025-05_to_2025-08,2025-05,2025-08,Ansible Strategy,1,0,0.000000
JIRA,jira,project,2025-05_to_2025-08,2025-05,2025-08,Apache AsterixDB,37,3,0.081081
JIRA,jira,project,2025-05_to_2025-08,2025-05,2025-08,Apache Avro,43,9,0.209302
JIRA,jira,project,2025-05_to_2025-08,2025-05,2025-08,Apache Cassandra,260,58,0.223077
JIRA,jira,project,2025-05_to_2025-08,2025-05,2025-08,Apache Cassandra Analytics,35,11,0.314286
JIRA,jira,project,2025-05_to_2025-08,2025-05,2025-08,Apache Cassandra C/C++ driver,1,0,0.000000
JIRA,jira,project,2025-05_to_2025-08,2025-05,2025-08,Apache Cassandra Go driver,15,0,0.000000
JIRA,jira,project,2025-05_to_2025-08,2025-05,2025-08,Apache Cassandra Java driver,10,3,0.300000
JIRA,jira,project,2025-05_to_2025-08,2025-05,2025-08,Apache Cassandra Python driver,1,0,0.000000
JIRA,jira,project,2025-05_to_2025-08,2025-05,2025-08,Apache Celeborn,147,9,0.061224
JIRA,jira,project,2025-05_to_2025-08,2025-05,2025-08,Apache Doris,1,0,0.000000
JIRA,jira,project,2025-05_to_2025-08,2025-05,2025-08,Apache Drill,9,4,0.444444
JIRA,jira,project,2025-05_to_2025-08,2025-05,2025-08,Apache Fineract,86,6,0.069767
JIRA,jira,project,2025-05_to_2025-08,2025-05,2025-08,Apache Freemarker,1,1,1.000000
JIRA,jira,project,2025-05_to_2025-08,2025-05,2025-08,Apache Gluten (incubating),1,0,0.000000
JIRA,jira,project,2025-05_to_2025-08,2025-05,2025-08,Apache Gobblin,18,0,0.000000
JIRA,jira,project,2025-05_to_2025-08,2025-05,2025-08,Apache Hudi,420,23,0.054762
JIRA,jira,project,2025-05_to_2025-08,2025-05,2025-08,Apache Knox,45,6,0.133333
JIRA,jira,project,2025-05_to_2025-08,2025-05,2025-08,Apache NiFi,416,42,0.100962
JIRA,jira,project,2025-05_to_2025-08,2025-05,2025-08,Apache NiFi MiNiFi C++,51,3,0.058824
JIRA,jira,project,2025-05_to_2025-08,2025-05,2025-08,Apache Ozone,687,75,0.109170
JIRA,jira,project,2025-05_to_2025-08,2025-05,2025-08,Apache RAT,9,2,0.222222
JIRA,jira,project,2025-05_to_2025-08,2025-05,2025-08,Apache Science Data Analytics Platform,2,0,0.000000
JIRA,jira,project,2025-05_to_2025-08,2025-05,2025-08,Apache Sedona,10,1,0.100000
JIRA,jira,project,2025-05_to_2025-08,2025-05,2025-08,Apache Tez,19,5,0.263158
JIRA,jira,project,2025-05_to_2025-08,2025-05,2025-08,Apache Training,4,2,0.500000
JIRA,jira,project,2025-05_to_2025-08,2025-05,2025-08,Apache Unomi,9,0,0.000000
JIRA,jira,project,2025-05_to_2025-08,2025-05,2025-08,Apache Whisker,2,0,0.000000
JIRA,jira,project,2025-05_to_2025-08,2025-05,2025-08,Apache YuniKorn,44,3,0.068182
JIRA,jira,project,2025-05_to_2025-08,2025-05,2025-08,Apicurio Product Team,1,0,0.000000
JIRA,jira,project,2025-05_to_2025-08,2025-05,2025-08,AppFormer,1,0,0.000000
JIRA,jira,project,2025-05_to_2025-08,2025-05,2025-08,Aries,15,0,0.000000
JIRA,jira,project,2025-05_to_2025-08,2025-05,2025-08,Artemis,180,20,0.111111
JIRA,jira,project,2025-05_to_2025-08,2025-05,2025-08,Atlas,127,14,0.110236
JIRA,jira,project,2025-05_to_2025-08,2025-05,2025-08,Atlas SQL,11,0,0.000000
JIRA,jira,project,2025-05_to_2025-08,2025-05,2025-08,Atlassian Cache,1,0,0.000000
JIRA,jira,project,2025-05_to_2025-08,2025-05,2025-08,Atlassian Cloud,145,6,0.041379
JIRA,jira,project,2025-05_to_2025-08,2025-05,2025-08,Atlassian Connect Express (Node.js),1,0,0.000000
JIRA,jira,project,2025-05_to_2025-08,2025-05,2025-08,Atlassian Connect Spring Boot,1,0,0.000000
JIRA,jira,project,2025-05_to_2025-08,2025-05,2025-08,Atlassian Ecosystem,183,10,0.054645
JIRA,jira,project,2025-05_to_2025-08,2025-05,2025-08,Atlassian Guard,105,3,0.028571
JIRA,jira,project,2025-05_to_2025-08,2025-05,2025-08,Atlassian Intelligence,74,5,0.067568
JIRA,jira,project,2025-05_to_2025-08,2025-05,2025-08,Atlassian Internationalization,60,1,0.016667
JIRA,jira,project,2025-05_to_2025-08,2025-05,2025-08,Atlassian Marketplace,73,4,0.054795
JIRA,jira,project,2025-05_to_2025-08,2025-05,2025-08,Atlassian Maven Plugin Suite,28,1,0.035714
JIRA,jira,project,2025-05_to_2025-08,2025-05,2025-08,Atlassian OAuth 2.0,3,0,0.000000
JIRA,jira,project,2025-05_to_2025-08,2025-05,2025-08,Atlassian OAuth Plugin,1,0,0.000000
JIRA,jira,project,2025-05_to_2025-08,2025-05,2025-08,Atlassian Plugins Webresources,3,0,0.000000
JIRA,jira,project,2025-05_to_2025-08,2025-05,2025-08,Atlassian Product Integrations,16,1,0.062500
JIRA,jira,project,2025-05_to_2025-08,2025-05,2025-08,Atlassian REST,2,0,0.000000
JIRA,jira,project,2025-05_to_2025-08,2025-05,2025-08,Atlassian Troubleshooting & Support Tools Plugin,5,0,0.000000
JIRA,jira,project,2025-05_to_2025-08,2025-05,2025-08,Atlassian User Interface,4,0,0.000000
JIRA,jira,project,2025-05_to_2025-08,2025-05,2025-08,Atlassian WebHooks Plugin,1,1,1.000000
JIRA,jira,project,2025-05_to_2025-08,2025-05,2025-08,Attic,3,0,0.000000
JIRA,jira,project,2025-05_to_2025-08,2025-05,2025-08,Automation for Cloud,192,15,0.078125
JIRA,jira,project,2025-05_to_2025-08,2025-05,2025-08,Automation for Jira Server,25,0,0.000000
JIRA,jira,project,2025-05_to_2025-08,2025-05,2025-08,Axis2,3,2,0.666667
JIRA,jira,project,2025-05_to_2025-08,2025-05,2025-08,Bamboo Data Center,91,26,0.285714
JIRA,jira,project,2025-05_to_2025-08,2025-05,2025-08,Batik,2,1,0.500000
JIRA,jira,project,2025-05_to_2025-08,2025-05,2025-08,Bigtop,79,24,0.303797
JIRA,jira,project,2025-05_to_2025-08,2025-05,2025-08,Bitbucket Cloud,147,5,0.034014
JIRA,jira,project,2025-05_to_2025-08,2025-05,2025-08,Bitbucket Data Center,106,21,0.198113
JIRA,jira,project,2025-05_to_2025-08,2025-05,2025-08,Byteman,1,1,1.000000
JIRA,jira,project,2025-05_to_2025-08,2025-05,2025-08,C Driver,81,8,0.098765
JIRA,jira,project,2025-05_to_2025-08,2025-05,2025-08,C# Driver,135,11,0.081481
JIRA,jira,project,2025-05_to_2025-08,2025-05,2025-08,C++ Driver,54,2,0.037037
JIRA,jira,project,2025-05_to_2025-08,2025-05,2025-08,CCS documentation feedback,3,0,0.000000
JIRA,jira,project,2025-05_to_2025-08,2025-05,2025-08,CKI Project,1,0,0.000000
JIRA,jira,project,2025-05_to_2025-08,2025-05,2025-08,CPE Infrastructure,408,66,0.161765
JIRA,jira,project,2025-05_to_2025-08,2025-05,2025-08,CXF,31,9,0.290323
JIRA,jira,project,2025-05_to_2025-08,2025-05,2025-08,CXF XJC Utils,1,1,1.000000
JIRA,jira,project,2025-05_to_2025-08,2025-05,2025-08,Calcite,160,45,0.281250
JIRA,jira,project,2025-05_to_2025-08,2025-05,2025-08,Camel,362,77,0.212707
JIRA,jira,project,2025-05_to_2025-08,2025-05,2025-08,Candlepin,2,0,0.000000
JIRA,jira,project,2025-05_to_2025-08,2025-05,2025-08,Causeway,14,2,0.142857
JIRA,jira,project,2025-05_to_2025-08,2025-05,2025-08,Cayenne,6,1,0.166667
JIRA,jira,project,2025-05_to_2025-08,2025-05,2025-08,CentOS Stream Pipeline,86,18,0.209302
JIRA,jira,project,2025-05_to_2025-08,2025-05,2025-08,Cert Manager support for Red Hat OpenShift,50,3,0.060000
JIRA,jira,project,2025-05_to_2025-08,2025-05,2025-08,Certification Partner Experience Public,22,0,0.000000
JIRA,jira,project,2025-05_to_2025-08,2025-05,2025-08,Clair,25,1,0.040000
JIRA,jira,project,2025-05_to_2025-08,2025-05,2025-08,Client,1,1,1.000000
JIRA,jira,project,2025-05_to_2025-08,2025-05,2025-08,Cloud Enablement,7,0,0.000000
JIRA,jira,project,2025-05_to_2025-08,2025-05,2025-08,Cloud Infrastructure Security & Compliance,92,22,0.239130
JIRA,jira,project,2025-05_to_2025-08,2025-05,2025-08,Cloud Native Runtimes (CNR) Documentation,6,0,0.000000
JIRA,jira,project,2025-05_to_2025-08,2025-05,2025-08,Cluster Integration and Delivery,71,2,0.028169
JIRA,jira,project,2025-05_to_2025-08,2025-05,2025-08,Cluster Observability Operator,180,27,0.150000
JIRA,jira,project,2025-05_to_2025-08,2025-05,2025-08,Cockpit,26,1,0.038462
JIRA,jira,project,2025-05_to_2025-08,2025-05,2025-08,Coin,14,4,0.285714
JIRA,jira,project,2025-05_to_2025-08,2025-05,2025-08,Commerce,18,2,0.111111
JIRA,jira,project,2025-05_to_2025-08,2025-05,2025-08,Commons BeanUtils,1,0,0.000000
JIRA,jira,project,2025-05_to_2025-08,2025-05,2025-08,Commons CLI,9,9,1.000000
JIRA,jira,project,2025-05_to_2025-08,2025-05,2025-08,Commons CSV,3,0,0.000000
JIRA,jira,project,2025-05_to_2025-08,2025-05,2025-08,Commons Codec,6,1,0.166667
JIRA,jira,project,2025-05_to_2025-08,2025-05,2025-08,Commons Collections,3,0,0.000000
JIRA,jira,project,2025-05_to_2025-08,2025-05,2025-08,Commons Compress,10,4,0.400000
JIRA,jira,project,2025-05_to_2025-08,2025-05,2025-08,Commons Configuration,2,0,0.000000
JIRA,jira,project,2025-05_to_2025-08,2025-05,2025-08,Commons Daemon,2,1,0.500000
JIRA,jira,project,2025-05_to_2025-08,2025-05,2025-08,Commons Exec,1,1,1.000000
JIRA,jira,project,2025-05_to_2025-08,2025-05,2025-08,Commons FileUpload,6,1,0.166667
JIRA,jira,project,2025-05_to_2025-08,2025-05,2025-08,Commons IO,2,0,0.000000
JIRA,jira,project,2025-05_to_2025-08,2025-05,2025-08,Commons Imaging,1,0,0.000000
JIRA,jira,project,2025-05_to_2025-08,2025-05,2025-08,Commons JCS,2,2,1.000000
JIRA,jira,project,2025-05_to_2025-08,2025-05,2025-08,Commons JEXL,6,2,0.333333
JIRA,jira,project,2025-05_to_2025-08,2025-05,2025-08,Commons Lang,15,2,0.133333
JIRA,jira,project,2025-05_to_2025-08,2025-05,2025-08,Commons Logging,1,0,0.000000
JIRA,jira,project,2025-05_to_2025-08,2025-05,2025-08,Commons Math,10,6,0.600000
JIRA,jira,project,2025-05_to_2025-08,2025-05,2025-08,Commons Net,1,1,1.000000
JIRA,jira,project,2025-05_to_2025-08,2025-05,2025-08,Commons Pool,3,0,0.000000
JIRA,jira,project,2025-05_to_2025-08,2025-05,2025-08,Commons Statistics,1,0,0.000000
JIRA,jira,project,2025-05_to_2025-08,2025-05,2025-08,Commons Text,2,1,0.500000
JIRA,jira,project,2025-05_to_2025-08,2025-05,2025-08,Commons VFS,1,0,0.000000
JIRA,jira,project,2025-05_to_2025-08,2025-05,2025-08,Commons Validator,1,0,0.000000
JIRA,jira,project,2025-05_to_2025-08,2025-05,2025-08,Commons Weaver,1,0,0.000000
JIRA,jira,project,2025-05_to_2025-08,2025-05,2025-08,Community Development,4,0,0.000000
JIRA,jira,project,2025-05_to_2025-08,2025-05,2025-08,Community Linux Engineering,531,43,0.080979
JIRA,jira,project,2025-05_to_2025-08,2025-05,2025-08,Compass,453,95,0.209713
JIRA,jira,project,2025-05_to_2025-08,2025-05,2025-08,Confluence Cloud,974,76,0.078029
JIRA,jira,project,2025-05_to_2025-08,2025-05,2025-08,Confluence Data Center,246,60,0.243902
JIRA,jira,project,2025-05_to_2025-08,2025-05,2025-08,Connectivity Link,52,0,0.000000
JIRA,jira,project,2025-05_to_2025-08,2025-05,2025-08,Container Tools,338,55,0.162722
JIRA,jira,project,2025-05_to_2025-08,2025-05,2025-08,Content Gateway,4,0,0.000000
JIRA,jira,project,2025-05_to_2025-08,2025-05,2025-08,Contrib: Evaluation System,3,1,0.333333
JIRA,jira,project,2025-05_to_2025-08,2025-05,2025-08,Contrib: Gradebook2,1,0,0.000000
JIRA,jira,project,2025-05_to_2025-08,2025-05,2025-08,Core Server,4628,728,0.157303
JIRA,jira,project,2025-05_to_2025-08,2025-05,2025-08,CoreOS OCP,259,18,0.069498
JIRA,jira,project,2025-05_to_2025-08,2025-05,2025-08,Cost Management,15,0,0.000000
JIRA,jira,project,2025-05_to_2025-08,2025-05,2025-08,Crowd Data Center,20,2,0.100000
JIRA,jira,project,2025-05_to_2025-08,2025-05,2025-08,Crucible,2,2,1.000000
JIRA,jira,project,2025-05_to_2025-08,2025-05,2025-08,Daffodil,43,4,0.093023
JIRA,jira,project,2025-05_to_2025-08,2025-05,2025-08,Data Foundation Bugs,77,32,0.415584
JIRA,jira,project,2025-05_to_2025-08,2025-05,2025-08,DataFu,1,0,0.000000
JIRA,jira,project,2025-05_to_2025-08,2025-05,2025-08,Debezium,371,100,0.269542
JIRA,jira,project,2025-05_to_2025-08,2025-05,2025-08,Derby (Retired),1,0,0.000000
JIRA,jira,project,2025-05_to_2025-08,2025-05,2025-08,Directory ApacheDS,2,0,0.000000
JIRA,jira,project,2025-05_to_2025-08,2025-05,2025-08,Directory Kerberos,1,0,0.000000
JIRA,jira,project,2025-05_to_2025-08,2025-05,2025-08,Distributed Tracing,163,11,0.067485
JIRA,jira,project,2025-05_to_2025-08,2025-05,2025-08,Docs for Red Hat Developers,100,1,0.010000
JIRA,jira,project,2025-05_to_2025-08,2025-05,2025-08,Dogtag PKI,130,44,0.338462
JIRA,jira,project,2025-05_to_2025-08,2025-05,2025-08,Drivers,67,7,0.104478
JIRA,jira,project,2025-05_to_2025-08,2025-05,2025-08,Drools,4,0,0.000000
JIRA,jira,project,2025-05_to_2025-08,2025-05,2025-08,EAP Documentation,53,1,0.018868
JIRA,jira,project,2025-05_to_2025-08,2025-05,2025-08,Elytron Web,11,0,0.000000
JIRA,jira,project,2025-05_to_2025-08,2025-05,2025-08,Emerging RHEL,5,0,0.000000
JIRA,jira,project,2025-05_to_2025-08,2025-05,2025-08,Empire,13,0,0.000000
JIRA,jira,project,2025-05_to_2025-08,2025-05,2025-08,Entity Framework,58,21,0.362069
JIRA,jira,project,2025-05_to_2025-08,2025-05,2025-08,Extension for Hibernate ORM,23,2,0.086957
JIRA,jira,project,2025-05_to_2025-08,2025-05,2025-08,External Secrets Operator for Red Hat OpenShift,100,4,0.040000
JIRA,jira,project,2025-05_to_2025-08,2025-05,2025-08,FOP,17,1,0.058824
JIRA,jira,project,2025-05_to_2025-08,2025-05,2025-08,FORTRESS,7,2,0.285714
JIRA,jira,project,2025-05_to_2025-08,2025-05,2025-08,Fast Datapath Product,218,50,0.229358
JIRA,jira,project,2025-05_to_2025-08,2025-05,2025-08,Fedora,474,139,0.293249
JIRA,jira,project,2025-05_to_2025-08,2025-05,2025-08,Felix,29,4,0.137931
JIRA,jira,project,2025-05_to_2025-08,2025-05,2025-08,FishEye,4,1,0.250000
JIRA,jira,project,2025-05_to_2025-08,2025-05,2025-08,FlightPath,343,22,0.064140
JIRA,jira,project,2025-05_to_2025-08,2025-05,2025-08,Flink,555,98,0.176577
JIRA,jira,project,2025-05_to_2025-08,2025-05,2025-08,Focus,22,0,0.000000
JIRA,jira,project,2025-05_to_2025-08,2025-05,2025-08,Forge,112,8,0.071429
JIRA,jira,project,2025-05_to_2025-08,2025-05,2025-08,Geode,4,2,0.500000
JIRA,jira,project,2025-05_to_2025-08,2025-05,2025-08,Go Driver,101,18,0.178218
JIRA,jira,project,2025-05_to_2025-08,2025-05,2025-08,Groovy,104,34,0.326923
JIRA,jira,project,2025-05_to_2025-08,2025-05,2025-08,Guacamole,68,23,0.338235
JIRA,jira,project,2025-05_to_2025-08,2025-05,2025-08,HAL,8,3,0.375000
JIRA,jira,project,2025-05_to_2025-08,2025-05,2025-08,HBase,280,64,0.228571
JIRA,jira,project,2025-05_to_2025-08,2025-05,2025-08,HMS ,3,0,0.000000
JIRA,jira,project,2025-05_to_2025-08,2025-05,2025-08,Hadoop Common,114,72,0.631579
JIRA,jira,project,2025-05_to_2025-08,2025-05,2025-08,Hadoop HDFS,46,27,0.586957
JIRA,jira,project,2025-05_to_2025-08,2025-05,2025-08,Hadoop Map/Reduce,11,3,0.272727
JIRA,jira,project,2025-05_to_2025-08,2025-05,2025-08,Hadoop YARN,40,25,0.625000
JIRA,jira,project,2025-05_to_2025-08,2025-05,2025-08,HawtIO,17,4,0.235294
JIRA,jira,project,2025-05_to_2025-08,2025-05,2025-08,Hive,231,58,0.251082
JIRA,jira,project,2025-05_to_2025-08,2025-05,2025-08,HttpComponents HttpClient,26,8,0.307692
JIRA,jira,project,2025-05_to_2025-08,2025-05,2025-08,HttpComponents HttpCore,2,1,0.500000
JIRA,jira,project,2025-05_to_2025-08,2025-05,2025-08,Hybrid Cloud Console,1026,30,0.029240
JIRA,jira,project,2025-05_to_2025-08,2025-05,2025-08,Hybrid Cloud Infrastructure Documentation,59,1,0.016949
JIRA,jira,project,2025-05_to_2025-08,2025-05,2025-08,IMPALA,349,151,0.432665
JIRA,jira,project,2025-05_to_2025-08,2025-05,2025-08,Identity,48,2,0.041667
JIRA,jira,project,2025-05_to_2025-08,2025-05,2025-08,Ignite,1074,224,0.208566
JIRA,jira,project,2025-05_to_2025-08,2025-05,2025-08,Incubator,3,1,0.333333
JIRA,jira,project,2025-05_to_2025-08,2025-05,2025-08,Insights Experiences,624,19,0.030449
JIRA,jira,project,2025-05_to_2025-08,2025-05,2025-08,Insights Rule Analysis Tool,1,0,0.000000
JIRA,jira,project,2025-05_to_2025-08,2025-05,2025-08,Intel IPU Collaboration,1,0,0.000000
JIRA,jira,project,2025-05_to_2025-08,2025-05,2025-08,IronJacamar,4,1,0.250000
JIRA,jira,project,2025-05_to_2025-08,2025-05,2025-08,Ivy,6,0,0.000000
JIRA,jira,project,2025-05_to_2025-08,2025-05,2025-08,JBoss Core Services,12,1,0.083333
JIRA,jira,project,2025-05_to_2025-08,2025-05,2025-08,JBoss Enterprise Application Platform,436,83,0.190367
JIRA,jira,project,2025-05_to_2025-08,2025-05,2025-08,JBoss Log Manager,3,0,0.000000
JIRA,jira,project,2025-05_to_2025-08,2025-05,2025-08,JBoss Logging,1,1,1.000000
JIRA,jira,project,2025-05_to_2025-08,2025-05,2025-08,JBoss Metadata,4,0,0.000000
JIRA,jira,project,2025-05_to_2025-08,2025-05,2025-08,JBoss Server Migration Tool,2,0,0.000000
JIRA,jira,project,2025-05_to_2025-08,2025-05,2025-08,JBoss Transaction Manager,14,2,0.142857
JIRA,jira,project,2025-05_to_2025-08,2025-05,2025-08,JBoss Web Server,25,1,0.040000
JIRA,jira,project,2025-05_to_2025-08,2025-05,2025-08,JBoss Web Services,4,0,0.000000
JIRA,jira,project,2025-05_to_2025-08,2025-05,2025-08,JDO,1,0,0.000000
JIRA,jira,project,2025-05_to_2025-08,2025-05,2025-08,JGroups,52,7,0.134615
JIRA,jira,project,2025-05_to_2025-08,2025-05,2025-08,JSPWiki,2,0,0.000000
JIRA,jira,project,2025-05_to_2025-08,2025-05,2025-08,Jackrabbit Content Repository,43,0,0.000000
JIRA,jira,project,2025-05_to_2025-08,2025-05,2025-08,Jackrabbit FileVault,12,3,0.250000
JIRA,jira,project,2025-05_to_2025-08,2025-05,2025-08,Jackrabbit Oak,196,30,0.153061
JIRA,jira,project,2025-05_to_2025-08,2025-05,2025-08,James Mime4j,2,1,0.500000
JIRA,jira,project,2025-05_to_2025-08,2025-05,2025-08,James Server,13,1,0.076923
JIRA,jira,project,2025-05_to_2025-08,2025-05,2025-08,James jDKIM,1,0,0.000000
JIRA,jira,project,2025-05_to_2025-08,2025-05,2025-08,Java Driver,85,8,0.094118
JIRA,jira,project,2025-05_to_2025-08,2025-05,2025-08,Jira Admin Support,1,0,0.000000
JIRA,jira,project,2025-05_to_2025-08,2025-05,2025-08,Jira Align,332,11,0.033133
JIRA,jira,project,2025-05_to_2025-08,2025-05,2025-08,Jira Cloud,4,0,0.000000
JIRA,jira,project,2025-05_to_2025-08,2025-05,2025-08,Jira Data Center,235,35,0.148936
JIRA,jira,project,2025-05_to_2025-08,2025-05,2025-08,Jira Performance Testing Tools,1,0,0.000000
JIRA,jira,project,2025-05_to_2025-08,2025-05,2025-08,Jira Platform Cloud,1382,52,0.037627
JIRA,jira,project,2025-05_to_2025-08,2025-05,2025-08,Jira Service Management Cloud,879,48,0.054608
JIRA,jira,project,2025-05_to_2025-08,2025-05,2025-08,Jira Service Management Data Center,174,27,0.155172
JIRA,jira,project,2025-05_to_2025-08,2025-05,2025-08,Jira Software Data Center,104,10,0.096154
JIRA,jira,project,2025-05_to_2025-08,2025-05,2025-08,Jira Work Management Cloud,31,0,0.000000
JIRA,jira,project,2025-05_to_2025-08,2025-05,2025-08,Johnzon,7,2,0.285714
JIRA,jira,project,2025-05_to_2025-08,2025-05,2025-08,Kafka,434,64,0.147465
JIRA,jira,project,2025-05_to_2025-08,2025-05,2025-08,Kafka Connector,8,1,0.125000
JIRA,jira,project,2025-05_to_2025-08,2025-05,2025-08,Kaoto,5,0,0.000000
JIRA,jira,project,2025-05_to_2025-08,2025-05,2025-08,Karaf,48,8,0.166667
JIRA,jira,project,2025-05_to_2025-08,2025-05,2025-08,Knative Serving,12,1,0.083333
JIRA,jira,project,2025-05_to_2025-08,2025-05,2025-08,Konflux UI,258,6,0.023256
JIRA,jira,project,2025-05_to_2025-08,2025-05,2025-08,Kudu,32,11,0.343750
JIRA,jira,project,2025-05_to_2025-08,2025-05,2025-08,Kylin,3,0,0.000000
JIRA,jira,project,2025-05_to_2025-08,2025-05,2025-08,Legal Discuss,10,0,0.000000
JIRA,jira,project,2025-05_to_2025-08,2025-05,2025-08,Libmongocrypt,37,2,0.054054
JIRA,jira,project,2025-05_to_2025-08,2025-05,2025-08,Livy,5,0,0.000000
JIRA,jira,project,2025-05_to_2025-08,2025-05,2025-08,Log4net,1,0,0.000000
JIRA,jira,project,2025-05_to_2025-08,2025-05,2025-08,Loom,202,0,0.000000
JIRA,jira,project,2025-05_to_2025-08,2025-05,2025-08,Lucene4c,1,0,0.000000
JIRA,jira,project,2025-05_to_2025-08,2025-05,2025-08,MINA SSHD,1,0,0.000000
JIRA,jira,project,2025-05_to_2025-08,2025-05,2025-08,Machine Config Operator,183,4,0.021858
JIRA,jira,project,2025-05_to_2025-08,2025-05,2025-08,Managed Service ,10,0,0.000000
JIRA,jira,project,2025-05_to_2025-08,2025-05,2025-08,ManifoldCF,2,0,0.000000
JIRA,jira,project,2025-05_to_2025-08,2025-05,2025-08,MariaDB ColumnStore,166,38,0.228916
JIRA,jira,project,2025-05_to_2025-08,2025-05,2025-08,MariaDB Connector/C,17,8,0.470588
JIRA,jira,project,2025-05_to_2025-08,2025-05,2025-08,MariaDB Connector/C++,1,0,0.000000
JIRA,jira,project,2025-05_to_2025-08,2025-05,2025-08,MariaDB Connector/J,28,8,0.285714
JIRA,jira,project,2025-05_to_2025-08,2025-05,2025-08,MariaDB Connector/ODBC,11,2,0.181818
JIRA,jira,project,2025-05_to_2025-08,2025-05,2025-08,MariaDB Connector/Python,10,5,0.500000
JIRA,jira,project,2025-05_to_2025-08,2025-05,2025-08,MariaDB Connector/node.js,8,1,0.125000
JIRA,jira,project,2025-05_to_2025-08,2025-05,2025-08,MariaDB Foundation Development,56,10,0.178571
JIRA,jira,project,2025-05_to_2025-08,2025-05,2025-08,MariaDB MaxScale,341,13,0.038123
JIRA,jira,project,2025-05_to_2025-08,2025-05,2025-08,MariaDB Server,800,492,0.615000
JIRA,jira,project,2025-05_to_2025-08,2025-05,2025-08,Marvell DPU Collaboration,11,0,0.000000
JIRA,jira,project,2025-05_to_2025-08,2025-05,2025-08,Maven (Moved to GitHub Issues),53,11,0.207547
JIRA,jira,project,2025-05_to_2025-08,2025-05,2025-08,Maven Doxia Tools (Moved to GitHub Issues),1,0,0.000000
JIRA,jira,project,2025-05_to_2025-08,2025-05,2025-08,Maven Indexer (Moved to GitHub Issues),14,0,0.000000
JIRA,jira,project,2025-05_to_2025-08,2025-05,2025-08,Maven Resolver (Moved to GitHub Issues),6,1,0.166667
JIRA,jira,project,2025-05_to_2025-08,2025-05,2025-08,Maven Shared Components,3,1,0.333333
JIRA,jira,project,2025-05_to_2025-08,2025-05,2025-08,Maven Wagon (Moved to GitHub Issues),1,0,0.000000
JIRA,jira,project,2025-05_to_2025-08,2025-05,2025-08,Maven Wrapper (Moved to GitHub Issues),1,0,0.000000
JIRA,jira,project,2025-05_to_2025-08,2025-05,2025-08,MicroShift,157,17,0.108280
JIRA,jira,project,2025-05_to_2025-08,2025-05,2025-08,Migration Platform,92,26,0.282609
JIRA,jira,project,2025-05_to_2025-08,2025-05,2025-08,Migration Toolkit for Applications,789,230,0.291508
JIRA,jira,project,2025-05_to_2025-08,2025-05,2025-08,Migration Toolkit for Virtualization,696,83,0.119253
JIRA,jira,project,2025-05_to_2025-08,2025-05,2025-08,ModeShape,80,0,0.000000
JIRA,jira,project,2025-05_to_2025-08,2025-05,2025-08,MongoDB Database Tools,66,17,0.257576
JIRA,jira,project,2025-05_to_2025-08,2025-05,2025-08,MongoDB MCP Server,152,4,0.026316
JIRA,jira,project,2025-05_to_2025-08,2025-05,2025-08,MongoDB Shell,428,350,0.817757
JIRA,jira,project,2025-05_to_2025-08,2025-05,2025-08,MongoDB for IntelliJ Plugin,47,2,0.042553
JIRA,jira,project,2025-05_to_2025-08,2025-05,2025-08,Mongoid,29,4,0.137931
JIRA,jira,project,2025-05_to_2025-08,2025-05,2025-08,Motor,15,4,0.266667
JIRA,jira,project,2025-05_to_2025-08,2025-05,2025-08,Multiple Architecture Enablement,67,5,0.074627
JIRA,jira,project,2025-05_to_2025-08,2025-05,2025-08,MyFaces Core,9,2,0.222222
JIRA,jira,project,2025-05_to_2025-08,2025-05,2025-08,MyFaces Tobago,26,1,0.038462
JIRA,jira,project,2025-05_to_2025-08,2025-05,2025-08,MyFaces Tomahawk,1,0,0.000000
JIRA,jira,project,2025-05_to_2025-08,2025-05,2025-08,Network Edge,93,1,0.010753
JIRA,jira,project,2025-05_to_2025-08,2025-05,2025-08,Network Hardware Enablement,99,7,0.070707
JIRA,jira,project,2025-05_to_2025-08,2025-05,2025-08,Network Observability,114,12,0.105263
JIRA,jira,project,2025-05_to_2025-08,2025-05,2025-08,NiFi Improvement Proposal,4,0,0.000000
JIRA,jira,project,2025-05_to_2025-08,2025-05,2025-08,Node.js Driver,186,21,0.112903
JIRA,jira,project,2025-05_to_2025-08,2025-05,2025-08,Nutch,14,3,0.214286
JIRA,jira,project,2025-05_to_2025-08,2025-05,2025-08,OCMUI ,322,8,0.024845
JIRA,jira,project,2025-05_to_2025-08,2025-05,2025-08,OCP Technical Release Team,169,15,0.088757
JIRA,jira,project,2025-05_to_2025-08,2025-05,2025-08,ODATA,3,1,0.333333
JIRA,jira,project,2025-05_to_2025-08,2025-05,2025-08,OFBiz,59,9,0.152542
JIRA,jira,project,2025-05_to_2025-08,2025-05,2025-08,OPCT ,4,0,0.000000
JIRA,jira,project,2025-05_to_2025-08,2025-05,2025-08,ORC,96,4,0.041667
JIRA,jira,project,2025-05_to_2025-08,2025-05,2025-08,Observability Documentation,254,1,0.003937
JIRA,jira,project,2025-05_to_2025-08,2025-05,2025-08,Observability UI,177,5,0.028249
JIRA,jira,project,2025-05_to_2025-08,2025-05,2025-08,Observability and Data Analysis Program,44,1,0.022727
JIRA,jira,project,2025-05_to_2025-08,2025-05,2025-08,Olingo,5,0,0.000000
JIRA,jira,project,2025-05_to_2025-08,2025-05,2025-08,On Prem Networking,27,0,0.000000
JIRA,jira,project,2025-05_to_2025-08,2025-05,2025-08,Open Data Hub,1,0,0.000000
JIRA,jira,project,2025-05_to_2025-08,2025-05,2025-08,OpenJDK,75,4,0.053333
JIRA,jira,project,2025-05_to_2025-08,2025-05,2025-08,OpenJPA,6,1,0.166667
JIRA,jira,project,2025-05_to_2025-08,2025-05,2025-08,OpenNLP,38,1,0.026316
JIRA,jira,project,2025-05_to_2025-08,2025-05,2025-08,OpenOffice,1,1,1.000000
JIRA,jira,project,2025-05_to_2025-08,2025-05,2025-08,OpenShift API Server,4,0,0.000000
JIRA,jira,project,2025-05_to_2025-08,2025-05,2025-08,OpenShift API for Data Protection,550,92,0.167273
JIRA,jira,project,2025-05_to_2025-08,2025-05,2025-08,OpenShift Application Platform Engineering,95,1,0.010526
JIRA,jira,project,2025-05_to_2025-08,2025-05,2025-08,OpenShift Authentication,5,1,0.200000
JIRA,jira,project,2025-05_to_2025-08,2025-05,2025-08,OpenShift Autoscaling,71,0,0.000000
JIRA,jira,project,2025-05_to_2025-08,2025-05,2025-08,OpenShift Bugs,2988,1174,0.392905
JIRA,jira,project,2025-05_to_2025-08,2025-05,2025-08,OpenShift Builds,103,0,0.000000
JIRA,jira,project,2025-05_to_2025-08,2025-05,2025-08,OpenShift Cloud,158,2,0.012658
JIRA,jira,project,2025-05_to_2025-08,2025-05,2025-08,OpenShift Cloud Credential Operator,40,0,0.000000
JIRA,jira,project,2025-05_to_2025-08,2025-05,2025-08,OpenShift Console,183,1,0.005464
JIRA,jira,project,2025-05_to_2025-08,2025-05,2025-08,OpenShift Container Platform (OCP) Strategy,231,0,0.000000
JIRA,jira,project,2025-05_to_2025-08,2025-05,2025-08,OpenShift Core Networking,346,5,0.014451
JIRA,jira,project,2025-05_to_2025-08,2025-05,2025-08,OpenShift Data Foundation Request For Enhancement,24,5,0.208333
JIRA,jira,project,2025-05_to_2025-08,2025-05,2025-08,OpenShift Edge,30,0,0.000000
JIRA,jira,project,2025-05_to_2025-08,2025-05,2025-08,OpenShift Etcd,24,1,0.041667
JIRA,jira,project,2025-05_to_2025-08,2025-05,2025-08,OpenShift GitOps,467,31,0.066381
JIRA,jira,project,2025-05_to_2025-08,2025-05,2025-08,OpenShift Hive,60,4,0.066667
JIRA,jira,project,2025-05_to_2025-08,2025-05,2025-08,OpenShift Image Registry,4,0,0.000000
JIRA,jira,project,2025-05_to_2025-08,2025-05,2025-08,OpenShift Installer,198,2,0.010101
JIRA,jira,project,2025-05_to_2025-08,2025-05,2025-08,OpenShift Jenkins,28,4,0.142857
JIRA,jira,project,2025-05_to_2025-08,2025-05,2025-08,OpenShift Kueue,109,1,0.009174
JIRA,jira,project,2025-05_to_2025-08,2025-05,2025-08,OpenShift Logging,521,40,0.076775
JIRA,jira,project,2025-05_to_2025-08,2025-05,2025-08,OpenShift Migration Toolkit for Containers,18,5,0.277778
JIRA,jira,project,2025-05_to_2025-08,2025-05,2025-08,OpenShift Monitoring,116,15,0.129310
JIRA,jira,project,2025-05_to_2025-08,2025-05,2025-08,OpenShift Node,267,10,0.037453
JIRA,jira,project,2025-05_to_2025-08,2025-05,2025-08,OpenShift Over the Air,74,12,0.162162
JIRA,jira,project,2025-05_to_2025-08,2025-05,2025-08,OpenShift Pipelines,535,51,0.095327
JIRA,jira,project,2025-05_to_2025-08,2025-05,2025-08,OpenShift Request For Enhancement,424,17,0.040094
JIRA,jira,project,2025-05_to_2025-08,2025-05,2025-08,OpenShift Service Mesh,896,16,0.017857
JIRA,jira,project,2025-05_to_2025-08,2025-05,2025-08,OpenShift Specialist Platform Team,269,9,0.033457
JIRA,jira,project,2025-05_to_2025-08,2025-05,2025-08,OpenShift Storage,167,10,0.059880
JIRA,jira,project,2025-05_to_2025-08,2025-05,2025-08,OpenShift Virtualization,5435,235,0.043238
JIRA,jira,project,2025-05_to_2025-08,2025-05,2025-08,OpenShift Windows Containers,43,4,0.093023
JIRA,jira,project,2025-05_to_2025-08,2025-05,2025-08,OpenShift Workloads,22,2,0.090909
JIRA,jira,project,2025-05_to_2025-08,2025-05,2025-08,OpenStack Strategy,99,0,0.000000
JIRA,jira,project,2025-05_to_2025-08,2025-05,2025-08,OpenStack as Infra,145,14,0.096552
JIRA,jira,project,2025-05_to_2025-08,2025-05,2025-08,OpenWebBeans,1,0,0.000000
JIRA,jira,project,2025-05_to_2025-08,2025-05,2025-08,Openmeetings,7,0,0.000000
JIRA,jira,project,2025-05_to_2025-08,2025-05,2025-08,Openshift sandboxed containers,220,20,0.090909
JIRA,jira,project,2025-05_to_2025-08,2025-05,2025-08,Operator Ecosystem,2,0,0.000000
JIRA,jira,project,2025-05_to_2025-08,2025-05,2025-08,Operator Runtime,237,5,0.021097
JIRA,jira,project,2025-05_to_2025-08,2025-05,2025-08,Opsgenie,31,1,0.032258
JIRA,jira,project,2025-05_to_2025-08,2025-05,2025-08,Origin Community Distribution of Kubernetes,40,3,0.075000
JIRA,jira,project,2025-05_to_2025-08,2025-05,2025-08,PDFBox,60,16,0.266667
JIRA,jira,project,2025-05_to_2025-08,2025-05,2025-08,PHP Driver: Extension,37,3,0.081081
JIRA,jira,project,2025-05_to_2025-08,2025-05,2025-08,PHP Driver: Library,41,3,0.073171
JIRA,jira,project,2025-05_to_2025-08,2025-05,2025-08,PHP ORMs,49,3,0.061224
JIRA,jira,project,2025-05_to_2025-08,2025-05,2025-08,Performance and Scale for AI Platforms,1,0,0.000000
JIRA,jira,project,2025-05_to_2025-08,2025-05,2025-08,Phoenix,98,17,0.173469
JIRA,jira,project,2025-05_to_2025-08,2025-05,2025-08,Phoenix Omid,5,0,0.000000
JIRA,jira,project,2025-05_to_2025-08,2025-05,2025-08,Pig,4,1,0.250000
JIRA,jira,project,2025-05_to_2025-08,2025-05,2025-08,Podling Suitable Names Search,7,0,0.000000
JIRA,jira,project,2025-05_to_2025-08,2025-05,2025-08,Product Technical Learning,393,16,0.040712
JIRA,jira,project,2025-05_to_2025-08,2025-05,2025-08,Proforma Server & Data Centre,10,0,0.000000
JIRA,jira,project,2025-05_to_2025-08,2025-05,2025-08,Project Quay,244,35,0.143443
JIRA,jira,project,2025-05_to_2025-08,2025-05,2025-08,Python Driver,147,39,0.265306
JIRA,jira,project,2025-05_to_2025-08,2025-05,2025-08,Python Integrations,122,26,0.213115
JIRA,jira,project,2025-05_to_2025-08,2025-05,2025-08,"Qbs (""Cubes"")",12,4,0.333333
JIRA,jira,project,2025-05_to_2025-08,2025-05,2025-08,Qpid,19,4,0.210526
JIRA,jira,project,2025-05_to_2025-08,2025-05,2025-08,Qpid JMS,6,1,0.166667
JIRA,jira,project,2025-05_to_2025-08,2025-05,2025-08,Qpid Proton,9,1,0.111111
JIRA,jira,project,2025-05_to_2025-08,2025-05,2025-08,Qt,2341,617,0.263563
JIRA,jira,project,2025-05_to_2025-08,2025-05,2025-08,Qt 3D Studio,1,0,0.000000
JIRA,jira,project,2025-05_to_2025-08,2025-05,2025-08,Qt Bridges,26,1,0.038462
JIRA,jira,project,2025-05_to_2025-08,2025-05,2025-08,Qt Creator,447,91,0.203579
JIRA,jira,project,2025-05_to_2025-08,2025-05,2025-08,Qt Design Studio,411,14,0.034063
JIRA,jira,project,2025-05_to_2025-08,2025-05,2025-08,Qt Installer Framework,43,7,0.162791
JIRA,jira,project,2025-05_to_2025-08,2025-05,2025-08,Qt Project Website,8,0,0.000000
JIRA,jira,project,2025-05_to_2025-08,2025-05,2025-08,Qt Quality Assurance Infrastructure,176,12,0.068182
JIRA,jira,project,2025-05_to_2025-08,2025-05,2025-08,Qt Tools for Android,98,15,0.153061
JIRA,jira,project,2025-05_to_2025-08,2025-05,2025-08,Qt Visual Studio Tools,11,4,0.363636
JIRA,jira,project,2025-05_to_2025-08,2025-05,2025-08,Qt WebBrowser,3,0,0.000000
JIRA,jira,project,2025-05_to_2025-08,2025-05,2025-08,Qt for Python,68,31,0.455882
JIRA,jira,project,2025-05_to_2025-08,2025-05,2025-08,Quarkus,257,9,0.035019
JIRA,jira,project,2025-05_to_2025-08,2025-05,2025-08,Quarkus Documentation,143,0,0.000000
JIRA,jira,project,2025-05_to_2025-08,2025-05,2025-08,RDO Project,6,3,0.500000
JIRA,jira,project,2025-05_to_2025-08,2025-05,2025-08,RESTEasy,23,2,0.086957
JIRA,jira,project,2025-05_to_2025-08,2025-05,2025-08,RH,9,1,0.111111
JIRA,jira,project,2025-05_to_2025-08,2025-05,2025-08,RH Developer Hub Planning,86,0,0.000000
JIRA,jira,project,2025-05_to_2025-08,2025-05,2025-08,RHEL,2890,919,0.317993
JIRA,jira,project,2025-05_to_2025-08,2025-05,2025-08,RHEL Conversions,1,0,0.000000
JIRA,jira,project,2025-05_to_2025-08,2025-05,2025-08,RHEL Documentation,69,4,0.057971
JIRA,jira,project,2025-05_to_2025-08,2025-05,2025-08,RHEL Performance,9,0,0.000000
JIRA,jira,project,2025-05_to_2025-08,2025-05,2025-08,RHEL Testing,257,86,0.334630
JIRA,jira,project,2025-05_to_2025-08,2025-05,2025-08,RHEL in Cloud,6,0,0.000000
JIRA,jira,project,2025-05_to_2025-08,2025-05,2025-08,RHOS Request for Features,35,0,0.000000
JIRA,jira,project,2025-05_to_2025-08,2025-05,2025-08,RHTAP UI,49,0,0.000000
JIRA,jira,project,2025-05_to_2025-08,2025-05,2025-08,Ranger,97,5,0.051546
JIRA,jira,project,2025-05_to_2025-08,2025-05,2025-08,Ratis,39,8,0.205128
JIRA,jira,project,2025-05_to_2025-08,2025-05,2025-08,Red Hat 3scale API Management,68,9,0.132353
JIRA,jira,project,2025-05_to_2025-08,2025-05,2025-08,Red Hat Advanced Cluster Management,1702,152,0.089307
JIRA,jira,project,2025-05_to_2025-08,2025-05,2025-08,Red Hat Advanced Cluster Security,971,26,0.026777
JIRA,jira,project,2025-05_to_2025-08,2025-05,2025-08,Red Hat Build of Apache Camel for Quarkus,29,1,0.034483
JIRA,jira,project,2025-05_to_2025-08,2025-05,2025-08,Red Hat Data Grid,52,5,0.096154
JIRA,jira,project,2025-05_to_2025-08,2025-05,2025-08,Red Hat Developer Hub Bugs,285,48,0.168421
JIRA,jira,project,2025-05_to_2025-08,2025-05,2025-08,Red Hat Directory Server,1,1,1.000000
JIRA,jira,project,2025-05_to_2025-08,2025-05,2025-08,Red Hat Enterprise Linux AI,311,45,0.144695
JIRA,jira,project,2025-05_to_2025-08,2025-05,2025-08,Red Hat Insights Engineering,15,5,0.333333
JIRA,jira,project,2025-05_to_2025-08,2025-05,2025-08,Red Hat Insights Strategy,8,0,0.000000
JIRA,jira,project,2025-05_to_2025-08,2025-05,2025-08,Red Hat Internal Developer Platform,1160,37,0.031897
JIRA,jira,project,2025-05_to_2025-08,2025-05,2025-08,Red Hat Offline Knowledge Portal,21,0,0.000000
JIRA,jira,project,2025-05_to_2025-08,2025-05,2025-08,Red Hat OpenShift Control Planes,4,1,0.250000
JIRA,jira,project,2025-05_to_2025-08,2025-05,2025-08,Red Hat OpenShift Dev Spaces (formerly CodeReady Workspaces),134,17,0.126866
JIRA,jira,project,2025-05_to_2025-08,2025-05,2025-08,Red Hat OpenStack Services on OpenShift,1966,223,0.113428
JIRA,jira,project,2025-05_to_2025-08,2025-05,2025-08,Red Hat Service Interconnect (Skupper),37,0,0.000000
JIRA,jira,project,2025-05_to_2025-08,2025-05,2025-08,Red Hat Workload Availability,48,8,0.166667
JIRA,jira,project,2025-05_to_2025-08,2025-05,2025-08,Red Hat build of Apache Camel,31,1,0.032258
JIRA,jira,project,2025-05_to_2025-08,2025-05,2025-08,Red Hat build of Apache Camel for Spring Boot,74,1,0.013514
JIRA,jira,project,2025-05_to_2025-08,2025-05,2025-08,Red Hat build of Keycloak,166,51,0.307229
JIRA,jira,project,2025-05_to_2025-08,2025-05,2025-08,Remoting JMX,15,0,0.000000
JIRA,jira,project,2025-05_to_2025-08,2025-05,2025-08,Rovo,120,5,0.041667
JIRA,jira,project,2025-05_to_2025-08,2025-05,2025-08,Ruby Driver,37,4,0.108108
JIRA,jira,project,2025-05_to_2025-08,2025-05,2025-08,Rust Driver,62,2,0.032258
JIRA,jira,project,2025-05_to_2025-08,2025-05,2025-08,SAML for Atlassian Data Center,5,0,0.000000
JIRA,jira,project,2025-05_to_2025-08,2025-05,2025-08,Sakai,427,82,0.192037
JIRA,jira,project,2025-05_to_2025-08,2025-05,2025-08,Samza,1,1,1.000000
JIRA,jira,project,2025-05_to_2025-08,2025-05,2025-08,Santuario,2,0,0.000000
JIRA,jira,project,2025-05_to_2025-08,2025-05,2025-08,Satellite,2386,700,0.293378
JIRA,jira,project,2025-05_to_2025-08,2025-05,2025-08,Secret Store CSI for Red Hat OpenShift,130,0,0.000000
JIRA,jira,project,2025-05_to_2025-08,2025-05,2025-08,Security Data,17,1,0.058824
JIRA,jira,project,2025-05_to_2025-08,2025-05,2025-08,Server Deployments and Scale,5,0,0.000000
JIRA,jira,project,2025-05_to_2025-08,2025-05,2025-08,Serverless logic,73,14,0.191781
JIRA,jira,project,2025-05_to_2025-08,2025-05,2025-08,ServiceMix,21,0,0.000000
JIRA,jira,project,2025-05_to_2025-08,2025-05,2025-08,Sidecar for Apache Cassandra,96,4,0.041667
JIRA,jira,project,2025-05_to_2025-08,2025-05,2025-08,Sling,151,11,0.072848
JIRA,jira,project,2025-05_to_2025-08,2025-05,2025-08,Solr,133,26,0.195489
JIRA,jira,project,2025-05_to_2025-08,2025-05,2025-08,Sourcetree For Mac,13,0,0.000000
JIRA,jira,project,2025-05_to_2025-08,2025-05,2025-08,Sourcetree for Windows,45,3,0.066667
JIRA,jira,project,2025-05_to_2025-08,2025-05,2025-08,Spark,1469,92,0.062628
JIRA,jira,project,2025-05_to_2025-08,2025-05,2025-08,Spark Connector,3,1,0.333333
JIRA,jira,project,2025-05_to_2025-08,2025-05,2025-08,Spatial Information Systems,3,0,0.000000
JIRA,jira,project,2025-05_to_2025-08,2025-05,2025-08,Spring Boot & Cloud,1,0,0.000000
JIRA,jira,project,2025-05_to_2025-08,2025-05,2025-08,Statuspage,36,3,0.083333
JIRA,jira,project,2025-05_to_2025-08,2025-05,2025-08,Streams for Apache Kafka Console,30,0,0.000000
JIRA,jira,project,2025-05_to_2025-08,2025-05,2025-08,Struts 2,14,2,0.142857
JIRA,jira,project,2025-05_to_2025-08,2025-05,2025-08,Subscription Watch,169,24,0.142012
JIRA,jira,project,2025-05_to_2025-08,2025-05,2025-08,Subversion,2,1,0.500000
JIRA,jira,project,2025-05_to_2025-08,2025-05,2025-08,Subversion JIRA plugin,3,0,0.000000
JIRA,jira,project,2025-05_to_2025-08,2025-05,2025-08,Syncope,32,3,0.093750
JIRA,jira,project,2025-05_to_2025-08,2025-05,2025-08,SystemDS,34,3,0.088235
JIRA,jira,project,2025-05_to_2025-08,2025-05,2025-08,TEST Defect Tracking Project,7815,2,0.000256
JIRA,jira,project,2025-05_to_2025-08,2025-05,2025-08,TOREE,1,0,0.000000
JIRA,jira,project,2025-05_to_2025-08,2025-05,2025-08,TRELLO,268,8,0.029851
JIRA,jira,project,2025-05_to_2025-08,2025-05,2025-08,Talent,2,0,0.000000
JIRA,jira,project,2025-05_to_2025-08,2025-05,2025-08,Tapestry 5,6,5,0.833333
JIRA,jira,project,2025-05_to_2025-08,2025-05,2025-08,Thrift,27,7,0.259259
JIRA,jira,project,2025-05_to_2025-08,2025-05,2025-08,Tika,66,17,0.257576
JIRA,jira,project,2025-05_to_2025-08,2025-05,2025-08,TinkerPop,30,5,0.166667
JIRA,jira,project,2025-05_to_2025-08,2025-05,2025-08,TomEE,39,2,0.051282
JIRA,jira,project,2025-05_to_2025-08,2025-05,2025-08,Tools (JBoss Tools),3,1,0.333333
JIRA,jira,project,2025-05_to_2025-08,2025-05,2025-08,Undertow,37,6,0.162162
JIRA,jira,project,2025-05_to_2025-08,2025-05,2025-08,Universal Plugin Manager,2,0,0.000000
JIRA,jira,project,2025-05_to_2025-08,2025-05,2025-08,Use OCPBUGS now,2,0,0.000000
JIRA,jira,project,2025-05_to_2025-08,2025-05,2025-08,VCL,1,0,0.000000
JIRA,jira,project,2025-05_to_2025-08,2025-05,2025-08,VS Code Extension,43,4,0.093023
JIRA,jira,project,2025-05_to_2025-08,2025-05,2025-08,Virtualization Strategy,54,1,0.018519
JIRA,jira,project,2025-05_to_2025-08,2025-05,2025-08,Visual Design,16,0,0.000000
JIRA,jira,project,2025-05_to_2025-08,2025-05,2025-08,Visual Studio,7,0,0.000000
JIRA,jira,project,2025-05_to_2025-08,2025-05,2025-08,WINDUP ,1,1,1.000000
JIRA,jira,project,2025-05_to_2025-08,2025-05,2025-08,WSS4J,1,0,0.000000
JIRA,jira,project,2025-05_to_2025-08,2025-05,2025-08,Web Terminal for OpenShift,6,0,0.000000
JIRA,jira,project,2025-05_to_2025-08,2025-05,2025-08,Weld,3,0,0.000000
JIRA,jira,project,2025-05_to_2025-08,2025-05,2025-08,Wicket,9,3,0.333333
JIRA,jira,project,2025-05_to_2025-08,2025-05,2025-08,WildFly,240,34,0.141667
JIRA,jira,project,2025-05_to_2025-08,2025-05,2025-08,WildFly Arquillian,5,1,0.200000
JIRA,jira,project,2025-05_to_2025-08,2025-05,2025-08,WildFly Core,87,15,0.172414
JIRA,jira,project,2025-05_to_2025-08,2025-05,2025-08,WildFly EJB HTTP Client,1,0,0.000000
JIRA,jira,project,2025-05_to_2025-08,2025-05,2025-08,WildFly Elytron,18,3,0.166667
JIRA,jira,project,2025-05_to_2025-08,2025-05,2025-08,WildFly Elytron EE,9,0,0.000000
JIRA,jira,project,2025-05_to_2025-08,2025-05,2025-08,WildFly Maven Plugin,5,0,0.000000
JIRA,jira,project,2025-05_to_2025-08,2025-05,2025-08,WildFly OpenSSL,1,0,0.000000
JIRA,jira,project,2025-05_to_2025-08,2025-05,2025-08,WildFly WIP,1,1,1.000000
JIRA,jira,project,2025-05_to_2025-08,2025-05,2025-08,WiredTiger,731,241,0.329685
JIRA,jira,project,2025-05_to_2025-08,2025-05,2025-08,XMLBeans,4,2,0.500000
JIRA,jira,project,2025-05_to_2025-08,2025-05,2025-08,XMLGraphicsCommons,2,1,0.500000
JIRA,jira,project,2025-05_to_2025-08,2025-05,2025-08,XNIO,1,1,1.000000
JIRA,jira,project,2025-05_to_2025-08,2025-05,2025-08,Xerces,1,0,0.000000
JIRA,jira,project,2025-05_to_2025-08,2025-05,2025-08,Xerces2,14,2,0.142857
JIRA,jira,project,2025-05_to_2025-08,2025-05,2025-08,Yetus,5,0,0.000000
JIRA,jira,project,2025-05_to_2025-08,2025-05,2025-08,Zeppelin,127,6,0.047244
JIRA,jira,project,2025-05_to_2025-08,2025-05,2025-08,Zero Trust Workload Identity Manager,58,4,0.068966
JIRA,jira,project,2025-05_to_2025-08,2025-05,2025-08,ZooKeeper,47,5,0.106383
JIRA,jira,project,2025-05_to_2025-08,2025-05,2025-08,anaconda installer,78,5,0.064103
JIRA,jira,project,2025-05_to_2025-08,2025-05,2025-08,jBPM,3,1,0.333333
JIRA,jira,project,2025-05_to_2025-08,2025-05,2025-08,jboss.org,1,0,0.000000
JIRA,jira,project,2025-05_to_2025-08,2025-05,2025-08,mod_cluster,7,2,0.285714
JIRA,jira,project,2025-05_to_2025-08,2025-05,2025-08,must,48,7,0.145833
JIRA,jira,project,2025-05_to_2025-08,2025-05,2025-08,repository.jboss.org/nexus,72,36,0.500000
JIRA,jira,project,2025-05_to_2025-08,2025-05,2025-08,serf,5,1,0.200000
JIRA,jira,project,2025-05_to_2025-08,2025-05,2025-08,www.apache.org website,1,0,0.000000
JIRA,jira,project,2025-09_to_2025-12,2025-09,2025-12,AI Platform Core Components,2383,352,0.147713
JIRA,jira,project,2025-09_to_2025-12,2025-09,2025-12,AMQ Broker,242,8,0.033058
JIRA,jira,project,2025-09_to_2025-12,2025-09,2025-12,AMQ Clients,1,0,0.000000
JIRA,jira,project,2025-09_to_2025-12,2025-09,2025-12,AMQ Streams,103,7,0.067961
JIRA,jira,project,2025-09_to_2025-12,2025-09,2025-12,AMQ Streams Flink,27,0,0.000000
JIRA,jira,project,2025-09_to_2025-12,2025-09,2025-12,AMQ Streams Kafka Proxy,9,2,0.222222
JIRA,jira,project,2025-09_to_2025-12,2025-09,2025-12,ActiveMQ (Read,63,9,0.142857
JIRA,jira,project,2025-09_to_2025-12,2025-09,2025-12,ActiveMQ .Net,3,1,0.333333
JIRA,jira,project,2025-09_to_2025-12,2025-09,2025-12,ActiveObjects,21,0,0.000000
JIRA,jira,project,2025-09_to_2025-12,2025-09,2025-12,Activity Streams,2,0,0.000000
JIRA,jira,project,2025-09_to_2025-12,2025-09,2025-12,Admin Experience,169,9,0.053254
JIRA,jira,project,2025-09_to_2025-12,2025-09,2025-12,AeroGear,10,0,0.000000
JIRA,jira,project,2025-09_to_2025-12,2025-09,2025-12,Aesh,2,0,0.000000
JIRA,jira,project,2025-09_to_2025-12,2025-09,2025-12,Agent,109,1,0.009174
JIRA,jira,project,2025-09_to_2025-12,2025-09,2025-12,Agroal,11,1,0.090909
JIRA,jira,project,2025-09_to_2025-12,2025-09,2025-12,Airavata,1,0,0.000000
JIRA,jira,project,2025-09_to_2025-12,2025-09,2025-12,Ambari,23,6,0.260870
JIRA,jira,project,2025-09_to_2025-12,2025-09,2025-12,Analytics,70,2,0.028571
JIRA,jira,project,2025-09_to_2025-12,2025-09,2025-12,Ansible Automation Platform RFEs,193,7,0.036269
JIRA,jira,project,2025-09_to_2025-12,2025-09,2025-12,Ansible Content Automation,3,0,0.000000
JIRA,jira,project,2025-09_to_2025-12,2025-09,2025-12,Ansible Strategy,2,0,0.000000
JIRA,jira,project,2025-09_to_2025-12,2025-09,2025-12,Apache AsterixDB,39,6,0.153846
JIRA,jira,project,2025-09_to_2025-12,2025-09,2025-12,Apache Avro,47,17,0.361702
JIRA,jira,project,2025-09_to_2025-12,2025-09,2025-12,Apache Cassandra,218,42,0.192661
JIRA,jira,project,2025-09_to_2025-12,2025-09,2025-12,Apache Cassandra Analytics,25,3,0.120000
JIRA,jira,project,2025-09_to_2025-12,2025-09,2025-12,Apache Cassandra Go driver,12,2,0.166667
JIRA,jira,project,2025-09_to_2025-12,2025-09,2025-12,Apache Cassandra Java driver,9,2,0.222222
JIRA,jira,project,2025-09_to_2025-12,2025-09,2025-12,Apache Cassandra NodeJS Driver,1,0,0.000000
JIRA,jira,project,2025-09_to_2025-12,2025-09,2025-12,Apache Cassandra Python driver,1,1,1.000000
JIRA,jira,project,2025-09_to_2025-12,2025-09,2025-12,Apache Celeborn,107,5,0.046729
JIRA,jira,project,2025-09_to_2025-12,2025-09,2025-12,Apache Commons All,3,0,0.000000
JIRA,jira,project,2025-09_to_2025-12,2025-09,2025-12,Apache Drill,8,0,0.000000
JIRA,jira,project,2025-09_to_2025-12,2025-09,2025-12,Apache Fineract,69,7,0.101449
JIRA,jira,project,2025-09_to_2025-12,2025-09,2025-12,Apache Freemarker,1,1,1.000000
JIRA,jira,project,2025-09_to_2025-12,2025-09,2025-12,Apache Gobblin,20,1,0.050000
JIRA,jira,project,2025-09_to_2025-12,2025-09,2025-12,Apache Hudi,22,4,0.181818
JIRA,jira,project,2025-09_to_2025-12,2025-09,2025-12,Apache IoTDB,2,1,0.500000
JIRA,jira,project,2025-09_to_2025-12,2025-09,2025-12,Apache Knox,49,8,0.163265
JIRA,jira,project,2025-09_to_2025-12,2025-09,2025-12,Apache NiFi,489,69,0.141104
JIRA,jira,project,2025-09_to_2025-12,2025-09,2025-12,Apache NiFi MiNiFi C++,81,8,0.098765
JIRA,jira,project,2025-09_to_2025-12,2025-09,2025-12,Apache Ozone,697,91,0.130560
JIRA,jira,project,2025-09_to_2025-12,2025-09,2025-12,Apache Pinot,1,0,0.000000
JIRA,jira,project,2025-09_to_2025-12,2025-09,2025-12,Apache RAT,50,20,0.400000
JIRA,jira,project,2025-09_to_2025-12,2025-09,2025-12,Apache Science Data Analytics Platform,2,0,0.000000
JIRA,jira,project,2025-09_to_2025-12,2025-09,2025-12,Apache Sedona,7,1,0.142857
JIRA,jira,project,2025-09_to_2025-12,2025-09,2025-12,Apache Tez,23,4,0.173913
JIRA,jira,project,2025-09_to_2025-12,2025-09,2025-12,Apache Unomi,20,3,0.150000
JIRA,jira,project,2025-09_to_2025-12,2025-09,2025-12,Apache YuniKorn,74,7,0.094595
JIRA,jira,project,2025-09_to_2025-12,2025-09,2025-12,Apicurio Product Team,2,0,0.000000
JIRA,jira,project,2025-09_to_2025-12,2025-09,2025-12,Application Server 3  4  5 and 6,1,0,0.000000
JIRA,jira,project,2025-09_to_2025-12,2025-09,2025-12,Aries,3,3,1.000000
JIRA,jira,project,2025-09_to_2025-12,2025-09,2025-12,Artemis,194,18,0.092784
JIRA,jira,project,2025-09_to_2025-12,2025-09,2025-12,Atlas,112,4,0.035714
JIRA,jira,project,2025-09_to_2025-12,2025-09,2025-12,Atlas SQL,8,0,0.000000
JIRA,jira,project,2025-09_to_2025-12,2025-09,2025-12,Atlassian Browser DevTools,3,0,0.000000
JIRA,jira,project,2025-09_to_2025-12,2025-09,2025-12,Atlassian Cloud,154,11,0.071429
JIRA,jira,project,2025-09_to_2025-12,2025-09,2025-12,Atlassian Dark Feature Plugin,1,0,0.000000
JIRA,jira,project,2025-09_to_2025-12,2025-09,2025-12,Atlassian Developer Toolbox,3,0,0.000000
JIRA,jira,project,2025-09_to_2025-12,2025-09,2025-12,Atlassian Ecosystem,177,16,0.090395
JIRA,jira,project,2025-09_to_2025-12,2025-09,2025-12,Atlassian Guard,99,2,0.020202
JIRA,jira,project,2025-09_to_2025-12,2025-09,2025-12,Atlassian Intelligence,54,2,0.037037
JIRA,jira,project,2025-09_to_2025-12,2025-09,2025-12,Atlassian Internationalization,35,0,0.000000
JIRA,jira,project,2025-09_to_2025-12,2025-09,2025-12,Atlassian Marketplace,53,1,0.018868
JIRA,jira,project,2025-09_to_2025-12,2025-09,2025-12,Atlassian Maven Plugin Suite,19,0,0.000000
JIRA,jira,project,2025-09_to_2025-12,2025-09,2025-12,Atlassian Plugin SDK,1,0,0.000000
JIRA,jira,project,2025-09_to_2025-12,2025-09,2025-12,Atlassian Product Integrations,25,0,0.000000
JIRA,jira,project,2025-09_to_2025-12,2025-09,2025-12,Attic,6,1,0.166667
JIRA,jira,project,2025-09_to_2025-12,2025-09,2025-12,Automation for Cloud,120,5,0.041667
JIRA,jira,project,2025-09_to_2025-12,2025-09,2025-12,Automation for Jira Server,12,2,0.166667
JIRA,jira,project,2025-09_to_2025-12,2025-09,2025-12,Axiom,1,0,0.000000
JIRA,jira,project,2025-09_to_2025-12,2025-09,2025-12,Axis2,6,0,0.000000
JIRA,jira,project,2025-09_to_2025-12,2025-09,2025-12,Bamboo Data Center,62,24,0.387097
JIRA,jira,project,2025-09_to_2025-12,2025-09,2025-12,Batik,8,2,0.250000
JIRA,jira,project,2025-09_to_2025-12,2025-09,2025-12,Bigtop,18,0,0.000000
JIRA,jira,project,2025-09_to_2025-12,2025-09,2025-12,Bitbucket Cloud,107,6,0.056075
JIRA,jira,project,2025-09_to_2025-12,2025-09,2025-12,Bitbucket Data Center,111,12,0.108108
JIRA,jira,project,2025-09_to_2025-12,2025-09,2025-12,Byteman,3,0,0.000000
JIRA,jira,project,2025-09_to_2025-12,2025-09,2025-12,C Driver,92,3,0.032609
JIRA,jira,project,2025-09_to_2025-12,2025-09,2025-12,C# Driver,97,12,0.123711
JIRA,jira,project,2025-09_to_2025-12,2025-09,2025-12,C++ Driver,53,3,0.056604
JIRA,jira,project,2025-09_to_2025-12,2025-09,2025-12,CCS documentation feedback,2,0,0.000000
JIRA,jira,project,2025-09_to_2025-12,2025-09,2025-12,CKI Project,163,12,0.073620
JIRA,jira,project,2025-09_to_2025-12,2025-09,2025-12,CXF,28,11,0.392857
JIRA,jira,project,2025-09_to_2025-12,2025-09,2025-12,Calcite,194,47,0.242268
JIRA,jira,project,2025-09_to_2025-12,2025-09,2025-12,Calunga: Python Wheel Library,67,0,0.000000
JIRA,jira,project,2025-09_to_2025-12,2025-09,2025-12,Camel,416,91,0.218750
JIRA,jira,project,2025-09_to_2025-12,2025-09,2025-12,Candlepin,2,0,0.000000
JIRA,jira,project,2025-09_to_2025-12,2025-09,2025-12,Causeway,45,1,0.022222
JIRA,jira,project,2025-09_to_2025-12,2025-09,2025-12,Cayenne,14,1,0.071429
JIRA,jira,project,2025-09_to_2025-12,2025-09,2025-12,CentOS Stream Pipeline,50,2,0.040000
JIRA,jira,project,2025-09_to_2025-12,2025-09,2025-12,Cert Manager support for Red Hat OpenShift,58,7,0.120690
JIRA,jira,project,2025-09_to_2025-12,2025-09,2025-12,Certification Partner Experience Public,22,0,0.000000
JIRA,jira,project,2025-09_to_2025-12,2025-09,2025-12,Clair,42,1,0.023810
JIRA,jira,project,2025-09_to_2025-12,2025-09,2025-12,Cloud Enablement,3,0,0.000000
JIRA,jira,project,2025-09_to_2025-12,2025-09,2025-12,Cloud Infrastructure Security & Compliance,166,18,0.108434
JIRA,jira,project,2025-09_to_2025-12,2025-09,2025-12,Cloud Native Runtimes (CNR) Documentation,3,0,0.000000
JIRA,jira,project,2025-09_to_2025-12,2025-09,2025-12,Cluster Integration and Delivery,67,5,0.074627
JIRA,jira,project,2025-09_to_2025-12,2025-09,2025-12,Cluster Observability Operator,161,26,0.161491
JIRA,jira,project,2025-09_to_2025-12,2025-09,2025-12,Cockpit,63,4,0.063492
JIRA,jira,project,2025-09_to_2025-12,2025-09,2025-12,Coin,30,7,0.233333
JIRA,jira,project,2025-09_to_2025-12,2025-09,2025-12,Commerce,11,2,0.181818
JIRA,jira,project,2025-09_to_2025-12,2025-09,2025-12,Commons BCEL,2,2,1.000000
JIRA,jira,project,2025-09_to_2025-12,2025-09,2025-12,Commons CLI,4,0,0.000000
JIRA,jira,project,2025-09_to_2025-12,2025-09,2025-12,Commons Collections,5,0,0.000000
JIRA,jira,project,2025-09_to_2025-12,2025-09,2025-12,Commons Compress,8,2,0.250000
JIRA,jira,project,2025-09_to_2025-12,2025-09,2025-12,Commons Configuration,1,0,0.000000
JIRA,jira,project,2025-09_to_2025-12,2025-09,2025-12,Commons Daemon,4,1,0.250000
JIRA,jira,project,2025-09_to_2025-12,2025-09,2025-12,Commons Email,3,0,0.000000
JIRA,jira,project,2025-09_to_2025-12,2025-09,2025-12,Commons FileUpload,4,1,0.250000
JIRA,jira,project,2025-09_to_2025-12,2025-09,2025-12,Commons IO,6,1,0.166667
JIRA,jira,project,2025-09_to_2025-12,2025-09,2025-12,Commons JEXL,8,0,0.000000
JIRA,jira,project,2025-09_to_2025-12,2025-09,2025-12,Commons JXPath,1,1,1.000000
JIRA,jira,project,2025-09_to_2025-12,2025-09,2025-12,Commons Lang,25,5,0.200000
JIRA,jira,project,2025-09_to_2025-12,2025-09,2025-12,Commons Math,1,0,0.000000
JIRA,jira,project,2025-09_to_2025-12,2025-09,2025-12,Commons Net,1,1,1.000000
JIRA,jira,project,2025-09_to_2025-12,2025-09,2025-12,Commons Pool,4,1,0.250000
JIRA,jira,project,2025-09_to_2025-12,2025-09,2025-12,Commons SCXML,1,0,0.000000
JIRA,jira,project,2025-09_to_2025-12,2025-09,2025-12,Commons Text,1,0,0.000000
JIRA,jira,project,2025-09_to_2025-12,2025-09,2025-12,Commons Validator,2,0,0.000000
JIRA,jira,project,2025-09_to_2025-12,2025-09,2025-12,Community Development,1,0,0.000000
JIRA,jira,project,2025-09_to_2025-12,2025-09,2025-12,Community Linux Engineering,1959,92,0.046963
JIRA,jira,project,2025-09_to_2025-12,2025-09,2025-12,Compass,407,70,0.171990
JIRA,jira,project,2025-09_to_2025-12,2025-09,2025-12,Confluence Cloud,712,41,0.057584
JIRA,jira,project,2025-09_to_2025-12,2025-09,2025-12,Confluence Data Center,153,29,0.189542
JIRA,jira,project,2025-09_to_2025-12,2025-09,2025-12,Connectivity Link,51,4,0.078431
JIRA,jira,project,2025-09_to_2025-12,2025-09,2025-12,Container Tools,534,50,0.093633
JIRA,jira,project,2025-09_to_2025-12,2025-09,2025-12,Content Gateway,13,0,0.000000
JIRA,jira,project,2025-09_to_2025-12,2025-09,2025-12,Core Server,4545,687,0.151155
JIRA,jira,project,2025-09_to_2025-12,2025-09,2025-12,CoreOS OCP,277,11,0.039711
JIRA,jira,project,2025-09_to_2025-12,2025-09,2025-12,Cost Management,29,0,0.000000
JIRA,jira,project,2025-09_to_2025-12,2025-09,2025-12,Crowd Data Center,33,3,0.090909
JIRA,jira,project,2025-09_to_2025-12,2025-09,2025-12,Crucible,5,1,0.200000
JIRA,jira,project,2025-09_to_2025-12,2025-09,2025-12,Customer Service Management,34,1,0.029412
JIRA,jira,project,2025-09_to_2025-12,2025-09,2025-12,DMR,2,0,0.000000
JIRA,jira,project,2025-09_to_2025-12,2025-09,2025-12,Daffodil,26,3,0.115385
JIRA,jira,project,2025-09_to_2025-12,2025-09,2025-12,Data Foundation Bugs,17,6,0.352941
JIRA,jira,project,2025-09_to_2025-12,2025-09,2025-12,DataFu,2,1,0.500000
JIRA,jira,project,2025-09_to_2025-12,2025-09,2025-12,Debezium,305,71,0.232787
JIRA,jira,project,2025-09_to_2025-12,2025-09,2025-12,Derby (Retired),2,0,0.000000
JIRA,jira,project,2025-09_to_2025-12,2025-09,2025-12,Directory ApacheDS,5,2,0.400000
JIRA,jira,project,2025-09_to_2025-12,2025-09,2025-12,Directory Client API,5,0,0.000000
JIRA,jira,project,2025-09_to_2025-12,2025-09,2025-12,Distributed Tracing,182,23,0.126374
JIRA,jira,project,2025-09_to_2025-12,2025-09,2025-12,Docs for Red Hat Developers,244,0,0.000000
JIRA,jira,project,2025-09_to_2025-12,2025-09,2025-12,Dogtag PKI,2,1,0.500000
JIRA,jira,project,2025-09_to_2025-12,2025-09,2025-12,Drivers,50,2,0.040000
JIRA,jira,project,2025-09_to_2025-12,2025-09,2025-12,Drools,1,1,1.000000
JIRA,jira,project,2025-09_to_2025-12,2025-09,2025-12,EAP Documentation,140,2,0.014286
JIRA,jira,project,2025-09_to_2025-12,2025-09,2025-12,EJB Client Library (AS7+),3,2,0.666667
JIRA,jira,project,2025-09_to_2025-12,2025-09,2025-12,Empire,7,0,0.000000
JIRA,jira,project,2025-09_to_2025-12,2025-09,2025-12,Entity Framework,25,2,0.080000
JIRA,jira,project,2025-09_to_2025-12,2025-09,2025-12,Extension for Hibernate ORM,23,1,0.043478
JIRA,jira,project,2025-09_to_2025-12,2025-09,2025-12,External Secrets Operator for Red Hat OpenShift,84,4,0.047619
JIRA,jira,project,2025-09_to_2025-12,2025-09,2025-12,FOP,19,4,0.210526
JIRA,jira,project,2025-09_to_2025-12,2025-09,2025-12,Fast Datapath Product,1183,343,0.289941
JIRA,jira,project,2025-09_to_2025-12,2025-09,2025-12,Fedora,741,165,0.222672
JIRA,jira,project,2025-09_to_2025-12,2025-09,2025-12,Fedora RHEL CentOS Leads,3,0,0.000000
JIRA,jira,project,2025-09_to_2025-12,2025-09,2025-12,Felix,12,2,0.166667
JIRA,jira,project,2025-09_to_2025-12,2025-09,2025-12,FishEye,4,2,0.500000
JIRA,jira,project,2025-09_to_2025-12,2025-09,2025-12,FlightPath,297,26,0.087542
JIRA,jira,project,2025-09_to_2025-12,2025-09,2025-12,Flink,547,109,0.199269
JIRA,jira,project,2025-09_to_2025-12,2025-09,2025-12,Focus,22,0,0.000000
JIRA,jira,project,2025-09_to_2025-12,2025-09,2025-12,Forge,113,7,0.061947
JIRA,jira,project,2025-09_to_2025-12,2025-09,2025-12,Fuse Tooling,1,0,0.000000
JIRA,jira,project,2025-09_to_2025-12,2025-09,2025-12,Geode,80,18,0.225000
JIRA,jira,project,2025-09_to_2025-12,2025-09,2025-12,Go Driver,79,3,0.037975
JIRA,jira,project,2025-09_to_2025-12,2025-09,2025-12,Groovy,80,23,0.287500
JIRA,jira,project,2025-09_to_2025-12,2025-09,2025-12,Guacamole,68,10,0.147059
JIRA,jira,project,2025-09_to_2025-12,2025-09,2025-12,HAL,18,1,0.055556
JIRA,jira,project,2025-09_to_2025-12,2025-09,2025-12,HBase,236,51,0.216102
JIRA,jira,project,2025-09_to_2025-12,2025-09,2025-12,Hadoop Common,95,67,0.705263
JIRA,jira,project,2025-09_to_2025-12,2025-09,2025-12,Hadoop HDFS,43,27,0.627907
JIRA,jira,project,2025-09_to_2025-12,2025-09,2025-12,Hadoop Map/Reduce,8,4,0.500000
JIRA,jira,project,2025-09_to_2025-12,2025-09,2025-12,Hadoop YARN,60,32,0.533333
JIRA,jira,project,2025-09_to_2025-12,2025-09,2025-12,HawtIO,11,0,0.000000
JIRA,jira,project,2025-09_to_2025-12,2025-09,2025-12,Hive,220,48,0.218182
JIRA,jira,project,2025-09_to_2025-12,2025-09,2025-12,HttpComponents HttpClient,16,5,0.312500
JIRA,jira,project,2025-09_to_2025-12,2025-09,2025-12,HttpComponents HttpCore,7,4,0.571429
JIRA,jira,project,2025-09_to_2025-12,2025-09,2025-12,Hybrid Cloud Console,885,22,0.024859
JIRA,jira,project,2025-09_to_2025-12,2025-09,2025-12,Hybrid Cloud Infrastructure Documentation,49,0,0.000000
JIRA,jira,project,2025-09_to_2025-12,2025-09,2025-12,IMPALA,275,89,0.323636
JIRA,jira,project,2025-09_to_2025-12,2025-09,2025-12,Identity,43,1,0.023256
JIRA,jira,project,2025-09_to_2025-12,2025-09,2025-12,Ignite,1143,264,0.230971
JIRA,jira,project,2025-09_to_2025-12,2025-09,2025-12,Incubator,2,0,0.000000
JIRA,jira,project,2025-09_to_2025-12,2025-09,2025-12,Insights Experiences,613,27,0.044046
JIRA,jira,project,2025-09_to_2025-12,2025-09,2025-12,Insights Rule Analysis Tool,3,0,0.000000
JIRA,jira,project,2025-09_to_2025-12,2025-09,2025-12,IronJacamar,7,0,0.000000
JIRA,jira,project,2025-09_to_2025-12,2025-09,2025-12,Ivy,1,0,0.000000
JIRA,jira,project,2025-09_to_2025-12,2025-09,2025-12,JBeret,4,0,0.000000
JIRA,jira,project,2025-09_to_2025-12,2025-09,2025-12,JBoss Core Services,15,3,0.200000
JIRA,jira,project,2025-09_to_2025-12,2025-09,2025-12,JBoss Enterprise Application Platform,417,52,0.124700
JIRA,jira,project,2025-09_to_2025-12,2025-09,2025-12,JBoss Enterprise Spec APIs,1,0,0.000000
JIRA,jira,project,2025-09_to_2025-12,2025-09,2025-12,JBoss Log Manager,4,0,0.000000
JIRA,jira,project,2025-09_to_2025-12,2025-09,2025-12,JBoss Logging,4,0,0.000000
JIRA,jira,project,2025-09_to_2025-12,2025-09,2025-12,JBoss Marshalling,1,0,0.000000
JIRA,jira,project,2025-09_to_2025-12,2025-09,2025-12,JBoss Remoting (3+),1,0,0.000000
JIRA,jira,project,2025-09_to_2025-12,2025-09,2025-12,JBoss Server Migration Tool,5,0,0.000000
JIRA,jira,project,2025-09_to_2025-12,2025-09,2025-12,JBoss Transaction Manager,23,7,0.304348
JIRA,jira,project,2025-09_to_2025-12,2025-09,2025-12,JBoss VFS,2,0,0.000000
JIRA,jira,project,2025-09_to_2025-12,2025-09,2025-12,JBoss Web Server,38,2,0.052632
JIRA,jira,project,2025-09_to_2025-12,2025-09,2025-12,JBoss Web Services,14,3,0.214286
JIRA,jira,project,2025-09_to_2025-12,2025-09,2025-12,JDO,5,0,0.000000
JIRA,jira,project,2025-09_to_2025-12,2025-09,2025-12,JGroups,32,7,0.218750
JIRA,jira,project,2025-09_to_2025-12,2025-09,2025-12,JSPWiki,60,6,0.100000
JIRA,jira,project,2025-09_to_2025-12,2025-09,2025-12,Jackrabbit Content Repository,27,2,0.074074
JIRA,jira,project,2025-09_to_2025-12,2025-09,2025-12,Jackrabbit FileVault,18,2,0.111111
JIRA,jira,project,2025-09_to_2025-12,2025-09,2025-12,Jackrabbit Oak,161,27,0.167702
JIRA,jira,project,2025-09_to_2025-12,2025-09,2025-12,Jackrabbit Site,1,0,0.000000
JIRA,jira,project,2025-09_to_2025-12,2025-09,2025-12,James Server,15,3,0.200000
JIRA,jira,project,2025-09_to_2025-12,2025-09,2025-12,Java Driver,80,12,0.150000
JIRA,jira,project,2025-09_to_2025-12,2025-09,2025-12,Jira Admin Support,7,0,0.000000
JIRA,jira,project,2025-09_to_2025-12,2025-09,2025-12,Jira Align,236,2,0.008475
JIRA,jira,project,2025-09_to_2025-12,2025-09,2025-12,Jira Cloud,3,0,0.000000
JIRA,jira,project,2025-09_to_2025-12,2025-09,2025-12,Jira Data Center,160,25,0.156250
JIRA,jira,project,2025-09_to_2025-12,2025-09,2025-12,Jira Performance Testing Tools,2,0,0.000000
JIRA,jira,project,2025-09_to_2025-12,2025-09,2025-12,Jira Platform Cloud,1066,41,0.038462
JIRA,jira,project,2025-09_to_2025-12,2025-09,2025-12,Jira Service Management Cloud,609,30,0.049261
JIRA,jira,project,2025-09_to_2025-12,2025-09,2025-12,Jira Service Management Data Center,89,10,0.112360
JIRA,jira,project,2025-09_to_2025-12,2025-09,2025-12,Jira Software Data Center,107,7,0.065421
JIRA,jira,project,2025-09_to_2025-12,2025-09,2025-12,Jira Work Management Cloud,10,0,0.000000
JIRA,jira,project,2025-09_to_2025-12,2025-09,2025-12,Johnzon,1,1,1.000000
JIRA,jira,project,2025-09_to_2025-12,2025-09,2025-12,Kafka,368,53,0.144022
JIRA,jira,project,2025-09_to_2025-12,2025-09,2025-12,Kafka Connector,3,0,0.000000
JIRA,jira,project,2025-09_to_2025-12,2025-09,2025-12,Kaoto,8,0,0.000000
JIRA,jira,project,2025-09_to_2025-12,2025-09,2025-12,Karaf,3,0,0.000000
JIRA,jira,project,2025-09_to_2025-12,2025-09,2025-12,Knative Serving,9,7,0.777778
JIRA,jira,project,2025-09_to_2025-12,2025-09,2025-12,Konflux UI,230,3,0.013043
JIRA,jira,project,2025-09_to_2025-12,2025-09,2025-12,Kotlin BSON,1,0,0.000000
JIRA,jira,project,2025-09_to_2025-12,2025-09,2025-12,Kudu,30,8,0.266667
JIRA,jira,project,2025-09_to_2025-12,2025-09,2025-12,Kylin,9,0,0.000000
JIRA,jira,project,2025-09_to_2025-12,2025-09,2025-12,Legal Discuss,10,0,0.000000
JIRA,jira,project,2025-09_to_2025-12,2025-09,2025-12,Libmongocrypt,18,2,0.111111
JIRA,jira,project,2025-09_to_2025-12,2025-09,2025-12,Livy,10,0,0.000000
JIRA,jira,project,2025-09_to_2025-12,2025-09,2025-12,Loom,238,0,0.000000
JIRA,jira,project,2025-09_to_2025-12,2025-09,2025-12,MINA SSHD,2,1,0.500000
JIRA,jira,project,2025-09_to_2025-12,2025-09,2025-12,Machine Config Operator,171,7,0.040936
JIRA,jira,project,2025-09_to_2025-12,2025-09,2025-12,Managed Service ,42,2,0.047619
JIRA,jira,project,2025-09_to_2025-12,2025-09,2025-12,ManifoldCF,3,2,0.666667
JIRA,jira,project,2025-09_to_2025-12,2025-09,2025-12,MariaDB ColumnStore,90,24,0.266667
JIRA,jira,project,2025-09_to_2025-12,2025-09,2025-12,MariaDB Connector/C,14,5,0.357143
JIRA,jira,project,2025-09_to_2025-12,2025-09,2025-12,MariaDB Connector/C++,7,0,0.000000
JIRA,jira,project,2025-09_to_2025-12,2025-09,2025-12,MariaDB Connector/J,20,9,0.450000
JIRA,jira,project,2025-09_to_2025-12,2025-09,2025-12,MariaDB Connector/ODBC,14,5,0.357143
JIRA,jira,project,2025-09_to_2025-12,2025-09,2025-12,MariaDB Connector/Python,11,4,0.363636
JIRA,jira,project,2025-09_to_2025-12,2025-09,2025-12,MariaDB Connector/node.js,9,0,0.000000
JIRA,jira,project,2025-09_to_2025-12,2025-09,2025-12,MariaDB Foundation Development,40,7,0.175000
JIRA,jira,project,2025-09_to_2025-12,2025-09,2025-12,MariaDB MaxScale,136,20,0.147059
JIRA,jira,project,2025-09_to_2025-12,2025-09,2025-12,MariaDB Server,894,521,0.582774
JIRA,jira,project,2025-09_to_2025-12,2025-09,2025-12,Marvell DPU Collaboration,34,1,0.029412
JIRA,jira,project,2025-09_to_2025-12,2025-09,2025-12,Meecrowave,3,0,0.000000
JIRA,jira,project,2025-09_to_2025-12,2025-09,2025-12,MicroShift,230,23,0.100000
JIRA,jira,project,2025-09_to_2025-12,2025-09,2025-12,Migration Platform,86,19,0.220930
JIRA,jira,project,2025-09_to_2025-12,2025-09,2025-12,Migration Toolkit for Applications,407,105,0.257985
JIRA,jira,project,2025-09_to_2025-12,2025-09,2025-12,Migration Toolkit for Virtualization,675,80,0.118519
JIRA,jira,project,2025-09_to_2025-12,2025-09,2025-12,ModeShape,85,0,0.000000
JIRA,jira,project,2025-09_to_2025-12,2025-09,2025-12,Modular Service Container,2,0,0.000000
JIRA,jira,project,2025-09_to_2025-12,2025-09,2025-12,MongoDB Database Tools,53,7,0.132075
JIRA,jira,project,2025-09_to_2025-12,2025-09,2025-12,MongoDB MCP Server,147,4,0.027211
JIRA,jira,project,2025-09_to_2025-12,2025-09,2025-12,MongoDB Shell,505,430,0.851485
JIRA,jira,project,2025-09_to_2025-12,2025-09,2025-12,Mongoid,17,0,0.000000
JIRA,jira,project,2025-09_to_2025-12,2025-09,2025-12,Motor,4,3,0.750000
JIRA,jira,project,2025-09_to_2025-12,2025-09,2025-12,Multiple Architecture Enablement,50,4,0.080000
JIRA,jira,project,2025-09_to_2025-12,2025-09,2025-12,MyFaces Core,7,2,0.285714
JIRA,jira,project,2025-09_to_2025-12,2025-09,2025-12,MyFaces Tobago,18,0,0.000000
JIRA,jira,project,2025-09_to_2025-12,2025-09,2025-12,Network Edge,209,0,0.000000
JIRA,jira,project,2025-09_to_2025-12,2025-09,2025-12,Network Hardware Enablement,301,11,0.036545
JIRA,jira,project,2025-09_to_2025-12,2025-09,2025-12,Network Observability,141,10,0.070922
JIRA,jira,project,2025-09_to_2025-12,2025-09,2025-12,NiFi Improvement Proposal,5,0,0.000000
JIRA,jira,project,2025-09_to_2025-12,2025-09,2025-12,Node.js Driver,209,11,0.052632
JIRA,jira,project,2025-09_to_2025-12,2025-09,2025-12,Nutch,18,2,0.111111
JIRA,jira,project,2025-09_to_2025-12,2025-09,2025-12,OCMUI ,323,6,0.018576
JIRA,jira,project,2025-09_to_2025-12,2025-09,2025-12,OCP Technical Release Team,205,31,0.151220
JIRA,jira,project,2025-09_to_2025-12,2025-09,2025-12,ODATA,1,1,1.000000
JIRA,jira,project,2025-09_to_2025-12,2025-09,2025-12,OFBiz,44,10,0.227273
JIRA,jira,project,2025-09_to_2025-12,2025-09,2025-12,OPCT ,7,2,0.285714
JIRA,jira,project,2025-09_to_2025-12,2025-09,2025-12,ORC,54,3,0.055556
JIRA,jira,project,2025-09_to_2025-12,2025-09,2025-12,Observability Documentation,349,8,0.022923
JIRA,jira,project,2025-09_to_2025-12,2025-09,2025-12,Observability UI,151,4,0.026490
JIRA,jira,project,2025-09_to_2025-12,2025-09,2025-12,Observability and Data Analysis Program,34,1,0.029412
JIRA,jira,project,2025-09_to_2025-12,2025-09,2025-12,Olingo,4,1,0.250000
JIRA,jira,project,2025-09_to_2025-12,2025-09,2025-12,On Prem Networking,45,1,0.022222
JIRA,jira,project,2025-09_to_2025-12,2025-09,2025-12,OpenJDK,71,2,0.028169
JIRA,jira,project,2025-09_to_2025-12,2025-09,2025-12,OpenJPA,1,0,0.000000
JIRA,jira,project,2025-09_to_2025-12,2025-09,2025-12,OpenNLP,25,1,0.040000
JIRA,jira,project,2025-09_to_2025-12,2025-09,2025-12,OpenOffice,1,0,0.000000
JIRA,jira,project,2025-09_to_2025-12,2025-09,2025-12,OpenShift API Server,3,0,0.000000
JIRA,jira,project,2025-09_to_2025-12,2025-09,2025-12,OpenShift API for Data Protection,436,124,0.284404
JIRA,jira,project,2025-09_to_2025-12,2025-09,2025-12,OpenShift Application Platform Engineering,73,1,0.013699
JIRA,jira,project,2025-09_to_2025-12,2025-09,2025-12,OpenShift Authentication,27,0,0.000000
JIRA,jira,project,2025-09_to_2025-12,2025-09,2025-12,OpenShift Autoscaling,112,2,0.017857
JIRA,jira,project,2025-09_to_2025-12,2025-09,2025-12,OpenShift Bugs,2933,1083,0.369247
JIRA,jira,project,2025-09_to_2025-12,2025-09,2025-12,OpenShift BuildConfig,1,0,0.000000
JIRA,jira,project,2025-09_to_2025-12,2025-09,2025-12,OpenShift Builds,146,7,0.047945
JIRA,jira,project,2025-09_to_2025-12,2025-09,2025-12,OpenShift Cloud,160,2,0.012500
JIRA,jira,project,2025-09_to_2025-12,2025-09,2025-12,OpenShift Cloud Credential Operator,92,0,0.000000
JIRA,jira,project,2025-09_to_2025-12,2025-09,2025-12,OpenShift Console,235,1,0.004255
JIRA,jira,project,2025-09_to_2025-12,2025-09,2025-12,OpenShift Container Platform (OCP) Strategy,288,2,0.006944
JIRA,jira,project,2025-09_to_2025-12,2025-09,2025-12,OpenShift Core Networking,258,2,0.007752
JIRA,jira,project,2025-09_to_2025-12,2025-09,2025-12,OpenShift Data Foundation Request For Enhancement,21,0,0.000000
JIRA,jira,project,2025-09_to_2025-12,2025-09,2025-12,OpenShift Edge,87,1,0.011494
JIRA,jira,project,2025-09_to_2025-12,2025-09,2025-12,OpenShift Etcd,8,0,0.000000
JIRA,jira,project,2025-09_to_2025-12,2025-09,2025-12,OpenShift GitOps,463,29,0.062635
JIRA,jira,project,2025-09_to_2025-12,2025-09,2025-12,OpenShift Hive,98,11,0.112245
JIRA,jira,project,2025-09_to_2025-12,2025-09,2025-12,OpenShift Image Registry,6,1,0.166667
JIRA,jira,project,2025-09_to_2025-12,2025-09,2025-12,OpenShift Installer,82,1,0.012195
JIRA,jira,project,2025-09_to_2025-12,2025-09,2025-12,OpenShift Jenkins,48,2,0.041667
JIRA,jira,project,2025-09_to_2025-12,2025-09,2025-12,OpenShift Kueue,180,8,0.044444
JIRA,jira,project,2025-09_to_2025-12,2025-09,2025-12,OpenShift Logging,418,34,0.081340
JIRA,jira,project,2025-09_to_2025-12,2025-09,2025-12,OpenShift Migration Toolkit for Containers,19,3,0.157895
JIRA,jira,project,2025-09_to_2025-12,2025-09,2025-12,OpenShift Monitoring,108,4,0.037037
JIRA,jira,project,2025-09_to_2025-12,2025-09,2025-12,OpenShift Node,279,12,0.043011
JIRA,jira,project,2025-09_to_2025-12,2025-09,2025-12,OpenShift Over the Air,151,3,0.019868
JIRA,jira,project,2025-09_to_2025-12,2025-09,2025-12,OpenShift Pipelines,1041,63,0.060519
JIRA,jira,project,2025-09_to_2025-12,2025-09,2025-12,OpenShift Request For Enhancement,387,13,0.033592
JIRA,jira,project,2025-09_to_2025-12,2025-09,2025-12,OpenShift Service Mesh,729,30,0.041152
JIRA,jira,project,2025-09_to_2025-12,2025-09,2025-12,OpenShift Specialist Platform Team,109,5,0.045872
JIRA,jira,project,2025-09_to_2025-12,2025-09,2025-12,OpenShift Storage,211,31,0.146919
JIRA,jira,project,2025-09_to_2025-12,2025-09,2025-12,OpenShift Virtualization,6186,292,0.047203
JIRA,jira,project,2025-09_to_2025-12,2025-09,2025-12,OpenShift Windows Containers,45,1,0.022222
JIRA,jira,project,2025-09_to_2025-12,2025-09,2025-12,OpenShift Workloads,15,3,0.200000
JIRA,jira,project,2025-09_to_2025-12,2025-09,2025-12,OpenStack Strategy,85,1,0.011765
JIRA,jira,project,2025-09_to_2025-12,2025-09,2025-12,OpenStack as Infra,40,11,0.275000
JIRA,jira,project,2025-09_to_2025-12,2025-09,2025-12,OpenWebBeans,4,0,0.000000
JIRA,jira,project,2025-09_to_2025-12,2025-09,2025-12,Openmeetings,6,0,0.000000
JIRA,jira,project,2025-09_to_2025-12,2025-09,2025-12,Openshift sandboxed containers,326,14,0.042945
JIRA,jira,project,2025-09_to_2025-12,2025-09,2025-12,Operator Ecosystem,1,0,0.000000
JIRA,jira,project,2025-09_to_2025-12,2025-09,2025-12,Operator Runtime,254,7,0.027559
JIRA,jira,project,2025-09_to_2025-12,2025-09,2025-12,Opsgenie,26,0,0.000000
JIRA,jira,project,2025-09_to_2025-12,2025-09,2025-12,Origin Community Distribution of Kubernetes,31,3,0.096774
JIRA,jira,project,2025-09_to_2025-12,2025-09,2025-12,PDFBox,81,27,0.333333
JIRA,jira,project,2025-09_to_2025-12,2025-09,2025-12,PHP Driver: Extension,38,2,0.052632
JIRA,jira,project,2025-09_to_2025-12,2025-09,2025-12,PHP Driver: Library,33,1,0.030303
JIRA,jira,project,2025-09_to_2025-12,2025-09,2025-12,PHP ORMs,64,6,0.093750
JIRA,jira,project,2025-09_to_2025-12,2025-09,2025-12,Performance and Scale for AI Platforms,9,0,0.000000
JIRA,jira,project,2025-09_to_2025-12,2025-09,2025-12,Phoenix,48,4,0.083333
JIRA,jira,project,2025-09_to_2025-12,2025-09,2025-12,Phoenix Omid,5,0,0.000000
JIRA,jira,project,2025-09_to_2025-12,2025-09,2025-12,Pig,3,2,0.666667
JIRA,jira,project,2025-09_to_2025-12,2025-09,2025-12,Podling Suitable Names Search,5,0,0.000000
JIRA,jira,project,2025-09_to_2025-12,2025-09,2025-12,Product Technical Learning,618,45,0.072816
JIRA,jira,project,2025-09_to_2025-12,2025-09,2025-12,Proforma Server & Data Centre,11,2,0.181818
JIRA,jira,project,2025-09_to_2025-12,2025-09,2025-12,Project Quay,380,50,0.131579
JIRA,jira,project,2025-09_to_2025-12,2025-09,2025-12,Python Driver,155,29,0.187097
JIRA,jira,project,2025-09_to_2025-12,2025-09,2025-12,Python Integrations,119,19,0.159664
JIRA,jira,project,2025-09_to_2025-12,2025-09,2025-12,"Qbs (""Cubes"")",18,3,0.166667
JIRA,jira,project,2025-09_to_2025-12,2025-09,2025-12,Qpid,17,4,0.235294
JIRA,jira,project,2025-09_to_2025-12,2025-09,2025-12,Qpid JMS,4,1,0.250000
JIRA,jira,project,2025-09_to_2025-12,2025-09,2025-12,Qpid Proton,11,1,0.090909
JIRA,jira,project,2025-09_to_2025-12,2025-09,2025-12,Qt,2351,653,0.277754
JIRA,jira,project,2025-09_to_2025-12,2025-09,2025-12,Qt 3D Studio,1,0,0.000000
JIRA,jira,project,2025-09_to_2025-12,2025-09,2025-12,Qt Bridges,70,1,0.014286
JIRA,jira,project,2025-09_to_2025-12,2025-09,2025-12,Qt Creator,384,64,0.166667
JIRA,jira,project,2025-09_to_2025-12,2025-09,2025-12,Qt Design Studio,383,33,0.086162
JIRA,jira,project,2025-09_to_2025-12,2025-09,2025-12,Qt Installer Framework,25,3,0.120000
JIRA,jira,project,2025-09_to_2025-12,2025-09,2025-12,Qt Playground Projects,1,0,0.000000
JIRA,jira,project,2025-09_to_2025-12,2025-09,2025-12,Qt Project Website,12,1,0.083333
JIRA,jira,project,2025-09_to_2025-12,2025-09,2025-12,Qt Quality Assurance Infrastructure,198,19,0.095960
JIRA,jira,project,2025-09_to_2025-12,2025-09,2025-12,Qt Tools for Android,18,1,0.055556
JIRA,jira,project,2025-09_to_2025-12,2025-09,2025-12,Qt Visual Studio Tools,11,5,0.454545
JIRA,jira,project,2025-09_to_2025-12,2025-09,2025-12,Qt WebBrowser,2,1,0.500000
JIRA,jira,project,2025-09_to_2025-12,2025-09,2025-12,Qt for Python,79,30,0.379747
JIRA,jira,project,2025-09_to_2025-12,2025-09,2025-12,Quarkus,259,25,0.096525
JIRA,jira,project,2025-09_to_2025-12,2025-09,2025-12,Quarkus Documentation,110,0,0.000000
JIRA,jira,project,2025-09_to_2025-12,2025-09,2025-12,RDO Project,4,2,0.500000
JIRA,jira,project,2025-09_to_2025-12,2025-09,2025-12,RESTEasy,61,9,0.147541
JIRA,jira,project,2025-09_to_2025-12,2025-09,2025-12,RH,2,1,0.500000
JIRA,jira,project,2025-09_to_2025-12,2025-09,2025-12,RH Developer Hub Planning,154,0,0.000000
JIRA,jira,project,2025-09_to_2025-12,2025-09,2025-12,RHEL,2931,767,0.261685
JIRA,jira,project,2025-09_to_2025-12,2025-09,2025-12,RHEL Documentation,103,4,0.038835
JIRA,jira,project,2025-09_to_2025-12,2025-09,2025-12,RHEL Lightspeed,2,0,0.000000
JIRA,jira,project,2025-09_to_2025-12,2025-09,2025-12,RHEL Testing,327,118,0.360856
JIRA,jira,project,2025-09_to_2025-12,2025-09,2025-12,RHEL in Cloud,4,0,0.000000
JIRA,jira,project,2025-09_to_2025-12,2025-09,2025-12,RHOS Request for Features,66,2,0.030303
JIRA,jira,project,2025-09_to_2025-12,2025-09,2025-12,RHTAP UI,20,1,0.050000
JIRA,jira,project,2025-09_to_2025-12,2025-09,2025-12,Rampart,4,3,0.750000
JIRA,jira,project,2025-09_to_2025-12,2025-09,2025-12,Ranger,129,15,0.116279
JIRA,jira,project,2025-09_to_2025-12,2025-09,2025-12,Ratis,55,10,0.181818
JIRA,jira,project,2025-09_to_2025-12,2025-09,2025-12,Red Hat 3scale API Management,110,15,0.136364
JIRA,jira,project,2025-09_to_2025-12,2025-09,2025-12,Red Hat Advanced Cluster Management,2195,205,0.093394
JIRA,jira,project,2025-09_to_2025-12,2025-09,2025-12,Red Hat Advanced Cluster Security,1026,30,0.029240
JIRA,jira,project,2025-09_to_2025-12,2025-09,2025-12,Red Hat Build of Apache Camel for Quarkus,45,9,0.200000
JIRA,jira,project,2025-09_to_2025-12,2025-09,2025-12,Red Hat Data Grid,52,6,0.115385
JIRA,jira,project,2025-09_to_2025-12,2025-09,2025-12,Red Hat Developer Hub Bugs,369,54,0.146341
JIRA,jira,project,2025-09_to_2025-12,2025-09,2025-12,Red Hat Enterprise Linux AI,8,4,0.500000
JIRA,jira,project,2025-09_to_2025-12,2025-09,2025-12,Red Hat Insights Engineering,15,1,0.066667
JIRA,jira,project,2025-09_to_2025-12,2025-09,2025-12,Red Hat Insights Strategy,5,0,0.000000
JIRA,jira,project,2025-09_to_2025-12,2025-09,2025-12,Red Hat Internal Developer Platform,1268,42,0.033123
JIRA,jira,project,2025-09_to_2025-12,2025-09,2025-12,Red Hat Offline Knowledge Portal,14,0,0.000000
JIRA,jira,project,2025-09_to_2025-12,2025-09,2025-12,Red Hat OpenShift Control Planes,535,22,0.041121
JIRA,jira,project,2025-09_to_2025-12,2025-09,2025-12,Red Hat OpenShift Data Science,1,0,0.000000
JIRA,jira,project,2025-09_to_2025-12,2025-09,2025-12,Red Hat OpenShift Dev Spaces (formerly CodeReady Workspaces),135,20,0.148148
JIRA,jira,project,2025-09_to_2025-12,2025-09,2025-12,Red Hat OpenStack Services on OpenShift,2047,180,0.087934
JIRA,jira,project,2025-09_to_2025-12,2025-09,2025-12,Red Hat Process Automation Manager,1,0,0.000000
JIRA,jira,project,2025-09_to_2025-12,2025-09,2025-12,Red Hat Service Interconnect (Skupper),64,2,0.031250
JIRA,jira,project,2025-09_to_2025-12,2025-09,2025-12,Red Hat Update Infrastructure for Cloud Providers,4,0,0.000000
JIRA,jira,project,2025-09_to_2025-12,2025-09,2025-12,Red Hat Workload Availability,88,11,0.125000
JIRA,jira,project,2025-09_to_2025-12,2025-09,2025-12,Red Hat build of Apache Camel,24,0,0.000000
JIRA,jira,project,2025-09_to_2025-12,2025-09,2025-12,Red Hat build of Apache Camel for Spring Boot,68,3,0.044118
JIRA,jira,project,2025-09_to_2025-12,2025-09,2025-12,Red Hat build of Keycloak,138,42,0.304348
JIRA,jira,project,2025-09_to_2025-12,2025-09,2025-12,Remoting JMX,2,0,0.000000
JIRA,jira,project,2025-09_to_2025-12,2025-09,2025-12,Rovo,244,10,0.040984
JIRA,jira,project,2025-09_to_2025-12,2025-09,2025-12,RovoDev,6,1,0.166667
JIRA,jira,project,2025-09_to_2025-12,2025-09,2025-12,Ruby Driver,44,3,0.068182
JIRA,jira,project,2025-09_to_2025-12,2025-09,2025-12,Rust Driver,50,1,0.020000
JIRA,jira,project,2025-09_to_2025-12,2025-09,2025-12,SHIP Strategy,9,0,0.000000
JIRA,jira,project,2025-09_to_2025-12,2025-09,2025-12,Sakai,345,84,0.243478
JIRA,jira,project,2025-09_to_2025-12,2025-09,2025-12,Santuario,2,0,0.000000
JIRA,jira,project,2025-09_to_2025-12,2025-09,2025-12,Satellite,1487,159,0.106927
JIRA,jira,project,2025-09_to_2025-12,2025-09,2025-12,Secret Store CSI for Red Hat OpenShift,15,0,0.000000
JIRA,jira,project,2025-09_to_2025-12,2025-09,2025-12,Security Data,18,1,0.055556
JIRA,jira,project,2025-09_to_2025-12,2025-09,2025-12,Server Deployments and Scale,4,2,0.500000
JIRA,jira,project,2025-09_to_2025-12,2025-09,2025-12,Serverless logic,115,25,0.217391
JIRA,jira,project,2025-09_to_2025-12,2025-09,2025-12,ServiceMix,2,0,0.000000
JIRA,jira,project,2025-09_to_2025-12,2025-09,2025-12,ShrinkWrap Resolvers,1,0,0.000000
JIRA,jira,project,2025-09_to_2025-12,2025-09,2025-12,Sidecar for Apache Cassandra,52,3,0.057692
JIRA,jira,project,2025-09_to_2025-12,2025-09,2025-12,Sling,120,15,0.125000
JIRA,jira,project,2025-09_to_2025-12,2025-09,2025-12,Solr,168,22,0.130952
JIRA,jira,project,2025-09_to_2025-12,2025-09,2025-12,Sourcetree For Mac,13,1,0.076923
JIRA,jira,project,2025-09_to_2025-12,2025-09,2025-12,Sourcetree for Windows,56,11,0.196429
JIRA,jira,project,2025-09_to_2025-12,2025-09,2025-12,Spark,1434,84,0.058577
JIRA,jira,project,2025-09_to_2025-12,2025-09,2025-12,Spark Connector,5,0,0.000000
JIRA,jira,project,2025-09_to_2025-12,2025-09,2025-12,Spatial Information Systems,12,0,0.000000
JIRA,jira,project,2025-09_to_2025-12,2025-09,2025-12,StAXMapper,2,0,0.000000
JIRA,jira,project,2025-09_to_2025-12,2025-09,2025-12,Statuspage,11,0,0.000000
JIRA,jira,project,2025-09_to_2025-12,2025-09,2025-12,Streams for Apache Kafka Console,16,0,0.000000
JIRA,jira,project,2025-09_to_2025-12,2025-09,2025-12,Struts 2,40,5,0.125000
JIRA,jira,project,2025-09_to_2025-12,2025-09,2025-12,Subscription Watch,347,36,0.103746
JIRA,jira,project,2025-09_to_2025-12,2025-09,2025-12,Synapse,4,0,0.000000
JIRA,jira,project,2025-09_to_2025-12,2025-09,2025-12,Syncope,35,3,0.085714
JIRA,jira,project,2025-09_to_2025-12,2025-09,2025-12,SystemDS,26,2,0.076923
JIRA,jira,project,2025-09_to_2025-12,2025-09,2025-12,TEST Defect Tracking Project,845,4,0.004734
JIRA,jira,project,2025-09_to_2025-12,2025-09,2025-12,TOREE,5,1,0.200000
JIRA,jira,project,2025-09_to_2025-12,2025-09,2025-12,TRELLO,175,3,0.017143
JIRA,jira,project,2025-09_to_2025-12,2025-09,2025-12,Talent,1,0,0.000000
JIRA,jira,project,2025-09_to_2025-12,2025-09,2025-12,Tapestry 5,2,1,0.500000
JIRA,jira,project,2025-09_to_2025-12,2025-09,2025-12,Teiid,3,0,0.000000
JIRA,jira,project,2025-09_to_2025-12,2025-09,2025-12,Thrift,23,7,0.304348
JIRA,jira,project,2025-09_to_2025-12,2025-09,2025-12,Tika,134,33,0.246269
JIRA,jira,project,2025-09_to_2025-12,2025-09,2025-12,TinkerPop,36,5,0.138889
JIRA,jira,project,2025-09_to_2025-12,2025-09,2025-12,TomEE,46,4,0.086957
JIRA,jira,project,2025-09_to_2025-12,2025-09,2025-12,Torque,1,0,0.000000
JIRA,jira,project,2025-09_to_2025-12,2025-09,2025-12,Undertow,62,12,0.193548
JIRA,jira,project,2025-09_to_2025-12,2025-09,2025-12,VCL,1,0,0.000000
JIRA,jira,project,2025-09_to_2025-12,2025-09,2025-12,VS Code Extension,72,12,0.166667
JIRA,jira,project,2025-09_to_2025-12,2025-09,2025-12,Velocity,3,2,0.666667
JIRA,jira,project,2025-09_to_2025-12,2025-09,2025-12,Velocity Tools,2,0,0.000000
JIRA,jira,project,2025-09_to_2025-12,2025-09,2025-12,Virtualization Strategy,33,0,0.000000
JIRA,jira,project,2025-09_to_2025-12,2025-09,2025-12,Visual Design,13,0,0.000000
JIRA,jira,project,2025-09_to_2025-12,2025-09,2025-12,Visual Studio,2,0,0.000000
JIRA,jira,project,2025-09_to_2025-12,2025-09,2025-12,WSS4J,1,0,0.000000
JIRA,jira,project,2025-09_to_2025-12,2025-09,2025-12,Web Terminal for OpenShift,7,1,0.142857
JIRA,jira,project,2025-09_to_2025-12,2025-09,2025-12,Weld,8,1,0.125000
JIRA,jira,project,2025-09_to_2025-12,2025-09,2025-12,Wicket,9,3,0.333333
JIRA,jira,project,2025-09_to_2025-12,2025-09,2025-12,WildFly,398,69,0.173367
JIRA,jira,project,2025-09_to_2025-12,2025-09,2025-12,WildFly Arquillian,15,1,0.066667
JIRA,jira,project,2025-09_to_2025-12,2025-09,2025-12,WildFly Core,102,8,0.078431
JIRA,jira,project,2025-09_to_2025-12,2025-09,2025-12,WildFly EJB HTTP Client,1,0,0.000000
JIRA,jira,project,2025-09_to_2025-12,2025-09,2025-12,WildFly Elytron,52,6,0.115385
JIRA,jira,project,2025-09_to_2025-12,2025-09,2025-12,WildFly Elytron EE,20,0,0.000000
JIRA,jira,project,2025-09_to_2025-12,2025-09,2025-12,WildFly Maven Plugin,15,0,0.000000
JIRA,jira,project,2025-09_to_2025-12,2025-09,2025-12,WildFly OpenSSL,10,1,0.100000
JIRA,jira,project,2025-09_to_2025-12,2025-09,2025-12,WildFly OpenSSL Natives,12,2,0.166667
JIRA,jira,project,2025-09_to_2025-12,2025-09,2025-12,WildFly WIP,11,0,0.000000
JIRA,jira,project,2025-09_to_2025-12,2025-09,2025-12,WiredTiger,1021,421,0.412341
JIRA,jira,project,2025-09_to_2025-12,2025-09,2025-12,XBean,5,0,0.000000
JIRA,jira,project,2025-09_to_2025-12,2025-09,2025-12,XMLBeans,3,1,0.333333
JIRA,jira,project,2025-09_to_2025-12,2025-09,2025-12,XMLGraphicsCommons,1,0,0.000000
JIRA,jira,project,2025-09_to_2025-12,2025-09,2025-12,XNIO,5,1,0.200000
JIRA,jira,project,2025-09_to_2025-12,2025-09,2025-12,Xerces,1,0,0.000000
JIRA,jira,project,2025-09_to_2025-12,2025-09,2025-12,Xerces2,4,1,0.250000
JIRA,jira,project,2025-09_to_2025-12,2025-09,2025-12,XmlSchema,2,0,0.000000
JIRA,jira,project,2025-09_to_2025-12,2025-09,2025-12,Zeppelin,75,4,0.053333
JIRA,jira,project,2025-09_to_2025-12,2025-09,2025-12,Zero Trust Workload Identity Manager,110,8,0.072727
JIRA,jira,project,2025-09_to_2025-12,2025-09,2025-12,ZooKeeper,37,12,0.324324
JIRA,jira,project,2025-09_to_2025-12,2025-09,2025-12,anaconda installer,113,13,0.115044
JIRA,jira,project,2025-09_to_2025-12,2025-09,2025-12,apiman (API Management),1,0,0.000000
JIRA,jira,project,2025-09_to_2025-12,2025-09,2025-12,jBPM,4,0,0.000000
JIRA,jira,project,2025-09_to_2025-12,2025-09,2025-12,mod_cluster,2,0,0.000000
JIRA,jira,project,2025-09_to_2025-12,2025-09,2025-12,must,67,8,0.119403
JIRA,jira,project,2025-09_to_2025-12,2025-09,2025-12,repository.jboss.org/nexus,60,39,0.650000
