source,source_key,entity_type,release_window,window_start,window_end,entity_id,num_docs,inferred_log_docs,log_doc_rate
JIRA,jira,project,2021-01_to_2021-04,2021-01,2021-04,A,11,5,0.454545
JIRA,jira,project,2021-01_to_2021-04,2021-01,2021-04,AMQ Broker,155,25,0.161290
JIRA,jira,project,2021-01_to_2021-04,2021-01,2021-04,AMQ Clients,10,3,0.300000
JIRA,jira,project,2021-01_to_2021-04,2021-01,2021-04,AMQ Documentation,13,1,0.076923
JIRA,jira,project,2021-01_to_2021-04,2021-01,2021-04,AMQ Interconnect,23,1,0.043478
JIRA,jira,project,2021-01_to_2021-04,2021-01,2021-04,AMQ Streams,36,8,0.222222
JIRA,jira,project,2021-01_to_2021-04,2021-01,2021-04,ActiveMQ,13,13,1.000000
JIRA,jira,project,2021-01_to_2021-04,2021-01,2021-04,ActiveMQ (Read,11,2,0.181818
JIRA,jira,project,2021-01_to_2021-04,2021-01,2021-04,ActiveMQ .Net,4,3,0.750000
JIRA,jira,project,2021-01_to_2021-04,2021-01,2021-04,ActiveMQ Artemis,32,32,1.000000
JIRA,jira,project,2021-01_to_2021-04,2021-01,2021-04,ActiveMQ C++ Client,2,0,0.000000
JIRA,jira,project,2021-01_to_2021-04,2021-01,2021-04,Activity Streams,2,0,0.000000
JIRA,jira,project,2021-01_to_2021-04,2021-01,2021-04,Admin Experience,26,1,0.038462
JIRA,jira,project,2021-01_to_2021-04,2021-01,2021-04,Advanced Roadmaps,7,7,1.000000
JIRA,jira,project,2021-01_to_2021-04,2021-01,2021-04,AeroGear,1,1,1.000000
JIRA,jira,project,2021-01_to_2021-04,2021-01,2021-04,Aesh,1,1,1.000000
JIRA,jira,project,2021-01_to_2021-04,2021-01,2021-04,Agroal,2,1,0.500000
JIRA,jira,project,2021-01_to_2021-04,2021-01,2021-04,Airavata,9,4,0.444444
JIRA,jira,project,2021-01_to_2021-04,2021-01,2021-04,Ambari,30,13,0.433333
JIRA,jira,project,2021-01_to_2021-04,2021-01,2021-04,Apache AGE,1,0,0.000000
JIRA,jira,project,2021-01_to_2021-04,2021-01,2021-04,Apache AWF (Retired),1,0,0.000000
JIRA,jira,project,2021-01_to_2021-04,2021-01,2021-04,Apache Any23,1,1,1.000000
JIRA,jira,project,2021-01_to_2021-04,2021-01,2021-04,Apache Arrow,1503,273,0.181637
JIRA,jira,project,2021-01_to_2021-04,2021-01,2021-04,Apache AsterixDB,9,7,0.777778
JIRA,jira,project,2021-01_to_2021-04,2021-01,2021-04,Apache Avro,50,29,0.580000
JIRA,jira,project,2021-01_to_2021-04,2021-01,2021-04,Apache BlueMarlin (Retired),1,0,0.000000
JIRA,jira,project,2021-01_to_2021-04,2021-01,2021-04,Apache Cassandra,114,47,0.412281
JIRA,jira,project,2021-01_to_2021-04,2021-01,2021-04,Apache Curator,10,2,0.200000
JIRA,jira,project,2021-01_to_2021-04,2021-01,2021-04,Apache DataLab,1,1,1.000000
JIRA,jira,project,2021-01_to_2021-04,2021-01,2021-04,Apache DataLab (Retired),7,0,0.000000
JIRA,jira,project,2021-01_to_2021-04,2021-01,2021-04,Apache Datasketches,1,0,0.000000
JIRA,jira,project,2021-01_to_2021-04,2021-01,2021-04,Apache Drill,28,22,0.785714
JIRA,jira,project,2021-01_to_2021-04,2021-01,2021-04,Apache Dubbo,30,0,0.000000
JIRA,jira,project,2021-01_to_2021-04,2021-01,2021-04,Apache EventMesh,1,0,0.000000
JIRA,jira,project,2021-01_to_2021-04,2021-01,2021-04,Apache Fineract,35,10,0.285714
JIRA,jira,project,2021-01_to_2021-04,2021-01,2021-04,Apache Freemarker,4,2,0.500000
JIRA,jira,project,2021-01_to_2021-04,2021-01,2021-04,Apache Gobblin,31,6,0.193548
JIRA,jira,project,2021-01_to_2021-04,2021-01,2021-04,Apache Gora,2,2,1.000000
JIRA,jira,project,2021-01_to_2021-04,2021-01,2021-04,Apache HAWQ,2,2,1.000000
JIRA,jira,project,2021-01_to_2021-04,2021-01,2021-04,Apache Hop,35,35,1.000000
JIRA,jira,project,2021-01_to_2021-04,2021-01,2021-04,Apache Hop (Retired),64,4,0.062500
JIRA,jira,project,2021-01_to_2021-04,2021-01,2021-04,Apache Hudi,198,57,0.287879
JIRA,jira,project,2021-01_to_2021-04,2021-01,2021-04,Apache InLong,62,2,0.032258
JIRA,jira,project,2021-01_to_2021-04,2021-01,2021-04,Apache IoTDB,52,30,0.576923
JIRA,jira,project,2021-01_to_2021-04,2021-01,2021-04,Apache Jena,18,18,1.000000
JIRA,jira,project,2021-01_to_2021-04,2021-01,2021-04,Apache Knox,12,9,0.750000
JIRA,jira,project,2021-01_to_2021-04,2021-01,2021-04,Apache Liminal (Retired),3,0,0.000000
JIRA,jira,project,2021-01_to_2021-04,2021-01,2021-04,Apache MADlib,16,10,0.625000
JIRA,jira,project,2021-01_to_2021-04,2021-01,2021-04,Apache Marvin,2,2,1.000000
JIRA,jira,project,2021-01_to_2021-04,2021-01,2021-04,Apache Maven Resource Bundles (Moved to GitHub Issues),1,0,0.000000
JIRA,jira,project,2021-01_to_2021-04,2021-01,2021-04,Apache MetaModel (Retired),5,5,1.000000
JIRA,jira,project,2021-01_to_2021-04,2021-01,2021-04,Apache Nemo,1,1,1.000000
JIRA,jira,project,2021-01_to_2021-04,2021-01,2021-04,Apache Nemo (Retired),8,0,0.000000
JIRA,jira,project,2021-01_to_2021-04,2021-01,2021-04,Apache NiFi,146,75,0.513699
JIRA,jira,project,2021-01_to_2021-04,2021-01,2021-04,Apache NiFi MiNiFi ,3,3,1.000000
JIRA,jira,project,2021-01_to_2021-04,2021-01,2021-04,Apache NiFi MiNiFi C++,32,11,0.343750
JIRA,jira,project,2021-01_to_2021-04,2021-01,2021-04,Apache NuttX,5,0,0.000000
JIRA,jira,project,2021-01_to_2021-04,2021-01,2021-04,Apache Ozone,202,85,0.420792
JIRA,jira,project,2021-01_to_2021-04,2021-01,2021-04,Apache PLC4X,17,11,0.647059
JIRA,jira,project,2021-01_to_2021-04,2021-01,2021-04,Apache Roller,2,0,0.000000
JIRA,jira,project,2021-01_to_2021-04,2021-01,2021-04,Apache S4 (Retired),17,0,0.000000
JIRA,jira,project,2021-01_to_2021-04,2021-01,2021-04,Apache Science Data Analytics Platform,7,0,0.000000
JIRA,jira,project,2021-01_to_2021-04,2021-01,2021-04,Apache Sedona,4,2,0.500000
JIRA,jira,project,2021-01_to_2021-04,2021-01,2021-04,Apache ServiceComb,19,4,0.210526
JIRA,jira,project,2021-01_to_2021-04,2021-01,2021-04,Apache Storm,38,12,0.315789
JIRA,jira,project,2021-01_to_2021-04,2021-01,2021-04,Apache Submarine,23,5,0.217391
JIRA,jira,project,2021-01_to_2021-04,2021-01,2021-04,Apache Tez,21,19,0.904762
JIRA,jira,project,2021-01_to_2021-04,2021-01,2021-04,Apache Tomcat Maven Plugin,1,1,1.000000
JIRA,jira,project,2021-01_to_2021-04,2021-01,2021-04,Apache Unomi,47,1,0.021277
JIRA,jira,project,2021-01_to_2021-04,2021-01,2021-04,Apache Wayang,4,1,0.250000
JIRA,jira,project,2021-01_to_2021-04,2021-01,2021-04,Apache YuniKorn,161,15,0.093168
JIRA,jira,project,2021-01_to_2021-04,2021-01,2021-04,AppFormer,17,6,0.352941
JIRA,jira,project,2021-01_to_2021-04,2021-01,2021-04,Aries,6,3,0.500000
JIRA,jira,project,2021-01_to_2021-04,2021-01,2021-04,Artemis,42,10,0.238095
JIRA,jira,project,2021-01_to_2021-04,2021-01,2021-04,Artifactory Binary Repository,71,71,1.000000
JIRA,jira,project,2021-01_to_2021-04,2021-01,2021-04,Atlas,37,31,0.837838
JIRA,jira,project,2021-01_to_2021-04,2021-01,2021-04,Atlas SQL,1,0,0.000000
JIRA,jira,project,2021-01_to_2021-04,2021-01,2021-04,Atlassian Browser DevTools,1,0,0.000000
JIRA,jira,project,2021-01_to_2021-04,2021-01,2021-04,Atlassian Cache,1,0,0.000000
JIRA,jira,project,2021-01_to_2021-04,2021-01,2021-04,Atlassian Cloud,45,4,0.088889
JIRA,jira,project,2021-01_to_2021-04,2021-01,2021-04,Atlassian Connect,3,0,0.000000
JIRA,jira,project,2021-01_to_2021-04,2021-01,2021-04,Atlassian Connect Express (Node.js),1,0,0.000000
JIRA,jira,project,2021-01_to_2021-04,2021-01,2021-04,Atlassian Connect JavaScript API,4,0,0.000000
JIRA,jira,project,2021-01_to_2021-04,2021-01,2021-04,Atlassian Connect Spring Boot,1,1,1.000000
JIRA,jira,project,2021-01_to_2021-04,2021-01,2021-04,Atlassian Connect in Jira Cloud,30,6,0.200000
JIRA,jira,project,2021-01_to_2021-04,2021-01,2021-04,Atlassian Gadgets,3,2,0.666667
JIRA,jira,project,2021-01_to_2021-04,2021-01,2021-04,Atlassian Guard,47,2,0.042553
JIRA,jira,project,2021-01_to_2021-04,2021-01,2021-04,Atlassian Intelligence,17,0,0.000000
JIRA,jira,project,2021-01_to_2021-04,2021-01,2021-04,Atlassian Internationalization,44,0,0.000000
JIRA,jira,project,2021-01_to_2021-04,2021-01,2021-04,Atlassian Marketplace,4,0,0.000000
JIRA,jira,project,2021-01_to_2021-04,2021-01,2021-04,Atlassian Maven Plugin Suite,18,2,0.111111
JIRA,jira,project,2021-01_to_2021-04,2021-01,2021-04,Atlassian Plugin SDK,1,1,1.000000
JIRA,jira,project,2021-01_to_2021-04,2021-01,2021-04,Atlassian Plugins,1,1,1.000000
JIRA,jira,project,2021-01_to_2021-04,2021-01,2021-04,Atlassian Plugins Webresources,47,0,0.000000
JIRA,jira,project,2021-01_to_2021-04,2021-01,2021-04,Atlassian Product Integrations,16,1,0.062500
JIRA,jira,project,2021-01_to_2021-04,2021-01,2021-04,Atlassian REST,1,0,0.000000
JIRA,jira,project,2021-01_to_2021-04,2021-01,2021-04,Atlassian Troubleshooting & Support Tools Plugin,9,4,0.444444
JIRA,jira,project,2021-01_to_2021-04,2021-01,2021-04,Atlassian User Interface,45,3,0.066667
JIRA,jira,project,2021-01_to_2021-04,2021-01,2021-04,Automation Analytics,5,5,1.000000
JIRA,jira,project,2021-01_to_2021-04,2021-01,2021-04,Automation Hub,19,19,1.000000
JIRA,jira,project,2021-01_to_2021-04,2021-01,2021-04,Automation for Cloud,28,3,0.107143
JIRA,jira,project,2021-01_to_2021-04,2021-01,2021-04,Automation for Jira Server,51,3,0.058824
JIRA,jira,project,2021-01_to_2021-04,2021-01,2021-04,Avalon,1,1,1.000000
JIRA,jira,project,2021-01_to_2021-04,2021-01,2021-04,Axiom,1,1,1.000000
JIRA,jira,project,2021-01_to_2021-04,2021-01,2021-04,Axis2,1,1,1.000000
JIRA,jira,project,2021-01_to_2021-04,2021-01,2021-04,Bahir,3,3,1.000000
JIRA,jira,project,2021-01_to_2021-04,2021-01,2021-04,Bahir (Retired),2,0,0.000000
JIRA,jira,project,2021-01_to_2021-04,2021-01,2021-04,Bamboo,12,12,1.000000
JIRA,jira,project,2021-01_to_2021-04,2021-01,2021-04,Bamboo Artifactory Plug,4,4,1.000000
JIRA,jira,project,2021-01_to_2021-04,2021-01,2021-04,Bamboo Data Center,74,4,0.054054
JIRA,jira,project,2021-01_to_2021-04,2021-01,2021-04,BatchEE,2,1,0.500000
JIRA,jira,project,2021-01_to_2021-04,2021-01,2021-04,Batik,4,3,0.750000
JIRA,jira,project,2021-01_to_2021-04,2021-01,2021-04,Beam,542,157,0.289668
JIRA,jira,project,2021-01_to_2021-04,2021-01,2021-04,Bedrock Dedicated Server,35,35,1.000000
JIRA,jira,project,2021-01_to_2021-04,2021-01,2021-04,Bigtop,10,8,0.800000
JIRA,jira,project,2021-01_to_2021-04,2021-01,2021-04,Bitbucket Cloud,271,11,0.040590
JIRA,jira,project,2021-01_to_2021-04,2021-01,2021-04,Bitbucket Data Center,92,6,0.065217
JIRA,jira,project,2021-01_to_2021-04,2021-01,2021-04,Bitbucket Server,8,8,1.000000
JIRA,jira,project,2021-01_to_2021-04,2021-01,2021-04,Blockchain Explorer,4,4,1.000000
JIRA,jira,project,2021-01_to_2021-04,2021-01,2021-04,BxMS Documentation,17,3,0.176471
JIRA,jira,project,2021-01_to_2021-04,2021-01,2021-04,Byteman,4,4,1.000000
JIRA,jira,project,2021-01_to_2021-04,2021-01,2021-04,C Driver,106,12,0.113208
JIRA,jira,project,2021-01_to_2021-04,2021-01,2021-04,C# Driver,296,26,0.087838
JIRA,jira,project,2021-01_to_2021-04,2021-01,2021-04,C++ Driver,61,3,0.049180
JIRA,jira,project,2021-01_to_2021-04,2021-01,2021-04,CXF,111,70,0.630631
JIRA,jira,project,2021-01_to_2021-04,2021-01,2021-04,CaRT,6,6,1.000000
JIRA,jira,project,2021-01_to_2021-04,2021-01,2021-04,Calcite,66,37,0.560606
JIRA,jira,project,2021-01_to_2021-04,2021-01,2021-04,Camel,156,77,0.493590
JIRA,jira,project,2021-01_to_2021-04,2021-01,2021-04,CarbonData,13,13,1.000000
JIRA,jira,project,2021-01_to_2021-04,2021-01,2021-04,Cassandra,49,49,1.000000
JIRA,jira,project,2021-01_to_2021-04,2021-01,2021-04,Causeway,43,1,0.023256
JIRA,jira,project,2021-01_to_2021-04,2021-01,2021-04,Cayenne,4,1,0.250000
JIRA,jira,project,2021-01_to_2021-04,2021-01,2021-04,CentOS Stream Pipeline,304,8,0.026316
JIRA,jira,project,2021-01_to_2021-04,2021-01,2021-04,Clair,1,0,0.000000
JIRA,jira,project,2021-01_to_2021-04,2021-01,2021-04,Clerezza (Retired),3,0,0.000000
JIRA,jira,project,2021-01_to_2021-04,2021-01,2021-04,Client,34,3,0.088235
JIRA,jira,project,2021-01_to_2021-04,2021-01,2021-04,Cloud Enablement,29,2,0.068966
JIRA,jira,project,2021-01_to_2021-04,2021-01,2021-04,Cloud Infrastructure Security & Compliance,62,0,0.000000
JIRA,jira,project,2021-01_to_2021-04,2021-01,2021-04,Cloud Native Runtimes (CNR) Documentation,21,0,0.000000
JIRA,jira,project,2021-01_to_2021-04,2021-01,2021-04,CloudStack,4,0,0.000000
JIRA,jira,project,2021-01_to_2021-04,2021-01,2021-04,Cockpit,1,0,0.000000
JIRA,jira,project,2021-01_to_2021-04,2021-01,2021-04,Coin,25,3,0.120000
JIRA,jira,project,2021-01_to_2021-04,2021-01,2021-04,Comdev GSOC,12,0,0.000000
JIRA,jira,project,2021-01_to_2021-04,2021-01,2021-04,Commerce,1,0,0.000000
JIRA,jira,project,2021-01_to_2021-04,2021-01,2021-04,Commons BeanUtils,4,1,0.250000
JIRA,jira,project,2021-01_to_2021-04,2021-01,2021-04,Commons CSV,6,1,0.166667
JIRA,jira,project,2021-01_to_2021-04,2021-01,2021-04,Commons Collections,10,1,0.100000
JIRA,jira,project,2021-01_to_2021-04,2021-01,2021-04,Commons Compress,8,6,0.750000
JIRA,jira,project,2021-01_to_2021-04,2021-01,2021-04,Commons Configuration,8,2,0.250000
JIRA,jira,project,2021-01_to_2021-04,2021-01,2021-04,Commons Crypto,2,1,0.500000
JIRA,jira,project,2021-01_to_2021-04,2021-01,2021-04,Commons DBCP,7,2,0.285714
JIRA,jira,project,2021-01_to_2021-04,2021-01,2021-04,Commons Daemon,3,2,0.666667
JIRA,jira,project,2021-01_to_2021-04,2021-01,2021-04,Commons Exec,5,0,0.000000
JIRA,jira,project,2021-01_to_2021-04,2021-01,2021-04,Commons FileUpload,1,1,1.000000
JIRA,jira,project,2021-01_to_2021-04,2021-01,2021-04,Commons IO,15,6,0.400000
JIRA,jira,project,2021-01_to_2021-04,2021-01,2021-04,Commons Imaging,21,7,0.333333
JIRA,jira,project,2021-01_to_2021-04,2021-01,2021-04,Commons JCS,12,0,0.000000
JIRA,jira,project,2021-01_to_2021-04,2021-01,2021-04,Commons JEXL,3,2,0.666667
JIRA,jira,project,2021-01_to_2021-04,2021-01,2021-04,Commons Lang,14,3,0.214286
JIRA,jira,project,2021-01_to_2021-04,2021-01,2021-04,Commons Logging,5,0,0.000000
JIRA,jira,project,2021-01_to_2021-04,2021-01,2021-04,Commons Math,2,0,0.000000
JIRA,jira,project,2021-01_to_2021-04,2021-01,2021-04,Commons Net,2,1,0.500000
JIRA,jira,project,2021-01_to_2021-04,2021-01,2021-04,Commons Numbers,2,0,0.000000
JIRA,jira,project,2021-01_to_2021-04,2021-01,2021-04,Commons Pool,3,0,0.000000
JIRA,jira,project,2021-01_to_2021-04,2021-01,2021-04,Commons RNG,2,1,0.500000
JIRA,jira,project,2021-01_to_2021-04,2021-01,2021-04,Commons Text,1,0,0.000000
JIRA,jira,project,2021-01_to_2021-04,2021-01,2021-04,Commons VFS,6,3,0.500000
JIRA,jira,project,2021-01_to_2021-04,2021-01,2021-04,Community Development,2,0,0.000000
JIRA,jira,project,2021-01_to_2021-04,2021-01,2021-04,Community Support ,158,158,1.000000
JIRA,jira,project,2021-01_to_2021-04,2021-01,2021-04,Compass,128,10,0.078125
JIRA,jira,project,2021-01_to_2021-04,2021-01,2021-04,Confluence Cloud,378,32,0.084656
JIRA,jira,project,2021-01_to_2021-04,2021-01,2021-04,Confluence Copy Space Plugin,1,1,1.000000
JIRA,jira,project,2021-01_to_2021-04,2021-01,2021-04,Confluence Data Center,244,25,0.102459
JIRA,jira,project,2021-01_to_2021-04,2021-01,2021-04,Confluence Server and Data Center,11,11,1.000000
JIRA,jira,project,2021-01_to_2021-04,2021-01,2021-04,Container Tools,48,3,0.062500
JIRA,jira,project,2021-01_to_2021-04,2021-01,2021-04,Content Gateway,2,2,1.000000
JIRA,jira,project,2021-01_to_2021-04,2021-01,2021-04,Continuous Productization DevOps,2,2,1.000000
JIRA,jira,project,2021-01_to_2021-04,2021-01,2021-04,Core Server,2683,526,0.196049
JIRA,jira,project,2021-01_to_2021-04,2021-01,2021-04,CoreOS OCP,1,0,0.000000
JIRA,jira,project,2021-01_to_2021-04,2021-01,2021-04,Cost Management,55,30,0.545455
JIRA,jira,project,2021-01_to_2021-04,2021-01,2021-04,Crowd Data Center,24,3,0.125000
JIRA,jira,project,2021-01_to_2021-04,2021-01,2021-04,Crucible,2,1,0.500000
JIRA,jira,project,2021-01_to_2021-04,2021-01,2021-04,Crunch (Retired),1,1,1.000000
JIRA,jira,project,2021-01_to_2021-04,2021-01,2021-04,DAOS,297,297,1.000000
JIRA,jira,project,2021-01_to_2021-04,2021-01,2021-04,Daffodil,16,10,0.625000
JIRA,jira,project,2021-01_to_2021-04,2021-01,2021-04,Dashboard,1,1,1.000000
JIRA,jira,project,2021-01_to_2021-04,2021-01,2021-04,Data Foundation Bugs,1,0,0.000000
JIRA,jira,project,2021-01_to_2021-04,2021-01,2021-04,Database as a Service,3,0,0.000000
JIRA,jira,project,2021-01_to_2021-04,2021-01,2021-04,Debezium,322,130,0.403727
JIRA,jira,project,2021-01_to_2021-04,2021-01,2021-04,Derby,7,7,1.000000
JIRA,jira,project,2021-01_to_2021-04,2021-01,2021-04,Derby (Retired),3,3,1.000000
JIRA,jira,project,2021-01_to_2021-04,2021-01,2021-04,Dev ,72,72,1.000000
JIRA,jira,project,2021-01_to_2021-04,2021-01,2021-04,Directory ApacheDS,6,5,0.833333
JIRA,jira,project,2021-01_to_2021-04,2021-01,2021-04,Directory Client API,4,2,0.500000
JIRA,jira,project,2021-01_to_2021-04,2021-01,2021-04,Directory Kerberos,2,1,0.500000
JIRA,jira,project,2021-01_to_2021-04,2021-01,2021-04,Directory Studio,1,1,1.000000
JIRA,jira,project,2021-01_to_2021-04,2021-01,2021-04,Distributed Tracing,141,3,0.021277
JIRA,jira,project,2021-01_to_2021-04,2021-01,2021-04,Docs for Red Hat Developers,367,9,0.024523
JIRA,jira,project,2021-01_to_2021-04,2021-01,2021-04,Documentation,12,12,1.000000
JIRA,jira,project,2021-01_to_2021-04,2021-01,2021-04,Drivers,48,0,0.000000
JIRA,jira,project,2021-01_to_2021-04,2021-01,2021-04,Drools,232,41,0.176724
JIRA,jira,project,2021-01_to_2021-04,2021-01,2021-04,EAP Documentation,2,0,0.000000
JIRA,jira,project,2021-01_to_2021-04,2021-01,2021-04,EJB Client Library (AS7+),2,1,0.500000
JIRA,jira,project,2021-01_to_2021-04,2021-01,2021-04,ENTSBT,7,3,0.428571
JIRA,jira,project,2021-01_to_2021-04,2021-01,2021-04,Elytron Web,2,1,0.500000
JIRA,jira,project,2021-01_to_2021-04,2021-01,2021-04,Empire,10,0,0.000000
JIRA,jira,project,2021-01_to_2021-04,2021-01,2021-04,Evergreen,58,58,1.000000
JIRA,jira,project,2021-01_to_2021-04,2021-01,2021-04,FOP,8,4,0.500000
JIRA,jira,project,2021-01_to_2021-04,2021-01,2021-04,FORTRESS,1,1,1.000000
JIRA,jira,project,2021-01_to_2021-04,2021-01,2021-04,Fabric,25,25,1.000000
JIRA,jira,project,2021-01_to_2021-04,2021-01,2021-04,Fabric CA,1,1,1.000000
JIRA,jira,project,2021-01_to_2021-04,2021-01,2021-04,Fabric Chaincode Node,2,2,1.000000
JIRA,jira,project,2021-01_to_2021-04,2021-01,2021-04,Fabric Contract API Go,1,1,1.000000
JIRA,jira,project,2021-01_to_2021-04,2021-01,2021-04,Fabric Gateway,1,1,1.000000
JIRA,jira,project,2021-01_to_2021-04,2021-01,2021-04,Fabric Gateway Java,1,1,1.000000
JIRA,jira,project,2021-01_to_2021-04,2021-01,2021-04,Fabric SDK Go,2,2,1.000000
JIRA,jira,project,2021-01_to_2021-04,2021-01,2021-04,Fabric SDK Java,3,3,1.000000
JIRA,jira,project,2021-01_to_2021-04,2021-01,2021-04,Fabric SDK Node,5,5,1.000000
JIRA,jira,project,2021-01_to_2021-04,2021-01,2021-04,Fast Datapath Product,5,1,0.200000
JIRA,jira,project,2021-01_to_2021-04,2021-01,2021-04,Fedora,33,16,0.484848
JIRA,jira,project,2021-01_to_2021-04,2021-01,2021-04,Felix,14,10,0.714286
JIRA,jira,project,2021-01_to_2021-04,2021-01,2021-04,Fidelis AI,23,0,0.000000
JIRA,jira,project,2021-01_to_2021-04,2021-01,2021-04,Fineract Cloud Native,2,1,0.500000
JIRA,jira,project,2021-01_to_2021-04,2021-01,2021-04,FishEye,12,2,0.166667
JIRA,jira,project,2021-01_to_2021-04,2021-01,2021-04,Flink,648,440,0.679012
JIRA,jira,project,2021-01_to_2021-04,2021-01,2021-04,Flume,7,2,0.285714
JIRA,jira,project,2021-01_to_2021-04,2021-01,2021-04,Forge,73,6,0.082192
JIRA,jira,project,2021-01_to_2021-04,2021-01,2021-04,FtpServer,1,1,1.000000
JIRA,jira,project,2021-01_to_2021-04,2021-01,2021-04,Fuse Tooling,44,30,0.681818
JIRA,jira,project,2021-01_to_2021-04,2021-01,2021-04,Fuse/AMQ Documentation,2,0,0.000000
JIRA,jira,project,2021-01_to_2021-04,2021-01,2021-04,Geode,228,91,0.399123
JIRA,jira,project,2021-01_to_2021-04,2021-01,2021-04,Go Driver,123,12,0.097561
JIRA,jira,project,2021-01_to_2021-04,2021-01,2021-04,Griffin,1,1,1.000000
JIRA,jira,project,2021-01_to_2021-04,2021-01,2021-04,Griffin (Retired),1,1,1.000000
JIRA,jira,project,2021-01_to_2021-04,2021-01,2021-04,Groovy,131,73,0.557252
JIRA,jira,project,2021-01_to_2021-04,2021-01,2021-04,Guacamole,41,26,0.634146
JIRA,jira,project,2021-01_to_2021-04,2021-01,2021-04,HAL,8,1,0.125000
JIRA,jira,project,2021-01_to_2021-04,2021-01,2021-04,HBase,124,83,0.669355
JIRA,jira,project,2021-01_to_2021-04,2021-01,2021-04,Hadoop Common,130,52,0.400000
JIRA,jira,project,2021-01_to_2021-04,2021-01,2021-04,Hadoop HDFS,148,84,0.567568
JIRA,jira,project,2021-01_to_2021-04,2021-01,2021-04,Hadoop Map/Reduce,13,7,0.538462
JIRA,jira,project,2021-01_to_2021-04,2021-01,2021-04,Hadoop YARN,122,98,0.803279
JIRA,jira,project,2021-01_to_2021-04,2021-01,2021-04,Helm,2,2,1.000000
JIRA,jira,project,2021-01_to_2021-04,2021-01,2021-04,Hive,307,85,0.276873
JIRA,jira,project,2021-01_to_2021-04,2021-01,2021-04,Hivemall,3,3,1.000000
JIRA,jira,project,2021-01_to_2021-04,2021-01,2021-04,Hot Rod Native client,1,1,1.000000
JIRA,jira,project,2021-01_to_2021-04,2021-01,2021-04,HttpComponents HttpClient,9,6,0.666667
JIRA,jira,project,2021-01_to_2021-04,2021-01,2021-04,HttpComponents HttpCore,8,6,0.750000
JIRA,jira,project,2021-01_to_2021-04,2021-01,2021-04,Hybrid Cloud Console,83,2,0.024096
JIRA,jira,project,2021-01_to_2021-04,2021-01,2021-04,IMPALA,124,85,0.685484
JIRA,jira,project,2021-01_to_2021-04,2021-01,2021-04,Identity,21,4,0.190476
JIRA,jira,project,2021-01_to_2021-04,2021-01,2021-04,Ignite,212,116,0.547170
JIRA,jira,project,2021-01_to_2021-04,2021-01,2021-04,Infinispan,83,83,1.000000
JIRA,jira,project,2021-01_to_2021-04,2021-01,2021-04,Infinispan ProtoStream,6,6,1.000000
JIRA,jira,project,2021-01_to_2021-04,2021-01,2021-04,Infrastructure,37,37,1.000000
JIRA,jira,project,2021-01_to_2021-04,2021-01,2021-04,Insight Core ,6,6,1.000000
JIRA,jira,project,2021-01_to_2021-04,2021-01,2021-04,Insights Rule Analysis Tool,13,1,0.076923
JIRA,jira,project,2021-01_to_2021-04,2021-01,2021-04,Iroha,6,6,1.000000
JIRA,jira,project,2021-01_to_2021-04,2021-01,2021-04,IronJacamar,7,3,0.428571
JIRA,jira,project,2021-01_to_2021-04,2021-01,2021-04,Isis,4,4,1.000000
JIRA,jira,project,2021-01_to_2021-04,2021-01,2021-04,Ivy,4,2,0.500000
JIRA,jira,project,2021-01_to_2021-04,2021-01,2021-04,JBeret,3,1,0.333333
JIRA,jira,project,2021-01_to_2021-04,2021-01,2021-04,JBoss A,1,1,1.000000
JIRA,jira,project,2021-01_to_2021-04,2021-01,2021-04,JBoss Core Services,22,2,0.090909
JIRA,jira,project,2021-01_to_2021-04,2021-01,2021-04,JBoss Enterprise Application Platform,510,119,0.233333
JIRA,jira,project,2021-01_to_2021-04,2021-01,2021-04,JBoss Log Manager,4,1,0.250000
JIRA,jira,project,2021-01_to_2021-04,2021-01,2021-04,JBoss Remoting (3+),2,1,0.500000
JIRA,jira,project,2021-01_to_2021-04,2021-01,2021-04,JBoss Server Migration Tool,10,3,0.300000
JIRA,jira,project,2021-01_to_2021-04,2021-01,2021-04,JBoss Transaction Manager,35,12,0.342857
JIRA,jira,project,2021-01_to_2021-04,2021-01,2021-04,JBoss Web Server,17,1,0.058824
JIRA,jira,project,2021-01_to_2021-04,2021-01,2021-04,JBoss Web Services,2,1,0.500000
JIRA,jira,project,2021-01_to_2021-04,2021-01,2021-04,JDO,6,0,0.000000
JIRA,jira,project,2021-01_to_2021-04,2021-01,2021-04,JGroups,10,8,0.800000
JIRA,jira,project,2021-01_to_2021-04,2021-01,2021-04,JIRA Calendar Plugin,1,0,0.000000
JIRA,jira,project,2021-01_to_2021-04,2021-01,2021-04,JIRA Service Desk Ecosystem,2,0,0.000000
JIRA,jira,project,2021-01_to_2021-04,2021-01,2021-04,Jackrabbit Content Repository,23,2,0.086957
JIRA,jira,project,2021-01_to_2021-04,2021-01,2021-04,Jackrabbit FileVault,7,4,0.571429
JIRA,jira,project,2021-01_to_2021-04,2021-01,2021-04,Jackrabbit Oak,35,21,0.600000
JIRA,jira,project,2021-01_to_2021-04,2021-01,2021-04,James Mailbox,1,0,0.000000
JIRA,jira,project,2021-01_to_2021-04,2021-01,2021-04,James Server,18,5,0.277778
JIRA,jira,project,2021-01_to_2021-04,2021-01,2021-04,Java Driver,167,20,0.119760
JIRA,jira,project,2021-01_to_2021-04,2021-01,2021-04,Jenkins Artifactory Plug,3,3,1.000000
JIRA,jira,project,2021-01_to_2021-04,2021-01,2021-04,Jira Admin Support,2,0,0.000000
JIRA,jira,project,2021-01_to_2021-04,2021-01,2021-04,Jira Align,345,18,0.052174
JIRA,jira,project,2021-01_to_2021-04,2021-01,2021-04,Jira Cloud,70,15,0.214286
JIRA,jira,project,2021-01_to_2021-04,2021-01,2021-04,Jira Data Center,310,29,0.093548
JIRA,jira,project,2021-01_to_2021-04,2021-01,2021-04,Jira Performance Testing Tools,11,3,0.272727
JIRA,jira,project,2021-01_to_2021-04,2021-01,2021-04,Jira Platform Cloud,819,28,0.034188
JIRA,jira,project,2021-01_to_2021-04,2021-01,2021-04,Jira Server and Data Center,5,5,1.000000
JIRA,jira,project,2021-01_to_2021-04,2021-01,2021-04,Jira Service Management Cloud,265,16,0.060377
JIRA,jira,project,2021-01_to_2021-04,2021-01,2021-04,Jira Service Management Data Center,191,6,0.031414
JIRA,jira,project,2021-01_to_2021-04,2021-01,2021-04,Jira Service Management Server and Data Center,9,9,1.000000
JIRA,jira,project,2021-01_to_2021-04,2021-01,2021-04,Jira Software Cloud,5,5,1.000000
JIRA,jira,project,2021-01_to_2021-04,2021-01,2021-04,Jira Software Data Center,141,7,0.049645
JIRA,jira,project,2021-01_to_2021-04,2021-01,2021-04,Jira Software Server and Data Center,1,1,1.000000
JIRA,jira,project,2021-01_to_2021-04,2021-01,2021-04,Jira Work Management Cloud,4,1,0.250000
JIRA,jira,project,2021-01_to_2021-04,2021-01,2021-04,Johnzon,2,1,0.500000
JIRA,jira,project,2021-01_to_2021-04,2021-01,2021-04,KIE Cloud,31,0,0.000000
JIRA,jira,project,2021-01_to_2021-04,2021-01,2021-04,Kafka,239,108,0.451883
JIRA,jira,project,2021-01_to_2021-04,2021-01,2021-04,Kafka Connector,35,9,0.257143
JIRA,jira,project,2021-01_to_2021-04,2021-01,2021-04,Karaf,25,18,0.720000
JIRA,jira,project,2021-01_to_2021-04,2021-01,2021-04,Keycloak,151,151,1.000000
JIRA,jira,project,2021-01_to_2021-04,2021-01,2021-04,Kiali QE,6,6,1.000000
JIRA,jira,project,2021-01_to_2021-04,2021-01,2021-04,Knative Serving,50,3,0.060000
JIRA,jira,project,2021-01_to_2021-04,2021-01,2021-04,Kogito,654,38,0.058104
JIRA,jira,project,2021-01_to_2021-04,2021-01,2021-04,Konflux UI,1,0,0.000000
JIRA,jira,project,2021-01_to_2021-04,2021-01,2021-04,Konveyor Tackle,19,0,0.000000
JIRA,jira,project,2021-01_to_2021-04,2021-01,2021-04,Kudu,25,21,0.840000
JIRA,jira,project,2021-01_to_2021-04,2021-01,2021-04,Kylin,42,30,0.714286
JIRA,jira,project,2021-01_to_2021-04,2021-01,2021-04,Libmongocrypt,14,1,0.071429
JIRA,jira,project,2021-01_to_2021-04,2021-01,2021-04,Livy,13,5,0.384615
JIRA,jira,project,2021-01_to_2021-04,2021-01,2021-04,Log4cxx,4,1,0.250000
JIRA,jira,project,2021-01_to_2021-04,2021-01,2021-04,Log4j 2,30,17,0.566667
JIRA,jira,project,2021-01_to_2021-04,2021-01,2021-04,Log4net,1,0,0.000000
JIRA,jira,project,2021-01_to_2021-04,2021-01,2021-04,Lucene ,294,39,0.132653
JIRA,jira,project,2021-01_to_2021-04,2021-01,2021-04,MINA,1,1,1.000000
JIRA,jira,project,2021-01_to_2021-04,2021-01,2021-04,MINA SSHD,14,13,0.928571
JIRA,jira,project,2021-01_to_2021-04,2021-01,2021-04,Machine Config Operator,8,0,0.000000
JIRA,jira,project,2021-01_to_2021-04,2021-01,2021-04,Mahout,1,1,1.000000
JIRA,jira,project,2021-01_to_2021-04,2021-01,2021-04,Maistra,86,22,0.255814
JIRA,jira,project,2021-01_to_2021-04,2021-01,2021-04,Managed Service ,3,0,0.000000
JIRA,jira,project,2021-01_to_2021-04,2021-01,2021-04,ManifoldCF,3,1,0.333333
JIRA,jira,project,2021-01_to_2021-04,2021-01,2021-04,MariaDB ColumnStore,106,28,0.264151
JIRA,jira,project,2021-01_to_2021-04,2021-01,2021-04,MariaDB Connector/C,6,4,0.666667
JIRA,jira,project,2021-01_to_2021-04,2021-01,2021-04,MariaDB Connector/C++,7,0,0.000000
JIRA,jira,project,2021-01_to_2021-04,2021-01,2021-04,MariaDB Connector/J,4,1,0.250000
JIRA,jira,project,2021-01_to_2021-04,2021-01,2021-04,MariaDB Connector/ODBC,4,0,0.000000
JIRA,jira,project,2021-01_to_2021-04,2021-01,2021-04,MariaDB Connector/Python,2,1,0.500000
JIRA,jira,project,2021-01_to_2021-04,2021-01,2021-04,MariaDB Connector/R2DBC,1,0,0.000000
JIRA,jira,project,2021-01_to_2021-04,2021-01,2021-04,MariaDB Foundation Development,30,1,0.033333
JIRA,jira,project,2021-01_to_2021-04,2021-01,2021-04,MariaDB MaxScale,44,15,0.340909
JIRA,jira,project,2021-01_to_2021-04,2021-01,2021-04,MariaDB Server,589,363,0.616299
JIRA,jira,project,2021-01_to_2021-04,2021-01,2021-04,Maven (Moved to GitHub Issues),76,21,0.276316
JIRA,jira,project,2021-01_to_2021-04,2021-01,2021-04,Maven 3 Artifactory Plugin,1,1,1.000000
JIRA,jira,project,2021-01_to_2021-04,2021-01,2021-04,Maven Antrun Plugin (Moved to GitHub Issues),1,1,1.000000
JIRA,jira,project,2021-01_to_2021-04,2021-01,2021-04,Maven Archetype (Moved to GitHub Issues),1,0,0.000000
JIRA,jira,project,2021-01_to_2021-04,2021-01,2021-04,Maven Archetype Bundles (Moved to GitHub Issues),1,0,0.000000
JIRA,jira,project,2021-01_to_2021-04,2021-01,2021-04,Maven Artifact Plugin (Moved to GitHub Issues),10,1,0.100000
JIRA,jira,project,2021-01_to_2021-04,2021-01,2021-04,Maven Assembly Plugin (Moved to GitHub Issues),4,2,0.500000
JIRA,jira,project,2021-01_to_2021-04,2021-01,2021-04,Maven Build Cache Extension (Moved to GitHub Issues),1,0,0.000000
JIRA,jira,project,2021-01_to_2021-04,2021-01,2021-04,Maven Checkstyle Plugin (Moved to GitHub Issues),4,0,0.000000
JIRA,jira,project,2021-01_to_2021-04,2021-01,2021-04,Maven Clean Plugin (Moved to GitHub Issues),1,0,0.000000
JIRA,jira,project,2021-01_to_2021-04,2021-01,2021-04,Maven Compiler Plugin (Moved to GitHub Issues),13,9,0.692308
JIRA,jira,project,2021-01_to_2021-04,2021-01,2021-04,Maven DOAP Plugin (Moved to GitHub Issues),1,0,0.000000
JIRA,jira,project,2021-01_to_2021-04,2021-01,2021-04,Maven Dependency Plugin (Moved to GitHub Issues),11,6,0.545455
JIRA,jira,project,2021-01_to_2021-04,2021-01,2021-04,Maven Deploy Plugin (Moved to GitHub Issues),2,0,0.000000
JIRA,jira,project,2021-01_to_2021-04,2021-01,2021-04,Maven Doxia (Moved to GitHub Issues),3,1,0.333333
JIRA,jira,project,2021-01_to_2021-04,2021-01,2021-04,Maven Doxia Tools (Moved to GitHub Issues),1,0,0.000000
JIRA,jira,project,2021-01_to_2021-04,2021-01,2021-04,Maven EAR Plugin (Moved to GitHub Issues),4,1,0.250000
JIRA,jira,project,2021-01_to_2021-04,2021-01,2021-04,Maven Enforcer Plugin (Moved to GitHub Issues),11,3,0.272727
JIRA,jira,project,2021-01_to_2021-04,2021-01,2021-04,Maven Help Plugin (Moved to GitHub Issues),2,1,0.500000
JIRA,jira,project,2021-01_to_2021-04,2021-01,2021-04,Maven Indexer (Moved to GitHub Issues),1,0,0.000000
JIRA,jira,project,2021-01_to_2021-04,2021-01,2021-04,Maven Install Plugin (Moved to GitHub Issues),1,0,0.000000
JIRA,jira,project,2021-01_to_2021-04,2021-01,2021-04,Maven Invoker Plugin (Moved to GitHub Issues),3,1,0.333333
JIRA,jira,project,2021-01_to_2021-04,2021-01,2021-04,Maven JDeprScan Plugin (Moved to GitHub Issues),2,0,0.000000
JIRA,jira,project,2021-01_to_2021-04,2021-01,2021-04,Maven JDeps Plugin (Moved to GitHub Issues),1,1,1.000000
JIRA,jira,project,2021-01_to_2021-04,2021-01,2021-04,Maven JLink Plugin (Moved to GitHub Issues),2,1,0.500000
JIRA,jira,project,2021-01_to_2021-04,2021-01,2021-04,Maven JXR (Moved to GitHub Issues),4,1,0.250000
JIRA,jira,project,2021-01_to_2021-04,2021-01,2021-04,Maven Javadoc Plugin (Moved to GitHub Issues),8,5,0.625000
JIRA,jira,project,2021-01_to_2021-04,2021-01,2021-04,Maven PMD Plugin (Moved to GitHub Issues),2,1,0.500000
JIRA,jira,project,2021-01_to_2021-04,2021-01,2021-04,Maven POMs (Moved to GitHub issues),3,0,0.000000
JIRA,jira,project,2021-01_to_2021-04,2021-01,2021-04,Maven Plugin Tools (Moved to GitHub Issues),4,2,0.500000
JIRA,jira,project,2021-01_to_2021-04,2021-01,2021-04,Maven Project Info Reports Plugin (Moved to GitHub Issues),2,0,0.000000
JIRA,jira,project,2021-01_to_2021-04,2021-01,2021-04,Maven Project Web Site (Moved to GitHub Issues),8,0,0.000000
JIRA,jira,project,2021-01_to_2021-04,2021-01,2021-04,Maven Release Plugin (Moved to GitHub Issues),6,1,0.166667
JIRA,jira,project,2021-01_to_2021-04,2021-01,2021-04,Maven Remote Resources Plugin (Moved to GitHub Issues),1,0,0.000000
JIRA,jira,project,2021-01_to_2021-04,2021-01,2021-04,Maven Resolver (Moved to GitHub Issues),19,3,0.157895
JIRA,jira,project,2021-01_to_2021-04,2021-01,2021-04,Maven Resources Plugin (Moved to GitHub Issues),3,0,0.000000
JIRA,jira,project,2021-01_to_2021-04,2021-01,2021-04,Maven Scripting (Moved to GitHub Issues),2,0,0.000000
JIRA,jira,project,2021-01_to_2021-04,2021-01,2021-04,Maven Shade Plugin (Moved to GitHub Issues),6,2,0.333333
JIRA,jira,project,2021-01_to_2021-04,2021-01,2021-04,Maven Shared Components,12,1,0.083333
JIRA,jira,project,2021-01_to_2021-04,2021-01,2021-04,Maven Site Plugin (Moved to GitHub Issues),4,1,0.250000
JIRA,jira,project,2021-01_to_2021-04,2021-01,2021-04,Maven Surefire (Moved to GitHub Issues),39,18,0.461538
JIRA,jira,project,2021-01_to_2021-04,2021-01,2021-04,Maven Toolchains Plugin (Moved to GitHub Issues),4,4,1.000000
JIRA,jira,project,2021-01_to_2021-04,2021-01,2021-04,Maven WAR Plugin (Moved to GitHub Issues),1,0,0.000000
JIRA,jira,project,2021-01_to_2021-04,2021-01,2021-04,Maven Wagon (Moved to GitHub Issues),6,3,0.500000
JIRA,jira,project,2021-01_to_2021-04,2021-01,2021-04,Meecrowave,1,0,0.000000
JIRA,jira,project,2021-01_to_2021-04,2021-01,2021-04,Mesos,7,7,1.000000
JIRA,jira,project,2021-01_to_2021-04,2021-01,2021-04,Mesos (Retired),2,1,0.500000
JIRA,jira,project,2021-01_to_2021-04,2021-01,2021-04,Migration Platform,101,13,0.128713
JIRA,jira,project,2021-01_to_2021-04,2021-01,2021-04,Migration Toolkit for Virtualization,36,0,0.000000
JIRA,jira,project,2021-01_to_2021-04,2021-01,2021-04,Minecraft (Bedrock codebase),76,76,1.000000
JIRA,jira,project,2021-01_to_2021-04,2021-01,2021-04,Minecraft Dungeons,8,8,1.000000
JIRA,jira,project,2021-01_to_2021-04,2021-01,2021-04,Minecraft Launcher,101,101,1.000000
JIRA,jira,project,2021-01_to_2021-04,2021-01,2021-04,Minecraft Realms,42,42,1.000000
JIRA,jira,project,2021-01_to_2021-04,2021-01,2021-04,Minecraft: Java Edition,382,382,1.000000
JIRA,jira,project,2021-01_to_2021-04,2021-01,2021-04,Mnemonic,5,5,1.000000
JIRA,jira,project,2021-01_to_2021-04,2021-01,2021-04,ModeShape,2,1,0.500000
JIRA,jira,project,2021-01_to_2021-04,2021-01,2021-04,Mojang Web Services,8,8,1.000000
JIRA,jira,project,2021-01_to_2021-04,2021-01,2021-04,MongoDB Database Tools,51,7,0.137255
JIRA,jira,project,2021-01_to_2021-04,2021-01,2021-04,MongoDB Shell,175,21,0.120000
JIRA,jira,project,2021-01_to_2021-04,2021-01,2021-04,Mongoid,37,14,0.378378
JIRA,jira,project,2021-01_to_2021-04,2021-01,2021-04,Motor,50,2,0.040000
JIRA,jira,project,2021-01_to_2021-04,2021-01,2021-04,Multiple Architecture Enablement,56,12,0.214286
JIRA,jira,project,2021-01_to_2021-04,2021-01,2021-04,MyFaces Core,15,3,0.200000
JIRA,jira,project,2021-01_to_2021-04,2021-01,2021-04,MyFaces Tobago,5,0,0.000000
JIRA,jira,project,2021-01_to_2021-04,2021-01,2021-04,MyFaces Trinidad,1,1,1.000000
JIRA,jira,project,2021-01_to_2021-04,2021-01,2021-04,NLPCraft,9,9,1.000000
JIRA,jira,project,2021-01_to_2021-04,2021-01,2021-04,NLPCraft (Retired),1,0,0.000000
JIRA,jira,project,2021-01_to_2021-04,2021-01,2021-04,NetBeans,150,115,0.766667
JIRA,jira,project,2021-01_to_2021-04,2021-01,2021-04,Network Edge,66,1,0.015152
JIRA,jira,project,2021-01_to_2021-04,2021-01,2021-04,Network Hardware Enablement,10,0,0.000000
JIRA,jira,project,2021-01_to_2021-04,2021-01,2021-04,Network Observability,1,0,0.000000
JIRA,jira,project,2021-01_to_2021-04,2021-01,2021-04,Node.js Driver,216,40,0.185185
JIRA,jira,project,2021-01_to_2021-04,2021-01,2021-04,Nutch,21,10,0.476190
JIRA,jira,project,2021-01_to_2021-04,2021-01,2021-04,OCMUI ,9,0,0.000000
JIRA,jira,project,2021-01_to_2021-04,2021-01,2021-04,OFBiz,77,22,0.285714
JIRA,jira,project,2021-01_to_2021-04,2021-01,2021-04,OODT,1,1,1.000000
JIRA,jira,project,2021-01_to_2021-04,2021-01,2021-04,ORC,10,5,0.500000
JIRA,jira,project,2021-01_to_2021-04,2021-01,2021-04,OSS Index Vulnerabilities,1,1,1.000000
JIRA,jira,project,2021-01_to_2021-04,2021-01,2021-04,Observability Documentation,10,0,0.000000
JIRA,jira,project,2021-01_to_2021-04,2021-01,2021-04,Observability and Data Analysis Program,13,2,0.153846
JIRA,jira,project,2021-01_to_2021-04,2021-01,2021-04,Olingo,6,6,1.000000
JIRA,jira,project,2021-01_to_2021-04,2021-01,2021-04,On Prem Networking,14,0,0.000000
JIRA,jira,project,2021-01_to_2021-04,2021-01,2021-04,Oozie,1,1,1.000000
JIRA,jira,project,2021-01_to_2021-04,2021-01,2021-04,Open Data Hub,21,4,0.190476
JIRA,jira,project,2021-01_to_2021-04,2021-01,2021-04,OpenJDK,31,0,0.000000
JIRA,jira,project,2021-01_to_2021-04,2021-01,2021-04,OpenJPA,3,3,1.000000
JIRA,jira,project,2021-01_to_2021-04,2021-01,2021-04,OpenNLP,3,1,0.333333
JIRA,jira,project,2021-01_to_2021-04,2021-01,2021-04,OpenShift API Server,29,0,0.000000
JIRA,jira,project,2021-01_to_2021-04,2021-01,2021-04,OpenShift API for Data Protection,2,0,0.000000
JIRA,jira,project,2021-01_to_2021-04,2021-01,2021-04,OpenShift App Analytics,145,5,0.034483
JIRA,jira,project,2021-01_to_2021-04,2021-01,2021-04,OpenShift Authentication,6,0,0.000000
JIRA,jira,project,2021-01_to_2021-04,2021-01,2021-04,OpenShift Bugs,43,17,0.395349
JIRA,jira,project,2021-01_to_2021-04,2021-01,2021-04,OpenShift BuildConfig,5,0,0.000000
JIRA,jira,project,2021-01_to_2021-04,2021-01,2021-04,OpenShift Builds,24,0,0.000000
JIRA,jira,project,2021-01_to_2021-04,2021-01,2021-04,OpenShift Cloud,58,2,0.034483
JIRA,jira,project,2021-01_to_2021-04,2021-01,2021-04,OpenShift Cloud Credential Operator,41,3,0.073171
JIRA,jira,project,2021-01_to_2021-04,2021-01,2021-04,OpenShift Console,301,2,0.006645
JIRA,jira,project,2021-01_to_2021-04,2021-01,2021-04,OpenShift Container Platform (OCP) Strategy,28,0,0.000000
JIRA,jira,project,2021-01_to_2021-04,2021-01,2021-04,OpenShift Core Networking,173,5,0.028902
JIRA,jira,project,2021-01_to_2021-04,2021-01,2021-04,OpenShift Dev Console,7,7,1.000000
JIRA,jira,project,2021-01_to_2021-04,2021-01,2021-04,OpenShift Etcd,19,1,0.052632
JIRA,jira,project,2021-01_to_2021-04,2021-01,2021-04,OpenShift GitOps,137,9,0.065693
JIRA,jira,project,2021-01_to_2021-04,2021-01,2021-04,OpenShift Hive,149,19,0.127517
JIRA,jira,project,2021-01_to_2021-04,2021-01,2021-04,OpenShift Hosted Control Plane,85,2,0.023529
JIRA,jira,project,2021-01_to_2021-04,2021-01,2021-04,OpenShift Image Registry,8,0,0.000000
JIRA,jira,project,2021-01_to_2021-04,2021-01,2021-04,OpenShift Installer,75,7,0.093333
JIRA,jira,project,2021-01_to_2021-04,2021-01,2021-04,OpenShift Jenkins,12,0,0.000000
JIRA,jira,project,2021-01_to_2021-04,2021-01,2021-04,OpenShift Logging,198,19,0.095960
JIRA,jira,project,2021-01_to_2021-04,2021-01,2021-04,OpenShift Migration Toolkit for Containers,106,3,0.028302
JIRA,jira,project,2021-01_to_2021-04,2021-01,2021-04,OpenShift Monitoring,125,7,0.056000
JIRA,jira,project,2021-01_to_2021-04,2021-01,2021-04,OpenShift Node,60,0,0.000000
JIRA,jira,project,2021-01_to_2021-04,2021-01,2021-04,OpenShift Over the Air,61,2,0.032787
JIRA,jira,project,2021-01_to_2021-04,2021-01,2021-04,OpenShift Pipelines,137,12,0.087591
JIRA,jira,project,2021-01_to_2021-04,2021-01,2021-04,OpenShift Request For Enhancement,236,8,0.033898
JIRA,jira,project,2021-01_to_2021-04,2021-01,2021-04,OpenShift SDN,4,4,1.000000
JIRA,jira,project,2021-01_to_2021-04,2021-01,2021-04,OpenShift Service Mesh,159,9,0.056604
JIRA,jira,project,2021-01_to_2021-04,2021-01,2021-04,OpenShift Service Mesh Documentation,3,3,1.000000
JIRA,jira,project,2021-01_to_2021-04,2021-01,2021-04,OpenShift Specialist Platform Team,44,3,0.068182
JIRA,jira,project,2021-01_to_2021-04,2021-01,2021-04,OpenShift Storage,64,3,0.046875
JIRA,jira,project,2021-01_to_2021-04,2021-01,2021-04,OpenShift Top Level Product Strategy,342,28,0.081871
JIRA,jira,project,2021-01_to_2021-04,2021-01,2021-04,OpenShift UX Product Design,151,0,0.000000
JIRA,jira,project,2021-01_to_2021-04,2021-01,2021-04,OpenShift Virtualization,17,3,0.176471
JIRA,jira,project,2021-01_to_2021-04,2021-01,2021-04,OpenShift Windows Containers,41,8,0.195122
JIRA,jira,project,2021-01_to_2021-04,2021-01,2021-04,OpenShift Workloads,31,2,0.064516
JIRA,jira,project,2021-01_to_2021-04,2021-01,2021-04,OpenStack as Infra,160,2,0.012500
JIRA,jira,project,2021-01_to_2021-04,2021-01,2021-04,OpenWebBeans,2,1,0.500000
JIRA,jira,project,2021-01_to_2021-04,2021-01,2021-04,Openmeetings,8,7,0.875000
JIRA,jira,project,2021-01_to_2021-04,2021-01,2021-04,Openshift sandboxed containers,28,28,1.000000
JIRA,jira,project,2021-01_to_2021-04,2021-01,2021-04,Operator Ecosystem,140,0,0.000000
JIRA,jira,project,2021-01_to_2021-04,2021-01,2021-04,Operator Lifecycle Manager,1,1,1.000000
JIRA,jira,project,2021-01_to_2021-04,2021-01,2021-04,Operator Runtime,86,4,0.046512
JIRA,jira,project,2021-01_to_2021-04,2021-01,2021-04,Operator SDK,3,3,1.000000
JIRA,jira,project,2021-01_to_2021-04,2021-01,2021-04,Opsgenie,13,0,0.000000
JIRA,jira,project,2021-01_to_2021-04,2021-01,2021-04,OptaPlanner,46,17,0.369565
JIRA,jira,project,2021-01_to_2021-04,2021-01,2021-04,PDFBox,50,34,0.680000
JIRA,jira,project,2021-01_to_2021-04,2021-01,2021-04,PHP Driver: Extension,51,3,0.058824
JIRA,jira,project,2021-01_to_2021-04,2021-01,2021-04,PHP Driver: Library,41,1,0.024390
JIRA,jira,project,2021-01_to_2021-04,2021-01,2021-04,Parquet,83,21,0.253012
JIRA,jira,project,2021-01_to_2021-04,2021-01,2021-04,Performance and Scale for AI Platforms,44,1,0.022727
JIRA,jira,project,2021-01_to_2021-04,2021-01,2021-04,Phoenix,57,40,0.701754
JIRA,jira,project,2021-01_to_2021-04,2021-01,2021-04,Phoenix Omid,13,4,0.307692
JIRA,jira,project,2021-01_to_2021-04,2021-01,2021-04,Pig,2,1,0.500000
JIRA,jira,project,2021-01_to_2021-04,2021-01,2021-04,Pivot,1,1,1.000000
JIRA,jira,project,2021-01_to_2021-04,2021-01,2021-04,Pivot (Retired),1,0,0.000000
JIRA,jira,project,2021-01_to_2021-04,2021-01,2021-04,Product Technical Learning,293,13,0.044369
JIRA,jira,project,2021-01_to_2021-04,2021-01,2021-04,Project Quay,375,91,0.242667
JIRA,jira,project,2021-01_to_2021-04,2021-01,2021-04,PyLucene,1,1,1.000000
JIRA,jira,project,2021-01_to_2021-04,2021-01,2021-04,Python Driver,141,42,0.297872
JIRA,jira,project,2021-01_to_2021-04,2021-01,2021-04,Python Integrations,21,1,0.047619
JIRA,jira,project,2021-01_to_2021-04,2021-01,2021-04,"Qbs (""Cubes"")",14,4,0.285714
JIRA,jira,project,2021-01_to_2021-04,2021-01,2021-04,Qpid,12,11,0.916667
JIRA,jira,project,2021-01_to_2021-04,2021-01,2021-04,Qpid Dispatch,139,120,0.863309
JIRA,jira,project,2021-01_to_2021-04,2021-01,2021-04,Qpid JMS,2,2,1.000000
JIRA,jira,project,2021-01_to_2021-04,2021-01,2021-04,Qpid Proton,27,19,0.703704
JIRA,jira,project,2021-01_to_2021-04,2021-01,2021-04,Qt,1885,604,0.320424
JIRA,jira,project,2021-01_to_2021-04,2021-01,2021-04,Qt 3D Studio,4,0,0.000000
JIRA,jira,project,2021-01_to_2021-04,2021-01,2021-04,Qt Automotive Suite,3,3,1.000000
JIRA,jira,project,2021-01_to_2021-04,2021-01,2021-04,Qt Creator,325,91,0.280000
JIRA,jira,project,2021-01_to_2021-04,2021-01,2021-04,Qt Design Studio,162,5,0.030864
JIRA,jira,project,2021-01_to_2021-04,2021-01,2021-04,Qt Installer Framework,36,7,0.194444
JIRA,jira,project,2021-01_to_2021-04,2021-01,2021-04,Qt Project Website,12,1,0.083333
JIRA,jira,project,2021-01_to_2021-04,2021-01,2021-04,Qt Quality Assurance Infrastructure,123,17,0.138211
JIRA,jira,project,2021-01_to_2021-04,2021-01,2021-04,Qt Safe Renderer,5,5,1.000000
JIRA,jira,project,2021-01_to_2021-04,2021-01,2021-04,Qt Visual Studio Tools,50,18,0.360000
JIRA,jira,project,2021-01_to_2021-04,2021-01,2021-04,Qt WebBrowser,1,0,0.000000
JIRA,jira,project,2021-01_to_2021-04,2021-01,2021-04,Qt for MCUs,1,1,1.000000
JIRA,jira,project,2021-01_to_2021-04,2021-01,2021-04,Qt for Python,76,38,0.500000
JIRA,jira,project,2021-01_to_2021-04,2021-01,2021-04,Quarkus,185,24,0.129730
JIRA,jira,project,2021-01_to_2021-04,2021-01,2021-04,Quick Reload,2,1,0.500000
JIRA,jira,project,2021-01_to_2021-04,2021-01,2021-04,RESTEasy,47,15,0.319149
JIRA,jira,project,2021-01_to_2021-04,2021-01,2021-04,RHEL,17,3,0.176471
JIRA,jira,project,2021-01_to_2021-04,2021-01,2021-04,RHEL Conversions,6,6,1.000000
JIRA,jira,project,2021-01_to_2021-04,2021-01,2021-04,RHEL Testing,4,4,1.000000
JIRA,jira,project,2021-01_to_2021-04,2021-01,2021-04,Ranger,46,25,0.543478
JIRA,jira,project,2021-01_to_2021-04,2021-01,2021-04,Ratis,40,19,0.475000
JIRA,jira,project,2021-01_to_2021-04,2021-01,2021-04,Reactive JVM Platform,1,0,0.000000
JIRA,jira,project,2021-01_to_2021-04,2021-01,2021-04,Red Hat 3scale API Management,184,19,0.103261
JIRA,jira,project,2021-01_to_2021-04,2021-01,2021-04,Red Hat Advanced Cluster Management,1,0,0.000000
JIRA,jira,project,2021-01_to_2021-04,2021-01,2021-04,Red Hat Build of Apache Camel for Quarkus,1,0,0.000000
JIRA,jira,project,2021-01_to_2021-04,2021-01,2021-04,Red Hat Cluster Management Cloud Services,1,0,0.000000
JIRA,jira,project,2021-01_to_2021-04,2021-01,2021-04,Red Hat CodeReady Studio (devstudio),3,3,1.000000
JIRA,jira,project,2021-01_to_2021-04,2021-01,2021-04,Red Hat CodeReady Workspaces,35,35,1.000000
JIRA,jira,project,2021-01_to_2021-04,2021-01,2021-04,Red Hat Data Grid,26,8,0.307692
JIRA,jira,project,2021-01_to_2021-04,2021-01,2021-04,Red Hat Decision Manager,85,32,0.376471
JIRA,jira,project,2021-01_to_2021-04,2021-01,2021-04,Red Hat Fuse,184,75,0.407609
JIRA,jira,project,2021-01_to_2021-04,2021-01,2021-04,Red Hat Insights ,6,6,1.000000
JIRA,jira,project,2021-01_to_2021-04,2021-01,2021-04,Red Hat Insights Engineering,1,0,0.000000
JIRA,jira,project,2021-01_to_2021-04,2021-01,2021-04,Red Hat OpenShift Data Science,355,6,0.016901
JIRA,jira,project,2021-01_to_2021-04,2021-01,2021-04,Red Hat OpenShift Dev Spaces (formerly CodeReady Workspaces),162,49,0.302469
JIRA,jira,project,2021-01_to_2021-04,2021-01,2021-04,Red Hat OpenStack Services on OpenShift,30,7,0.233333
JIRA,jira,project,2021-01_to_2021-04,2021-01,2021-04,Red Hat Process Automation Manager,131,36,0.274809
JIRA,jira,project,2021-01_to_2021-04,2021-01,2021-04,Remoting JMX,2,0,0.000000
JIRA,jira,project,2021-01_to_2021-04,2021-01,2021-04,Ruby Driver,86,10,0.116279
JIRA,jira,project,2021-01_to_2021-04,2021-01,2021-04,Rust Driver,115,3,0.026087
JIRA,jira,project,2021-01_to_2021-04,2021-01,2021-04,Rya,1,1,1.000000
JIRA,jira,project,2021-01_to_2021-04,2021-01,2021-04,SAML for Atlassian Data Center,14,3,0.214286
JIRA,jira,project,2021-01_to_2021-04,2021-01,2021-04,Sakai,264,105,0.397727
JIRA,jira,project,2021-01_to_2021-04,2021-01,2021-04,Samza,6,3,0.500000
JIRA,jira,project,2021-01_to_2021-04,2021-01,2021-04,Santuario,5,3,0.600000
JIRA,jira,project,2021-01_to_2021-04,2021-01,2021-04,Satellite,73,4,0.054795
JIRA,jira,project,2021-01_to_2021-04,2021-01,2021-04,Sentry (Retired),1,1,1.000000
JIRA,jira,project,2021-01_to_2021-04,2021-01,2021-04,Server Deployments and Scale,5,3,0.600000
JIRA,jira,project,2021-01_to_2021-04,2021-01,2021-04,Server Platform Frontend,138,4,0.028986
JIRA,jira,project,2021-01_to_2021-04,2021-01,2021-04,ServiceMix,2,2,1.000000
JIRA,jira,project,2021-01_to_2021-04,2021-01,2021-04,Shiro,2,0,0.000000
JIRA,jira,project,2021-01_to_2021-04,2021-01,2021-04,Singa,1,1,1.000000
JIRA,jira,project,2021-01_to_2021-04,2021-01,2021-04,Sling,81,42,0.518519
JIRA,jira,project,2021-01_to_2021-04,2021-01,2021-04,Solr,153,55,0.359477
JIRA,jira,project,2021-01_to_2021-04,2021-01,2021-04,Sourcetree For Mac,20,6,0.300000
JIRA,jira,project,2021-01_to_2021-04,2021-01,2021-04,Sourcetree for Windows,28,19,0.678571
JIRA,jira,project,2021-01_to_2021-04,2021-01,2021-04,Spark,1079,214,0.198332
JIRA,jira,project,2021-01_to_2021-04,2021-01,2021-04,Spark Connector,6,5,0.833333
JIRA,jira,project,2021-01_to_2021-04,2021-01,2021-04,Spatial Information Systems,5,2,0.400000
JIRA,jira,project,2021-01_to_2021-04,2021-01,2021-04,Spring Data GemFire,2,2,1.000000
JIRA,jira,project,2021-01_to_2021-04,2021-01,2021-04,Spring Roo,1,1,1.000000
JIRA,jira,project,2021-01_to_2021-04,2021-01,2021-04,Spring Web Flow,1,1,1.000000
JIRA,jira,project,2021-01_to_2021-04,2021-01,2021-04,Sqoop (Retired),2,2,1.000000
JIRA,jira,project,2021-01_to_2021-04,2021-01,2021-04,StreamPipes,67,9,0.134328
JIRA,jira,project,2021-01_to_2021-04,2021-01,2021-04,Struts 2,11,4,0.363636
JIRA,jira,project,2021-01_to_2021-04,2021-01,2021-04,Subscription Watch,7,0,0.000000
JIRA,jira,project,2021-01_to_2021-04,2021-01,2021-04,Subversion,1,1,1.000000
JIRA,jira,project,2021-01_to_2021-04,2021-01,2021-04,Syncope,8,1,0.125000
JIRA,jira,project,2021-01_to_2021-04,2021-01,2021-04,SystemDS,50,18,0.360000
JIRA,jira,project,2021-01_to_2021-04,2021-01,2021-04,TOREE,1,1,1.000000
JIRA,jira,project,2021-01_to_2021-04,2021-01,2021-04,Tajo (Retired),1,1,1.000000
JIRA,jira,project,2021-01_to_2021-04,2021-01,2021-04,Tapestry 5,6,5,0.833333
JIRA,jira,project,2021-01_to_2021-04,2021-01,2021-04,TeamCity Artifactory Plug,1,1,1.000000
JIRA,jira,project,2021-01_to_2021-04,2021-01,2021-04,Teiid,5,3,0.600000
JIRA,jira,project,2021-01_to_2021-04,2021-01,2021-04,Teiid Spring Boot,2,2,1.000000
JIRA,jira,project,2021-01_to_2021-04,2021-01,2021-04,Test Project,3,0,0.000000
JIRA,jira,project,2021-01_to_2021-04,2021-01,2021-04,Thrift,20,11,0.550000
JIRA,jira,project,2021-01_to_2021-04,2021-01,2021-04,Tika,24,12,0.500000
JIRA,jira,project,2021-01_to_2021-04,2021-01,2021-04,TinkerPop,19,9,0.473684
JIRA,jira,project,2021-01_to_2021-04,2021-01,2021-04,TomEE,83,74,0.891566
JIRA,jira,project,2021-01_to_2021-04,2021-01,2021-04,Tools (JBoss Tools),60,24,0.400000
JIRA,jira,project,2021-01_to_2021-04,2021-01,2021-04,UIMA,8,4,0.500000
JIRA,jira,project,2021-01_to_2021-04,2021-01,2021-04,Undertow,34,18,0.529412
JIRA,jira,project,2021-01_to_2021-04,2021-01,2021-04,Universal Plugin Manager,2,0,0.000000
JIRA,jira,project,2021-01_to_2021-04,2021-01,2021-04,Use OCPBUGS now,60,5,0.083333
JIRA,jira,project,2021-01_to_2021-04,2021-01,2021-04,VS Code Extension,21,2,0.095238
JIRA,jira,project,2021-01_to_2021-04,2021-01,2021-04,Velocity,3,0,0.000000
JIRA,jira,project,2021-01_to_2021-04,2021-01,2021-04,Velocity Tools,1,1,1.000000
JIRA,jira,project,2021-01_to_2021-04,2021-01,2021-04,Visual Design,5,0,0.000000
JIRA,jira,project,2021-01_to_2021-04,2021-01,2021-04,WINDUP ,75,5,0.066667
JIRA,jira,project,2021-01_to_2021-04,2021-01,2021-04,WINDUPRULE ,14,1,0.071429
JIRA,jira,project,2021-01_to_2021-04,2021-01,2021-04,WSS4J,1,0,0.000000
JIRA,jira,project,2021-01_to_2021-04,2021-01,2021-04,Web Terminal for OpenShift,15,0,0.000000
JIRA,jira,project,2021-01_to_2021-04,2021-01,2021-04,Weld,9,7,0.777778
JIRA,jira,project,2021-01_to_2021-04,2021-01,2021-04,Whimsy,2,0,0.000000
JIRA,jira,project,2021-01_to_2021-04,2021-01,2021-04,Wicket,5,4,0.800000
JIRA,jira,project,2021-01_to_2021-04,2021-01,2021-04,WildFly,316,74,0.234177
JIRA,jira,project,2021-01_to_2021-04,2021-01,2021-04,WildFly Arquillian,1,0,0.000000
JIRA,jira,project,2021-01_to_2021-04,2021-01,2021-04,WildFly Client Configuration,1,1,1.000000
JIRA,jira,project,2021-01_to_2021-04,2021-01,2021-04,WildFly Core,65,28,0.430769
JIRA,jira,project,2021-01_to_2021-04,2021-01,2021-04,WildFly EJB HTTP Client,6,2,0.333333
JIRA,jira,project,2021-01_to_2021-04,2021-01,2021-04,WildFly Elytron,19,10,0.526316
JIRA,jira,project,2021-01_to_2021-04,2021-01,2021-04,WildFly Naming Client,2,2,1.000000
JIRA,jira,project,2021-01_to_2021-04,2021-01,2021-04,WildFly OpenSSL,4,3,0.750000
JIRA,jira,project,2021-01_to_2021-04,2021-01,2021-04,WildFly OpenSSL Natives,1,0,0.000000
JIRA,jira,project,2021-01_to_2021-04,2021-01,2021-04,WildFly Transaction Client,2,2,1.000000
JIRA,jira,project,2021-01_to_2021-04,2021-01,2021-04,WildFly WIP,7,7,1.000000
JIRA,jira,project,2021-01_to_2021-04,2021-01,2021-04,WiredTiger,358,154,0.430168
JIRA,jira,project,2021-01_to_2021-04,2021-01,2021-04,XBean,1,1,1.000000
JIRA,jira,project,2021-01_to_2021-04,2021-01,2021-04,XML Commons,1,0,0.000000
JIRA,jira,project,2021-01_to_2021-04,2021-01,2021-04,XMLBeans,7,6,0.857143
JIRA,jira,project,2021-01_to_2021-04,2021-01,2021-04,XNIO,2,1,0.500000
JIRA,jira,project,2021-01_to_2021-04,2021-01,2021-04,Xerces,2,0,0.000000
JIRA,jira,project,2021-01_to_2021-04,2021-01,2021-04,Xerces2,2,1,0.500000
JIRA,jira,project,2021-01_to_2021-04,2021-01,2021-04,Yetus,4,1,0.250000
JIRA,jira,project,2021-01_to_2021-04,2021-01,2021-04,Zeppelin,47,36,0.765957
JIRA,jira,project,2021-01_to_2021-04,2021-01,2021-04,ZooKeeper,58,34,0.586207
JIRA,jira,project,2021-01_to_2021-04,2021-01,2021-04,aardvark,2,2,1.000000
JIRA,jira,project,2021-01_to_2021-04,2021-01,2021-04,cTAKES,4,3,0.750000
JIRA,jira,project,2021-01_to_2021-04,2021-01,2021-04,jBPM,61,29,0.475410
JIRA,jira,project,2021-01_to_2021-04,2021-01,2021-04,jboss.org,1,0,0.000000
JIRA,jira,project,2021-01_to_2021-04,2021-01,2021-04,jclouds,5,5,1.000000
JIRA,jira,project,2021-01_to_2021-04,2021-01,2021-04,mod_cluster,3,0,0.000000
JIRA,jira,project,2021-01_to_2021-04,2021-01,2021-04,repository.jboss.org/nexus,2,1,0.500000
JIRA,jira,project,2021-01_to_2021-04,2021-01,2021-04,serf,1,0,0.000000
JIRA,jira,project,2021-01_to_2021-04,2021-01,2021-04,www.apache.org website,1,0,0.000000
JIRA,jira,project,2021-05_to_2021-08,2021-05,2021-08,A,8,1,0.125000
JIRA,jira,project,2021-05_to_2021-08,2021-05,2021-08,AMQ Broker,156,29,0.185897
JIRA,jira,project,2021-05_to_2021-08,2021-05,2021-08,AMQ Clients,17,4,0.235294
JIRA,jira,project,2021-05_to_2021-08,2021-05,2021-08,AMQ Documentation,16,1,0.062500
JIRA,jira,project,2021-05_to_2021-08,2021-05,2021-08,AMQ Interconnect,74,1,0.013514
JIRA,jira,project,2021-05_to_2021-08,2021-05,2021-08,AMQ Streams,76,10,0.131579
JIRA,jira,project,2021-05_to_2021-08,2021-05,2021-08,Aapche Age 2,1,1,1.000000
JIRA,jira,project,2021-05_to_2021-08,2021-05,2021-08,ActiveMQ,9,9,1.000000
JIRA,jira,project,2021-05_to_2021-08,2021-05,2021-08,ActiveMQ (Read,24,3,0.125000
JIRA,jira,project,2021-05_to_2021-08,2021-05,2021-08,ActiveMQ .Net,4,1,0.250000
JIRA,jira,project,2021-05_to_2021-08,2021-05,2021-08,ActiveMQ Artemis,22,22,1.000000
JIRA,jira,project,2021-05_to_2021-08,2021-05,2021-08,ActiveMQ OpenWire,1,0,0.000000
JIRA,jira,project,2021-05_to_2021-08,2021-05,2021-08,ActiveObjects,5,0,0.000000
JIRA,jira,project,2021-05_to_2021-08,2021-05,2021-08,Admin Experience,56,4,0.071429
JIRA,jira,project,2021-05_to_2021-08,2021-05,2021-08,Advanced Roadmaps,6,6,1.000000
JIRA,jira,project,2021-05_to_2021-08,2021-05,2021-08,Agroal,1,1,1.000000
JIRA,jira,project,2021-05_to_2021-08,2021-05,2021-08,Airavata,7,3,0.428571
JIRA,jira,project,2021-05_to_2021-08,2021-05,2021-08,Ambari,5,3,0.600000
JIRA,jira,project,2021-05_to_2021-08,2021-05,2021-08,Apache AGE,4,0,0.000000
JIRA,jira,project,2021-05_to_2021-08,2021-05,2021-08,Apache AGE (old),1,0,0.000000
JIRA,jira,project,2021-05_to_2021-08,2021-05,2021-08,Apache AWF (Retired),35,0,0.000000
JIRA,jira,project,2021-05_to_2021-08,2021-05,2021-08,Apache Any23 (Retired),1,0,0.000000
JIRA,jira,project,2021-05_to_2021-08,2021-05,2021-08,Apache Arrow,1186,226,0.190556
JIRA,jira,project,2021-05_to_2021-08,2021-05,2021-08,Apache AsterixDB,16,6,0.375000
JIRA,jira,project,2021-05_to_2021-08,2021-05,2021-08,Apache Avro,30,15,0.500000
JIRA,jira,project,2021-05_to_2021-08,2021-05,2021-08,Apache Cassandra,194,54,0.278351
JIRA,jira,project,2021-05_to_2021-08,2021-05,2021-08,Apache Commons All,2,0,0.000000
JIRA,jira,project,2021-05_to_2021-08,2021-05,2021-08,Apache Curator,17,4,0.235294
JIRA,jira,project,2021-05_to_2021-08,2021-05,2021-08,Apache DataLab (Retired),10,0,0.000000
JIRA,jira,project,2021-05_to_2021-08,2021-05,2021-08,Apache Drill,32,22,0.687500
JIRA,jira,project,2021-05_to_2021-08,2021-05,2021-08,Apache Fineract,24,3,0.125000
JIRA,jira,project,2021-05_to_2021-08,2021-05,2021-08,Apache Freemarker,4,4,1.000000
JIRA,jira,project,2021-05_to_2021-08,2021-05,2021-08,Apache Gobblin,16,2,0.125000
JIRA,jira,project,2021-05_to_2021-08,2021-05,2021-08,Apache Gora,6,6,1.000000
JIRA,jira,project,2021-05_to_2021-08,2021-05,2021-08,Apache HAWQ,2,2,1.000000
JIRA,jira,project,2021-05_to_2021-08,2021-05,2021-08,Apache Hop,29,29,1.000000
JIRA,jira,project,2021-05_to_2021-08,2021-05,2021-08,Apache Hop (Retired),102,6,0.058824
JIRA,jira,project,2021-05_to_2021-08,2021-05,2021-08,Apache Horn (Retired),21,0,0.000000
JIRA,jira,project,2021-05_to_2021-08,2021-05,2021-08,Apache Hudi,241,86,0.356846
JIRA,jira,project,2021-05_to_2021-08,2021-05,2021-08,Apache InLong,102,4,0.039216
JIRA,jira,project,2021-05_to_2021-08,2021-05,2021-08,Apache IoTDB,59,30,0.508475
JIRA,jira,project,2021-05_to_2021-08,2021-05,2021-08,Apache Jena,11,8,0.727273
JIRA,jira,project,2021-05_to_2021-08,2021-05,2021-08,Apache Knox,15,11,0.733333
JIRA,jira,project,2021-05_to_2021-08,2021-05,2021-08,Apache Liminal (Retired),2,0,0.000000
JIRA,jira,project,2021-05_to_2021-08,2021-05,2021-08,Apache MADlib,2,0,0.000000
JIRA,jira,project,2021-05_to_2021-08,2021-05,2021-08,Apache MXNet (Retired),1,0,0.000000
JIRA,jira,project,2021-05_to_2021-08,2021-05,2021-08,Apache Maven Resource Bundles (Moved to GitHub Issues),2,0,0.000000
JIRA,jira,project,2021-05_to_2021-08,2021-05,2021-08,Apache Nemo (Retired),3,0,0.000000
JIRA,jira,project,2021-05_to_2021-08,2021-05,2021-08,Apache NetBeans Infra,1,0,0.000000
JIRA,jira,project,2021-05_to_2021-08,2021-05,2021-08,Apache NiFi,226,71,0.314159
JIRA,jira,project,2021-05_to_2021-08,2021-05,2021-08,Apache NiFi MiNiFi C++,20,9,0.450000
JIRA,jira,project,2021-05_to_2021-08,2021-05,2021-08,Apache Ozone,252,90,0.357143
JIRA,jira,project,2021-05_to_2021-08,2021-05,2021-08,Apache PLC4X,7,4,0.571429
JIRA,jira,project,2021-05_to_2021-08,2021-05,2021-08,Apache RAT,5,2,0.400000
JIRA,jira,project,2021-05_to_2021-08,2021-05,2021-08,Apache Roller,2,0,0.000000
JIRA,jira,project,2021-05_to_2021-08,2021-05,2021-08,Apache S4 (Retired),2,0,0.000000
JIRA,jira,project,2021-05_to_2021-08,2021-05,2021-08,Apache SCIMple,1,0,0.000000
JIRA,jira,project,2021-05_to_2021-08,2021-05,2021-08,Apache Science Data Analytics Platform,14,0,0.000000
JIRA,jira,project,2021-05_to_2021-08,2021-05,2021-08,Apache Sedona,11,3,0.272727
JIRA,jira,project,2021-05_to_2021-08,2021-05,2021-08,Apache ServiceComb,14,1,0.071429
JIRA,jira,project,2021-05_to_2021-08,2021-05,2021-08,Apache Storm,23,5,0.217391
JIRA,jira,project,2021-05_to_2021-08,2021-05,2021-08,Apache Submarine,23,0,0.000000
JIRA,jira,project,2021-05_to_2021-08,2021-05,2021-08,Apache Tez,16,12,0.750000
JIRA,jira,project,2021-05_to_2021-08,2021-05,2021-08,Apache Unomi,17,5,0.294118
JIRA,jira,project,2021-05_to_2021-08,2021-05,2021-08,Apache Whisker,1,0,0.000000
JIRA,jira,project,2021-05_to_2021-08,2021-05,2021-08,Apache YuniKorn,158,9,0.056962
JIRA,jira,project,2021-05_to_2021-08,2021-05,2021-08,AppFormer,15,12,0.800000
JIRA,jira,project,2021-05_to_2021-08,2021-05,2021-08,Aries,8,2,0.250000
JIRA,jira,project,2021-05_to_2021-08,2021-05,2021-08,Artemis,67,12,0.179104
JIRA,jira,project,2021-05_to_2021-08,2021-05,2021-08,Artifactory Binary Repository,99,99,1.000000
JIRA,jira,project,2021-05_to_2021-08,2021-05,2021-08,Atlas,27,20,0.740741
JIRA,jira,project,2021-05_to_2021-08,2021-05,2021-08,Atlassian Access,3,3,1.000000
JIRA,jira,project,2021-05_to_2021-08,2021-05,2021-08,Atlassian Browser DevTools,16,0,0.000000
JIRA,jira,project,2021-05_to_2021-08,2021-05,2021-08,Atlassian Browsers,1,0,0.000000
JIRA,jira,project,2021-05_to_2021-08,2021-05,2021-08,Atlassian Cloud,40,4,0.100000
JIRA,jira,project,2021-05_to_2021-08,2021-05,2021-08,Atlassian Connect JavaScript API,3,0,0.000000
JIRA,jira,project,2021-05_to_2021-08,2021-05,2021-08,Atlassian Connect Spring Boot,11,4,0.363636
JIRA,jira,project,2021-05_to_2021-08,2021-05,2021-08,Atlassian Connect in Jira Cloud,26,4,0.153846
JIRA,jira,project,2021-05_to_2021-08,2021-05,2021-08,Atlassian Guard,40,3,0.075000
JIRA,jira,project,2021-05_to_2021-08,2021-05,2021-08,Atlassian Intelligence,24,1,0.041667
JIRA,jira,project,2021-05_to_2021-08,2021-05,2021-08,Atlassian Internationalization,30,1,0.033333
JIRA,jira,project,2021-05_to_2021-08,2021-05,2021-08,Atlassian Marketplace,10,1,0.100000
JIRA,jira,project,2021-05_to_2021-08,2021-05,2021-08,Atlassian Maven Plugin Suite,6,1,0.166667
JIRA,jira,project,2021-05_to_2021-08,2021-05,2021-08,Atlassian Plugins,1,0,0.000000
JIRA,jira,project,2021-05_to_2021-08,2021-05,2021-08,Atlassian Plugins Webresources,55,4,0.072727
JIRA,jira,project,2021-05_to_2021-08,2021-05,2021-08,Atlassian Product Integrations,20,2,0.100000
JIRA,jira,project,2021-05_to_2021-08,2021-05,2021-08,Atlassian Troubleshooting & Support Tools Plugin,7,1,0.142857
JIRA,jira,project,2021-05_to_2021-08,2021-05,2021-08,Atlassian User Interface,12,1,0.083333
JIRA,jira,project,2021-05_to_2021-08,2021-05,2021-08,Atlassian WebHooks Plugin,3,1,0.333333
JIRA,jira,project,2021-05_to_2021-08,2021-05,2021-08,Automation Analytics,4,4,1.000000
JIRA,jira,project,2021-05_to_2021-08,2021-05,2021-08,Automation Hub,10,10,1.000000
JIRA,jira,project,2021-05_to_2021-08,2021-05,2021-08,Automation for Cloud,42,2,0.047619
JIRA,jira,project,2021-05_to_2021-08,2021-05,2021-08,Automation for Jira Server,65,1,0.015385
JIRA,jira,project,2021-05_to_2021-08,2021-05,2021-08,Axiom,1,1,1.000000
JIRA,jira,project,2021-05_to_2021-08,2021-05,2021-08,Axis2,7,6,0.857143
JIRA,jira,project,2021-05_to_2021-08,2021-05,2021-08,Bahir,1,1,1.000000
JIRA,jira,project,2021-05_to_2021-08,2021-05,2021-08,Bahir (Retired),4,0,0.000000
JIRA,jira,project,2021-05_to_2021-08,2021-05,2021-08,Bamboo,11,11,1.000000
JIRA,jira,project,2021-05_to_2021-08,2021-05,2021-08,Bamboo Artifactory Plug,1,1,1.000000
JIRA,jira,project,2021-05_to_2021-08,2021-05,2021-08,Bamboo Data Center,59,5,0.084746
JIRA,jira,project,2021-05_to_2021-08,2021-05,2021-08,Batik,3,2,0.666667
JIRA,jira,project,2021-05_to_2021-08,2021-05,2021-08,Beam,445,141,0.316854
JIRA,jira,project,2021-05_to_2021-08,2021-05,2021-08,Bedrock Dedicated Server,14,14,1.000000
JIRA,jira,project,2021-05_to_2021-08,2021-05,2021-08,Bigtop,37,35,0.945946
JIRA,jira,project,2021-05_to_2021-08,2021-05,2021-08,Bitbucket Cloud,253,17,0.067194
JIRA,jira,project,2021-05_to_2021-08,2021-05,2021-08,Bitbucket Data Center,87,6,0.068966
JIRA,jira,project,2021-05_to_2021-08,2021-05,2021-08,Bitbucket Server,5,5,1.000000
JIRA,jira,project,2021-05_to_2021-08,2021-05,2021-08,Blockchain Explorer,3,3,1.000000
JIRA,jira,project,2021-05_to_2021-08,2021-05,2021-08,BxMS Documentation,32,0,0.000000
JIRA,jira,project,2021-05_to_2021-08,2021-05,2021-08,Byteman,2,2,1.000000
JIRA,jira,project,2021-05_to_2021-08,2021-05,2021-08,C Driver,144,14,0.097222
JIRA,jira,project,2021-05_to_2021-08,2021-05,2021-08,C# Driver,147,26,0.176871
JIRA,jira,project,2021-05_to_2021-08,2021-05,2021-08,C++ Driver,104,16,0.153846
JIRA,jira,project,2021-05_to_2021-08,2021-05,2021-08,CXF,26,19,0.730769
JIRA,jira,project,2021-05_to_2021-08,2021-05,2021-08,CaRT,2,2,1.000000
JIRA,jira,project,2021-05_to_2021-08,2021-05,2021-08,Calcite,78,46,0.589744
JIRA,jira,project,2021-05_to_2021-08,2021-05,2021-08,Camel,109,63,0.577982
JIRA,jira,project,2021-05_to_2021-08,2021-05,2021-08,CarbonData,25,22,0.880000
JIRA,jira,project,2021-05_to_2021-08,2021-05,2021-08,Cassandra,17,17,1.000000
JIRA,jira,project,2021-05_to_2021-08,2021-05,2021-08,Causeway,60,3,0.050000
JIRA,jira,project,2021-05_to_2021-08,2021-05,2021-08,Cayenne,3,2,0.666667
JIRA,jira,project,2021-05_to_2021-08,2021-05,2021-08,CentOS Stream Pipeline,521,53,0.101727
JIRA,jira,project,2021-05_to_2021-08,2021-05,2021-08,Cert Manager support for Red Hat OpenShift,1,0,0.000000
JIRA,jira,project,2021-05_to_2021-08,2021-05,2021-08,Chemistry,2,2,1.000000
JIRA,jira,project,2021-05_to_2021-08,2021-05,2021-08,Clair,1,0,0.000000
JIRA,jira,project,2021-05_to_2021-08,2021-05,2021-08,Clerezza,1,1,1.000000
JIRA,jira,project,2021-05_to_2021-08,2021-05,2021-08,Clerezza (Retired),1,0,0.000000
JIRA,jira,project,2021-05_to_2021-08,2021-05,2021-08,Client,15,1,0.066667
JIRA,jira,project,2021-05_to_2021-08,2021-05,2021-08,Cloud Enablement,12,0,0.000000
JIRA,jira,project,2021-05_to_2021-08,2021-05,2021-08,Cloud Infrastructure Security & Compliance,137,2,0.014599
JIRA,jira,project,2021-05_to_2021-08,2021-05,2021-08,Cloud Native Runtimes (CNR) Documentation,5,0,0.000000
JIRA,jira,project,2021-05_to_2021-08,2021-05,2021-08,Cluster Integration and Delivery,1,0,0.000000
JIRA,jira,project,2021-05_to_2021-08,2021-05,2021-08,Cockpit,1,0,0.000000
JIRA,jira,project,2021-05_to_2021-08,2021-05,2021-08,Coin,28,7,0.250000
JIRA,jira,project,2021-05_to_2021-08,2021-05,2021-08,Commons BCEL,1,0,0.000000
JIRA,jira,project,2021-05_to_2021-08,2021-05,2021-08,Commons BeanUtils,2,0,0.000000
JIRA,jira,project,2021-05_to_2021-08,2021-05,2021-08,Commons CLI,2,1,0.500000
JIRA,jira,project,2021-05_to_2021-08,2021-05,2021-08,Commons CSV,3,0,0.000000
JIRA,jira,project,2021-05_to_2021-08,2021-05,2021-08,Commons Collections,2,0,0.000000
JIRA,jira,project,2021-05_to_2021-08,2021-05,2021-08,Commons Compress,7,3,0.428571
JIRA,jira,project,2021-05_to_2021-08,2021-05,2021-08,Commons Configuration,1,1,1.000000
JIRA,jira,project,2021-05_to_2021-08,2021-05,2021-08,Commons Crypto,1,1,1.000000
JIRA,jira,project,2021-05_to_2021-08,2021-05,2021-08,Commons DBCP,1,1,1.000000
JIRA,jira,project,2021-05_to_2021-08,2021-05,2021-08,Commons Email,2,0,0.000000
JIRA,jira,project,2021-05_to_2021-08,2021-05,2021-08,Commons FileUpload,5,3,0.600000
JIRA,jira,project,2021-05_to_2021-08,2021-05,2021-08,Commons IO,5,1,0.200000
JIRA,jira,project,2021-05_to_2021-08,2021-05,2021-08,Commons Imaging,12,2,0.166667
JIRA,jira,project,2021-05_to_2021-08,2021-05,2021-08,Commons JCS,5,0,0.000000
JIRA,jira,project,2021-05_to_2021-08,2021-05,2021-08,Commons JEXL,2,2,1.000000
JIRA,jira,project,2021-05_to_2021-08,2021-05,2021-08,Commons Lang,7,1,0.142857
JIRA,jira,project,2021-05_to_2021-08,2021-05,2021-08,Commons Math,19,6,0.315789
JIRA,jira,project,2021-05_to_2021-08,2021-05,2021-08,Commons Net,2,1,0.500000
JIRA,jira,project,2021-05_to_2021-08,2021-05,2021-08,Commons Numbers,4,1,0.250000
JIRA,jira,project,2021-05_to_2021-08,2021-05,2021-08,Commons Pool,1,1,1.000000
JIRA,jira,project,2021-05_to_2021-08,2021-05,2021-08,Commons RNG,5,1,0.200000
JIRA,jira,project,2021-05_to_2021-08,2021-05,2021-08,Commons Statistics,3,0,0.000000
JIRA,jira,project,2021-05_to_2021-08,2021-05,2021-08,Commons Text,4,1,0.250000
JIRA,jira,project,2021-05_to_2021-08,2021-05,2021-08,Commons VFS,2,1,0.500000
JIRA,jira,project,2021-05_to_2021-08,2021-05,2021-08,Commons Validator,2,0,0.000000
JIRA,jira,project,2021-05_to_2021-08,2021-05,2021-08,Community Development,2,0,0.000000
JIRA,jira,project,2021-05_to_2021-08,2021-05,2021-08,Community Support ,144,144,1.000000
JIRA,jira,project,2021-05_to_2021-08,2021-05,2021-08,Compass,160,8,0.050000
JIRA,jira,project,2021-05_to_2021-08,2021-05,2021-08,Confluence Cloud,426,43,0.100939
JIRA,jira,project,2021-05_to_2021-08,2021-05,2021-08,Confluence Copy Space Plugin,1,0,0.000000
JIRA,jira,project,2021-05_to_2021-08,2021-05,2021-08,Confluence Data Center,293,24,0.081911
JIRA,jira,project,2021-05_to_2021-08,2021-05,2021-08,Confluence Server and Data Center,2,2,1.000000
JIRA,jira,project,2021-05_to_2021-08,2021-05,2021-08,Container Tools,68,3,0.044118
JIRA,jira,project,2021-05_to_2021-08,2021-05,2021-08,Content Gateway,8,0,0.000000
JIRA,jira,project,2021-05_to_2021-08,2021-05,2021-08,Continuous Productization DevOps,3,3,1.000000
JIRA,jira,project,2021-05_to_2021-08,2021-05,2021-08,Contrib: Big Blue Button,1,0,0.000000
JIRA,jira,project,2021-05_to_2021-08,2021-05,2021-08,Contrib: Certification,1,1,1.000000
JIRA,jira,project,2021-05_to_2021-08,2021-05,2021-08,Contrib: Evaluation System,1,1,1.000000
JIRA,jira,project,2021-05_to_2021-08,2021-05,2021-08,Contrib: SCORM Player,6,5,0.833333
JIRA,jira,project,2021-05_to_2021-08,2021-05,2021-08,Core Server,2830,410,0.144876
JIRA,jira,project,2021-05_to_2021-08,2021-05,2021-08,CoreOS OCP,3,0,0.000000
JIRA,jira,project,2021-05_to_2021-08,2021-05,2021-08,Cost Management,46,24,0.521739
JIRA,jira,project,2021-05_to_2021-08,2021-05,2021-08,Crowd,1,1,1.000000
JIRA,jira,project,2021-05_to_2021-08,2021-05,2021-08,Crowd Data Center,20,0,0.000000
JIRA,jira,project,2021-05_to_2021-08,2021-05,2021-08,Crucible,2,0,0.000000
JIRA,jira,project,2021-05_to_2021-08,2021-05,2021-08,DAOS,339,339,1.000000
JIRA,jira,project,2021-05_to_2021-08,2021-05,2021-08,Daffodil,18,9,0.500000
JIRA,jira,project,2021-05_to_2021-08,2021-05,2021-08,Data Foundation Bugs,1,0,0.000000
JIRA,jira,project,2021-05_to_2021-08,2021-05,2021-08,DataFu,1,0,0.000000
JIRA,jira,project,2021-05_to_2021-08,2021-05,2021-08,Database as a Service,10,1,0.100000
JIRA,jira,project,2021-05_to_2021-08,2021-05,2021-08,Debezium,387,139,0.359173
JIRA,jira,project,2021-05_to_2021-08,2021-05,2021-08,Derby,6,6,1.000000
JIRA,jira,project,2021-05_to_2021-08,2021-05,2021-08,Derby (Retired),1,0,0.000000
JIRA,jira,project,2021-05_to_2021-08,2021-05,2021-08,Dev ,62,62,1.000000
JIRA,jira,project,2021-05_to_2021-08,2021-05,2021-08,Directory ApacheDS,2,2,1.000000
JIRA,jira,project,2021-05_to_2021-08,2021-05,2021-08,Directory Studio,6,5,0.833333
JIRA,jira,project,2021-05_to_2021-08,2021-05,2021-08,Distributed Tracing,141,2,0.014184
JIRA,jira,project,2021-05_to_2021-08,2021-05,2021-08,Docs for Red Hat Developers,225,14,0.062222
JIRA,jira,project,2021-05_to_2021-08,2021-05,2021-08,Documentation,7,7,1.000000
JIRA,jira,project,2021-05_to_2021-08,2021-05,2021-08,Drivers,26,0,0.000000
JIRA,jira,project,2021-05_to_2021-08,2021-05,2021-08,Drools,159,52,0.327044
JIRA,jira,project,2021-05_to_2021-08,2021-05,2021-08,EJB Client Library (AS7+),2,1,0.500000
JIRA,jira,project,2021-05_to_2021-08,2021-05,2021-08,ENTSBT,4,4,1.000000
JIRA,jira,project,2021-05_to_2021-08,2021-05,2021-08,Empire,9,0,0.000000
JIRA,jira,project,2021-05_to_2021-08,2021-05,2021-08,Evergreen,57,57,1.000000
JIRA,jira,project,2021-05_to_2021-08,2021-05,2021-08,FOP,8,4,0.500000
JIRA,jira,project,2021-05_to_2021-08,2021-05,2021-08,FORTRESS,1,0,0.000000
JIRA,jira,project,2021-05_to_2021-08,2021-05,2021-08,Fabric,20,20,1.000000
JIRA,jira,project,2021-05_to_2021-08,2021-05,2021-08,Fabric CA,3,3,1.000000
JIRA,jira,project,2021-05_to_2021-08,2021-05,2021-08,Fabric Gateway Java,1,1,1.000000
JIRA,jira,project,2021-05_to_2021-08,2021-05,2021-08,Fabric SDK Go,2,2,1.000000
JIRA,jira,project,2021-05_to_2021-08,2021-05,2021-08,Fabric SDK Node,2,2,1.000000
JIRA,jira,project,2021-05_to_2021-08,2021-05,2021-08,Fast Datapath Product,5,0,0.000000
JIRA,jira,project,2021-05_to_2021-08,2021-05,2021-08,Fedora,23,9,0.391304
JIRA,jira,project,2021-05_to_2021-08,2021-05,2021-08,Felix,17,12,0.705882
JIRA,jira,project,2021-05_to_2021-08,2021-05,2021-08,Fidelis AI,30,4,0.133333
JIRA,jira,project,2021-05_to_2021-08,2021-05,2021-08,Fineract Cloud Native,2,1,0.500000
JIRA,jira,project,2021-05_to_2021-08,2021-05,2021-08,FishEye,5,2,0.400000
JIRA,jira,project,2021-05_to_2021-08,2021-05,2021-08,Flagon,1,0,0.000000
JIRA,jira,project,2021-05_to_2021-08,2021-05,2021-08,Flink,616,400,0.649351
JIRA,jira,project,2021-05_to_2021-08,2021-05,2021-08,Flume,2,1,0.500000
JIRA,jira,project,2021-05_to_2021-08,2021-05,2021-08,Forge,95,9,0.094737
JIRA,jira,project,2021-05_to_2021-08,2021-05,2021-08,FtpServer,1,0,0.000000
JIRA,jira,project,2021-05_to_2021-08,2021-05,2021-08,Fuse Tooling,16,8,0.500000
JIRA,jira,project,2021-05_to_2021-08,2021-05,2021-08,Fuse/AMQ Documentation,1,0,0.000000
JIRA,jira,project,2021-05_to_2021-08,2021-05,2021-08,Geode,265,98,0.369811
JIRA,jira,project,2021-05_to_2021-08,2021-05,2021-08,Go Driver,112,13,0.116071
JIRA,jira,project,2021-05_to_2021-08,2021-05,2021-08,Griffin,1,1,1.000000
JIRA,jira,project,2021-05_to_2021-08,2021-05,2021-08,Griffin (Retired),1,0,0.000000
JIRA,jira,project,2021-05_to_2021-08,2021-05,2021-08,Groovy,123,56,0.455285
JIRA,jira,project,2021-05_to_2021-08,2021-05,2021-08,Guacamole,29,15,0.517241
JIRA,jira,project,2021-05_to_2021-08,2021-05,2021-08,HAL,1,0,0.000000
JIRA,jira,project,2021-05_to_2021-08,2021-05,2021-08,HBase,162,90,0.555556
JIRA,jira,project,2021-05_to_2021-08,2021-05,2021-08,Hadoop Common,126,44,0.349206
JIRA,jira,project,2021-05_to_2021-08,2021-05,2021-08,Hadoop HDFS,135,66,0.488889
JIRA,jira,project,2021-05_to_2021-08,2021-05,2021-08,Hadoop Map/Reduce,18,12,0.666667
JIRA,jira,project,2021-05_to_2021-08,2021-05,2021-08,Hadoop YARN,119,65,0.546218
JIRA,jira,project,2021-05_to_2021-08,2021-05,2021-08,Helm,3,3,1.000000
JIRA,jira,project,2021-05_to_2021-08,2021-05,2021-08,Hive,258,84,0.325581
JIRA,jira,project,2021-05_to_2021-08,2021-05,2021-08,Hivemall,5,5,1.000000
JIRA,jira,project,2021-05_to_2021-08,2021-05,2021-08,HttpComponents HttpClient,9,6,0.666667
JIRA,jira,project,2021-05_to_2021-08,2021-05,2021-08,HttpComponents HttpCore,2,2,1.000000
JIRA,jira,project,2021-05_to_2021-08,2021-05,2021-08,Hybrid Cloud Console,99,1,0.010101
JIRA,jira,project,2021-05_to_2021-08,2021-05,2021-08,Hybrid Cloud Infrastructure Documentation,1,0,0.000000
JIRA,jira,project,2021-05_to_2021-08,2021-05,2021-08,IMPALA,120,58,0.483333
JIRA,jira,project,2021-05_to_2021-08,2021-05,2021-08,Identity,27,7,0.259259
JIRA,jira,project,2021-05_to_2021-08,2021-05,2021-08,Ignite,328,129,0.393293
JIRA,jira,project,2021-05_to_2021-08,2021-05,2021-08,Incubator,4,0,0.000000
JIRA,jira,project,2021-05_to_2021-08,2021-05,2021-08,Infinispan,49,49,1.000000
JIRA,jira,project,2021-05_to_2021-08,2021-05,2021-08,Infinispan ProtoStream,3,3,1.000000
JIRA,jira,project,2021-05_to_2021-08,2021-05,2021-08,Infrastructure,40,40,1.000000
JIRA,jira,project,2021-05_to_2021-08,2021-05,2021-08,Insights Rule Analysis Tool,7,0,0.000000
JIRA,jira,project,2021-05_to_2021-08,2021-05,2021-08,Iroha,1,1,1.000000
JIRA,jira,project,2021-05_to_2021-08,2021-05,2021-08,IronJacamar,4,0,0.000000
JIRA,jira,project,2021-05_to_2021-08,2021-05,2021-08,Isis,11,11,1.000000
JIRA,jira,project,2021-05_to_2021-08,2021-05,2021-08,JBeret,3,3,1.000000
JIRA,jira,project,2021-05_to_2021-08,2021-05,2021-08,JBoss A,2,1,0.500000
JIRA,jira,project,2021-05_to_2021-08,2021-05,2021-08,JBoss Core Services,23,3,0.130435
JIRA,jira,project,2021-05_to_2021-08,2021-05,2021-08,JBoss ESB,1,1,1.000000
JIRA,jira,project,2021-05_to_2021-08,2021-05,2021-08,JBoss Enterprise Application Platform,300,65,0.216667
JIRA,jira,project,2021-05_to_2021-08,2021-05,2021-08,JBoss Marshalling,1,1,1.000000
JIRA,jira,project,2021-05_to_2021-08,2021-05,2021-08,JBoss Remoting (3+),7,0,0.000000
JIRA,jira,project,2021-05_to_2021-08,2021-05,2021-08,JBoss Server Migration Tool,6,2,0.333333
JIRA,jira,project,2021-05_to_2021-08,2021-05,2021-08,JBoss Transaction Manager,20,8,0.400000
JIRA,jira,project,2021-05_to_2021-08,2021-05,2021-08,JBoss Web Server,21,3,0.142857
JIRA,jira,project,2021-05_to_2021-08,2021-05,2021-08,JBoss Web Services,1,1,1.000000
JIRA,jira,project,2021-05_to_2021-08,2021-05,2021-08,JDO,2,0,0.000000
JIRA,jira,project,2021-05_to_2021-08,2021-05,2021-08,JGroups,3,2,0.666667
JIRA,jira,project,2021-05_to_2021-08,2021-05,2021-08,JIRA Service Desk Ecosystem,2,0,0.000000
JIRA,jira,project,2021-05_to_2021-08,2021-05,2021-08,Jackrabbit Content Repository,28,3,0.107143
JIRA,jira,project,2021-05_to_2021-08,2021-05,2021-08,Jackrabbit FileVault,15,9,0.600000
JIRA,jira,project,2021-05_to_2021-08,2021-05,2021-08,Jackrabbit Oak,109,35,0.321101
JIRA,jira,project,2021-05_to_2021-08,2021-05,2021-08,James Server,10,6,0.600000
JIRA,jira,project,2021-05_to_2021-08,2021-05,2021-08,Java Driver,131,13,0.099237
JIRA,jira,project,2021-05_to_2021-08,2021-05,2021-08,Jenkins Artifactory Plug,7,7,1.000000
JIRA,jira,project,2021-05_to_2021-08,2021-05,2021-08,Jira Admin Support,3,0,0.000000
JIRA,jira,project,2021-05_to_2021-08,2021-05,2021-08,Jira Align,389,13,0.033419
JIRA,jira,project,2021-05_to_2021-08,2021-05,2021-08,Jira Cloud,73,13,0.178082
JIRA,jira,project,2021-05_to_2021-08,2021-05,2021-08,Jira Data Center,296,22,0.074324
JIRA,jira,project,2021-05_to_2021-08,2021-05,2021-08,Jira Performance Testing Tools,4,0,0.000000
JIRA,jira,project,2021-05_to_2021-08,2021-05,2021-08,Jira Platform Cloud,805,18,0.022360
JIRA,jira,project,2021-05_to_2021-08,2021-05,2021-08,Jira Server and Data Center,5,5,1.000000
JIRA,jira,project,2021-05_to_2021-08,2021-05,2021-08,Jira Service Management Cloud,307,17,0.055375
JIRA,jira,project,2021-05_to_2021-08,2021-05,2021-08,Jira Service Management Data Center,986,16,0.016227
JIRA,jira,project,2021-05_to_2021-08,2021-05,2021-08,Jira Service Management Server and Data Center,6,6,1.000000
JIRA,jira,project,2021-05_to_2021-08,2021-05,2021-08,Jira Software Cloud,5,5,1.000000
JIRA,jira,project,2021-05_to_2021-08,2021-05,2021-08,Jira Software Data Center,145,4,0.027586
JIRA,jira,project,2021-05_to_2021-08,2021-05,2021-08,Jira Software Server and Data Center,2,2,1.000000
JIRA,jira,project,2021-05_to_2021-08,2021-05,2021-08,Jira Work Management Cloud,60,4,0.066667
JIRA,jira,project,2021-05_to_2021-08,2021-05,2021-08,Johnzon,2,2,1.000000
JIRA,jira,project,2021-05_to_2021-08,2021-05,2021-08,KIE Cloud,29,1,0.034483
JIRA,jira,project,2021-05_to_2021-08,2021-05,2021-08,Kafka,244,98,0.401639
JIRA,jira,project,2021-05_to_2021-08,2021-05,2021-08,Kafka Connector,26,6,0.230769
JIRA,jira,project,2021-05_to_2021-08,2021-05,2021-08,Karaf,17,12,0.705882
JIRA,jira,project,2021-05_to_2021-08,2021-05,2021-08,Keycloak,171,171,1.000000
JIRA,jira,project,2021-05_to_2021-08,2021-05,2021-08,Kiali QE,4,4,1.000000
JIRA,jira,project,2021-05_to_2021-08,2021-05,2021-08,Knative Serving,65,7,0.107692
JIRA,jira,project,2021-05_to_2021-08,2021-05,2021-08,Kogito,560,59,0.105357
JIRA,jira,project,2021-05_to_2021-08,2021-05,2021-08,Konflux UI,1,0,0.000000
JIRA,jira,project,2021-05_to_2021-08,2021-05,2021-08,Konveyor Tackle,52,1,0.019231
JIRA,jira,project,2021-05_to_2021-08,2021-05,2021-08,Kudu,20,15,0.750000
JIRA,jira,project,2021-05_to_2021-08,2021-05,2021-08,Kylin,27,16,0.592593
JIRA,jira,project,2021-05_to_2021-08,2021-05,2021-08,Legal Discuss,4,0,0.000000
JIRA,jira,project,2021-05_to_2021-08,2021-05,2021-08,Libmongocrypt,12,2,0.166667
JIRA,jira,project,2021-05_to_2021-08,2021-05,2021-08,Livy,9,4,0.444444
JIRA,jira,project,2021-05_to_2021-08,2021-05,2021-08,Log4cxx,5,3,0.600000
JIRA,jira,project,2021-05_to_2021-08,2021-05,2021-08,Log4j 2,23,18,0.782609
JIRA,jira,project,2021-05_to_2021-08,2021-05,2021-08,Log4net,2,1,0.500000
JIRA,jira,project,2021-05_to_2021-08,2021-05,2021-08,Lucene ,134,21,0.156716
JIRA,jira,project,2021-05_to_2021-08,2021-05,2021-08,MINA,4,2,0.500000
JIRA,jira,project,2021-05_to_2021-08,2021-05,2021-08,MINA SSHD,22,17,0.772727
JIRA,jira,project,2021-05_to_2021-08,2021-05,2021-08,Machine Config Operator,30,1,0.033333
JIRA,jira,project,2021-05_to_2021-08,2021-05,2021-08,Maistra,103,39,0.378641
JIRA,jira,project,2021-05_to_2021-08,2021-05,2021-08,Managed Service ,2,0,0.000000
JIRA,jira,project,2021-05_to_2021-08,2021-05,2021-08,ManifoldCF,3,2,0.666667
JIRA,jira,project,2021-05_to_2021-08,2021-05,2021-08,MariaDB ColumnStore,92,17,0.184783
JIRA,jira,project,2021-05_to_2021-08,2021-05,2021-08,MariaDB Connector/C,4,0,0.000000
JIRA,jira,project,2021-05_to_2021-08,2021-05,2021-08,MariaDB Connector/C++,1,1,1.000000
JIRA,jira,project,2021-05_to_2021-08,2021-05,2021-08,MariaDB Connector/J,3,0,0.000000
JIRA,jira,project,2021-05_to_2021-08,2021-05,2021-08,MariaDB Connector/ODBC,9,2,0.222222
JIRA,jira,project,2021-05_to_2021-08,2021-05,2021-08,MariaDB Connector/Python,4,1,0.250000
JIRA,jira,project,2021-05_to_2021-08,2021-05,2021-08,MariaDB Connector/node.js,1,1,1.000000
JIRA,jira,project,2021-05_to_2021-08,2021-05,2021-08,MariaDB Foundation Development,21,6,0.285714
JIRA,jira,project,2021-05_to_2021-08,2021-05,2021-08,MariaDB MaxScale,57,13,0.228070
JIRA,jira,project,2021-05_to_2021-08,2021-05,2021-08,MariaDB Server,529,298,0.563327
JIRA,jira,project,2021-05_to_2021-08,2021-05,2021-08,Maven (Moved to GitHub Issues),77,22,0.285714
JIRA,jira,project,2021-05_to_2021-08,2021-05,2021-08,Maven Antrun Plugin (Moved to GitHub Issues),1,0,0.000000
JIRA,jira,project,2021-05_to_2021-08,2021-05,2021-08,Maven Archetype (Moved to GitHub Issues),3,1,0.333333
JIRA,jira,project,2021-05_to_2021-08,2021-05,2021-08,Maven Artifact Plugin (Moved to GitHub Issues),12,2,0.166667
JIRA,jira,project,2021-05_to_2021-08,2021-05,2021-08,Maven Assembly Plugin (Moved to GitHub Issues),2,1,0.500000
JIRA,jira,project,2021-05_to_2021-08,2021-05,2021-08,Maven Changes Plugin (Moved to GitHub Issues),1,1,1.000000
JIRA,jira,project,2021-05_to_2021-08,2021-05,2021-08,Maven Checkstyle Plugin (Moved to GitHub Issues),4,3,0.750000
JIRA,jira,project,2021-05_to_2021-08,2021-05,2021-08,Maven Compiler Plugin (Moved to GitHub Issues),6,2,0.333333
JIRA,jira,project,2021-05_to_2021-08,2021-05,2021-08,Maven Dependency Plugin (Moved to GitHub Issues),15,6,0.400000
JIRA,jira,project,2021-05_to_2021-08,2021-05,2021-08,Maven Deploy Plugin (Moved to GitHub Issues),2,0,0.000000
JIRA,jira,project,2021-05_to_2021-08,2021-05,2021-08,Maven Doxia (Moved to GitHub Issues),1,0,0.000000
JIRA,jira,project,2021-05_to_2021-08,2021-05,2021-08,Maven Doxia Sitetools (Moved to GitHub Issues),6,1,0.166667
JIRA,jira,project,2021-05_to_2021-08,2021-05,2021-08,Maven Doxia Tools (Moved to GitHub Issues),1,0,0.000000
JIRA,jira,project,2021-05_to_2021-08,2021-05,2021-08,Maven EAR Plugin (Moved to GitHub Issues),2,1,0.500000
JIRA,jira,project,2021-05_to_2021-08,2021-05,2021-08,Maven Enforcer Plugin (Moved to GitHub Issues),16,7,0.437500
JIRA,jira,project,2021-05_to_2021-08,2021-05,2021-08,Maven GPG Plugin (Moved to GitHub Issues),1,0,0.000000
JIRA,jira,project,2021-05_to_2021-08,2021-05,2021-08,Maven Help Plugin (Moved to GitHub Issues),5,1,0.200000
JIRA,jira,project,2021-05_to_2021-08,2021-05,2021-08,Maven Indexer (Moved to GitHub Issues),1,1,1.000000
JIRA,jira,project,2021-05_to_2021-08,2021-05,2021-08,Maven Invoker Plugin (Moved to GitHub Issues),5,2,0.400000
JIRA,jira,project,2021-05_to_2021-08,2021-05,2021-08,Maven JDeps Plugin (Moved to GitHub Issues),1,0,0.000000
JIRA,jira,project,2021-05_to_2021-08,2021-05,2021-08,Maven Jar Signer Plugin (Moved to GitHub Issues),1,0,0.000000
JIRA,jira,project,2021-05_to_2021-08,2021-05,2021-08,Maven Javadoc Plugin (Moved to GitHub Issues),13,6,0.461538
JIRA,jira,project,2021-05_to_2021-08,2021-05,2021-08,Maven Linkcheck Plugin (Moved to GitHub Issues),1,0,0.000000
JIRA,jira,project,2021-05_to_2021-08,2021-05,2021-08,Maven PMD Plugin (Moved to GitHub Issues),5,2,0.400000
JIRA,jira,project,2021-05_to_2021-08,2021-05,2021-08,Maven POMs (Moved to GitHub issues),4,0,0.000000
JIRA,jira,project,2021-05_to_2021-08,2021-05,2021-08,Maven Project Info Reports Plugin (Moved to GitHub Issues),2,1,0.500000
JIRA,jira,project,2021-05_to_2021-08,2021-05,2021-08,Maven Project Web Site (Moved to GitHub Issues),6,1,0.166667
JIRA,jira,project,2021-05_to_2021-08,2021-05,2021-08,Maven Release Plugin (Moved to GitHub Issues),4,1,0.250000
JIRA,jira,project,2021-05_to_2021-08,2021-05,2021-08,Maven Remote Resources Plugin (Moved to GitHub Issues),1,0,0.000000
JIRA,jira,project,2021-05_to_2021-08,2021-05,2021-08,Maven Resolver (Moved to GitHub Issues),22,3,0.136364
JIRA,jira,project,2021-05_to_2021-08,2021-05,2021-08,Maven Resources Plugin (Moved to GitHub Issues),1,1,1.000000
JIRA,jira,project,2021-05_to_2021-08,2021-05,2021-08,Maven SCM (Moved to GitHub Issues),4,2,0.500000
JIRA,jira,project,2021-05_to_2021-08,2021-05,2021-08,Maven Scripting (Moved to GitHub Issues),1,0,0.000000
JIRA,jira,project,2021-05_to_2021-08,2021-05,2021-08,Maven Shade Plugin (Moved to GitHub Issues),18,4,0.222222
JIRA,jira,project,2021-05_to_2021-08,2021-05,2021-08,Maven Shared Components,6,0,0.000000
JIRA,jira,project,2021-05_to_2021-08,2021-05,2021-08,Maven Site Plugin (Moved to GitHub Issues),3,1,0.333333
JIRA,jira,project,2021-05_to_2021-08,2021-05,2021-08,Maven Skins (Moved to GitHub Issues),2,0,0.000000
JIRA,jira,project,2021-05_to_2021-08,2021-05,2021-08,Maven Surefire (Moved to GitHub Issues),31,12,0.387097
JIRA,jira,project,2021-05_to_2021-08,2021-05,2021-08,Maven WAR Plugin (Moved to GitHub Issues),2,2,1.000000
JIRA,jira,project,2021-05_to_2021-08,2021-05,2021-08,Maven Wagon (Moved to GitHub Issues),2,1,0.500000
JIRA,jira,project,2021-05_to_2021-08,2021-05,2021-08,Maven Wrapper (Moved to GitHub Issues),1,1,1.000000
JIRA,jira,project,2021-05_to_2021-08,2021-05,2021-08,Mesos,6,6,1.000000
JIRA,jira,project,2021-05_to_2021-08,2021-05,2021-08,Migration Platform,110,20,0.181818
JIRA,jira,project,2021-05_to_2021-08,2021-05,2021-08,Migration Toolkit for Virtualization,74,3,0.040541
JIRA,jira,project,2021-05_to_2021-08,2021-05,2021-08,Minecraft (Bedrock codebase),67,67,1.000000
JIRA,jira,project,2021-05_to_2021-08,2021-05,2021-08,Minecraft Dungeons,8,8,1.000000
JIRA,jira,project,2021-05_to_2021-08,2021-05,2021-08,Minecraft Launcher,99,99,1.000000
JIRA,jira,project,2021-05_to_2021-08,2021-05,2021-08,Minecraft Realms,35,35,1.000000
JIRA,jira,project,2021-05_to_2021-08,2021-05,2021-08,Minecraft: Java Edition,405,405,1.000000
JIRA,jira,project,2021-05_to_2021-08,2021-05,2021-08,Mnemonic,12,12,1.000000
JIRA,jira,project,2021-05_to_2021-08,2021-05,2021-08,Mnemonic (Retired),2,1,0.500000
JIRA,jira,project,2021-05_to_2021-08,2021-05,2021-08,Modular Service Container,3,0,0.000000
JIRA,jira,project,2021-05_to_2021-08,2021-05,2021-08,Mojang Web Services,16,16,1.000000
JIRA,jira,project,2021-05_to_2021-08,2021-05,2021-08,MongoDB Database Tools,70,11,0.157143
JIRA,jira,project,2021-05_to_2021-08,2021-05,2021-08,MongoDB Shell,193,31,0.160622
JIRA,jira,project,2021-05_to_2021-08,2021-05,2021-08,Mongoid,65,13,0.200000
JIRA,jira,project,2021-05_to_2021-08,2021-05,2021-08,Motor,57,9,0.157895
JIRA,jira,project,2021-05_to_2021-08,2021-05,2021-08,Multiple Architecture Enablement,100,16,0.160000
JIRA,jira,project,2021-05_to_2021-08,2021-05,2021-08,MyFaces Core,5,2,0.400000
JIRA,jira,project,2021-05_to_2021-08,2021-05,2021-08,MyFaces Tobago,3,0,0.000000
JIRA,jira,project,2021-05_to_2021-08,2021-05,2021-08,NLPCraft,2,2,1.000000
JIRA,jira,project,2021-05_to_2021-08,2021-05,2021-08,NLPCraft (Retired),5,1,0.200000
JIRA,jira,project,2021-05_to_2021-08,2021-05,2021-08,NetBeans,121,88,0.727273
JIRA,jira,project,2021-05_to_2021-08,2021-05,2021-08,Network Edge,70,1,0.014286
JIRA,jira,project,2021-05_to_2021-08,2021-05,2021-08,Network Hardware Enablement,12,0,0.000000
JIRA,jira,project,2021-05_to_2021-08,2021-05,2021-08,Network Observability,17,0,0.000000
JIRA,jira,project,2021-05_to_2021-08,2021-05,2021-08,Node.js Driver,282,34,0.120567
JIRA,jira,project,2021-05_to_2021-08,2021-05,2021-08,Nutch,23,5,0.217391
JIRA,jira,project,2021-05_to_2021-08,2021-05,2021-08,OCMUI ,14,0,0.000000
JIRA,jira,project,2021-05_to_2021-08,2021-05,2021-08,OCP Technical Release Team,10,1,0.100000
JIRA,jira,project,2021-05_to_2021-08,2021-05,2021-08,OFBiz,51,7,0.137255
JIRA,jira,project,2021-05_to_2021-08,2021-05,2021-08,ORC,93,15,0.161290
JIRA,jira,project,2021-05_to_2021-08,2021-05,2021-08,OSS Index Vulnerabilities,1,1,1.000000
JIRA,jira,project,2021-05_to_2021-08,2021-05,2021-08,Observability Documentation,4,0,0.000000
JIRA,jira,project,2021-05_to_2021-08,2021-05,2021-08,Observability and Data Analysis Program,46,0,0.000000
JIRA,jira,project,2021-05_to_2021-08,2021-05,2021-08,Olingo,4,3,0.750000
JIRA,jira,project,2021-05_to_2021-08,2021-05,2021-08,On Prem Networking,11,0,0.000000
JIRA,jira,project,2021-05_to_2021-08,2021-05,2021-08,Oozie,7,7,1.000000
JIRA,jira,project,2021-05_to_2021-08,2021-05,2021-08,Oozie (Retired),1,1,1.000000
JIRA,jira,project,2021-05_to_2021-08,2021-05,2021-08,Open Data Hub,21,4,0.190476
JIRA,jira,project,2021-05_to_2021-08,2021-05,2021-08,OpenJDK,34,2,0.058824
JIRA,jira,project,2021-05_to_2021-08,2021-05,2021-08,OpenJPA,5,1,0.200000
JIRA,jira,project,2021-05_to_2021-08,2021-05,2021-08,OpenNLP,7,2,0.285714
JIRA,jira,project,2021-05_to_2021-08,2021-05,2021-08,OpenOffice,1,0,0.000000
JIRA,jira,project,2021-05_to_2021-08,2021-05,2021-08,OpenShift API Server,38,1,0.026316
JIRA,jira,project,2021-05_to_2021-08,2021-05,2021-08,OpenShift API for Data Protection,6,1,0.166667
JIRA,jira,project,2021-05_to_2021-08,2021-05,2021-08,OpenShift App Analytics,151,2,0.013245
JIRA,jira,project,2021-05_to_2021-08,2021-05,2021-08,OpenShift Application Platform Engineering,1,0,0.000000
JIRA,jira,project,2021-05_to_2021-08,2021-05,2021-08,OpenShift Authentication,35,0,0.000000
JIRA,jira,project,2021-05_to_2021-08,2021-05,2021-08,OpenShift Autoscaling,3,0,0.000000
JIRA,jira,project,2021-05_to_2021-08,2021-05,2021-08,OpenShift Bugs,103,40,0.388350
JIRA,jira,project,2021-05_to_2021-08,2021-05,2021-08,OpenShift BuildConfig,20,1,0.050000
JIRA,jira,project,2021-05_to_2021-08,2021-05,2021-08,OpenShift Builds,11,0,0.000000
JIRA,jira,project,2021-05_to_2021-08,2021-05,2021-08,OpenShift CFE,100,1,0.010000
JIRA,jira,project,2021-05_to_2021-08,2021-05,2021-08,OpenShift Cloud,82,3,0.036585
JIRA,jira,project,2021-05_to_2021-08,2021-05,2021-08,OpenShift Cloud Credential Operator,39,3,0.076923
JIRA,jira,project,2021-05_to_2021-08,2021-05,2021-08,OpenShift Console,103,1,0.009709
JIRA,jira,project,2021-05_to_2021-08,2021-05,2021-08,OpenShift Container Platform (OCP) Strategy,12,0,0.000000
JIRA,jira,project,2021-05_to_2021-08,2021-05,2021-08,OpenShift Core Networking,282,11,0.039007
JIRA,jira,project,2021-05_to_2021-08,2021-05,2021-08,OpenShift Dev Console,21,21,1.000000
JIRA,jira,project,2021-05_to_2021-08,2021-05,2021-08,OpenShift Edge,3,0,0.000000
JIRA,jira,project,2021-05_to_2021-08,2021-05,2021-08,OpenShift Etcd,32,0,0.000000
JIRA,jira,project,2021-05_to_2021-08,2021-05,2021-08,OpenShift GitOps,199,9,0.045226
JIRA,jira,project,2021-05_to_2021-08,2021-05,2021-08,OpenShift Hive,105,29,0.276190
JIRA,jira,project,2021-05_to_2021-08,2021-05,2021-08,OpenShift Hosted Control Plane,50,9,0.180000
JIRA,jira,project,2021-05_to_2021-08,2021-05,2021-08,OpenShift Image Registry,18,2,0.111111
JIRA,jira,project,2021-05_to_2021-08,2021-05,2021-08,OpenShift Installer,43,1,0.023256
JIRA,jira,project,2021-05_to_2021-08,2021-05,2021-08,OpenShift Jenkins,14,1,0.071429
JIRA,jira,project,2021-05_to_2021-08,2021-05,2021-08,OpenShift Logging,291,57,0.195876
JIRA,jira,project,2021-05_to_2021-08,2021-05,2021-08,OpenShift Migration Toolkit for Containers,130,3,0.023077
JIRA,jira,project,2021-05_to_2021-08,2021-05,2021-08,OpenShift Monitoring,137,7,0.051095
JIRA,jira,project,2021-05_to_2021-08,2021-05,2021-08,OpenShift Node,70,2,0.028571
JIRA,jira,project,2021-05_to_2021-08,2021-05,2021-08,OpenShift Over the Air,69,4,0.057971
JIRA,jira,project,2021-05_to_2021-08,2021-05,2021-08,OpenShift Pipelines,149,10,0.067114
JIRA,jira,project,2021-05_to_2021-08,2021-05,2021-08,OpenShift Pod Autoscaling,3,0,0.000000
JIRA,jira,project,2021-05_to_2021-08,2021-05,2021-08,OpenShift Request For Enhancement,218,5,0.022936
JIRA,jira,project,2021-05_to_2021-08,2021-05,2021-08,OpenShift SDN,20,20,1.000000
JIRA,jira,project,2021-05_to_2021-08,2021-05,2021-08,OpenShift Service Mesh,169,21,0.124260
JIRA,jira,project,2021-05_to_2021-08,2021-05,2021-08,OpenShift Service Mesh Documentation,1,1,1.000000
JIRA,jira,project,2021-05_to_2021-08,2021-05,2021-08,OpenShift Specialist Platform Team,64,4,0.062500
JIRA,jira,project,2021-05_to_2021-08,2021-05,2021-08,OpenShift Storage,74,1,0.013514
JIRA,jira,project,2021-05_to_2021-08,2021-05,2021-08,OpenShift Top Level Product Strategy,720,42,0.058333
JIRA,jira,project,2021-05_to_2021-08,2021-05,2021-08,OpenShift UX Product Design,101,0,0.000000
JIRA,jira,project,2021-05_to_2021-08,2021-05,2021-08,OpenShift Virtualization,35,2,0.057143
JIRA,jira,project,2021-05_to_2021-08,2021-05,2021-08,OpenShift Windows Containers,60,8,0.133333
JIRA,jira,project,2021-05_to_2021-08,2021-05,2021-08,OpenShift Workloads,52,1,0.019231
JIRA,jira,project,2021-05_to_2021-08,2021-05,2021-08,OpenStack Strategy,1,0,0.000000
JIRA,jira,project,2021-05_to_2021-08,2021-05,2021-08,OpenStack as Infra,231,4,0.017316
JIRA,jira,project,2021-05_to_2021-08,2021-05,2021-08,OpenWebBeans,2,2,1.000000
JIRA,jira,project,2021-05_to_2021-08,2021-05,2021-08,Openmeetings,12,4,0.333333
JIRA,jira,project,2021-05_to_2021-08,2021-05,2021-08,Openshift sandboxed containers,18,17,0.944444
JIRA,jira,project,2021-05_to_2021-08,2021-05,2021-08,Operator Ecosystem,166,5,0.030120
JIRA,jira,project,2021-05_to_2021-08,2021-05,2021-08,Operator Lifecycle Manager,2,2,1.000000
JIRA,jira,project,2021-05_to_2021-08,2021-05,2021-08,Operator Runtime,125,6,0.048000
JIRA,jira,project,2021-05_to_2021-08,2021-05,2021-08,Operator SDK,1,1,1.000000
JIRA,jira,project,2021-05_to_2021-08,2021-05,2021-08,Opsgenie,12,0,0.000000
JIRA,jira,project,2021-05_to_2021-08,2021-05,2021-08,OptaPlanner,49,10,0.204082
JIRA,jira,project,2021-05_to_2021-08,2021-05,2021-08,PDFBox,35,16,0.457143
JIRA,jira,project,2021-05_to_2021-08,2021-05,2021-08,PHP Driver: Extension,88,13,0.147727
JIRA,jira,project,2021-05_to_2021-08,2021-05,2021-08,PHP Driver: Library,56,0,0.000000
JIRA,jira,project,2021-05_to_2021-08,2021-05,2021-08,Parquet,43,8,0.186047
JIRA,jira,project,2021-05_to_2021-08,2021-05,2021-08,Performance and Scale for AI Platforms,105,3,0.028571
JIRA,jira,project,2021-05_to_2021-08,2021-05,2021-08,Phoenix,28,19,0.678571
JIRA,jira,project,2021-05_to_2021-08,2021-05,2021-08,Phoenix Omid,6,2,0.333333
JIRA,jira,project,2021-05_to_2021-08,2021-05,2021-08,Phoenix Tephra,1,0,0.000000
JIRA,jira,project,2021-05_to_2021-08,2021-05,2021-08,PicketBox,1,1,1.000000
JIRA,jira,project,2021-05_to_2021-08,2021-05,2021-08,Pig,1,1,1.000000
JIRA,jira,project,2021-05_to_2021-08,2021-05,2021-08,Pluto (Retired),6,0,0.000000
JIRA,jira,project,2021-05_to_2021-08,2021-05,2021-08,Podling Suitable Names Search,1,0,0.000000
JIRA,jira,project,2021-05_to_2021-08,2021-05,2021-08,Product Technical Learning,277,21,0.075812
JIRA,jira,project,2021-05_to_2021-08,2021-05,2021-08,Project Quay,330,104,0.315152
JIRA,jira,project,2021-05_to_2021-08,2021-05,2021-08,PyLucene,2,2,1.000000
JIRA,jira,project,2021-05_to_2021-08,2021-05,2021-08,Python Driver,154,50,0.324675
JIRA,jira,project,2021-05_to_2021-08,2021-05,2021-08,Python Integrations,12,2,0.166667
JIRA,jira,project,2021-05_to_2021-08,2021-05,2021-08,"Qbs (""Cubes"")",19,4,0.210526
JIRA,jira,project,2021-05_to_2021-08,2021-05,2021-08,Qpid,18,8,0.444444
JIRA,jira,project,2021-05_to_2021-08,2021-05,2021-08,Qpid Dispatch,89,71,0.797753
JIRA,jira,project,2021-05_to_2021-08,2021-05,2021-08,Qpid JMS,1,1,1.000000
JIRA,jira,project,2021-05_to_2021-08,2021-05,2021-08,Qpid Proton,12,6,0.500000
JIRA,jira,project,2021-05_to_2021-08,2021-05,2021-08,Qt,1868,546,0.292291
JIRA,jira,project,2021-05_to_2021-08,2021-05,2021-08,Qt 3D Studio,2,0,0.000000
JIRA,jira,project,2021-05_to_2021-08,2021-05,2021-08,Qt Automotive Suite,1,1,1.000000
JIRA,jira,project,2021-05_to_2021-08,2021-05,2021-08,Qt Creator,407,94,0.230958
JIRA,jira,project,2021-05_to_2021-08,2021-05,2021-08,Qt Design Studio,254,33,0.129921
JIRA,jira,project,2021-05_to_2021-08,2021-05,2021-08,Qt Extensions,6,3,0.500000
JIRA,jira,project,2021-05_to_2021-08,2021-05,2021-08,Qt Installer Framework,54,8,0.148148
JIRA,jira,project,2021-05_to_2021-08,2021-05,2021-08,Qt Playground Projects,1,0,0.000000
JIRA,jira,project,2021-05_to_2021-08,2021-05,2021-08,Qt Project Website,8,1,0.125000
JIRA,jira,project,2021-05_to_2021-08,2021-05,2021-08,Qt Quality Assurance Infrastructure,50,10,0.200000
JIRA,jira,project,2021-05_to_2021-08,2021-05,2021-08,Qt Safe Renderer,1,1,1.000000
JIRA,jira,project,2021-05_to_2021-08,2021-05,2021-08,Qt Visual Studio Tools,22,6,0.272727
JIRA,jira,project,2021-05_to_2021-08,2021-05,2021-08,Qt WebBrowser,1,0,0.000000
JIRA,jira,project,2021-05_to_2021-08,2021-05,2021-08,Qt for MCUs,6,6,1.000000
JIRA,jira,project,2021-05_to_2021-08,2021-05,2021-08,Qt for Python,73,36,0.493151
JIRA,jira,project,2021-05_to_2021-08,2021-05,2021-08,Quarkus,148,22,0.148649
JIRA,jira,project,2021-05_to_2021-08,2021-05,2021-08,Quick Reload,1,1,1.000000
JIRA,jira,project,2021-05_to_2021-08,2021-05,2021-08,RDO Project,2,0,0.000000
JIRA,jira,project,2021-05_to_2021-08,2021-05,2021-08,RESTEasy,56,12,0.214286
JIRA,jira,project,2021-05_to_2021-08,2021-05,2021-08,RH,9,1,0.111111
JIRA,jira,project,2021-05_to_2021-08,2021-05,2021-08,RHEL,6,2,0.333333
JIRA,jira,project,2021-05_to_2021-08,2021-05,2021-08,RHEL Conversions,4,0,0.000000
JIRA,jira,project,2021-05_to_2021-08,2021-05,2021-08,RHEL Testing,3,3,1.000000
JIRA,jira,project,2021-05_to_2021-08,2021-05,2021-08,RHOSP Docs,1,1,1.000000
JIRA,jira,project,2021-05_to_2021-08,2021-05,2021-08,Ranger,32,13,0.406250
JIRA,jira,project,2021-05_to_2021-08,2021-05,2021-08,Ratis,12,3,0.250000
JIRA,jira,project,2021-05_to_2021-08,2021-05,2021-08,Reactive JVM Platform,1,0,0.000000
JIRA,jira,project,2021-05_to_2021-08,2021-05,2021-08,Red Hat 3scale API Management,187,24,0.128342
JIRA,jira,project,2021-05_to_2021-08,2021-05,2021-08,Red Hat Advanced Cluster Management,2,0,0.000000
JIRA,jira,project,2021-05_to_2021-08,2021-05,2021-08,Red Hat CodeReady Studio (devstudio),1,1,1.000000
JIRA,jira,project,2021-05_to_2021-08,2021-05,2021-08,Red Hat CodeReady Workspaces,64,64,1.000000
JIRA,jira,project,2021-05_to_2021-08,2021-05,2021-08,Red Hat Data Grid,41,9,0.219512
JIRA,jira,project,2021-05_to_2021-08,2021-05,2021-08,Red Hat Decision Manager,36,15,0.416667
JIRA,jira,project,2021-05_to_2021-08,2021-05,2021-08,Red Hat Directory Server,1,1,1.000000
JIRA,jira,project,2021-05_to_2021-08,2021-05,2021-08,Red Hat Fuse,203,62,0.305419
JIRA,jira,project,2021-05_to_2021-08,2021-05,2021-08,Red Hat Insights ,5,5,1.000000
JIRA,jira,project,2021-05_to_2021-08,2021-05,2021-08,Red Hat Insights Engineering,1,0,0.000000
JIRA,jira,project,2021-05_to_2021-08,2021-05,2021-08,Red Hat OpenShift Data Science,497,8,0.016097
JIRA,jira,project,2021-05_to_2021-08,2021-05,2021-08,Red Hat OpenShift Dev Spaces (formerly CodeReady Workspaces),190,45,0.236842
JIRA,jira,project,2021-05_to_2021-08,2021-05,2021-08,Red Hat OpenStack Services on OpenShift,28,8,0.285714
JIRA,jira,project,2021-05_to_2021-08,2021-05,2021-08,Red Hat Process Automation Manager,102,27,0.264706
JIRA,jira,project,2021-05_to_2021-08,2021-05,2021-08,Red Hat Service Interconnect (Skupper),1,0,0.000000
JIRA,jira,project,2021-05_to_2021-08,2021-05,2021-08,Ruby Driver,161,18,0.111801
JIRA,jira,project,2021-05_to_2021-08,2021-05,2021-08,Rust Driver,196,6,0.030612
JIRA,jira,project,2021-05_to_2021-08,2021-05,2021-08,SAML for Atlassian Data Center,8,2,0.250000
JIRA,jira,project,2021-05_to_2021-08,2021-05,2021-08,Sakai,353,111,0.314448
JIRA,jira,project,2021-05_to_2021-08,2021-05,2021-08,Samza,6,2,0.333333
JIRA,jira,project,2021-05_to_2021-08,2021-05,2021-08,Santuario,3,1,0.333333
JIRA,jira,project,2021-05_to_2021-08,2021-05,2021-08,Satellite,291,9,0.030928
JIRA,jira,project,2021-05_to_2021-08,2021-05,2021-08,Server Deployments and Scale,2,0,0.000000
JIRA,jira,project,2021-05_to_2021-08,2021-05,2021-08,Server Platform Frontend,171,8,0.046784
JIRA,jira,project,2021-05_to_2021-08,2021-05,2021-08,Shiro,15,4,0.266667
JIRA,jira,project,2021-05_to_2021-08,2021-05,2021-08,ShrinkWrap Resolvers,1,1,1.000000
JIRA,jira,project,2021-05_to_2021-08,2021-05,2021-08,Sling,110,45,0.409091
JIRA,jira,project,2021-05_to_2021-08,2021-05,2021-08,Solr,128,44,0.343750
JIRA,jira,project,2021-05_to_2021-08,2021-05,2021-08,Sourcetree For Mac,26,10,0.384615
JIRA,jira,project,2021-05_to_2021-08,2021-05,2021-08,Sourcetree for Windows,29,16,0.551724
JIRA,jira,project,2021-05_to_2021-08,2021-05,2021-08,Spark,1114,203,0.182226
JIRA,jira,project,2021-05_to_2021-08,2021-05,2021-08,Spark Connector,13,3,0.230769
JIRA,jira,project,2021-05_to_2021-08,2021-05,2021-08,Spatial Information Systems,3,0,0.000000
JIRA,jira,project,2021-05_to_2021-08,2021-05,2021-08,StreamPipes,71,6,0.084507
JIRA,jira,project,2021-05_to_2021-08,2021-05,2021-08,Struts 2,6,0,0.000000
JIRA,jira,project,2021-05_to_2021-08,2021-05,2021-08,Subscription Watch,2,0,0.000000
JIRA,jira,project,2021-05_to_2021-08,2021-05,2021-08,Subversion,2,2,1.000000
JIRA,jira,project,2021-05_to_2021-08,2021-05,2021-08,Swift Driver,1,1,1.000000
JIRA,jira,project,2021-05_to_2021-08,2021-05,2021-08,Syncope,4,1,0.250000
JIRA,jira,project,2021-05_to_2021-08,2021-05,2021-08,SystemDS,48,24,0.500000
JIRA,jira,project,2021-05_to_2021-08,2021-05,2021-08,TOREE,2,1,0.500000
JIRA,jira,project,2021-05_to_2021-08,2021-05,2021-08,Tapestry 5,6,2,0.333333
JIRA,jira,project,2021-05_to_2021-08,2021-05,2021-08,TeamCity Artifactory Plug,2,2,1.000000
JIRA,jira,project,2021-05_to_2021-08,2021-05,2021-08,Teiid,6,3,0.500000
JIRA,jira,project,2021-05_to_2021-08,2021-05,2021-08,Thrift,25,10,0.400000
JIRA,jira,project,2021-05_to_2021-08,2021-05,2021-08,Tika,28,22,0.785714
JIRA,jira,project,2021-05_to_2021-08,2021-05,2021-08,TinkerPop,20,16,0.800000
JIRA,jira,project,2021-05_to_2021-08,2021-05,2021-08,TomEE,17,7,0.411765
JIRA,jira,project,2021-05_to_2021-08,2021-05,2021-08,Tools (JBoss Tools),37,15,0.405405
JIRA,jira,project,2021-05_to_2021-08,2021-05,2021-08,Turbine,1,1,1.000000
JIRA,jira,project,2021-05_to_2021-08,2021-05,2021-08,UIMA,12,0,0.000000
JIRA,jira,project,2021-05_to_2021-08,2021-05,2021-08,Undertow,39,16,0.410256
JIRA,jira,project,2021-05_to_2021-08,2021-05,2021-08,Use OCPBUGS now,95,5,0.052632
JIRA,jira,project,2021-05_to_2021-08,2021-05,2021-08,VCL,2,0,0.000000
JIRA,jira,project,2021-05_to_2021-08,2021-05,2021-08,VS Code Extension,24,3,0.125000
JIRA,jira,project,2021-05_to_2021-08,2021-05,2021-08,Velocity,1,1,1.000000
JIRA,jira,project,2021-05_to_2021-08,2021-05,2021-08,Visual Design,5,0,0.000000
JIRA,jira,project,2021-05_to_2021-08,2021-05,2021-08,WINDUP ,44,4,0.090909
JIRA,jira,project,2021-05_to_2021-08,2021-05,2021-08,WINDUPRULE ,14,0,0.000000
JIRA,jira,project,2021-05_to_2021-08,2021-05,2021-08,WSS4J,1,0,0.000000
JIRA,jira,project,2021-05_to_2021-08,2021-05,2021-08,Web Terminal for OpenShift,8,2,0.250000
JIRA,jira,project,2021-05_to_2021-08,2021-05,2021-08,Weld,5,3,0.600000
JIRA,jira,project,2021-05_to_2021-08,2021-05,2021-08,Whimsy,3,2,0.666667
JIRA,jira,project,2021-05_to_2021-08,2021-05,2021-08,Wicket,9,4,0.444444
JIRA,jira,project,2021-05_to_2021-08,2021-05,2021-08,WildFly,196,37,0.188776
JIRA,jira,project,2021-05_to_2021-08,2021-05,2021-08,WildFly Arquillian,2,0,0.000000
JIRA,jira,project,2021-05_to_2021-08,2021-05,2021-08,WildFly Core,74,10,0.135135
JIRA,jira,project,2021-05_to_2021-08,2021-05,2021-08,WildFly EJB HTTP Client,1,0,0.000000
JIRA,jira,project,2021-05_to_2021-08,2021-05,2021-08,WildFly Elytron,21,6,0.285714
JIRA,jira,project,2021-05_to_2021-08,2021-05,2021-08,WildFly Elytron EE,1,0,0.000000
JIRA,jira,project,2021-05_to_2021-08,2021-05,2021-08,WildFly Elytron MicroProfile,1,0,0.000000
JIRA,jira,project,2021-05_to_2021-08,2021-05,2021-08,WildFly Naming Client,1,0,0.000000
JIRA,jira,project,2021-05_to_2021-08,2021-05,2021-08,WildFly OpenSSL,1,1,1.000000
JIRA,jira,project,2021-05_to_2021-08,2021-05,2021-08,WildFly Transaction Client,1,1,1.000000
JIRA,jira,project,2021-05_to_2021-08,2021-05,2021-08,WildFly WIP,2,1,0.500000
JIRA,jira,project,2021-05_to_2021-08,2021-05,2021-08,WiredTiger,484,215,0.444215
JIRA,jira,project,2021-05_to_2021-08,2021-05,2021-08,XMLBeans,1,1,1.000000
JIRA,jira,project,2021-05_to_2021-08,2021-05,2021-08,XMLGraphicsCommons,1,0,0.000000
JIRA,jira,project,2021-05_to_2021-08,2021-05,2021-08,XNIO,1,0,0.000000
JIRA,jira,project,2021-05_to_2021-08,2021-05,2021-08,Xerces,7,4,0.571429
JIRA,jira,project,2021-05_to_2021-08,2021-05,2021-08,Xerces2,2,1,0.500000
JIRA,jira,project,2021-05_to_2021-08,2021-05,2021-08,Yetus,2,1,0.500000
JIRA,jira,project,2021-05_to_2021-08,2021-05,2021-08,Zeppelin,36,23,0.638889
JIRA,jira,project,2021-05_to_2021-08,2021-05,2021-08,ZooKeeper,45,20,0.444444
JIRA,jira,project,2021-05_to_2021-08,2021-05,2021-08,aardvark,11,11,1.000000
JIRA,jira,project,2021-05_to_2021-08,2021-05,2021-08,jBPM,54,34,0.629630
JIRA,jira,project,2021-05_to_2021-08,2021-05,2021-08,jclouds,6,6,1.000000
JIRA,jira,project,2021-05_to_2021-08,2021-05,2021-08,mod_cluster,2,1,0.500000
JIRA,jira,project,2021-05_to_2021-08,2021-05,2021-08,repository.jboss.org/nexus,1,1,1.000000
JIRA,jira,project,2021-05_to_2021-08,2021-05,2021-08,serf,1,1,1.000000
JIRA,jira,project,2021-05_to_2021-08,2021-05,2021-08,www.apache.org website,1,0,0.000000
JIRA,jira,project,2021-09_to_2021-12,2021-09,2021-12,A,3,2,0.666667
JIRA,jira,project,2021-09_to_2021-12,2021-09,2021-12,AMQ Broker,205,27,0.131707
JIRA,jira,project,2021-09_to_2021-12,2021-09,2021-12,AMQ Clients,8,3,0.375000
JIRA,jira,project,2021-09_to_2021-12,2021-09,2021-12,AMQ Documentation,11,0,0.000000
JIRA,jira,project,2021-09_to_2021-12,2021-09,2021-12,AMQ Interconnect,18,0,0.000000
JIRA,jira,project,2021-09_to_2021-12,2021-09,2021-12,AMQ Streams,141,7,0.049645
JIRA,jira,project,2021-09_to_2021-12,2021-09,2021-12,Aapche Age 2,1,1,1.000000
JIRA,jira,project,2021-09_to_2021-12,2021-09,2021-12,ActiveMQ,6,6,1.000000
JIRA,jira,project,2021-09_to_2021-12,2021-09,2021-12,ActiveMQ (Read,23,8,0.347826
JIRA,jira,project,2021-09_to_2021-12,2021-09,2021-12,ActiveMQ .Net,3,1,0.333333
JIRA,jira,project,2021-09_to_2021-12,2021-09,2021-12,ActiveMQ Apollo (Retired),1,0,0.000000
JIRA,jira,project,2021-09_to_2021-12,2021-09,2021-12,ActiveMQ Artemis,9,9,1.000000
JIRA,jira,project,2021-09_to_2021-12,2021-09,2021-12,ActiveMQ C++ Client,2,2,1.000000
JIRA,jira,project,2021-09_to_2021-12,2021-09,2021-12,ActiveObjects,3,0,0.000000
JIRA,jira,project,2021-09_to_2021-12,2021-09,2021-12,Admin Experience,53,2,0.037736
JIRA,jira,project,2021-09_to_2021-12,2021-09,2021-12,Advanced Roadmaps,2,2,1.000000
JIRA,jira,project,2021-09_to_2021-12,2021-09,2021-12,Agent,3,0,0.000000
JIRA,jira,project,2021-09_to_2021-12,2021-09,2021-12,Agroal,2,2,1.000000
JIRA,jira,project,2021-09_to_2021-12,2021-09,2021-12,Airavata,15,8,0.533333
JIRA,jira,project,2021-09_to_2021-12,2021-09,2021-12,Ambari,6,2,0.333333
JIRA,jira,project,2021-09_to_2021-12,2021-09,2021-12,Ansible Automation Platform RFEs,7,0,0.000000
JIRA,jira,project,2021-09_to_2021-12,2021-09,2021-12,Apache AGE,18,0,0.000000
JIRA,jira,project,2021-09_to_2021-12,2021-09,2021-12,Apache Any23,3,3,1.000000
JIRA,jira,project,2021-09_to_2021-12,2021-09,2021-12,Apache Any23 (Retired),17,1,0.058824
JIRA,jira,project,2021-09_to_2021-12,2021-09,2021-12,Apache Arrow,1407,273,0.194030
JIRA,jira,project,2021-09_to_2021-12,2021-09,2021-12,Apache AsterixDB,12,4,0.333333
JIRA,jira,project,2021-09_to_2021-12,2021-09,2021-12,Apache Avro,55,23,0.418182
JIRA,jira,project,2021-09_to_2021-12,2021-09,2021-12,Apache Cassandra,272,77,0.283088
JIRA,jira,project,2021-09_to_2021-12,2021-09,2021-12,Apache Crail,1,1,1.000000
JIRA,jira,project,2021-09_to_2021-12,2021-09,2021-12,Apache Curator,14,2,0.142857
JIRA,jira,project,2021-09_to_2021-12,2021-09,2021-12,Apache DataLab (Retired),3,0,0.000000
JIRA,jira,project,2021-09_to_2021-12,2021-09,2021-12,Apache Drill,59,27,0.457627
JIRA,jira,project,2021-09_to_2021-12,2021-09,2021-12,Apache Fineract,42,7,0.166667
JIRA,jira,project,2021-09_to_2021-12,2021-09,2021-12,Apache Freemarker,7,1,0.142857
JIRA,jira,project,2021-09_to_2021-12,2021-09,2021-12,Apache Gobblin,14,5,0.357143
JIRA,jira,project,2021-09_to_2021-12,2021-09,2021-12,Apache Gora (Retired),5,0,0.000000
JIRA,jira,project,2021-09_to_2021-12,2021-09,2021-12,Apache Helix,2,0,0.000000
JIRA,jira,project,2021-09_to_2021-12,2021-09,2021-12,Apache Hop,19,19,1.000000
JIRA,jira,project,2021-09_to_2021-12,2021-09,2021-12,Apache Hop (Retired),145,7,0.048276
JIRA,jira,project,2021-09_to_2021-12,2021-09,2021-12,Apache Horn (Retired),1,0,0.000000
JIRA,jira,project,2021-09_to_2021-12,2021-09,2021-12,Apache Hudi,584,79,0.135274
JIRA,jira,project,2021-09_to_2021-12,2021-09,2021-12,Apache InLong,2,0,0.000000
JIRA,jira,project,2021-09_to_2021-12,2021-09,2021-12,Apache IoTDB,207,47,0.227053
JIRA,jira,project,2021-09_to_2021-12,2021-09,2021-12,Apache Jena,34,13,0.382353
JIRA,jira,project,2021-09_to_2021-12,2021-09,2021-12,Apache Knox,16,5,0.312500
JIRA,jira,project,2021-09_to_2021-12,2021-09,2021-12,Apache Liminal (Retired),3,0,0.000000
JIRA,jira,project,2021-09_to_2021-12,2021-09,2021-12,Apache Maven Resource Bundles (Moved to GitHub Issues),4,1,0.250000
JIRA,jira,project,2021-09_to_2021-12,2021-09,2021-12,Apache NiFi,153,50,0.326797
JIRA,jira,project,2021-09_to_2021-12,2021-09,2021-12,Apache NiFi MiNiFi C++,34,6,0.176471
JIRA,jira,project,2021-09_to_2021-12,2021-09,2021-12,Apache Ozone,241,76,0.315353
JIRA,jira,project,2021-09_to_2021-12,2021-09,2021-12,Apache PLC4X,13,9,0.692308
JIRA,jira,project,2021-09_to_2021-12,2021-09,2021-12,Apache QPID Interoperability Test Suite,1,1,1.000000
JIRA,jira,project,2021-09_to_2021-12,2021-09,2021-12,Apache RAT,3,0,0.000000
JIRA,jira,project,2021-09_to_2021-12,2021-09,2021-12,Apache Roller,1,1,1.000000
JIRA,jira,project,2021-09_to_2021-12,2021-09,2021-12,Apache Science Data Analytics Platform,15,2,0.133333
JIRA,jira,project,2021-09_to_2021-12,2021-09,2021-12,Apache Sedona,11,3,0.272727
JIRA,jira,project,2021-09_to_2021-12,2021-09,2021-12,Apache ServiceComb,15,1,0.066667
JIRA,jira,project,2021-09_to_2021-12,2021-09,2021-12,Apache Storm,21,5,0.238095
JIRA,jira,project,2021-09_to_2021-12,2021-09,2021-12,Apache Submarine,73,6,0.082192
JIRA,jira,project,2021-09_to_2021-12,2021-09,2021-12,Apache Tentacles,1,0,0.000000
JIRA,jira,project,2021-09_to_2021-12,2021-09,2021-12,Apache Tez,26,11,0.423077
JIRA,jira,project,2021-09_to_2021-12,2021-09,2021-12,Apache Unomi,29,2,0.068966
JIRA,jira,project,2021-09_to_2021-12,2021-09,2021-12,Apache Wayang,3,2,0.666667
JIRA,jira,project,2021-09_to_2021-12,2021-09,2021-12,Apache Whisker,1,0,0.000000
JIRA,jira,project,2021-09_to_2021-12,2021-09,2021-12,Apache YuniKorn,147,7,0.047619
JIRA,jira,project,2021-09_to_2021-12,2021-09,2021-12,AppFormer,17,8,0.470588
JIRA,jira,project,2021-09_to_2021-12,2021-09,2021-12,Archiva (Retired),2,0,0.000000
JIRA,jira,project,2021-09_to_2021-12,2021-09,2021-12,Aries,2,0,0.000000
JIRA,jira,project,2021-09_to_2021-12,2021-09,2021-12,Arquillian,1,0,0.000000
JIRA,jira,project,2021-09_to_2021-12,2021-09,2021-12,Artemis,112,24,0.214286
JIRA,jira,project,2021-09_to_2021-12,2021-09,2021-12,Artifactory Binary Repository,85,85,1.000000
JIRA,jira,project,2021-09_to_2021-12,2021-09,2021-12,Atlas,44,23,0.522727
JIRA,jira,project,2021-09_to_2021-12,2021-09,2021-12,Atlassian Browser DevTools,11,0,0.000000
JIRA,jira,project,2021-09_to_2021-12,2021-09,2021-12,Atlassian Cloud,50,4,0.080000
JIRA,jira,project,2021-09_to_2021-12,2021-09,2021-12,Atlassian Connect JavaScript API,2,0,0.000000
JIRA,jira,project,2021-09_to_2021-12,2021-09,2021-12,Atlassian Connect Spring Boot,2,0,0.000000
JIRA,jira,project,2021-09_to_2021-12,2021-09,2021-12,Atlassian Connect in Jira Cloud,32,8,0.250000
JIRA,jira,project,2021-09_to_2021-12,2021-09,2021-12,Atlassian Ecosystem,3,1,0.333333
JIRA,jira,project,2021-09_to_2021-12,2021-09,2021-12,Atlassian Gadgets,1,0,0.000000
JIRA,jira,project,2021-09_to_2021-12,2021-09,2021-12,Atlassian Guard,38,2,0.052632
JIRA,jira,project,2021-09_to_2021-12,2021-09,2021-12,Atlassian Intelligence,14,1,0.071429
JIRA,jira,project,2021-09_to_2021-12,2021-09,2021-12,Atlassian Internationalization,45,0,0.000000
JIRA,jira,project,2021-09_to_2021-12,2021-09,2021-12,Atlassian Marketplace,11,1,0.090909
JIRA,jira,project,2021-09_to_2021-12,2021-09,2021-12,Atlassian Maven Plugin Suite,7,0,0.000000
JIRA,jira,project,2021-09_to_2021-12,2021-09,2021-12,Atlassian Plugins,2,1,0.500000
JIRA,jira,project,2021-09_to_2021-12,2021-09,2021-12,Atlassian Plugins Webresources,29,4,0.137931
JIRA,jira,project,2021-09_to_2021-12,2021-09,2021-12,Atlassian Product Integrations,18,0,0.000000
JIRA,jira,project,2021-09_to_2021-12,2021-09,2021-12,Atlassian Soy Templates,1,0,0.000000
JIRA,jira,project,2021-09_to_2021-12,2021-09,2021-12,Atlassian Troubleshooting & Support Tools Plugin,10,2,0.200000
JIRA,jira,project,2021-09_to_2021-12,2021-09,2021-12,Atlassian User Interface,7,0,0.000000
JIRA,jira,project,2021-09_to_2021-12,2021-09,2021-12,Atlassian WebHooks Plugin,1,0,0.000000
JIRA,jira,project,2021-09_to_2021-12,2021-09,2021-12,Attic,2,0,0.000000
JIRA,jira,project,2021-09_to_2021-12,2021-09,2021-12,Automation Analytics,8,8,1.000000
JIRA,jira,project,2021-09_to_2021-12,2021-09,2021-12,Automation Hub,8,8,1.000000
JIRA,jira,project,2021-09_to_2021-12,2021-09,2021-12,Automation for Cloud,42,2,0.047619
JIRA,jira,project,2021-09_to_2021-12,2021-09,2021-12,Automation for Jira Server,42,3,0.071429
JIRA,jira,project,2021-09_to_2021-12,2021-09,2021-12,Axiom,2,0,0.000000
JIRA,jira,project,2021-09_to_2021-12,2021-09,2021-12,Axis2,7,4,0.571429
JIRA,jira,project,2021-09_to_2021-12,2021-09,2021-12,BVal,1,1,1.000000
JIRA,jira,project,2021-09_to_2021-12,2021-09,2021-12,Bahir (Retired),8,1,0.125000
JIRA,jira,project,2021-09_to_2021-12,2021-09,2021-12,Bamboo,4,4,1.000000
JIRA,jira,project,2021-09_to_2021-12,2021-09,2021-12,Bamboo Data Center,103,6,0.058252
JIRA,jira,project,2021-09_to_2021-12,2021-09,2021-12,Batik,2,2,1.000000
JIRA,jira,project,2021-09_to_2021-12,2021-09,2021-12,Beam,704,108,0.153409
JIRA,jira,project,2021-09_to_2021-12,2021-09,2021-12,Bedrock Dedicated Server,17,17,1.000000
JIRA,jira,project,2021-09_to_2021-12,2021-09,2021-12,Bigtop,26,15,0.576923
JIRA,jira,project,2021-09_to_2021-12,2021-09,2021-12,Bitbucket Cloud,216,10,0.046296
JIRA,jira,project,2021-09_to_2021-12,2021-09,2021-12,Bitbucket Data Center,100,4,0.040000
JIRA,jira,project,2021-09_to_2021-12,2021-09,2021-12,Bitbucket Server,1,1,1.000000
JIRA,jira,project,2021-09_to_2021-12,2021-09,2021-12,Blockchain Explorer,2,2,1.000000
JIRA,jira,project,2021-09_to_2021-12,2021-09,2021-12,Build Info,1,1,1.000000
JIRA,jira,project,2021-09_to_2021-12,2021-09,2021-12,BxMS Documentation,47,1,0.021277
JIRA,jira,project,2021-09_to_2021-12,2021-09,2021-12,C Driver,96,24,0.250000
JIRA,jira,project,2021-09_to_2021-12,2021-09,2021-12,C# Driver,152,24,0.157895
JIRA,jira,project,2021-09_to_2021-12,2021-09,2021-12,C++ Driver,53,5,0.094340
JIRA,jira,project,2021-09_to_2021-12,2021-09,2021-12,COVIDSafeNC,5,5,1.000000
JIRA,jira,project,2021-09_to_2021-12,2021-09,2021-12,CXF,24,11,0.458333
JIRA,jira,project,2021-09_to_2021-12,2021-09,2021-12,CaRT,3,3,1.000000
JIRA,jira,project,2021-09_to_2021-12,2021-09,2021-12,Calcite,151,65,0.430464
JIRA,jira,project,2021-09_to_2021-12,2021-09,2021-12,Camel,220,91,0.413636
JIRA,jira,project,2021-09_to_2021-12,2021-09,2021-12,CarbonData,9,8,0.888889
JIRA,jira,project,2021-09_to_2021-12,2021-09,2021-12,Cassandra,18,18,1.000000
JIRA,jira,project,2021-09_to_2021-12,2021-09,2021-12,Causeway,58,5,0.086207
JIRA,jira,project,2021-09_to_2021-12,2021-09,2021-12,Cayenne,2,2,1.000000
JIRA,jira,project,2021-09_to_2021-12,2021-09,2021-12,CentOS Stream Pipeline,90,12,0.133333
JIRA,jira,project,2021-09_to_2021-12,2021-09,2021-12,Cert Manager support for Red Hat OpenShift,6,0,0.000000
JIRA,jira,project,2021-09_to_2021-12,2021-09,2021-12,Certification Partner Experience Public,3,0,0.000000
JIRA,jira,project,2021-09_to_2021-12,2021-09,2021-12,Clair,2,0,0.000000
JIRA,jira,project,2021-09_to_2021-12,2021-09,2021-12,Client,3,0,0.000000
JIRA,jira,project,2021-09_to_2021-12,2021-09,2021-12,Cloud Enablement,20,0,0.000000
JIRA,jira,project,2021-09_to_2021-12,2021-09,2021-12,Cloud Infrastructure Security & Compliance,73,1,0.013699
JIRA,jira,project,2021-09_to_2021-12,2021-09,2021-12,Cloud Native Runtimes (CNR) Documentation,1,0,0.000000
JIRA,jira,project,2021-09_to_2021-12,2021-09,2021-12,Cockpit,4,0,0.000000
JIRA,jira,project,2021-09_to_2021-12,2021-09,2021-12,Coin,30,3,0.100000
JIRA,jira,project,2021-09_to_2021-12,2021-09,2021-12,Commerce,1,0,0.000000
JIRA,jira,project,2021-09_to_2021-12,2021-09,2021-12,Commons BCEL,3,3,1.000000
JIRA,jira,project,2021-09_to_2021-12,2021-09,2021-12,Commons CLI,3,3,1.000000
JIRA,jira,project,2021-09_to_2021-12,2021-09,2021-12,Commons CSV,6,4,0.666667
JIRA,jira,project,2021-09_to_2021-12,2021-09,2021-12,Commons Codec,1,0,0.000000
JIRA,jira,project,2021-09_to_2021-12,2021-09,2021-12,Commons Collections,4,0,0.000000
JIRA,jira,project,2021-09_to_2021-12,2021-09,2021-12,Commons Compress,9,6,0.666667
JIRA,jira,project,2021-09_to_2021-12,2021-09,2021-12,Commons Configuration,2,0,0.000000
JIRA,jira,project,2021-09_to_2021-12,2021-09,2021-12,Commons DBCP,1,1,1.000000
JIRA,jira,project,2021-09_to_2021-12,2021-09,2021-12,Commons Daemon,3,2,0.666667
JIRA,jira,project,2021-09_to_2021-12,2021-09,2021-12,Commons Digester,1,1,1.000000
JIRA,jira,project,2021-09_to_2021-12,2021-09,2021-12,Commons FileUpload,3,0,0.000000
JIRA,jira,project,2021-09_to_2021-12,2021-09,2021-12,Commons Geometry,1,0,0.000000
JIRA,jira,project,2021-09_to_2021-12,2021-09,2021-12,Commons IO,9,5,0.555556
JIRA,jira,project,2021-09_to_2021-12,2021-09,2021-12,Commons Imaging,8,1,0.125000
JIRA,jira,project,2021-09_to_2021-12,2021-09,2021-12,Commons JCS,1,0,0.000000
JIRA,jira,project,2021-09_to_2021-12,2021-09,2021-12,Commons JEXL,3,2,0.666667
JIRA,jira,project,2021-09_to_2021-12,2021-09,2021-12,Commons Lang,7,1,0.142857
JIRA,jira,project,2021-09_to_2021-12,2021-09,2021-12,Commons Math,5,3,0.600000
JIRA,jira,project,2021-09_to_2021-12,2021-09,2021-12,Commons Net,2,0,0.000000
JIRA,jira,project,2021-09_to_2021-12,2021-09,2021-12,Commons Numbers,14,3,0.214286
JIRA,jira,project,2021-09_to_2021-12,2021-09,2021-12,Commons Pool,4,0,0.000000
JIRA,jira,project,2021-09_to_2021-12,2021-09,2021-12,Commons RNG,3,0,0.000000
JIRA,jira,project,2021-09_to_2021-12,2021-09,2021-12,Commons Statistics,12,2,0.166667
JIRA,jira,project,2021-09_to_2021-12,2021-09,2021-12,Commons VFS,1,1,1.000000
JIRA,jira,project,2021-09_to_2021-12,2021-09,2021-12,Community Development,6,2,0.333333
JIRA,jira,project,2021-09_to_2021-12,2021-09,2021-12,Community Support ,162,162,1.000000
JIRA,jira,project,2021-09_to_2021-12,2021-09,2021-12,Compass,221,3,0.013575
JIRA,jira,project,2021-09_to_2021-12,2021-09,2021-12,Composable Compute,1,0,0.000000
JIRA,jira,project,2021-09_to_2021-12,2021-09,2021-12,Confluence Cloud,438,36,0.082192
JIRA,jira,project,2021-09_to_2021-12,2021-09,2021-12,Confluence Copy Space Plugin,1,0,0.000000
JIRA,jira,project,2021-09_to_2021-12,2021-09,2021-12,Confluence Data Center,265,29,0.109434
JIRA,jira,project,2021-09_to_2021-12,2021-09,2021-12,Confluence Server and Data Center,5,5,1.000000
JIRA,jira,project,2021-09_to_2021-12,2021-09,2021-12,Container Tools,46,1,0.021739
JIRA,jira,project,2021-09_to_2021-12,2021-09,2021-12,Content Gateway,4,0,0.000000
JIRA,jira,project,2021-09_to_2021-12,2021-09,2021-12,Continuous Productization DevOps,6,6,1.000000
JIRA,jira,project,2021-09_to_2021-12,2021-09,2021-12,Contrib: Big Blue Button,2,2,1.000000
JIRA,jira,project,2021-09_to_2021-12,2021-09,2021-12,Contrib: Clog,4,2,0.500000
JIRA,jira,project,2021-09_to_2021-12,2021-09,2021-12,Core Server,2420,340,0.140496
JIRA,jira,project,2021-09_to_2021-12,2021-09,2021-12,CoreOS OCP,9,0,0.000000
JIRA,jira,project,2021-09_to_2021-12,2021-09,2021-12,Cost Management,33,22,0.666667
JIRA,jira,project,2021-09_to_2021-12,2021-09,2021-12,Crowd,1,1,1.000000
JIRA,jira,project,2021-09_to_2021-12,2021-09,2021-12,Crowd Data Center,22,0,0.000000
JIRA,jira,project,2021-09_to_2021-12,2021-09,2021-12,Crucible,2,0,0.000000
JIRA,jira,project,2021-09_to_2021-12,2021-09,2021-12,DAOS,336,336,1.000000
JIRA,jira,project,2021-09_to_2021-12,2021-09,2021-12,Daffodil,31,14,0.451613
JIRA,jira,project,2021-09_to_2021-12,2021-09,2021-12,DataFu,1,0,0.000000
JIRA,jira,project,2021-09_to_2021-12,2021-09,2021-12,Database as a Service,41,2,0.048780
JIRA,jira,project,2021-09_to_2021-12,2021-09,2021-12,Debezium,464,141,0.303879
JIRA,jira,project,2021-09_to_2021-12,2021-09,2021-12,Derby,1,1,1.000000
JIRA,jira,project,2021-09_to_2021-12,2021-09,2021-12,Derby (Retired),1,1,1.000000
JIRA,jira,project,2021-09_to_2021-12,2021-09,2021-12,Dev ,58,58,1.000000
JIRA,jira,project,2021-09_to_2021-12,2021-09,2021-12,Directory ApacheDS,6,3,0.500000
JIRA,jira,project,2021-09_to_2021-12,2021-09,2021-12,Directory Client API,2,2,1.000000
JIRA,jira,project,2021-09_to_2021-12,2021-09,2021-12,Directory Studio,3,3,1.000000
JIRA,jira,project,2021-09_to_2021-12,2021-09,2021-12,Distributed Tracing,83,2,0.024096
JIRA,jira,project,2021-09_to_2021-12,2021-09,2021-12,Docs for Red Hat Developers,205,4,0.019512
JIRA,jira,project,2021-09_to_2021-12,2021-09,2021-12,Documentation,7,7,1.000000
JIRA,jira,project,2021-09_to_2021-12,2021-09,2021-12,Drivers,57,6,0.105263
JIRA,jira,project,2021-09_to_2021-12,2021-09,2021-12,Drools,118,32,0.271186
JIRA,jira,project,2021-09_to_2021-12,2021-09,2021-12,EAP Documentation,3,0,0.000000
JIRA,jira,project,2021-09_to_2021-12,2021-09,2021-12,ENTSBT,8,2,0.250000
JIRA,jira,project,2021-09_to_2021-12,2021-09,2021-12,Eclipse Che development,1,1,1.000000
JIRA,jira,project,2021-09_to_2021-12,2021-09,2021-12,Elytron Web,9,0,0.000000
JIRA,jira,project,2021-09_to_2021-12,2021-09,2021-12,Empire,2,0,0.000000
JIRA,jira,project,2021-09_to_2021-12,2021-09,2021-12,Evergreen,40,40,1.000000
JIRA,jira,project,2021-09_to_2021-12,2021-09,2021-12,FOP,5,1,0.200000
JIRA,jira,project,2021-09_to_2021-12,2021-09,2021-12,FORTRESS,4,0,0.000000
JIRA,jira,project,2021-09_to_2021-12,2021-09,2021-12,Fast Datapath Product,3,0,0.000000
JIRA,jira,project,2021-09_to_2021-12,2021-09,2021-12,Fedora,44,19,0.431818
JIRA,jira,project,2021-09_to_2021-12,2021-09,2021-12,Felix,24,2,0.083333
JIRA,jira,project,2021-09_to_2021-12,2021-09,2021-12,Fidelis AI,65,8,0.123077
JIRA,jira,project,2021-09_to_2021-12,2021-09,2021-12,FishEye,1,0,0.000000
JIRA,jira,project,2021-09_to_2021-12,2021-09,2021-12,Flink,832,360,0.432692
JIRA,jira,project,2021-09_to_2021-12,2021-09,2021-12,Flume,2,0,0.000000
JIRA,jira,project,2021-09_to_2021-12,2021-09,2021-12,Forge,208,22,0.105769
JIRA,jira,project,2021-09_to_2021-12,2021-09,2021-12,Fuse Tooling,44,11,0.250000
JIRA,jira,project,2021-09_to_2021-12,2021-09,2021-12,Fuse/AMQ Documentation,17,1,0.058824
JIRA,jira,project,2021-09_to_2021-12,2021-09,2021-12,Geode,297,117,0.393939
JIRA,jira,project,2021-09_to_2021-12,2021-09,2021-12,Go Driver,82,8,0.097561
JIRA,jira,project,2021-09_to_2021-12,2021-09,2021-12,Griffin (Retired),1,0,0.000000
JIRA,jira,project,2021-09_to_2021-12,2021-09,2021-12,Groovy,204,84,0.411765
JIRA,jira,project,2021-09_to_2021-12,2021-09,2021-12,Guacamole,33,7,0.212121
JIRA,jira,project,2021-09_to_2021-12,2021-09,2021-12,HAL,4,1,0.250000
JIRA,jira,project,2021-09_to_2021-12,2021-09,2021-12,HBase,219,74,0.337900
JIRA,jira,project,2021-09_to_2021-12,2021-09,2021-12,Hadoop Common,127,44,0.346457
JIRA,jira,project,2021-09_to_2021-12,2021-09,2021-12,Hadoop HDFS,142,34,0.239437
JIRA,jira,project,2021-09_to_2021-12,2021-09,2021-12,Hadoop Map/Reduce,5,4,0.800000
JIRA,jira,project,2021-09_to_2021-12,2021-09,2021-12,Hadoop YARN,97,34,0.350515
JIRA,jira,project,2021-09_to_2021-12,2021-09,2021-12,Helm,3,3,1.000000
JIRA,jira,project,2021-09_to_2021-12,2021-09,2021-12,Hive,243,66,0.271605
JIRA,jira,project,2021-09_to_2021-12,2021-09,2021-12,Hot Rod Native client,1,1,1.000000
JIRA,jira,project,2021-09_to_2021-12,2021-09,2021-12,HttpComponents HttpClient,9,7,0.777778
JIRA,jira,project,2021-09_to_2021-12,2021-09,2021-12,HttpComponents HttpCore,11,7,0.636364
JIRA,jira,project,2021-09_to_2021-12,2021-09,2021-12,Hybrid Application Console,4,4,1.000000
JIRA,jira,project,2021-09_to_2021-12,2021-09,2021-12,Hybrid Cloud Console,135,3,0.022222
JIRA,jira,project,2021-09_to_2021-12,2021-09,2021-12,IMPALA,111,50,0.450450
JIRA,jira,project,2021-09_to_2021-12,2021-09,2021-12,Identity,22,3,0.136364
JIRA,jira,project,2021-09_to_2021-12,2021-09,2021-12,Ignite,466,151,0.324034
JIRA,jira,project,2021-09_to_2021-12,2021-09,2021-12,Incubator,1,0,0.000000
JIRA,jira,project,2021-09_to_2021-12,2021-09,2021-12,Infinispan,48,48,1.000000
JIRA,jira,project,2021-09_to_2021-12,2021-09,2021-12,Infinispan ProtoStream,1,1,1.000000
JIRA,jira,project,2021-09_to_2021-12,2021-09,2021-12,Infrastructure,32,32,1.000000
JIRA,jira,project,2021-09_to_2021-12,2021-09,2021-12,Insights Rule Analysis Tool,8,1,0.125000
JIRA,jira,project,2021-09_to_2021-12,2021-09,2021-12,Iroha,2,2,1.000000
JIRA,jira,project,2021-09_to_2021-12,2021-09,2021-12,IronJacamar,7,3,0.428571
JIRA,jira,project,2021-09_to_2021-12,2021-09,2021-12,Isis,6,6,1.000000
JIRA,jira,project,2021-09_to_2021-12,2021-09,2021-12,Ivy,3,1,0.333333
JIRA,jira,project,2021-09_to_2021-12,2021-09,2021-12,JBeret,4,0,0.000000
JIRA,jira,project,2021-09_to_2021-12,2021-09,2021-12,JBoss A,1,0,0.000000
JIRA,jira,project,2021-09_to_2021-12,2021-09,2021-12,JBoss Core Services,27,3,0.111111
JIRA,jira,project,2021-09_to_2021-12,2021-09,2021-12,JBoss Developer Materials,1,0,0.000000
JIRA,jira,project,2021-09_to_2021-12,2021-09,2021-12,JBoss Enterprise Application Platform,355,53,0.149296
JIRA,jira,project,2021-09_to_2021-12,2021-09,2021-12,JBoss Log Manager,6,1,0.166667
JIRA,jira,project,2021-09_to_2021-12,2021-09,2021-12,JBoss Logging,5,0,0.000000
JIRA,jira,project,2021-09_to_2021-12,2021-09,2021-12,JBoss Modules,3,3,1.000000
JIRA,jira,project,2021-09_to_2021-12,2021-09,2021-12,JBoss Server Migration Tool,11,0,0.000000
JIRA,jira,project,2021-09_to_2021-12,2021-09,2021-12,JBoss Transaction Manager,26,5,0.192308
JIRA,jira,project,2021-09_to_2021-12,2021-09,2021-12,JBoss Web Server,32,0,0.000000
JIRA,jira,project,2021-09_to_2021-12,2021-09,2021-12,JBoss Web Services,14,3,0.214286
JIRA,jira,project,2021-09_to_2021-12,2021-09,2021-12,JDO,3,0,0.000000
JIRA,jira,project,2021-09_to_2021-12,2021-09,2021-12,JFrog UX,1,1,1.000000
JIRA,jira,project,2021-09_to_2021-12,2021-09,2021-12,JGroups,20,4,0.200000
JIRA,jira,project,2021-09_to_2021-12,2021-09,2021-12,JIRA Service Desk Ecosystem,1,0,0.000000
JIRA,jira,project,2021-09_to_2021-12,2021-09,2021-12,JSPWiki,8,1,0.125000
JIRA,jira,project,2021-09_to_2021-12,2021-09,2021-12,Jackrabbit Content Repository,24,2,0.083333
JIRA,jira,project,2021-09_to_2021-12,2021-09,2021-12,Jackrabbit FileVault,13,9,0.692308
JIRA,jira,project,2021-09_to_2021-12,2021-09,2021-12,Jackrabbit Oak,74,24,0.324324
JIRA,jira,project,2021-09_to_2021-12,2021-09,2021-12,James Mailbox,2,2,1.000000
JIRA,jira,project,2021-09_to_2021-12,2021-09,2021-12,James Mime4j,5,3,0.600000
JIRA,jira,project,2021-09_to_2021-12,2021-09,2021-12,James Server,16,8,0.500000
JIRA,jira,project,2021-09_to_2021-12,2021-09,2021-12,James jDKIM,1,0,0.000000
JIRA,jira,project,2021-09_to_2021-12,2021-09,2021-12,James jSPF,1,0,0.000000
JIRA,jira,project,2021-09_to_2021-12,2021-09,2021-12,Java Driver,125,17,0.136000
JIRA,jira,project,2021-09_to_2021-12,2021-09,2021-12,Jenkins Artifactory Plug,4,4,1.000000
JIRA,jira,project,2021-09_to_2021-12,2021-09,2021-12,Jetspeed (Retired),1,0,0.000000
JIRA,jira,project,2021-09_to_2021-12,2021-09,2021-12,Jira Admin Support,3,0,0.000000
JIRA,jira,project,2021-09_to_2021-12,2021-09,2021-12,Jira Align,262,15,0.057252
JIRA,jira,project,2021-09_to_2021-12,2021-09,2021-12,Jira Cloud,58,15,0.258621
JIRA,jira,project,2021-09_to_2021-12,2021-09,2021-12,Jira Data Center,327,20,0.061162
JIRA,jira,project,2021-09_to_2021-12,2021-09,2021-12,Jira Performance Testing Tools,17,1,0.058824
JIRA,jira,project,2021-09_to_2021-12,2021-09,2021-12,Jira Platform Cloud,788,26,0.032995
JIRA,jira,project,2021-09_to_2021-12,2021-09,2021-12,Jira Service Management Cloud,353,14,0.039660
JIRA,jira,project,2021-09_to_2021-12,2021-09,2021-12,Jira Service Management Data Center,242,10,0.041322
JIRA,jira,project,2021-09_to_2021-12,2021-09,2021-12,Jira Service Management Server and Data Center,1,1,1.000000
JIRA,jira,project,2021-09_to_2021-12,2021-09,2021-12,Jira Software Cloud,4,4,1.000000
JIRA,jira,project,2021-09_to_2021-12,2021-09,2021-12,Jira Software Data Center,121,5,0.041322
JIRA,jira,project,2021-09_to_2021-12,2021-09,2021-12,Jira Software Server and Data Center,1,1,1.000000
JIRA,jira,project,2021-09_to_2021-12,2021-09,2021-12,Jira Work Management Cloud,47,0,0.000000
JIRA,jira,project,2021-09_to_2021-12,2021-09,2021-12,Johnzon,1,0,0.000000
JIRA,jira,project,2021-09_to_2021-12,2021-09,2021-12,KIE Cloud,38,2,0.052632
JIRA,jira,project,2021-09_to_2021-12,2021-09,2021-12,Kafka,209,78,0.373206
JIRA,jira,project,2021-09_to_2021-12,2021-09,2021-12,Kafka Connector,20,3,0.150000
JIRA,jira,project,2021-09_to_2021-12,2021-09,2021-12,Karaf,19,8,0.421053
JIRA,jira,project,2021-09_to_2021-12,2021-09,2021-12,Keycloak,82,82,1.000000
JIRA,jira,project,2021-09_to_2021-12,2021-09,2021-12,Kiali QE,6,6,1.000000
JIRA,jira,project,2021-09_to_2021-12,2021-09,2021-12,Knative Serving,54,4,0.074074
JIRA,jira,project,2021-09_to_2021-12,2021-09,2021-12,Kogito,491,36,0.073320
JIRA,jira,project,2021-09_to_2021-12,2021-09,2021-12,Konflux UI,1,0,0.000000
JIRA,jira,project,2021-09_to_2021-12,2021-09,2021-12,Konveyor Tackle,14,0,0.000000
JIRA,jira,project,2021-09_to_2021-12,2021-09,2021-12,Kudu,20,9,0.450000
JIRA,jira,project,2021-09_to_2021-12,2021-09,2021-12,Kylin,42,33,0.785714
JIRA,jira,project,2021-09_to_2021-12,2021-09,2021-12,Legal Discuss,4,0,0.000000
JIRA,jira,project,2021-09_to_2021-12,2021-09,2021-12,Libmongocrypt,25,2,0.080000
JIRA,jira,project,2021-09_to_2021-12,2021-09,2021-12,Livy,15,2,0.133333
JIRA,jira,project,2021-09_to_2021-12,2021-09,2021-12,Log4cxx,3,3,1.000000
JIRA,jira,project,2021-09_to_2021-12,2021-09,2021-12,Log4j 2,71,29,0.408451
JIRA,jira,project,2021-09_to_2021-12,2021-09,2021-12,Log4net,6,2,0.333333
JIRA,jira,project,2021-09_to_2021-12,2021-09,2021-12,Lucene ,263,46,0.174905
JIRA,jira,project,2021-09_to_2021-12,2021-09,2021-12,MINA,5,4,0.800000
JIRA,jira,project,2021-09_to_2021-12,2021-09,2021-12,MINA SSHD,8,7,0.875000
JIRA,jira,project,2021-09_to_2021-12,2021-09,2021-12,Machine Config Operator,57,1,0.017544
JIRA,jira,project,2021-09_to_2021-12,2021-09,2021-12,Mahout,1,0,0.000000
JIRA,jira,project,2021-09_to_2021-12,2021-09,2021-12,Maistra,47,23,0.489362
JIRA,jira,project,2021-09_to_2021-12,2021-09,2021-12,Managed Service ,4,0,0.000000
JIRA,jira,project,2021-09_to_2021-12,2021-09,2021-12,Managed Services ,1,0,0.000000
JIRA,jira,project,2021-09_to_2021-12,2021-09,2021-12,ManifoldCF,7,6,0.857143
JIRA,jira,project,2021-09_to_2021-12,2021-09,2021-12,MariaDB ColumnStore,78,26,0.333333
JIRA,jira,project,2021-09_to_2021-12,2021-09,2021-12,MariaDB Connector/C,4,0,0.000000
JIRA,jira,project,2021-09_to_2021-12,2021-09,2021-12,MariaDB Connector/J,9,2,0.222222
JIRA,jira,project,2021-09_to_2021-12,2021-09,2021-12,MariaDB Connector/ODBC,4,2,0.500000
JIRA,jira,project,2021-09_to_2021-12,2021-09,2021-12,MariaDB Connector/Python,8,1,0.125000
JIRA,jira,project,2021-09_to_2021-12,2021-09,2021-12,MariaDB Connector/R2DBC,1,0,0.000000
JIRA,jira,project,2021-09_to_2021-12,2021-09,2021-12,MariaDB Connector/node.js,3,0,0.000000
JIRA,jira,project,2021-09_to_2021-12,2021-09,2021-12,MariaDB Foundation Development,33,4,0.121212
JIRA,jira,project,2021-09_to_2021-12,2021-09,2021-12,MariaDB MaxScale,101,19,0.188119
JIRA,jira,project,2021-09_to_2021-12,2021-09,2021-12,MariaDB Server,608,322,0.529605
JIRA,jira,project,2021-09_to_2021-12,2021-09,2021-12,Maven (Moved to GitHub Issues),136,32,0.235294
JIRA,jira,project,2021-09_to_2021-12,2021-09,2021-12,Maven Antrun Plugin (Moved to GitHub Issues),3,0,0.000000
JIRA,jira,project,2021-09_to_2021-12,2021-09,2021-12,Maven Archetype (Moved to GitHub Issues),6,2,0.333333
JIRA,jira,project,2021-09_to_2021-12,2021-09,2021-12,Maven Artifact Plugin (Moved to GitHub Issues),4,3,0.750000
JIRA,jira,project,2021-09_to_2021-12,2021-09,2021-12,Maven Assembly Plugin (Moved to GitHub Issues),2,0,0.000000
JIRA,jira,project,2021-09_to_2021-12,2021-09,2021-12,Maven Build Cache Extension (Moved to GitHub Issues),11,0,0.000000
JIRA,jira,project,2021-09_to_2021-12,2021-09,2021-12,Maven Changes Plugin (Moved to GitHub Issues),1,0,0.000000
JIRA,jira,project,2021-09_to_2021-12,2021-09,2021-12,Maven Checkstyle Plugin (Moved to GitHub Issues),2,2,1.000000
JIRA,jira,project,2021-09_to_2021-12,2021-09,2021-12,Maven Clean Plugin (Moved to GitHub Issues),2,0,0.000000
JIRA,jira,project,2021-09_to_2021-12,2021-09,2021-12,Maven Compiler Plugin (Moved to GitHub Issues),8,3,0.375000
JIRA,jira,project,2021-09_to_2021-12,2021-09,2021-12,Maven Dependency Plugin (Moved to GitHub Issues),18,8,0.444444
JIRA,jira,project,2021-09_to_2021-12,2021-09,2021-12,Maven Deploy Plugin (Moved to GitHub Issues),2,1,0.500000
JIRA,jira,project,2021-09_to_2021-12,2021-09,2021-12,Maven Doxia (Moved to GitHub Issues),13,0,0.000000
JIRA,jira,project,2021-09_to_2021-12,2021-09,2021-12,Maven Doxia Sitetools (Moved to GitHub Issues),5,0,0.000000
JIRA,jira,project,2021-09_to_2021-12,2021-09,2021-12,Maven EAR Plugin (Moved to GitHub Issues),3,0,0.000000
JIRA,jira,project,2021-09_to_2021-12,2021-09,2021-12,Maven EJB Plugin (Moved to GitHub Issues),2,0,0.000000
JIRA,jira,project,2021-09_to_2021-12,2021-09,2021-12,Maven Enforcer Plugin (Moved to GitHub Issues),11,5,0.454545
JIRA,jira,project,2021-09_to_2021-12,2021-09,2021-12,Maven GPG Plugin (Moved to GitHub Issues),1,1,1.000000
JIRA,jira,project,2021-09_to_2021-12,2021-09,2021-12,Maven Help Plugin (Moved to GitHub Issues),6,1,0.166667
JIRA,jira,project,2021-09_to_2021-12,2021-09,2021-12,Maven Indexer (Moved to GitHub Issues),2,0,0.000000
JIRA,jira,project,2021-09_to_2021-12,2021-09,2021-12,Maven Install Plugin (Moved to GitHub Issues),1,0,0.000000
JIRA,jira,project,2021-09_to_2021-12,2021-09,2021-12,Maven Invoker Plugin (Moved to GitHub Issues),12,3,0.250000
JIRA,jira,project,2021-09_to_2021-12,2021-09,2021-12,Maven JAR Plugin (Moved to GitHub Issues),4,1,0.250000
JIRA,jira,project,2021-09_to_2021-12,2021-09,2021-12,Maven JDeps Plugin (Moved to GitHub Issues),1,0,0.000000
JIRA,jira,project,2021-09_to_2021-12,2021-09,2021-12,Maven JXR (Moved to GitHub Issues),3,0,0.000000
JIRA,jira,project,2021-09_to_2021-12,2021-09,2021-12,Maven Javadoc Plugin (Moved to GitHub Issues),12,4,0.333333
JIRA,jira,project,2021-09_to_2021-12,2021-09,2021-12,Maven PMD Plugin (Moved to GitHub Issues),8,2,0.250000
JIRA,jira,project,2021-09_to_2021-12,2021-09,2021-12,Maven POMs (Moved to GitHub issues),11,2,0.181818
JIRA,jira,project,2021-09_to_2021-12,2021-09,2021-12,Maven Plugin Tools (Moved to GitHub Issues),13,2,0.153846
JIRA,jira,project,2021-09_to_2021-12,2021-09,2021-12,Maven Project Web Site (Moved to GitHub Issues),12,1,0.083333
JIRA,jira,project,2021-09_to_2021-12,2021-09,2021-12,Maven RAR Plugin (Moved to GitHub Issues),1,0,0.000000
JIRA,jira,project,2021-09_to_2021-12,2021-09,2021-12,Maven Release Plugin (Moved to GitHub Issues),4,0,0.000000
JIRA,jira,project,2021-09_to_2021-12,2021-09,2021-12,Maven Remote Resources Plugin (Moved to GitHub Issues),2,0,0.000000
JIRA,jira,project,2021-09_to_2021-12,2021-09,2021-12,Maven Resolver,1,1,1.000000
JIRA,jira,project,2021-09_to_2021-12,2021-09,2021-12,Maven Resolver (Moved to GitHub Issues),36,1,0.027778
JIRA,jira,project,2021-09_to_2021-12,2021-09,2021-12,Maven Resources Plugin (Moved to GitHub Issues),3,1,0.333333
JIRA,jira,project,2021-09_to_2021-12,2021-09,2021-12,Maven SCM (Moved to GitHub Issues),19,1,0.052632
JIRA,jira,project,2021-09_to_2021-12,2021-09,2021-12,Maven Scripting (Moved to GitHub Issues),1,0,0.000000
JIRA,jira,project,2021-09_to_2021-12,2021-09,2021-12,Maven Shade Plugin (Moved to GitHub Issues),4,2,0.500000
JIRA,jira,project,2021-09_to_2021-12,2021-09,2021-12,Maven Shared Components,17,3,0.176471
JIRA,jira,project,2021-09_to_2021-12,2021-09,2021-12,Maven Site Plugin (Moved to GitHub Issues),3,1,0.333333
JIRA,jira,project,2021-09_to_2021-12,2021-09,2021-12,Maven Skins (Moved to GitHub Issues),1,0,0.000000
JIRA,jira,project,2021-09_to_2021-12,2021-09,2021-12,Maven Surefire (Moved to GitHub Issues),32,10,0.312500
JIRA,jira,project,2021-09_to_2021-12,2021-09,2021-12,Maven Toolchains Plugin (Moved to GitHub Issues),2,1,0.500000
JIRA,jira,project,2021-09_to_2021-12,2021-09,2021-12,Maven WAR Plugin (Moved to GitHub Issues),3,0,0.000000
JIRA,jira,project,2021-09_to_2021-12,2021-09,2021-12,Maven Wagon (Moved to GitHub Issues),11,0,0.000000
JIRA,jira,project,2021-09_to_2021-12,2021-09,2021-12,Maven Wrapper (Moved to GitHub Issues),29,5,0.172414
JIRA,jira,project,2021-09_to_2021-12,2021-09,2021-12,Mesos,2,2,1.000000
JIRA,jira,project,2021-09_to_2021-12,2021-09,2021-12,Mesos (Retired),3,1,0.333333
JIRA,jira,project,2021-09_to_2021-12,2021-09,2021-12,Migration Platform,106,44,0.415094
JIRA,jira,project,2021-09_to_2021-12,2021-09,2021-12,Migration Toolkit for Virtualization,93,2,0.021505
JIRA,jira,project,2021-09_to_2021-12,2021-09,2021-12,Minecraft (Bedrock codebase),51,51,1.000000
JIRA,jira,project,2021-09_to_2021-12,2021-09,2021-12,Minecraft Dungeons,5,5,1.000000
JIRA,jira,project,2021-09_to_2021-12,2021-09,2021-12,Minecraft Launcher,91,91,1.000000
JIRA,jira,project,2021-09_to_2021-12,2021-09,2021-12,Minecraft Realms,26,26,1.000000
JIRA,jira,project,2021-09_to_2021-12,2021-09,2021-12,Minecraft: Java Edition,260,260,1.000000
JIRA,jira,project,2021-09_to_2021-12,2021-09,2021-12,Mnemonic,5,5,1.000000
JIRA,jira,project,2021-09_to_2021-12,2021-09,2021-12,Mnemonic (Retired),17,1,0.058824
JIRA,jira,project,2021-09_to_2021-12,2021-09,2021-12,Mojang Web Services,12,12,1.000000
JIRA,jira,project,2021-09_to_2021-12,2021-09,2021-12,MongoDB Database Tools,43,10,0.232558
JIRA,jira,project,2021-09_to_2021-12,2021-09,2021-12,MongoDB Shell,81,16,0.197531
JIRA,jira,project,2021-09_to_2021-12,2021-09,2021-12,Mongoid,27,3,0.111111
JIRA,jira,project,2021-09_to_2021-12,2021-09,2021-12,Motor,20,2,0.100000
JIRA,jira,project,2021-09_to_2021-12,2021-09,2021-12,Multiple Architecture Enablement,83,11,0.132530
JIRA,jira,project,2021-09_to_2021-12,2021-09,2021-12,MyFaces Core,12,2,0.166667
JIRA,jira,project,2021-09_to_2021-12,2021-09,2021-12,MyFaces Tobago,8,0,0.000000
JIRA,jira,project,2021-09_to_2021-12,2021-09,2021-12,MyFaces Tomahawk,1,1,1.000000
JIRA,jira,project,2021-09_to_2021-12,2021-09,2021-12,NLPCraft,3,3,1.000000
JIRA,jira,project,2021-09_to_2021-12,2021-09,2021-12,NLPCraft (Retired),2,0,0.000000
JIRA,jira,project,2021-09_to_2021-12,2021-09,2021-12,NetBeans,162,114,0.703704
JIRA,jira,project,2021-09_to_2021-12,2021-09,2021-12,Network Edge,29,0,0.000000
JIRA,jira,project,2021-09_to_2021-12,2021-09,2021-12,Network Hardware Enablement,13,0,0.000000
JIRA,jira,project,2021-09_to_2021-12,2021-09,2021-12,Network Observability,90,7,0.077778
JIRA,jira,project,2021-09_to_2021-12,2021-09,2021-12,NiFi Registry ,1,1,1.000000
JIRA,jira,project,2021-09_to_2021-12,2021-09,2021-12,Node.js Driver,231,30,0.129870
JIRA,jira,project,2021-09_to_2021-12,2021-09,2021-12,Nutch,35,5,0.142857
JIRA,jira,project,2021-09_to_2021-12,2021-09,2021-12,OCMUI ,19,0,0.000000
JIRA,jira,project,2021-09_to_2021-12,2021-09,2021-12,OCP Technical Release Team,33,1,0.030303
JIRA,jira,project,2021-09_to_2021-12,2021-09,2021-12,OFBiz,146,28,0.191781
JIRA,jira,project,2021-09_to_2021-12,2021-09,2021-12,OODT,1,1,1.000000
JIRA,jira,project,2021-09_to_2021-12,2021-09,2021-12,ORC,75,12,0.160000
JIRA,jira,project,2021-09_to_2021-12,2021-09,2021-12,Observability Documentation,10,0,0.000000
JIRA,jira,project,2021-09_to_2021-12,2021-09,2021-12,Observability and Data Analysis Program,37,0,0.000000
JIRA,jira,project,2021-09_to_2021-12,2021-09,2021-12,Olingo,6,2,0.333333
JIRA,jira,project,2021-09_to_2021-12,2021-09,2021-12,On Prem Networking,20,0,0.000000
JIRA,jira,project,2021-09_to_2021-12,2021-09,2021-12,Oozie,2,2,1.000000
JIRA,jira,project,2021-09_to_2021-12,2021-09,2021-12,Oozie (Retired),2,1,0.500000
JIRA,jira,project,2021-09_to_2021-12,2021-09,2021-12,Open Data Hub,50,12,0.240000
JIRA,jira,project,2021-09_to_2021-12,2021-09,2021-12,OpenJDK,28,6,0.214286
JIRA,jira,project,2021-09_to_2021-12,2021-09,2021-12,OpenJPA,14,6,0.428571
JIRA,jira,project,2021-09_to_2021-12,2021-09,2021-12,OpenNLP,12,0,0.000000
JIRA,jira,project,2021-09_to_2021-12,2021-09,2021-12,OpenShift API Server,37,0,0.000000
JIRA,jira,project,2021-09_to_2021-12,2021-09,2021-12,OpenShift API for Data Protection,151,17,0.112583
JIRA,jira,project,2021-09_to_2021-12,2021-09,2021-12,OpenShift App Analytics,40,2,0.050000
JIRA,jira,project,2021-09_to_2021-12,2021-09,2021-12,OpenShift Authentication,66,0,0.000000
JIRA,jira,project,2021-09_to_2021-12,2021-09,2021-12,OpenShift Bugs,96,37,0.385417
JIRA,jira,project,2021-09_to_2021-12,2021-09,2021-12,OpenShift BuildConfig,8,0,0.000000
JIRA,jira,project,2021-09_to_2021-12,2021-09,2021-12,OpenShift Builds,38,0,0.000000
JIRA,jira,project,2021-09_to_2021-12,2021-09,2021-12,OpenShift CFE,105,3,0.028571
JIRA,jira,project,2021-09_to_2021-12,2021-09,2021-12,OpenShift Cloud,112,5,0.044643
JIRA,jira,project,2021-09_to_2021-12,2021-09,2021-12,OpenShift Cloud Credential Operator,41,0,0.000000
JIRA,jira,project,2021-09_to_2021-12,2021-09,2021-12,OpenShift Console,64,1,0.015625
JIRA,jira,project,2021-09_to_2021-12,2021-09,2021-12,OpenShift Container Platform (OCP) Strategy,10,0,0.000000
JIRA,jira,project,2021-09_to_2021-12,2021-09,2021-12,OpenShift Core Networking,328,11,0.033537
JIRA,jira,project,2021-09_to_2021-12,2021-09,2021-12,OpenShift Edge,2,0,0.000000
JIRA,jira,project,2021-09_to_2021-12,2021-09,2021-12,OpenShift Etcd,13,0,0.000000
JIRA,jira,project,2021-09_to_2021-12,2021-09,2021-12,OpenShift GitOps,186,13,0.069892
JIRA,jira,project,2021-09_to_2021-12,2021-09,2021-12,OpenShift Hive,80,15,0.187500
JIRA,jira,project,2021-09_to_2021-12,2021-09,2021-12,OpenShift Hosted Control Plane,70,4,0.057143
JIRA,jira,project,2021-09_to_2021-12,2021-09,2021-12,OpenShift Image Registry,17,0,0.000000
JIRA,jira,project,2021-09_to_2021-12,2021-09,2021-12,OpenShift Installer,82,1,0.012195
JIRA,jira,project,2021-09_to_2021-12,2021-09,2021-12,OpenShift Java Client,1,0,0.000000
JIRA,jira,project,2021-09_to_2021-12,2021-09,2021-12,OpenShift Jenkins,6,0,0.000000
JIRA,jira,project,2021-09_to_2021-12,2021-09,2021-12,OpenShift Logging,269,62,0.230483
JIRA,jira,project,2021-09_to_2021-12,2021-09,2021-12,OpenShift Migration Toolkit for Containers,110,4,0.036364
JIRA,jira,project,2021-09_to_2021-12,2021-09,2021-12,OpenShift Monitoring,184,3,0.016304
JIRA,jira,project,2021-09_to_2021-12,2021-09,2021-12,OpenShift Node,97,1,0.010309
JIRA,jira,project,2021-09_to_2021-12,2021-09,2021-12,OpenShift Over the Air,72,5,0.069444
JIRA,jira,project,2021-09_to_2021-12,2021-09,2021-12,OpenShift Pipelines,194,19,0.097938
JIRA,jira,project,2021-09_to_2021-12,2021-09,2021-12,OpenShift Pod Autoscaling,5,0,0.000000
JIRA,jira,project,2021-09_to_2021-12,2021-09,2021-12,OpenShift Request For Enhancement,192,4,0.020833
JIRA,jira,project,2021-09_to_2021-12,2021-09,2021-12,OpenShift SDN,8,8,1.000000
JIRA,jira,project,2021-09_to_2021-12,2021-09,2021-12,OpenShift Service Mesh,182,24,0.131868
JIRA,jira,project,2021-09_to_2021-12,2021-09,2021-12,OpenShift Service Mesh Documentation,5,5,1.000000
JIRA,jira,project,2021-09_to_2021-12,2021-09,2021-12,OpenShift Specialist Platform Team,85,4,0.047059
JIRA,jira,project,2021-09_to_2021-12,2021-09,2021-12,OpenShift Storage,67,2,0.029851
JIRA,jira,project,2021-09_to_2021-12,2021-09,2021-12,OpenShift Top Level Product Strategy,82,6,0.073171
JIRA,jira,project,2021-09_to_2021-12,2021-09,2021-12,OpenShift UX Product Design,65,0,0.000000
JIRA,jira,project,2021-09_to_2021-12,2021-09,2021-12,OpenShift Virtualization,56,9,0.160714
JIRA,jira,project,2021-09_to_2021-12,2021-09,2021-12,OpenShift Windows Containers,46,6,0.130435
JIRA,jira,project,2021-09_to_2021-12,2021-09,2021-12,OpenShift Workloads,16,1,0.062500
JIRA,jira,project,2021-09_to_2021-12,2021-09,2021-12,OpenStack as Infra,94,1,0.010638
JIRA,jira,project,2021-09_to_2021-12,2021-09,2021-12,OpenWebBeans,1,0,0.000000
JIRA,jira,project,2021-09_to_2021-12,2021-09,2021-12,Openmeetings,36,7,0.194444
JIRA,jira,project,2021-09_to_2021-12,2021-09,2021-12,Openshift sandboxed containers,23,22,0.956522
JIRA,jira,project,2021-09_to_2021-12,2021-09,2021-12,Operator Ecosystem,186,3,0.016129
JIRA,jira,project,2021-09_to_2021-12,2021-09,2021-12,Operator Lifecycle Manager,1,1,1.000000
JIRA,jira,project,2021-09_to_2021-12,2021-09,2021-12,Operator Runtime,70,1,0.014286
JIRA,jira,project,2021-09_to_2021-12,2021-09,2021-12,Operator SDK,1,1,1.000000
JIRA,jira,project,2021-09_to_2021-12,2021-09,2021-12,Opsgenie,14,0,0.000000
JIRA,jira,project,2021-09_to_2021-12,2021-09,2021-12,OptaPlanner,63,14,0.222222
JIRA,jira,project,2021-09_to_2021-12,2021-09,2021-12,PDFBox,38,21,0.552632
JIRA,jira,project,2021-09_to_2021-12,2021-09,2021-12,PHP Driver: Extension,48,6,0.125000
JIRA,jira,project,2021-09_to_2021-12,2021-09,2021-12,PHP Driver: Library,38,3,0.078947
JIRA,jira,project,2021-09_to_2021-12,2021-09,2021-12,Parquet,25,3,0.120000
JIRA,jira,project,2021-09_to_2021-12,2021-09,2021-12,Performance and Scale for AI Platforms,50,3,0.060000
JIRA,jira,project,2021-09_to_2021-12,2021-09,2021-12,Phoenix,50,27,0.540000
JIRA,jira,project,2021-09_to_2021-12,2021-09,2021-12,Phoenix Omid,4,0,0.000000
JIRA,jira,project,2021-09_to_2021-12,2021-09,2021-12,Pig,7,5,0.714286
JIRA,jira,project,2021-09_to_2021-12,2021-09,2021-12,Pivot (Retired),1,0,0.000000
JIRA,jira,project,2021-09_to_2021-12,2021-09,2021-12,Pluto (Retired),1,0,0.000000
JIRA,jira,project,2021-09_to_2021-12,2021-09,2021-12,Product Technical Learning,261,14,0.053640
JIRA,jira,project,2021-09_to_2021-12,2021-09,2021-12,Proforma Server & Data Centre,2,0,0.000000
JIRA,jira,project,2021-09_to_2021-12,2021-09,2021-12,Project Quay,313,81,0.258786
JIRA,jira,project,2021-09_to_2021-12,2021-09,2021-12,PyLucene,1,1,1.000000
JIRA,jira,project,2021-09_to_2021-12,2021-09,2021-12,Python Driver,124,44,0.354839
JIRA,jira,project,2021-09_to_2021-12,2021-09,2021-12,Python Integrations,11,2,0.181818
JIRA,jira,project,2021-09_to_2021-12,2021-09,2021-12,"Qbs (""Cubes"")",12,8,0.666667
JIRA,jira,project,2021-09_to_2021-12,2021-09,2021-12,Qpid,6,3,0.500000
JIRA,jira,project,2021-09_to_2021-12,2021-09,2021-12,Qpid Dispatch,43,25,0.581395
JIRA,jira,project,2021-09_to_2021-12,2021-09,2021-12,Qpid JMS,5,4,0.800000
JIRA,jira,project,2021-09_to_2021-12,2021-09,2021-12,Qpid Proton,34,16,0.470588
JIRA,jira,project,2021-09_to_2021-12,2021-09,2021-12,Qt,2495,722,0.289379
JIRA,jira,project,2021-09_to_2021-12,2021-09,2021-12,Qt 3D Studio,1,0,0.000000
JIRA,jira,project,2021-09_to_2021-12,2021-09,2021-12,Qt Automotive Suite,2,2,1.000000
JIRA,jira,project,2021-09_to_2021-12,2021-09,2021-12,Qt Cloud,4,4,1.000000
JIRA,jira,project,2021-09_to_2021-12,2021-09,2021-12,Qt Creator,500,114,0.228000
JIRA,jira,project,2021-09_to_2021-12,2021-09,2021-12,Qt Design Studio,449,26,0.057906
JIRA,jira,project,2021-09_to_2021-12,2021-09,2021-12,Qt Extensions,3,2,0.666667
JIRA,jira,project,2021-09_to_2021-12,2021-09,2021-12,Qt Installer Framework,85,5,0.058824
JIRA,jira,project,2021-09_to_2021-12,2021-09,2021-12,Qt Project Website,14,0,0.000000
JIRA,jira,project,2021-09_to_2021-12,2021-09,2021-12,Qt Quality Assurance Infrastructure,126,17,0.134921
JIRA,jira,project,2021-09_to_2021-12,2021-09,2021-12,Qt Safe Renderer,3,3,1.000000
JIRA,jira,project,2021-09_to_2021-12,2021-09,2021-12,Qt Visual Studio Tools,39,13,0.333333
JIRA,jira,project,2021-09_to_2021-12,2021-09,2021-12,Qt for MCUs,7,7,1.000000
JIRA,jira,project,2021-09_to_2021-12,2021-09,2021-12,Qt for Python,84,34,0.404762
JIRA,jira,project,2021-09_to_2021-12,2021-09,2021-12,Quarkus,282,54,0.191489
JIRA,jira,project,2021-09_to_2021-12,2021-09,2021-12,Quick Reload,1,1,1.000000
JIRA,jira,project,2021-09_to_2021-12,2021-09,2021-12,RDO Project,12,0,0.000000
JIRA,jira,project,2021-09_to_2021-12,2021-09,2021-12,REST API Browser,1,0,0.000000
JIRA,jira,project,2021-09_to_2021-12,2021-09,2021-12,RESTEasy,66,10,0.151515
JIRA,jira,project,2021-09_to_2021-12,2021-09,2021-12,RH,5,0,0.000000
JIRA,jira,project,2021-09_to_2021-12,2021-09,2021-12,RHEL,19,4,0.210526
JIRA,jira,project,2021-09_to_2021-12,2021-09,2021-12,RHEL Conversions,5,2,0.400000
JIRA,jira,project,2021-09_to_2021-12,2021-09,2021-12,RHEL Documentation,1,0,0.000000
JIRA,jira,project,2021-09_to_2021-12,2021-09,2021-12,RHEL Testing,2,2,1.000000
JIRA,jira,project,2021-09_to_2021-12,2021-09,2021-12,Rampart,1,1,1.000000
JIRA,jira,project,2021-09_to_2021-12,2021-09,2021-12,Ranger,99,15,0.151515
JIRA,jira,project,2021-09_to_2021-12,2021-09,2021-12,Ratis,38,10,0.263158
JIRA,jira,project,2021-09_to_2021-12,2021-09,2021-12,Red Hat 3scale API Management,247,40,0.161943
JIRA,jira,project,2021-09_to_2021-12,2021-09,2021-12,Red Hat Advanced Cluster Management,121,3,0.024793
JIRA,jira,project,2021-09_to_2021-12,2021-09,2021-12,Red Hat Cluster Management Cloud Services,2,0,0.000000
JIRA,jira,project,2021-09_to_2021-12,2021-09,2021-12,Red Hat CodeReady Studio (devstudio),6,6,1.000000
JIRA,jira,project,2021-09_to_2021-12,2021-09,2021-12,Red Hat CodeReady Workspaces,40,40,1.000000
JIRA,jira,project,2021-09_to_2021-12,2021-09,2021-12,Red Hat Data Grid,81,14,0.172840
JIRA,jira,project,2021-09_to_2021-12,2021-09,2021-12,Red Hat Decision Manager,28,9,0.321429
JIRA,jira,project,2021-09_to_2021-12,2021-09,2021-12,Red Hat Directory Server,3,2,0.666667
JIRA,jira,project,2021-09_to_2021-12,2021-09,2021-12,Red Hat Fuse,290,102,0.351724
JIRA,jira,project,2021-09_to_2021-12,2021-09,2021-12,Red Hat Insights ,7,7,1.000000
JIRA,jira,project,2021-09_to_2021-12,2021-09,2021-12,Red Hat OpenShift Data Science,516,15,0.029070
JIRA,jira,project,2021-09_to_2021-12,2021-09,2021-12,Red Hat OpenShift Dev Spaces (formerly CodeReady Workspaces),225,64,0.284444
JIRA,jira,project,2021-09_to_2021-12,2021-09,2021-12,Red Hat OpenStack Services on OpenShift,24,5,0.208333
JIRA,jira,project,2021-09_to_2021-12,2021-09,2021-12,Red Hat Process Automation Manager,124,33,0.266129
JIRA,jira,project,2021-09_to_2021-12,2021-09,2021-12,Red Hat Service Interconnect (Skupper),1,0,0.000000
JIRA,jira,project,2021-09_to_2021-12,2021-09,2021-12,Ruby Driver,66,6,0.090909
JIRA,jira,project,2021-09_to_2021-12,2021-09,2021-12,Rust Driver,100,1,0.010000
JIRA,jira,project,2021-09_to_2021-12,2021-09,2021-12,SAML for Atlassian Data Center,11,1,0.090909
JIRA,jira,project,2021-09_to_2021-12,2021-09,2021-12,Sakai,450,133,0.295556
JIRA,jira,project,2021-09_to_2021-12,2021-09,2021-12,Samza,7,1,0.142857
JIRA,jira,project,2021-09_to_2021-12,2021-09,2021-12,Santuario,3,2,0.666667
JIRA,jira,project,2021-09_to_2021-12,2021-09,2021-12,Satellite,321,8,0.024922
JIRA,jira,project,2021-09_to_2021-12,2021-09,2021-12,Security Data,4,0,0.000000
JIRA,jira,project,2021-09_to_2021-12,2021-09,2021-12,Server Deployments and Scale,1,1,1.000000
JIRA,jira,project,2021-09_to_2021-12,2021-09,2021-12,Server Platform Frontend,114,0,0.000000
JIRA,jira,project,2021-09_to_2021-12,2021-09,2021-12,ServiceMix,2,2,1.000000
JIRA,jira,project,2021-09_to_2021-12,2021-09,2021-12,Shiro,3,0,0.000000
JIRA,jira,project,2021-09_to_2021-12,2021-09,2021-12,Sling,112,22,0.196429
JIRA,jira,project,2021-09_to_2021-12,2021-09,2021-12,Solr,188,41,0.218085
JIRA,jira,project,2021-09_to_2021-12,2021-09,2021-12,Sourcetree For Mac,29,9,0.310345
JIRA,jira,project,2021-09_to_2021-12,2021-09,2021-12,Sourcetree for Windows,20,7,0.350000
JIRA,jira,project,2021-09_to_2021-12,2021-09,2021-12,Spark,1002,215,0.214571
JIRA,jira,project,2021-09_to_2021-12,2021-09,2021-12,Spark Connector,9,1,0.111111
JIRA,jira,project,2021-09_to_2021-12,2021-09,2021-12,Spatial Information Systems,15,0,0.000000
JIRA,jira,project,2021-09_to_2021-12,2021-09,2021-12,Spring.NET REST,1,1,1.000000
JIRA,jira,project,2021-09_to_2021-12,2021-09,2021-12,StreamPipes,74,7,0.094595
JIRA,jira,project,2021-09_to_2021-12,2021-09,2021-12,Struts 2,22,5,0.227273
JIRA,jira,project,2021-09_to_2021-12,2021-09,2021-12,Subscription Watch,3,1,0.333333
JIRA,jira,project,2021-09_to_2021-12,2021-09,2021-12,Subversion,1,0,0.000000
JIRA,jira,project,2021-09_to_2021-12,2021-09,2021-12,SwitchYard,1,1,1.000000
JIRA,jira,project,2021-09_to_2021-12,2021-09,2021-12,Syncope,11,2,0.181818
JIRA,jira,project,2021-09_to_2021-12,2021-09,2021-12,SystemDS,66,13,0.196970
JIRA,jira,project,2021-09_to_2021-12,2021-09,2021-12,Tapestry 5,2,0,0.000000
JIRA,jira,project,2021-09_to_2021-12,2021-09,2021-12,Teiid,3,2,0.666667
JIRA,jira,project,2021-09_to_2021-12,2021-09,2021-12,Thrift,22,8,0.363636
JIRA,jira,project,2021-09_to_2021-12,2021-09,2021-12,Tika,20,10,0.500000
JIRA,jira,project,2021-09_to_2021-12,2021-09,2021-12,TinkerPop,28,9,0.321429
JIRA,jira,project,2021-09_to_2021-12,2021-09,2021-12,TomEE,15,9,0.600000
JIRA,jira,project,2021-09_to_2021-12,2021-09,2021-12,Tools (JBoss Tools),111,26,0.234234
JIRA,jira,project,2021-09_to_2021-12,2021-09,2021-12,Trinity,6,0,0.000000
JIRA,jira,project,2021-09_to_2021-12,2021-09,2021-12,UIMA,22,2,0.090909
JIRA,jira,project,2021-09_to_2021-12,2021-09,2021-12,Undertow,39,20,0.512821
JIRA,jira,project,2021-09_to_2021-12,2021-09,2021-12,Use OCPBUGS now,43,6,0.139535
JIRA,jira,project,2021-09_to_2021-12,2021-09,2021-12,VCL,1,0,0.000000
JIRA,jira,project,2021-09_to_2021-12,2021-09,2021-12,VS Code Extension,19,1,0.052632
JIRA,jira,project,2021-09_to_2021-12,2021-09,2021-12,Velocity,4,0,0.000000
JIRA,jira,project,2021-09_to_2021-12,2021-09,2021-12,Velocity Tools,2,0,0.000000
JIRA,jira,project,2021-09_to_2021-12,2021-09,2021-12,Visual Design,4,0,0.000000
JIRA,jira,project,2021-09_to_2021-12,2021-09,2021-12,Visual Studio,37,0,0.000000
JIRA,jira,project,2021-09_to_2021-12,2021-09,2021-12,WINDUP ,79,5,0.063291
JIRA,jira,project,2021-09_to_2021-12,2021-09,2021-12,WINDUPRULE ,49,2,0.040816
JIRA,jira,project,2021-09_to_2021-12,2021-09,2021-12,Web Terminal for OpenShift,5,1,0.200000
JIRA,jira,project,2021-09_to_2021-12,2021-09,2021-12,Weld,11,3,0.272727
JIRA,jira,project,2021-09_to_2021-12,2021-09,2021-12,Whimsy,1,1,1.000000
JIRA,jira,project,2021-09_to_2021-12,2021-09,2021-12,Wicket,9,5,0.555556
JIRA,jira,project,2021-09_to_2021-12,2021-09,2021-12,WildFly,491,74,0.150713
JIRA,jira,project,2021-09_to_2021-12,2021-09,2021-12,WildFly Arquillian,4,0,0.000000
JIRA,jira,project,2021-09_to_2021-12,2021-09,2021-12,WildFly Client Configuration,2,2,1.000000
JIRA,jira,project,2021-09_to_2021-12,2021-09,2021-12,WildFly Core,135,9,0.066667
JIRA,jira,project,2021-09_to_2021-12,2021-09,2021-12,WildFly EJB HTTP Client,3,1,0.333333
JIRA,jira,project,2021-09_to_2021-12,2021-09,2021-12,WildFly Elytron,40,5,0.125000
JIRA,jira,project,2021-09_to_2021-12,2021-09,2021-12,WildFly Elytron EE,2,0,0.000000
JIRA,jira,project,2021-09_to_2021-12,2021-09,2021-12,WildFly Maven Plugin,4,0,0.000000
JIRA,jira,project,2021-09_to_2021-12,2021-09,2021-12,WildFly Naming Client,1,0,0.000000
JIRA,jira,project,2021-09_to_2021-12,2021-09,2021-12,WildFly OpenSSL,7,3,0.428571
JIRA,jira,project,2021-09_to_2021-12,2021-09,2021-12,WildFly OpenSSL Natives,2,1,0.500000
JIRA,jira,project,2021-09_to_2021-12,2021-09,2021-12,WildFly WIP,5,3,0.600000
JIRA,jira,project,2021-09_to_2021-12,2021-09,2021-12,WiredTiger,535,194,0.362617
JIRA,jira,project,2021-09_to_2021-12,2021-09,2021-12,XBean,1,1,1.000000
JIRA,jira,project,2021-09_to_2021-12,2021-09,2021-12,XMLBeans,9,3,0.333333
JIRA,jira,project,2021-09_to_2021-12,2021-09,2021-12,XNIO,4,2,0.500000
JIRA,jira,project,2021-09_to_2021-12,2021-09,2021-12,XalanC,1,1,1.000000
JIRA,jira,project,2021-09_to_2021-12,2021-09,2021-12,Xerces,14,2,0.142857
JIRA,jira,project,2021-09_to_2021-12,2021-09,2021-12,Xerces2,4,2,0.500000
JIRA,jira,project,2021-09_to_2021-12,2021-09,2021-12,Yetus,12,2,0.166667
JIRA,jira,project,2021-09_to_2021-12,2021-09,2021-12,Zeppelin,57,30,0.526316
JIRA,jira,project,2021-09_to_2021-12,2021-09,2021-12,ZooKeeper,50,23,0.460000
JIRA,jira,project,2021-09_to_2021-12,2021-09,2021-12,aardvark,2,2,1.000000
JIRA,jira,project,2021-09_to_2021-12,2021-09,2021-12,cTAKES,2,1,0.500000
JIRA,jira,project,2021-09_to_2021-12,2021-09,2021-12,jBPM,48,19,0.395833
JIRA,jira,project,2021-09_to_2021-12,2021-09,2021-12,jboss.org,4,0,0.000000
JIRA,jira,project,2021-09_to_2021-12,2021-09,2021-12,jclouds,1,1,1.000000
JIRA,jira,project,2021-09_to_2021-12,2021-09,2021-12,jclouds (Retired) (Retired),2,0,0.000000
JIRA,jira,project,2021-09_to_2021-12,2021-09,2021-12,mod_cluster,6,1,0.166667
JIRA,jira,project,2021-09_to_2021-12,2021-09,2021-12,openstack,2,2,1.000000
JIRA,jira,project,2021-09_to_2021-12,2021-09,2021-12,repository.jboss.org/nexus,8,0,0.000000
JIRA,jira,project,2021-09_to_2021-12,2021-09,2021-12,www.apache.org website,1,0,0.000000
JIRA,jira,project,2022-01_to_2022-04,2022-01,2022-04,A,17,3,0.176471
JIRA,jira,project,2022-01_to_2022-04,2022-01,2022-04,AMQ Broker,249,12,0.048193
JIRA,jira,project,2022-01_to_2022-04,2022-01,2022-04,AMQ Clients,26,5,0.192308
JIRA,jira,project,2022-01_to_2022-04,2022-01,2022-04,AMQ Documentation,22,0,0.000000
JIRA,jira,project,2022-01_to_2022-04,2022-01,2022-04,AMQ Interconnect,10,2,0.200000
JIRA,jira,project,2022-01_to_2022-04,2022-01,2022-04,AMQ Streams,216,20,0.092593
JIRA,jira,project,2022-01_to_2022-04,2022-01,2022-04,ActiveMQ (Read,110,10,0.090909
JIRA,jira,project,2022-01_to_2022-04,2022-01,2022-04,ActiveMQ .Net,3,0,0.000000
JIRA,jira,project,2022-01_to_2022-04,2022-01,2022-04,ActiveMQ Apollo (Retired),5,0,0.000000
JIRA,jira,project,2022-01_to_2022-04,2022-01,2022-04,ActiveMQ C++ Client,4,1,0.250000
JIRA,jira,project,2022-01_to_2022-04,2022-01,2022-04,ActiveObjects,4,0,0.000000
JIRA,jira,project,2022-01_to_2022-04,2022-01,2022-04,Activity Streams,1,0,0.000000
JIRA,jira,project,2022-01_to_2022-04,2022-01,2022-04,Admin Experience,49,1,0.020408
JIRA,jira,project,2022-01_to_2022-04,2022-01,2022-04,AeroGear,1,0,0.000000
JIRA,jira,project,2022-01_to_2022-04,2022-01,2022-04,Agent,163,3,0.018405
JIRA,jira,project,2022-01_to_2022-04,2022-01,2022-04,Agroal,8,0,0.000000
JIRA,jira,project,2022-01_to_2022-04,2022-01,2022-04,Airavata,62,4,0.064516
JIRA,jira,project,2022-01_to_2022-04,2022-01,2022-04,Ambari,2,0,0.000000
JIRA,jira,project,2022-01_to_2022-04,2022-01,2022-04,Analytics,3,0,0.000000
JIRA,jira,project,2022-01_to_2022-04,2022-01,2022-04,Ansible Automation Platform RFEs,24,1,0.041667
JIRA,jira,project,2022-01_to_2022-04,2022-01,2022-04,Ansible Strategy,7,0,0.000000
JIRA,jira,project,2022-01_to_2022-04,2022-01,2022-04,Apache AGE,12,0,0.000000
JIRA,jira,project,2022-01_to_2022-04,2022-01,2022-04,Apache Any23 (Retired),39,3,0.076923
JIRA,jira,project,2022-01_to_2022-04,2022-01,2022-04,Apache Arrow,1191,235,0.197313
JIRA,jira,project,2022-01_to_2022-04,2022-01,2022-04,Apache AsterixDB,30,6,0.200000
JIRA,jira,project,2022-01_to_2022-04,2022-01,2022-04,Apache Avro,231,19,0.082251
JIRA,jira,project,2022-01_to_2022-04,2022-01,2022-04,Apache BlueMarlin (Retired),6,0,0.000000
JIRA,jira,project,2022-01_to_2022-04,2022-01,2022-04,Apache Cassandra,353,111,0.314448
JIRA,jira,project,2022-01_to_2022-04,2022-01,2022-04,Apache Commons All,2,0,0.000000
JIRA,jira,project,2022-01_to_2022-04,2022-01,2022-04,Apache Curator,9,2,0.222222
JIRA,jira,project,2022-01_to_2022-04,2022-01,2022-04,Apache Doris,1,0,0.000000
JIRA,jira,project,2022-01_to_2022-04,2022-01,2022-04,Apache Drill,103,20,0.194175
JIRA,jira,project,2022-01_to_2022-04,2022-01,2022-04,Apache Dubbo,24,0,0.000000
JIRA,jira,project,2022-01_to_2022-04,2022-01,2022-04,Apache Fineract,141,11,0.078014
JIRA,jira,project,2022-01_to_2022-04,2022-01,2022-04,Apache Flex,2,0,0.000000
JIRA,jira,project,2022-01_to_2022-04,2022-01,2022-04,Apache Freemarker,3,1,0.333333
JIRA,jira,project,2022-01_to_2022-04,2022-01,2022-04,Apache Gobblin,46,0,0.000000
JIRA,jira,project,2022-01_to_2022-04,2022-01,2022-04,Apache Gora (Retired),1,1,1.000000
JIRA,jira,project,2022-01_to_2022-04,2022-01,2022-04,Apache HAWQ (Retired),15,0,0.000000
JIRA,jira,project,2022-01_to_2022-04,2022-01,2022-04,Apache Helix,6,0,0.000000
JIRA,jira,project,2022-01_to_2022-04,2022-01,2022-04,Apache Hop (Retired),328,20,0.060976
JIRA,jira,project,2022-01_to_2022-04,2022-01,2022-04,Apache Hudi,856,78,0.091121
JIRA,jira,project,2022-01_to_2022-04,2022-01,2022-04,Apache IoTDB,813,62,0.076261
JIRA,jira,project,2022-01_to_2022-04,2022-01,2022-04,Apache Jena,87,13,0.149425
JIRA,jira,project,2022-01_to_2022-04,2022-01,2022-04,Apache Knox,42,3,0.071429
JIRA,jira,project,2022-01_to_2022-04,2022-01,2022-04,Apache Liminal (Retired),10,0,0.000000
JIRA,jira,project,2022-01_to_2022-04,2022-01,2022-04,Apache MADlib,5,0,0.000000
JIRA,jira,project,2022-01_to_2022-04,2022-01,2022-04,Apache Maven Resource Bundles (Moved to GitHub Issues),2,0,0.000000
JIRA,jira,project,2022-01_to_2022-04,2022-01,2022-04,Apache Nemo (Retired),2,0,0.000000
JIRA,jira,project,2022-01_to_2022-04,2022-01,2022-04,Apache NetBeans Infra,4,2,0.500000
JIRA,jira,project,2022-01_to_2022-04,2022-01,2022-04,Apache NiFi,455,74,0.162637
JIRA,jira,project,2022-01_to_2022-04,2022-01,2022-04,Apache NiFi MiNiFi C++,113,5,0.044248
JIRA,jira,project,2022-01_to_2022-04,2022-01,2022-04,Apache Ozone,531,55,0.103578
JIRA,jira,project,2022-01_to_2022-04,2022-01,2022-04,Apache PLC4X,10,6,0.600000
JIRA,jira,project,2022-01_to_2022-04,2022-01,2022-04,Apache RAT,5,2,0.400000
JIRA,jira,project,2022-01_to_2022-04,2022-01,2022-04,Apache S4 (Retired),7,0,0.000000
JIRA,jira,project,2022-01_to_2022-04,2022-01,2022-04,Apache Science Data Analytics Platform,22,0,0.000000
JIRA,jira,project,2022-01_to_2022-04,2022-01,2022-04,Apache Sedona,45,3,0.066667
JIRA,jira,project,2022-01_to_2022-04,2022-01,2022-04,Apache ServiceComb,107,0,0.000000
JIRA,jira,project,2022-01_to_2022-04,2022-01,2022-04,Apache Storm,48,9,0.187500
JIRA,jira,project,2022-01_to_2022-04,2022-01,2022-04,Apache Submarine,97,3,0.030928
JIRA,jira,project,2022-01_to_2022-04,2022-01,2022-04,Apache Tez,46,12,0.260870
JIRA,jira,project,2022-01_to_2022-04,2022-01,2022-04,Apache Tomcat Maven Plugin,2,0,0.000000
JIRA,jira,project,2022-01_to_2022-04,2022-01,2022-04,Apache Unomi,25,1,0.040000
JIRA,jira,project,2022-01_to_2022-04,2022-01,2022-04,Apache Wayang,1,0,0.000000
JIRA,jira,project,2022-01_to_2022-04,2022-01,2022-04,Apache YuniKorn,206,17,0.082524
JIRA,jira,project,2022-01_to_2022-04,2022-01,2022-04,AppFormer,7,1,0.142857
JIRA,jira,project,2022-01_to_2022-04,2022-01,2022-04,Application Links,2,0,0.000000
JIRA,jira,project,2022-01_to_2022-04,2022-01,2022-04,Archiva (Retired),15,6,0.400000
JIRA,jira,project,2022-01_to_2022-04,2022-01,2022-04,Aries,13,4,0.307692
JIRA,jira,project,2022-01_to_2022-04,2022-01,2022-04,Arquillian,1,1,1.000000
JIRA,jira,project,2022-01_to_2022-04,2022-01,2022-04,Artemis,171,30,0.175439
JIRA,jira,project,2022-01_to_2022-04,2022-01,2022-04,Artifactory Binary Repository,1,1,1.000000
JIRA,jira,project,2022-01_to_2022-04,2022-01,2022-04,Atlas,78,11,0.141026
JIRA,jira,project,2022-01_to_2022-04,2022-01,2022-04,Atlas SQL,1,1,1.000000
JIRA,jira,project,2022-01_to_2022-04,2022-01,2022-04,Atlassian Cloud,37,4,0.108108
JIRA,jira,project,2022-01_to_2022-04,2022-01,2022-04,Atlassian Connect,2,0,0.000000
JIRA,jira,project,2022-01_to_2022-04,2022-01,2022-04,Atlassian Connect JavaScript API,2,0,0.000000
JIRA,jira,project,2022-01_to_2022-04,2022-01,2022-04,Atlassian Connect Spring Boot,9,3,0.333333
JIRA,jira,project,2022-01_to_2022-04,2022-01,2022-04,Atlassian Connect in Jira Cloud,43,2,0.046512
JIRA,jira,project,2022-01_to_2022-04,2022-01,2022-04,Atlassian Ecosystem,4,0,0.000000
JIRA,jira,project,2022-01_to_2022-04,2022-01,2022-04,Atlassian Guard,47,7,0.148936
JIRA,jira,project,2022-01_to_2022-04,2022-01,2022-04,Atlassian Intelligence,17,1,0.058824
JIRA,jira,project,2022-01_to_2022-04,2022-01,2022-04,Atlassian Internationalization,62,0,0.000000
JIRA,jira,project,2022-01_to_2022-04,2022-01,2022-04,Atlassian Marketplace,10,0,0.000000
JIRA,jira,project,2022-01_to_2022-04,2022-01,2022-04,Atlassian Maven Plugin Suite,6,2,0.333333
JIRA,jira,project,2022-01_to_2022-04,2022-01,2022-04,Atlassian OAuth 2.0,1,0,0.000000
JIRA,jira,project,2022-01_to_2022-04,2022-01,2022-04,Atlassian Plugin SDK,1,0,0.000000
JIRA,jira,project,2022-01_to_2022-04,2022-01,2022-04,Atlassian Plugins,1,0,0.000000
JIRA,jira,project,2022-01_to_2022-04,2022-01,2022-04,Atlassian Plugins Webresources,6,1,0.166667
JIRA,jira,project,2022-01_to_2022-04,2022-01,2022-04,Atlassian Product Integrations,31,1,0.032258
JIRA,jira,project,2022-01_to_2022-04,2022-01,2022-04,Atlassian Soy Templates,2,1,0.500000
JIRA,jira,project,2022-01_to_2022-04,2022-01,2022-04,Atlassian Troubleshooting & Support Tools Plugin,10,3,0.300000
JIRA,jira,project,2022-01_to_2022-04,2022-01,2022-04,Atlassian User Interface,7,0,0.000000
JIRA,jira,project,2022-01_to_2022-04,2022-01,2022-04,Attic,3,0,0.000000
JIRA,jira,project,2022-01_to_2022-04,2022-01,2022-04,Automation for Cloud,57,2,0.035088
JIRA,jira,project,2022-01_to_2022-04,2022-01,2022-04,Automation for Jira Server,40,3,0.075000
JIRA,jira,project,2022-01_to_2022-04,2022-01,2022-04,Axiom,3,1,0.333333
JIRA,jira,project,2022-01_to_2022-04,2022-01,2022-04,Axis,3,1,0.333333
JIRA,jira,project,2022-01_to_2022-04,2022-01,2022-04,Axis2,14,6,0.428571
JIRA,jira,project,2022-01_to_2022-04,2022-01,2022-04,BVal,4,0,0.000000
JIRA,jira,project,2022-01_to_2022-04,2022-01,2022-04,Bahir (Retired),7,1,0.142857
JIRA,jira,project,2022-01_to_2022-04,2022-01,2022-04,Bamboo Data Center,128,9,0.070312
JIRA,jira,project,2022-01_to_2022-04,2022-01,2022-04,BatchEE,4,0,0.000000
JIRA,jira,project,2022-01_to_2022-04,2022-01,2022-04,Batik,6,0,0.000000
JIRA,jira,project,2022-01_to_2022-04,2022-01,2022-04,Beam,798,125,0.156642
JIRA,jira,project,2022-01_to_2022-04,2022-01,2022-04,Bigtop,52,11,0.211538
JIRA,jira,project,2022-01_to_2022-04,2022-01,2022-04,Bitbucket Cloud,305,12,0.039344
JIRA,jira,project,2022-01_to_2022-04,2022-01,2022-04,Bitbucket Data Center,170,3,0.017647
JIRA,jira,project,2022-01_to_2022-04,2022-01,2022-04,BxMS Documentation,114,1,0.008772
JIRA,jira,project,2022-01_to_2022-04,2022-01,2022-04,Byteman,3,0,0.000000
JIRA,jira,project,2022-01_to_2022-04,2022-01,2022-04,C Driver,97,26,0.268041
JIRA,jira,project,2022-01_to_2022-04,2022-01,2022-04,C# Driver,141,23,0.163121
JIRA,jira,project,2022-01_to_2022-04,2022-01,2022-04,C++ Driver,68,2,0.029412
JIRA,jira,project,2022-01_to_2022-04,2022-01,2022-04,CXF,63,13,0.206349
JIRA,jira,project,2022-01_to_2022-04,2022-01,2022-04,CXF XJC Utils,3,1,0.333333
JIRA,jira,project,2022-01_to_2022-04,2022-01,2022-04,Calcite,155,44,0.283871
JIRA,jira,project,2022-01_to_2022-04,2022-01,2022-04,Camel,635,85,0.133858
JIRA,jira,project,2022-01_to_2022-04,2022-01,2022-04,CarbonData,12,0,0.000000
JIRA,jira,project,2022-01_to_2022-04,2022-01,2022-04,Causeway,98,15,0.153061
JIRA,jira,project,2022-01_to_2022-04,2022-01,2022-04,Cayenne,9,2,0.222222
JIRA,jira,project,2022-01_to_2022-04,2022-01,2022-04,CentOS Stream Pipeline,94,15,0.159574
JIRA,jira,project,2022-01_to_2022-04,2022-01,2022-04,Cert Manager support for Red Hat OpenShift,15,0,0.000000
JIRA,jira,project,2022-01_to_2022-04,2022-01,2022-04,Certification Partner Experience Public,22,0,0.000000
JIRA,jira,project,2022-01_to_2022-04,2022-01,2022-04,Chemistry (Retired),1,0,0.000000
JIRA,jira,project,2022-01_to_2022-04,2022-01,2022-04,Clair,4,0,0.000000
JIRA,jira,project,2022-01_to_2022-04,2022-01,2022-04,Cloud Enablement,32,2,0.062500
JIRA,jira,project,2022-01_to_2022-04,2022-01,2022-04,Cloud Infrastructure Security & Compliance,107,2,0.018692
JIRA,jira,project,2022-01_to_2022-04,2022-01,2022-04,Cloud Native Runtimes (CNR) Documentation,11,1,0.090909
JIRA,jira,project,2022-01_to_2022-04,2022-01,2022-04,CloudStack,12,1,0.083333
JIRA,jira,project,2022-01_to_2022-04,2022-01,2022-04,Cockpit,2,0,0.000000
JIRA,jira,project,2022-01_to_2022-04,2022-01,2022-04,Cocoon (Retired),1,0,0.000000
JIRA,jira,project,2022-01_to_2022-04,2022-01,2022-04,Coin,54,3,0.055556
JIRA,jira,project,2022-01_to_2022-04,2022-01,2022-04,Comdev GSOC,33,0,0.000000
JIRA,jira,project,2022-01_to_2022-04,2022-01,2022-04,Commerce,1,0,0.000000
JIRA,jira,project,2022-01_to_2022-04,2022-01,2022-04,Commons BCEL,2,0,0.000000
JIRA,jira,project,2022-01_to_2022-04,2022-01,2022-04,Commons BeanUtils,2,0,0.000000
JIRA,jira,project,2022-01_to_2022-04,2022-01,2022-04,Commons CLI,2,0,0.000000
JIRA,jira,project,2022-01_to_2022-04,2022-01,2022-04,Commons CSV,1,0,0.000000
JIRA,jira,project,2022-01_to_2022-04,2022-01,2022-04,Commons Codec,1,0,0.000000
JIRA,jira,project,2022-01_to_2022-04,2022-01,2022-04,Commons Collections,10,2,0.200000
JIRA,jira,project,2022-01_to_2022-04,2022-01,2022-04,Commons Compress,17,5,0.294118
JIRA,jira,project,2022-01_to_2022-04,2022-01,2022-04,Commons Configuration,2,0,0.000000
JIRA,jira,project,2022-01_to_2022-04,2022-01,2022-04,Commons DBCP,3,1,0.333333
JIRA,jira,project,2022-01_to_2022-04,2022-01,2022-04,Commons Daemon,6,2,0.333333
JIRA,jira,project,2022-01_to_2022-04,2022-01,2022-04,Commons FileUpload,1,0,0.000000
JIRA,jira,project,2022-01_to_2022-04,2022-01,2022-04,Commons Geometry,5,0,0.000000
JIRA,jira,project,2022-01_to_2022-04,2022-01,2022-04,Commons IO,9,4,0.444444
JIRA,jira,project,2022-01_to_2022-04,2022-01,2022-04,Commons Imaging,11,0,0.000000
JIRA,jira,project,2022-01_to_2022-04,2022-01,2022-04,Commons JCS,3,2,0.666667
JIRA,jira,project,2022-01_to_2022-04,2022-01,2022-04,Commons JEXL,13,1,0.076923
JIRA,jira,project,2022-01_to_2022-04,2022-01,2022-04,Commons JXPath,1,0,0.000000
JIRA,jira,project,2022-01_to_2022-04,2022-01,2022-04,Commons Lang,6,3,0.500000
JIRA,jira,project,2022-01_to_2022-04,2022-01,2022-04,Commons Logging,2,0,0.000000
JIRA,jira,project,2022-01_to_2022-04,2022-01,2022-04,Commons Math,7,2,0.285714
JIRA,jira,project,2022-01_to_2022-04,2022-01,2022-04,Commons Net,4,1,0.250000
JIRA,jira,project,2022-01_to_2022-04,2022-01,2022-04,Commons Numbers,5,0,0.000000
JIRA,jira,project,2022-01_to_2022-04,2022-01,2022-04,Commons Pool,2,1,0.500000
JIRA,jira,project,2022-01_to_2022-04,2022-01,2022-04,Commons RNG,10,0,0.000000
JIRA,jira,project,2022-01_to_2022-04,2022-01,2022-04,Commons Statistics,2,0,0.000000
JIRA,jira,project,2022-01_to_2022-04,2022-01,2022-04,Commons Text,2,0,0.000000
JIRA,jira,project,2022-01_to_2022-04,2022-01,2022-04,Commons VFS,5,2,0.400000
JIRA,jira,project,2022-01_to_2022-04,2022-01,2022-04,Commons Validator,1,0,0.000000
JIRA,jira,project,2022-01_to_2022-04,2022-01,2022-04,Community Development,8,1,0.125000
JIRA,jira,project,2022-01_to_2022-04,2022-01,2022-04,Community Support ,1,1,1.000000
JIRA,jira,project,2022-01_to_2022-04,2022-01,2022-04,Compass,290,4,0.013793
JIRA,jira,project,2022-01_to_2022-04,2022-01,2022-04,Confluence Cloud,461,35,0.075922
JIRA,jira,project,2022-01_to_2022-04,2022-01,2022-04,Confluence Copy Space Plugin,2,0,0.000000
JIRA,jira,project,2022-01_to_2022-04,2022-01,2022-04,Confluence Data Center,357,24,0.067227
JIRA,jira,project,2022-01_to_2022-04,2022-01,2022-04,Container Tools,92,5,0.054348
JIRA,jira,project,2022-01_to_2022-04,2022-01,2022-04,Content Gateway,21,0,0.000000
JIRA,jira,project,2022-01_to_2022-04,2022-01,2022-04,Continuous Productization DevOps,1,1,1.000000
JIRA,jira,project,2022-01_to_2022-04,2022-01,2022-04,Contrib: Big Blue Button,3,0,0.000000
JIRA,jira,project,2022-01_to_2022-04,2022-01,2022-04,Contrib: BlogWow,1,0,0.000000
JIRA,jira,project,2022-01_to_2022-04,2022-01,2022-04,Core Server,3686,464,0.125882
JIRA,jira,project,2022-01_to_2022-04,2022-01,2022-04,CoreOS OCP,38,3,0.078947
JIRA,jira,project,2022-01_to_2022-04,2022-01,2022-04,Cost Management,18,1,0.055556
JIRA,jira,project,2022-01_to_2022-04,2022-01,2022-04,Crowd Data Center,24,2,0.083333
JIRA,jira,project,2022-01_to_2022-04,2022-01,2022-04,Crucible,11,1,0.090909
JIRA,jira,project,2022-01_to_2022-04,2022-01,2022-04,DAOS,1,1,1.000000
JIRA,jira,project,2022-01_to_2022-04,2022-01,2022-04,Daffodil,74,26,0.351351
JIRA,jira,project,2022-01_to_2022-04,2022-01,2022-04,Data Foundation Bugs,1,1,1.000000
JIRA,jira,project,2022-01_to_2022-04,2022-01,2022-04,DataFu,1,0,0.000000
JIRA,jira,project,2022-01_to_2022-04,2022-01,2022-04,Database as a Service,214,11,0.051402
JIRA,jira,project,2022-01_to_2022-04,2022-01,2022-04,Debezium,514,167,0.324903
JIRA,jira,project,2022-01_to_2022-04,2022-01,2022-04,Derby (Retired),7,2,0.285714
JIRA,jira,project,2022-01_to_2022-04,2022-01,2022-04,Dev ,1,1,1.000000
JIRA,jira,project,2022-01_to_2022-04,2022-01,2022-04,Directory ApacheDS,9,3,0.333333
JIRA,jira,project,2022-01_to_2022-04,2022-01,2022-04,Directory Client API,2,1,0.500000
JIRA,jira,project,2022-01_to_2022-04,2022-01,2022-04,Directory Kerberos,2,1,0.500000
JIRA,jira,project,2022-01_to_2022-04,2022-01,2022-04,Directory Studio,4,0,0.000000
JIRA,jira,project,2022-01_to_2022-04,2022-01,2022-04,Distributed Tracing,124,2,0.016129
JIRA,jira,project,2022-01_to_2022-04,2022-01,2022-04,Docs for Red Hat Developers,308,7,0.022727
JIRA,jira,project,2022-01_to_2022-04,2022-01,2022-04,Drivers,88,10,0.113636
JIRA,jira,project,2022-01_to_2022-04,2022-01,2022-04,Drools,165,28,0.169697
JIRA,jira,project,2022-01_to_2022-04,2022-01,2022-04,EAP Documentation,18,0,0.000000
JIRA,jira,project,2022-01_to_2022-04,2022-01,2022-04,EJB Client Library (AS7+),3,0,0.000000
JIRA,jira,project,2022-01_to_2022-04,2022-01,2022-04,ENTSBT,7,3,0.428571
JIRA,jira,project,2022-01_to_2022-04,2022-01,2022-04,Elytron Web,4,0,0.000000
JIRA,jira,project,2022-01_to_2022-04,2022-01,2022-04,Empire,27,0,0.000000
JIRA,jira,project,2022-01_to_2022-04,2022-01,2022-04,FOP,22,6,0.272727
JIRA,jira,project,2022-01_to_2022-04,2022-01,2022-04,FORTRESS,7,0,0.000000
JIRA,jira,project,2022-01_to_2022-04,2022-01,2022-04,Fast Datapath Product,1,1,1.000000
JIRA,jira,project,2022-01_to_2022-04,2022-01,2022-04,Fedora,80,30,0.375000
JIRA,jira,project,2022-01_to_2022-04,2022-01,2022-04,Felix,29,6,0.206897
JIRA,jira,project,2022-01_to_2022-04,2022-01,2022-04,Fidelis AI,64,0,0.000000
JIRA,jira,project,2022-01_to_2022-04,2022-01,2022-04,FishEye,20,0,0.000000
JIRA,jira,project,2022-01_to_2022-04,2022-01,2022-04,Flink,1961,407,0.207547
JIRA,jira,project,2022-01_to_2022-04,2022-01,2022-04,Flume,27,0,0.000000
JIRA,jira,project,2022-01_to_2022-04,2022-01,2022-04,Forge,126,16,0.126984
JIRA,jira,project,2022-01_to_2022-04,2022-01,2022-04,FtpServer,9,3,0.333333
JIRA,jira,project,2022-01_to_2022-04,2022-01,2022-04,Fuse Tooling,57,3,0.052632
JIRA,jira,project,2022-01_to_2022-04,2022-01,2022-04,Fuse/AMQ Documentation,43,1,0.023256
JIRA,jira,project,2022-01_to_2022-04,2022-01,2022-04,Geode,360,115,0.319444
JIRA,jira,project,2022-01_to_2022-04,2022-01,2022-04,Giraph (Retired),2,0,0.000000
JIRA,jira,project,2022-01_to_2022-04,2022-01,2022-04,Go Driver,127,6,0.047244
JIRA,jira,project,2022-01_to_2022-04,2022-01,2022-04,Griffin (Retired),4,0,0.000000
JIRA,jira,project,2022-01_to_2022-04,2022-01,2022-04,Groovy,178,63,0.353933
JIRA,jira,project,2022-01_to_2022-04,2022-01,2022-04,Guacamole,110,27,0.245455
JIRA,jira,project,2022-01_to_2022-04,2022-01,2022-04,HAL,23,2,0.086957
JIRA,jira,project,2022-01_to_2022-04,2022-01,2022-04,HBase,352,102,0.289773
JIRA,jira,project,2022-01_to_2022-04,2022-01,2022-04,Hadoop Common,158,53,0.335443
JIRA,jira,project,2022-01_to_2022-04,2022-01,2022-04,Hadoop HDFS,160,31,0.193750
JIRA,jira,project,2022-01_to_2022-04,2022-01,2022-04,Hadoop Map/Reduce,5,2,0.400000
JIRA,jira,project,2022-01_to_2022-04,2022-01,2022-04,Hadoop YARN,64,15,0.234375
JIRA,jira,project,2022-01_to_2022-04,2022-01,2022-04,Hive,355,64,0.180282
JIRA,jira,project,2022-01_to_2022-04,2022-01,2022-04,House Of Reps,1,1,1.000000
JIRA,jira,project,2022-01_to_2022-04,2022-01,2022-04,HttpComponents HttpAsyncClient,1,0,0.000000
JIRA,jira,project,2022-01_to_2022-04,2022-01,2022-04,HttpComponents HttpClient,17,7,0.411765
JIRA,jira,project,2022-01_to_2022-04,2022-01,2022-04,HttpComponents HttpCore,3,2,0.666667
JIRA,jira,project,2022-01_to_2022-04,2022-01,2022-04,Hybrid Cloud Console,533,12,0.022514
JIRA,jira,project,2022-01_to_2022-04,2022-01,2022-04,Hybrid Cloud Infrastructure Documentation,4,0,0.000000
JIRA,jira,project,2022-01_to_2022-04,2022-01,2022-04,IMPALA,211,76,0.360190
JIRA,jira,project,2022-01_to_2022-04,2022-01,2022-04,Identity,25,1,0.040000
JIRA,jira,project,2022-01_to_2022-04,2022-01,2022-04,Ignite,681,108,0.158590
JIRA,jira,project,2022-01_to_2022-04,2022-01,2022-04,Incubator,1,0,0.000000
JIRA,jira,project,2022-01_to_2022-04,2022-01,2022-04,Infinispan,1,1,1.000000
JIRA,jira,project,2022-01_to_2022-04,2022-01,2022-04,Infrastructure,1,1,1.000000
JIRA,jira,project,2022-01_to_2022-04,2022-01,2022-04,Insights Experiences,2,0,0.000000
JIRA,jira,project,2022-01_to_2022-04,2022-01,2022-04,Insights Rule Analysis Tool,7,3,0.428571
JIRA,jira,project,2022-01_to_2022-04,2022-01,2022-04,IronJacamar,5,0,0.000000
JIRA,jira,project,2022-01_to_2022-04,2022-01,2022-04,Ivy,3,1,0.333333
JIRA,jira,project,2022-01_to_2022-04,2022-01,2022-04,JBeret,15,3,0.200000
JIRA,jira,project,2022-01_to_2022-04,2022-01,2022-04,JBoss A,1,0,0.000000
JIRA,jira,project,2022-01_to_2022-04,2022-01,2022-04,JBoss Core Services,34,2,0.058824
JIRA,jira,project,2022-01_to_2022-04,2022-01,2022-04,JBoss Developer Materials,2,1,0.500000
JIRA,jira,project,2022-01_to_2022-04,2022-01,2022-04,JBoss Enterprise Application Platform,321,53,0.165109
JIRA,jira,project,2022-01_to_2022-04,2022-01,2022-04,JBoss Log Manager,14,0,0.000000
JIRA,jira,project,2022-01_to_2022-04,2022-01,2022-04,JBoss Logging,5,1,0.200000
JIRA,jira,project,2022-01_to_2022-04,2022-01,2022-04,JBoss Marshalling,1,0,0.000000
JIRA,jira,project,2022-01_to_2022-04,2022-01,2022-04,JBoss Metadata,5,0,0.000000
JIRA,jira,project,2022-01_to_2022-04,2022-01,2022-04,JBoss Remoting (3+),5,0,0.000000
JIRA,jira,project,2022-01_to_2022-04,2022-01,2022-04,JBoss Server Migration Tool,2,0,0.000000
JIRA,jira,project,2022-01_to_2022-04,2022-01,2022-04,JBoss Transaction Manager,27,5,0.185185
JIRA,jira,project,2022-01_to_2022-04,2022-01,2022-04,JBoss Web Server,35,0,0.000000
JIRA,jira,project,2022-01_to_2022-04,2022-01,2022-04,JBoss Web Services,31,8,0.258065
JIRA,jira,project,2022-01_to_2022-04,2022-01,2022-04,JDO,7,1,0.142857
JIRA,jira,project,2022-01_to_2022-04,2022-01,2022-04,JGroups,17,4,0.235294
JIRA,jira,project,2022-01_to_2022-04,2022-01,2022-04,JIRA Toolkit Plugin,2,0,0.000000
JIRA,jira,project,2022-01_to_2022-04,2022-01,2022-04,JSPWiki,3,2,0.666667
JIRA,jira,project,2022-01_to_2022-04,2022-01,2022-04,Jackrabbit Content Repository,32,4,0.125000
JIRA,jira,project,2022-01_to_2022-04,2022-01,2022-04,Jackrabbit FileVault,46,6,0.130435
JIRA,jira,project,2022-01_to_2022-04,2022-01,2022-04,Jackrabbit OCM,1,0,0.000000
JIRA,jira,project,2022-01_to_2022-04,2022-01,2022-04,Jackrabbit Oak,104,21,0.201923
JIRA,jira,project,2022-01_to_2022-04,2022-01,2022-04,Jackrabbit Site,1,0,0.000000
JIRA,jira,project,2022-01_to_2022-04,2022-01,2022-04,James Mailet,1,0,0.000000
JIRA,jira,project,2022-01_to_2022-04,2022-01,2022-04,James Mime4j,1,0,0.000000
JIRA,jira,project,2022-01_to_2022-04,2022-01,2022-04,James Server,70,10,0.142857
JIRA,jira,project,2022-01_to_2022-04,2022-01,2022-04,Java Driver,149,22,0.147651
JIRA,jira,project,2022-01_to_2022-04,2022-01,2022-04,Jetspeed (Retired),1,0,0.000000
JIRA,jira,project,2022-01_to_2022-04,2022-01,2022-04,Jira Admin Support,2,0,0.000000
JIRA,jira,project,2022-01_to_2022-04,2022-01,2022-04,Jira Align,230,18,0.078261
JIRA,jira,project,2022-01_to_2022-04,2022-01,2022-04,Jira Cloud,65,6,0.092308
JIRA,jira,project,2022-01_to_2022-04,2022-01,2022-04,Jira Data Center,504,28,0.055556
JIRA,jira,project,2022-01_to_2022-04,2022-01,2022-04,Jira Performance Testing Tools,14,5,0.357143
JIRA,jira,project,2022-01_to_2022-04,2022-01,2022-04,Jira Platform Cloud,1018,42,0.041257
JIRA,jira,project,2022-01_to_2022-04,2022-01,2022-04,Jira Service Management Cloud,476,22,0.046218
JIRA,jira,project,2022-01_to_2022-04,2022-01,2022-04,Jira Service Management Data Center,298,21,0.070470
JIRA,jira,project,2022-01_to_2022-04,2022-01,2022-04,Jira Software Data Center,147,12,0.081633
JIRA,jira,project,2022-01_to_2022-04,2022-01,2022-04,Jira Work Management Cloud,76,1,0.013158
JIRA,jira,project,2022-01_to_2022-04,2022-01,2022-04,Johnzon,13,2,0.153846
JIRA,jira,project,2022-01_to_2022-04,2022-01,2022-04,KIE Cloud,19,0,0.000000
JIRA,jira,project,2022-01_to_2022-04,2022-01,2022-04,Kafka,290,60,0.206897
JIRA,jira,project,2022-01_to_2022-04,2022-01,2022-04,Kafka Connector,38,7,0.184211
JIRA,jira,project,2022-01_to_2022-04,2022-01,2022-04,Karaf,108,17,0.157407
JIRA,jira,project,2022-01_to_2022-04,2022-01,2022-04,Knative Serving,53,9,0.169811
JIRA,jira,project,2022-01_to_2022-04,2022-01,2022-04,Kogito,582,31,0.053265
JIRA,jira,project,2022-01_to_2022-04,2022-01,2022-04,Konveyor Tackle,188,11,0.058511
JIRA,jira,project,2022-01_to_2022-04,2022-01,2022-04,Kudu,18,7,0.388889
JIRA,jira,project,2022-01_to_2022-04,2022-01,2022-04,Kylin,35,8,0.228571
JIRA,jira,project,2022-01_to_2022-04,2022-01,2022-04,Legal Discuss,19,0,0.000000
JIRA,jira,project,2022-01_to_2022-04,2022-01,2022-04,Libmongocrypt,33,6,0.181818
JIRA,jira,project,2022-01_to_2022-04,2022-01,2022-04,Livy,7,2,0.285714
JIRA,jira,project,2022-01_to_2022-04,2022-01,2022-04,Log4cxx,6,2,0.333333
JIRA,jira,project,2022-01_to_2022-04,2022-01,2022-04,Log4j 2,183,53,0.289617
JIRA,jira,project,2022-01_to_2022-04,2022-01,2022-04,Log4net,5,3,0.600000
JIRA,jira,project,2022-01_to_2022-04,2022-01,2022-04,Lucene ,205,39,0.190244
JIRA,jira,project,2022-01_to_2022-04,2022-01,2022-04,MINA,10,4,0.400000
JIRA,jira,project,2022-01_to_2022-04,2022-01,2022-04,MINA SSHD,30,13,0.433333
JIRA,jira,project,2022-01_to_2022-04,2022-01,2022-04,Machine Config Operator,92,0,0.000000
JIRA,jira,project,2022-01_to_2022-04,2022-01,2022-04,Mahout,5,0,0.000000
JIRA,jira,project,2022-01_to_2022-04,2022-01,2022-04,Managed Service ,471,17,0.036093
JIRA,jira,project,2022-01_to_2022-04,2022-01,2022-04,Managed Services ,34,1,0.029412
JIRA,jira,project,2022-01_to_2022-04,2022-01,2022-04,ManifoldCF,19,6,0.315789
JIRA,jira,project,2022-01_to_2022-04,2022-01,2022-04,MariaDB ColumnStore,92,30,0.326087
JIRA,jira,project,2022-01_to_2022-04,2022-01,2022-04,MariaDB Connector/C,12,3,0.250000
JIRA,jira,project,2022-01_to_2022-04,2022-01,2022-04,MariaDB Connector/C++,7,2,0.285714
JIRA,jira,project,2022-01_to_2022-04,2022-01,2022-04,MariaDB Connector/J,53,18,0.339623
JIRA,jira,project,2022-01_to_2022-04,2022-01,2022-04,MariaDB Connector/ODBC,11,2,0.181818
JIRA,jira,project,2022-01_to_2022-04,2022-01,2022-04,MariaDB Connector/Python,11,3,0.272727
JIRA,jira,project,2022-01_to_2022-04,2022-01,2022-04,MariaDB Connector/R2DBC,21,0,0.000000
JIRA,jira,project,2022-01_to_2022-04,2022-01,2022-04,MariaDB Connector/node.js,10,2,0.200000
JIRA,jira,project,2022-01_to_2022-04,2022-01,2022-04,MariaDB Foundation Development,97,19,0.195876
JIRA,jira,project,2022-01_to_2022-04,2022-01,2022-04,MariaDB MaxScale,185,29,0.156757
JIRA,jira,project,2022-01_to_2022-04,2022-01,2022-04,MariaDB Server,1016,463,0.455709
JIRA,jira,project,2022-01_to_2022-04,2022-01,2022-04,Maven (Moved to GitHub Issues),83,26,0.313253
JIRA,jira,project,2022-01_to_2022-04,2022-01,2022-04,Maven Antrun Plugin (Moved to GitHub Issues),2,0,0.000000
JIRA,jira,project,2022-01_to_2022-04,2022-01,2022-04,Maven Archetype (Moved to GitHub Issues),4,1,0.250000
JIRA,jira,project,2022-01_to_2022-04,2022-01,2022-04,Maven Archetype Bundles (Moved to GitHub Issues),2,1,0.500000
JIRA,jira,project,2022-01_to_2022-04,2022-01,2022-04,Maven Artifact Plugin (Moved to GitHub Issues),2,0,0.000000
JIRA,jira,project,2022-01_to_2022-04,2022-01,2022-04,Maven Build Cache Extension (Moved to GitHub Issues),3,2,0.666667
JIRA,jira,project,2022-01_to_2022-04,2022-01,2022-04,Maven Checkstyle Plugin (Moved to GitHub Issues),2,0,0.000000
JIRA,jira,project,2022-01_to_2022-04,2022-01,2022-04,Maven Clean Plugin (Moved to GitHub Issues),7,0,0.000000
JIRA,jira,project,2022-01_to_2022-04,2022-01,2022-04,Maven Compiler Plugin (Moved to GitHub Issues),17,8,0.470588
JIRA,jira,project,2022-01_to_2022-04,2022-01,2022-04,Maven Dependency Plugin (Moved to GitHub Issues),23,7,0.304348
JIRA,jira,project,2022-01_to_2022-04,2022-01,2022-04,Maven Deploy Plugin (Moved to GitHub Issues),1,1,1.000000
JIRA,jira,project,2022-01_to_2022-04,2022-01,2022-04,Maven Doxia (Moved to GitHub Issues),11,1,0.090909
JIRA,jira,project,2022-01_to_2022-04,2022-01,2022-04,Maven Doxia Sitetools (Moved to GitHub Issues),14,0,0.000000
JIRA,jira,project,2022-01_to_2022-04,2022-01,2022-04,Maven Doxia Tools (Moved to GitHub Issues),1,0,0.000000
JIRA,jira,project,2022-01_to_2022-04,2022-01,2022-04,Maven EAR Plugin (Moved to GitHub Issues),2,0,0.000000
JIRA,jira,project,2022-01_to_2022-04,2022-01,2022-04,Maven EJB Plugin (Moved to GitHub Issues),1,0,0.000000
JIRA,jira,project,2022-01_to_2022-04,2022-01,2022-04,Maven Enforcer Plugin (Moved to GitHub Issues),6,5,0.833333
JIRA,jira,project,2022-01_to_2022-04,2022-01,2022-04,Maven Help Plugin (Moved to GitHub Issues),2,0,0.000000
JIRA,jira,project,2022-01_to_2022-04,2022-01,2022-04,Maven Indexer (Moved to GitHub Issues),22,1,0.045455
JIRA,jira,project,2022-01_to_2022-04,2022-01,2022-04,Maven Install Plugin (Moved to GitHub Issues),3,0,0.000000
JIRA,jira,project,2022-01_to_2022-04,2022-01,2022-04,Maven Invoker Plugin (Moved to GitHub Issues),6,1,0.166667
JIRA,jira,project,2022-01_to_2022-04,2022-01,2022-04,Maven JAR Plugin (Moved to GitHub Issues),6,0,0.000000
JIRA,jira,project,2022-01_to_2022-04,2022-01,2022-04,Maven JLink Plugin (Moved to GitHub Issues),1,0,0.000000
JIRA,jira,project,2022-01_to_2022-04,2022-01,2022-04,Maven JXR (Moved to GitHub Issues),6,1,0.166667
JIRA,jira,project,2022-01_to_2022-04,2022-01,2022-04,Maven Javadoc Plugin (Moved to GitHub Issues),11,3,0.272727
JIRA,jira,project,2022-01_to_2022-04,2022-01,2022-04,Maven PDF Plugin (RETIRED),4,0,0.000000
JIRA,jira,project,2022-01_to_2022-04,2022-01,2022-04,Maven PMD Plugin (Moved to GitHub Issues),7,1,0.142857
JIRA,jira,project,2022-01_to_2022-04,2022-01,2022-04,Maven POMs (Moved to GitHub issues),33,0,0.000000
JIRA,jira,project,2022-01_to_2022-04,2022-01,2022-04,Maven Plugin Testing  (Moved to GitHub Issues),2,0,0.000000
JIRA,jira,project,2022-01_to_2022-04,2022-01,2022-04,Maven Plugin Tools (Moved to GitHub Issues),10,2,0.200000
JIRA,jira,project,2022-01_to_2022-04,2022-01,2022-04,Maven Project Info Reports Plugin (Moved to GitHub Issues),13,2,0.153846
JIRA,jira,project,2022-01_to_2022-04,2022-01,2022-04,Maven Project Web Site (Moved to GitHub Issues),11,1,0.090909
JIRA,jira,project,2022-01_to_2022-04,2022-01,2022-04,Maven Release Plugin (Moved to GitHub Issues),13,1,0.076923
JIRA,jira,project,2022-01_to_2022-04,2022-01,2022-04,Maven Resolver (Moved to GitHub Issues),22,2,0.090909
JIRA,jira,project,2022-01_to_2022-04,2022-01,2022-04,Maven Resources Plugin (Moved to GitHub Issues),6,0,0.000000
JIRA,jira,project,2022-01_to_2022-04,2022-01,2022-04,Maven SCM (Moved to GitHub Issues),4,0,0.000000
JIRA,jira,project,2022-01_to_2022-04,2022-01,2022-04,Maven SCM Publish Plugin (Moved to GitHub Issues),2,1,0.500000
JIRA,jira,project,2022-01_to_2022-04,2022-01,2022-04,Maven Scripting (Moved to GitHub Issues),1,0,0.000000
JIRA,jira,project,2022-01_to_2022-04,2022-01,2022-04,Maven Shade Plugin (Moved to GitHub Issues),10,3,0.300000
JIRA,jira,project,2022-01_to_2022-04,2022-01,2022-04,Maven Shared Components,56,5,0.089286
JIRA,jira,project,2022-01_to_2022-04,2022-01,2022-04,Maven Site Plugin (Moved to GitHub Issues),20,1,0.050000
JIRA,jira,project,2022-01_to_2022-04,2022-01,2022-04,Maven Skins (Moved to GitHub Issues),8,0,0.000000
JIRA,jira,project,2022-01_to_2022-04,2022-01,2022-04,Maven Source Plugin (Moved to GitHub Issues),1,0,0.000000
JIRA,jira,project,2022-01_to_2022-04,2022-01,2022-04,Maven Surefire (Moved to GitHub Issues),106,30,0.283019
JIRA,jira,project,2022-01_to_2022-04,2022-01,2022-04,Maven Verifier Plugin (Moved to GitHub Issues),1,0,0.000000
JIRA,jira,project,2022-01_to_2022-04,2022-01,2022-04,Maven WAR Plugin (Moved to GitHub Issues),5,0,0.000000
JIRA,jira,project,2022-01_to_2022-04,2022-01,2022-04,Maven Wagon (Moved to GitHub Issues),3,0,0.000000
JIRA,jira,project,2022-01_to_2022-04,2022-01,2022-04,Maven Wrapper (Moved to GitHub Issues),13,1,0.076923
JIRA,jira,project,2022-01_to_2022-04,2022-01,2022-04,Meecrowave,12,0,0.000000
JIRA,jira,project,2022-01_to_2022-04,2022-01,2022-04,Mesos (Retired),4,3,0.750000
JIRA,jira,project,2022-01_to_2022-04,2022-01,2022-04,Migration Platform,86,23,0.267442
JIRA,jira,project,2022-01_to_2022-04,2022-01,2022-04,Migration Toolkit for Virtualization,60,2,0.033333
JIRA,jira,project,2022-01_to_2022-04,2022-01,2022-04,Minecraft (Bedrock codebase),1,1,1.000000
JIRA,jira,project,2022-01_to_2022-04,2022-01,2022-04,Minecraft Realms,1,1,1.000000
JIRA,jira,project,2022-01_to_2022-04,2022-01,2022-04,Minecraft: Java Edition,4,4,1.000000
JIRA,jira,project,2022-01_to_2022-04,2022-01,2022-04,Mnemonic (Retired),31,2,0.064516
JIRA,jira,project,2022-01_to_2022-04,2022-01,2022-04,MongoDB Database Tools,81,8,0.098765
JIRA,jira,project,2022-01_to_2022-04,2022-01,2022-04,MongoDB Shell,104,15,0.144231
JIRA,jira,project,2022-01_to_2022-04,2022-01,2022-04,Mongoid,122,12,0.098361
JIRA,jira,project,2022-01_to_2022-04,2022-01,2022-04,Motor,79,3,0.037975
JIRA,jira,project,2022-01_to_2022-04,2022-01,2022-04,Multiple Architecture Enablement,167,9,0.053892
JIRA,jira,project,2022-01_to_2022-04,2022-01,2022-04,MyFaces Core,9,3,0.333333
JIRA,jira,project,2022-01_to_2022-04,2022-01,2022-04,MyFaces Tobago,26,0,0.000000
JIRA,jira,project,2022-01_to_2022-04,2022-01,2022-04,NLPCraft (Retired),24,3,0.125000
JIRA,jira,project,2022-01_to_2022-04,2022-01,2022-04,NetBeans,148,33,0.222973
JIRA,jira,project,2022-01_to_2022-04,2022-01,2022-04,Network Edge,88,0,0.000000
JIRA,jira,project,2022-01_to_2022-04,2022-01,2022-04,Network Hardware Enablement,17,1,0.058824
JIRA,jira,project,2022-01_to_2022-04,2022-01,2022-04,Network Observability,191,21,0.109948
JIRA,jira,project,2022-01_to_2022-04,2022-01,2022-04,Node.js Driver,334,29,0.086826
JIRA,jira,project,2022-01_to_2022-04,2022-01,2022-04,Nutch,19,5,0.263158
JIRA,jira,project,2022-01_to_2022-04,2022-01,2022-04,OCMUI ,72,2,0.027778
JIRA,jira,project,2022-01_to_2022-04,2022-01,2022-04,OCP Technical Release Team,135,10,0.074074
JIRA,jira,project,2022-01_to_2022-04,2022-01,2022-04,ODE JaCOb,1,0,0.000000
JIRA,jira,project,2022-01_to_2022-04,2022-01,2022-04,OFBiz,131,14,0.106870
JIRA,jira,project,2022-01_to_2022-04,2022-01,2022-04,OODT (Retired),1,0,0.000000
JIRA,jira,project,2022-01_to_2022-04,2022-01,2022-04,OPCT ,28,6,0.214286
JIRA,jira,project,2022-01_to_2022-04,2022-01,2022-04,ORC,91,12,0.131868
JIRA,jira,project,2022-01_to_2022-04,2022-01,2022-04,Observability Documentation,22,1,0.045455
JIRA,jira,project,2022-01_to_2022-04,2022-01,2022-04,Observability and Data Analysis Program,20,1,0.050000
JIRA,jira,project,2022-01_to_2022-04,2022-01,2022-04,Olingo,14,0,0.000000
JIRA,jira,project,2022-01_to_2022-04,2022-01,2022-04,On Prem Networking,42,1,0.023810
JIRA,jira,project,2022-01_to_2022-04,2022-01,2022-04,Oozie (Retired),14,9,0.642857
JIRA,jira,project,2022-01_to_2022-04,2022-01,2022-04,Open Data Hub,36,1,0.027778
JIRA,jira,project,2022-01_to_2022-04,2022-01,2022-04,Open Relevance Project,1,0,0.000000
JIRA,jira,project,2022-01_to_2022-04,2022-01,2022-04,OpenEJB,1,0,0.000000
JIRA,jira,project,2022-01_to_2022-04,2022-01,2022-04,OpenJDK,69,3,0.043478
JIRA,jira,project,2022-01_to_2022-04,2022-01,2022-04,OpenJPA,5,3,0.600000
JIRA,jira,project,2022-01_to_2022-04,2022-01,2022-04,OpenNLP,17,4,0.235294
JIRA,jira,project,2022-01_to_2022-04,2022-01,2022-04,OpenOffice,2,0,0.000000
JIRA,jira,project,2022-01_to_2022-04,2022-01,2022-04,OpenShift API Server,23,0,0.000000
JIRA,jira,project,2022-01_to_2022-04,2022-01,2022-04,OpenShift API for Data Protection,208,21,0.100962
JIRA,jira,project,2022-01_to_2022-04,2022-01,2022-04,OpenShift App Analytics,22,0,0.000000
JIRA,jira,project,2022-01_to_2022-04,2022-01,2022-04,OpenShift Authentication,68,10,0.147059
JIRA,jira,project,2022-01_to_2022-04,2022-01,2022-04,OpenShift Autoscaling,4,0,0.000000
JIRA,jira,project,2022-01_to_2022-04,2022-01,2022-04,OpenShift Bugs,182,64,0.351648
JIRA,jira,project,2022-01_to_2022-04,2022-01,2022-04,OpenShift BuildConfig,13,0,0.000000
JIRA,jira,project,2022-01_to_2022-04,2022-01,2022-04,OpenShift Builds,61,3,0.049180
JIRA,jira,project,2022-01_to_2022-04,2022-01,2022-04,OpenShift CFE,185,2,0.010811
JIRA,jira,project,2022-01_to_2022-04,2022-01,2022-04,OpenShift Cloud,147,8,0.054422
JIRA,jira,project,2022-01_to_2022-04,2022-01,2022-04,OpenShift Cloud Credential Operator,31,0,0.000000
JIRA,jira,project,2022-01_to_2022-04,2022-01,2022-04,OpenShift Console,105,0,0.000000
JIRA,jira,project,2022-01_to_2022-04,2022-01,2022-04,OpenShift Container Platform (OCP) Strategy,8,0,0.000000
JIRA,jira,project,2022-01_to_2022-04,2022-01,2022-04,OpenShift Core Networking,253,26,0.102767
JIRA,jira,project,2022-01_to_2022-04,2022-01,2022-04,OpenShift Edge,5,0,0.000000
JIRA,jira,project,2022-01_to_2022-04,2022-01,2022-04,OpenShift Etcd,13,0,0.000000
JIRA,jira,project,2022-01_to_2022-04,2022-01,2022-04,OpenShift GitOps,190,7,0.036842
JIRA,jira,project,2022-01_to_2022-04,2022-01,2022-04,OpenShift Hive,126,15,0.119048
JIRA,jira,project,2022-01_to_2022-04,2022-01,2022-04,OpenShift Hosted Control Plane,120,7,0.058333
JIRA,jira,project,2022-01_to_2022-04,2022-01,2022-04,OpenShift Image Registry,19,2,0.105263
JIRA,jira,project,2022-01_to_2022-04,2022-01,2022-04,OpenShift Installer,141,3,0.021277
JIRA,jira,project,2022-01_to_2022-04,2022-01,2022-04,OpenShift Jenkins,30,0,0.000000
JIRA,jira,project,2022-01_to_2022-04,2022-01,2022-04,OpenShift Logging,333,85,0.255255
JIRA,jira,project,2022-01_to_2022-04,2022-01,2022-04,OpenShift Migration Toolkit for Containers,76,0,0.000000
JIRA,jira,project,2022-01_to_2022-04,2022-01,2022-04,OpenShift Monitoring,215,6,0.027907
JIRA,jira,project,2022-01_to_2022-04,2022-01,2022-04,OpenShift Node,153,5,0.032680
JIRA,jira,project,2022-01_to_2022-04,2022-01,2022-04,OpenShift Over the Air,108,7,0.064815
JIRA,jira,project,2022-01_to_2022-04,2022-01,2022-04,OpenShift Pipelines,223,19,0.085202
JIRA,jira,project,2022-01_to_2022-04,2022-01,2022-04,OpenShift Pod Autoscaling,1,0,0.000000
JIRA,jira,project,2022-01_to_2022-04,2022-01,2022-04,OpenShift Request For Enhancement,250,7,0.028000
JIRA,jira,project,2022-01_to_2022-04,2022-01,2022-04,OpenShift Service Mesh,319,17,0.053292
JIRA,jira,project,2022-01_to_2022-04,2022-01,2022-04,OpenShift Specialist Platform Team,112,4,0.035714
JIRA,jira,project,2022-01_to_2022-04,2022-01,2022-04,OpenShift Storage,76,1,0.013158
JIRA,jira,project,2022-01_to_2022-04,2022-01,2022-04,OpenShift Top Level Product Strategy,24,0,0.000000
JIRA,jira,project,2022-01_to_2022-04,2022-01,2022-04,OpenShift UX Product Design,69,0,0.000000
JIRA,jira,project,2022-01_to_2022-04,2022-01,2022-04,OpenShift Virtualization,117,12,0.102564
JIRA,jira,project,2022-01_to_2022-04,2022-01,2022-04,OpenShift Windows Containers,78,3,0.038462
JIRA,jira,project,2022-01_to_2022-04,2022-01,2022-04,OpenShift Workloads,55,1,0.018182
JIRA,jira,project,2022-01_to_2022-04,2022-01,2022-04,OpenStack Strategy,1,0,0.000000
JIRA,jira,project,2022-01_to_2022-04,2022-01,2022-04,OpenStack as Infra,112,4,0.035714
JIRA,jira,project,2022-01_to_2022-04,2022-01,2022-04,OpenWebBeans,3,0,0.000000
JIRA,jira,project,2022-01_to_2022-04,2022-01,2022-04,Openmeetings,10,2,0.200000
JIRA,jira,project,2022-01_to_2022-04,2022-01,2022-04,Openshift sandboxed containers,15,4,0.266667
JIRA,jira,project,2022-01_to_2022-04,2022-01,2022-04,Operator Ecosystem,175,7,0.040000
JIRA,jira,project,2022-01_to_2022-04,2022-01,2022-04,Operator Runtime,167,3,0.017964
JIRA,jira,project,2022-01_to_2022-04,2022-01,2022-04,Opsgenie,408,11,0.026961
JIRA,jira,project,2022-01_to_2022-04,2022-01,2022-04,OptaPlanner,94,5,0.053191
JIRA,jira,project,2022-01_to_2022-04,2022-01,2022-04,Origin Community Distribution of Kubernetes,4,1,0.250000
JIRA,jira,project,2022-01_to_2022-04,2022-01,2022-04,PDFBox,71,28,0.394366
JIRA,jira,project,2022-01_to_2022-04,2022-01,2022-04,PHP Driver: Extension,44,3,0.068182
JIRA,jira,project,2022-01_to_2022-04,2022-01,2022-04,PHP Driver: Library,51,5,0.098039
JIRA,jira,project,2022-01_to_2022-04,2022-01,2022-04,Parquet,35,6,0.171429
JIRA,jira,project,2022-01_to_2022-04,2022-01,2022-04,Performance and Scale for AI Platforms,118,3,0.025424
JIRA,jira,project,2022-01_to_2022-04,2022-01,2022-04,Phoenix,85,25,0.294118
JIRA,jira,project,2022-01_to_2022-04,2022-01,2022-04,Phoenix Omid,5,0,0.000000
JIRA,jira,project,2022-01_to_2022-04,2022-01,2022-04,Pig,6,0,0.000000
JIRA,jira,project,2022-01_to_2022-04,2022-01,2022-04,Pivot (Retired),1,0,0.000000
JIRA,jira,project,2022-01_to_2022-04,2022-01,2022-04,Pluto (Retired),5,1,0.200000
JIRA,jira,project,2022-01_to_2022-04,2022-01,2022-04,Podling Suitable Names Search,4,0,0.000000
JIRA,jira,project,2022-01_to_2022-04,2022-01,2022-04,Portals Bridges (Retired),1,0,0.000000
JIRA,jira,project,2022-01_to_2022-04,2022-01,2022-04,Product Technical Learning,524,18,0.034351
JIRA,jira,project,2022-01_to_2022-04,2022-01,2022-04,Proforma Server & Data Centre,19,1,0.052632
JIRA,jira,project,2022-01_to_2022-04,2022-01,2022-04,Project Quay,374,90,0.240642
JIRA,jira,project,2022-01_to_2022-04,2022-01,2022-04,Pulsar (Retired),1,0,0.000000
JIRA,jira,project,2022-01_to_2022-04,2022-01,2022-04,PyLucene,2,2,1.000000
JIRA,jira,project,2022-01_to_2022-04,2022-01,2022-04,Python Driver,159,33,0.207547
JIRA,jira,project,2022-01_to_2022-04,2022-01,2022-04,Python Integrations,46,2,0.043478
JIRA,jira,project,2022-01_to_2022-04,2022-01,2022-04,"Qbs (""Cubes"")",10,4,0.400000
JIRA,jira,project,2022-01_to_2022-04,2022-01,2022-04,Qpid,16,3,0.187500
JIRA,jira,project,2022-01_to_2022-04,2022-01,2022-04,Qpid Dispatch,38,19,0.500000
JIRA,jira,project,2022-01_to_2022-04,2022-01,2022-04,Qpid JMS,10,1,0.100000
JIRA,jira,project,2022-01_to_2022-04,2022-01,2022-04,Qpid Proton,58,13,0.224138
JIRA,jira,project,2022-01_to_2022-04,2022-01,2022-04,Qt,3324,742,0.223225
JIRA,jira,project,2022-01_to_2022-04,2022-01,2022-04,Qt Creator,602,111,0.184385
JIRA,jira,project,2022-01_to_2022-04,2022-01,2022-04,Qt Design Studio,801,30,0.037453
JIRA,jira,project,2022-01_to_2022-04,2022-01,2022-04,Qt Extensions,1,0,0.000000
JIRA,jira,project,2022-01_to_2022-04,2022-01,2022-04,Qt Installer Framework,154,13,0.084416
JIRA,jira,project,2022-01_to_2022-04,2022-01,2022-04,Qt Project Website,22,0,0.000000
JIRA,jira,project,2022-01_to_2022-04,2022-01,2022-04,Qt Quality Assurance Infrastructure,182,15,0.082418
JIRA,jira,project,2022-01_to_2022-04,2022-01,2022-04,Qt Visual Studio Tools,30,7,0.233333
JIRA,jira,project,2022-01_to_2022-04,2022-01,2022-04,Qt WebBrowser,1,0,0.000000
JIRA,jira,project,2022-01_to_2022-04,2022-01,2022-04,Qt for Python,112,40,0.357143
JIRA,jira,project,2022-01_to_2022-04,2022-01,2022-04,Quarkus,283,45,0.159011
JIRA,jira,project,2022-01_to_2022-04,2022-01,2022-04,RDO Project,22,2,0.090909
JIRA,jira,project,2022-01_to_2022-04,2022-01,2022-04,REEF (Retired),1,0,0.000000
JIRA,jira,project,2022-01_to_2022-04,2022-01,2022-04,RESTEasy,58,7,0.120690
JIRA,jira,project,2022-01_to_2022-04,2022-01,2022-04,RH,58,9,0.155172
JIRA,jira,project,2022-01_to_2022-04,2022-01,2022-04,RHEL,22,2,0.090909
JIRA,jira,project,2022-01_to_2022-04,2022-01,2022-04,RHEL Conversions,25,11,0.440000
JIRA,jira,project,2022-01_to_2022-04,2022-01,2022-04,RHEL Testing,8,8,1.000000
JIRA,jira,project,2022-01_to_2022-04,2022-01,2022-04,Rampart,1,0,0.000000
JIRA,jira,project,2022-01_to_2022-04,2022-01,2022-04,Ranger,177,37,0.209040
JIRA,jira,project,2022-01_to_2022-04,2022-01,2022-04,Ratis,91,17,0.186813
JIRA,jira,project,2022-01_to_2022-04,2022-01,2022-04,Reactive JVM Platform,4,0,0.000000
JIRA,jira,project,2022-01_to_2022-04,2022-01,2022-04,Red Hat 3scale API Management,212,26,0.122642
JIRA,jira,project,2022-01_to_2022-04,2022-01,2022-04,Red Hat Advanced Cluster Management,121,4,0.033058
JIRA,jira,project,2022-01_to_2022-04,2022-01,2022-04,Red Hat Cluster Management Cloud Services,87,5,0.057471
JIRA,jira,project,2022-01_to_2022-04,2022-01,2022-04,Red Hat Data Grid,66,8,0.121212
JIRA,jira,project,2022-01_to_2022-04,2022-01,2022-04,Red Hat Decision Manager,19,7,0.368421
JIRA,jira,project,2022-01_to_2022-04,2022-01,2022-04,Red Hat Fuse,252,38,0.150794
JIRA,jira,project,2022-01_to_2022-04,2022-01,2022-04,Red Hat Insights Engineering,1,0,0.000000
JIRA,jira,project,2022-01_to_2022-04,2022-01,2022-04,Red Hat Insights Strategy,1,0,0.000000
JIRA,jira,project,2022-01_to_2022-04,2022-01,2022-04,Red Hat OpenBridge,165,16,0.096970
JIRA,jira,project,2022-01_to_2022-04,2022-01,2022-04,Red Hat OpenShift Data Science,935,6,0.006417
JIRA,jira,project,2022-01_to_2022-04,2022-01,2022-04,Red Hat OpenShift Dev Spaces (formerly CodeReady Workspaces),263,97,0.368821
JIRA,jira,project,2022-01_to_2022-04,2022-01,2022-04,Red Hat OpenStack Services on OpenShift,88,6,0.068182
JIRA,jira,project,2022-01_to_2022-04,2022-01,2022-04,Red Hat Process Automation Manager,97,25,0.257732
JIRA,jira,project,2022-01_to_2022-04,2022-01,2022-04,Red Hat Service Interconnect (Skupper),23,2,0.086957
JIRA,jira,project,2022-01_to_2022-04,2022-01,2022-04,Red Hat Workload Availability,2,0,0.000000
JIRA,jira,project,2022-01_to_2022-04,2022-01,2022-04,Red Hat build of Apache Camel for Spring Boot,72,2,0.027778
JIRA,jira,project,2022-01_to_2022-04,2022-01,2022-04,Red Hat build of Keycloak,1,0,0.000000
JIRA,jira,project,2022-01_to_2022-04,2022-01,2022-04,Rich Text Editor for JIRA,1,0,0.000000
JIRA,jira,project,2022-01_to_2022-04,2022-01,2022-04,Ruby Driver,95,7,0.073684
JIRA,jira,project,2022-01_to_2022-04,2022-01,2022-04,Rust Driver,146,2,0.013699
JIRA,jira,project,2022-01_to_2022-04,2022-01,2022-04,SAML for Atlassian Data Center,5,0,0.000000
JIRA,jira,project,2022-01_to_2022-04,2022-01,2022-04,Sakai,501,79,0.157685
JIRA,jira,project,2022-01_to_2022-04,2022-01,2022-04,Samza,23,1,0.043478
JIRA,jira,project,2022-01_to_2022-04,2022-01,2022-04,Santuario,4,1,0.250000
JIRA,jira,project,2022-01_to_2022-04,2022-01,2022-04,Satellite,144,13,0.090278
JIRA,jira,project,2022-01_to_2022-04,2022-01,2022-04,Secondary Scheduler Support for Red Hat Openshift,3,0,0.000000
JIRA,jira,project,2022-01_to_2022-04,2022-01,2022-04,Security Data,7,1,0.142857
JIRA,jira,project,2022-01_to_2022-04,2022-01,2022-04,Server Deployments and Scale,3,1,0.333333
JIRA,jira,project,2022-01_to_2022-04,2022-01,2022-04,Server Platform Frontend,6,0,0.000000
JIRA,jira,project,2022-01_to_2022-04,2022-01,2022-04,Serverless logic,22,0,0.000000
JIRA,jira,project,2022-01_to_2022-04,2022-01,2022-04,ServiceMix,132,2,0.015152
JIRA,jira,project,2022-01_to_2022-04,2022-01,2022-04,ServiceMix Components,1,0,0.000000
JIRA,jira,project,2022-01_to_2022-04,2022-01,2022-04,Shiro,39,0,0.000000
JIRA,jira,project,2022-01_to_2022-04,2022-01,2022-04,ShrinkWrap,1,0,0.000000
JIRA,jira,project,2022-01_to_2022-04,2022-01,2022-04,Sidecar for Apache Cassandra,4,0,0.000000
JIRA,jira,project,2022-01_to_2022-04,2022-01,2022-04,Singa,8,0,0.000000
JIRA,jira,project,2022-01_to_2022-04,2022-01,2022-04,Sling,256,35,0.136719
JIRA,jira,project,2022-01_to_2022-04,2022-01,2022-04,Solr,282,70,0.248227
JIRA,jira,project,2022-01_to_2022-04,2022-01,2022-04,Sourcetree For Mac,83,16,0.192771
JIRA,jira,project,2022-01_to_2022-04,2022-01,2022-04,Sourcetree for Windows,73,12,0.164384
JIRA,jira,project,2022-01_to_2022-04,2022-01,2022-04,Spark,1283,189,0.147311
JIRA,jira,project,2022-01_to_2022-04,2022-01,2022-04,Spark Connector,27,6,0.222222
JIRA,jira,project,2022-01_to_2022-04,2022-01,2022-04,Spatial Information Systems,12,0,0.000000
JIRA,jira,project,2022-01_to_2022-04,2022-01,2022-04,Statuspage,50,0,0.000000
JIRA,jira,project,2022-01_to_2022-04,2022-01,2022-04,Steve,17,0,0.000000
JIRA,jira,project,2022-01_to_2022-04,2022-01,2022-04,StreamPipes,40,4,0.100000
JIRA,jira,project,2022-01_to_2022-04,2022-01,2022-04,Streams (Retired) (Retired),1,0,0.000000
JIRA,jira,project,2022-01_to_2022-04,2022-01,2022-04,Struts 2,16,3,0.187500
JIRA,jira,project,2022-01_to_2022-04,2022-01,2022-04,Subscription Watch,1,0,0.000000
JIRA,jira,project,2022-01_to_2022-04,2022-01,2022-04,Subversion,18,2,0.111111
JIRA,jira,project,2022-01_to_2022-04,2022-01,2022-04,Superset,1,0,0.000000
JIRA,jira,project,2022-01_to_2022-04,2022-01,2022-04,Syncope,18,1,0.055556
JIRA,jira,project,2022-01_to_2022-04,2022-01,2022-04,SystemDS,96,5,0.052083
JIRA,jira,project,2022-01_to_2022-04,2022-01,2022-04,TEST Defect Tracking Project,27,0,0.000000
JIRA,jira,project,2022-01_to_2022-04,2022-01,2022-04,TOREE,3,1,0.333333
JIRA,jira,project,2022-01_to_2022-04,2022-01,2022-04,Tapestry 5,25,14,0.560000
JIRA,jira,project,2022-01_to_2022-04,2022-01,2022-04,Teiid,3,0,0.000000
JIRA,jira,project,2022-01_to_2022-04,2022-01,2022-04,Test Project,1,0,0.000000
JIRA,jira,project,2022-01_to_2022-04,2022-01,2022-04,Thrift,84,10,0.119048
JIRA,jira,project,2022-01_to_2022-04,2022-01,2022-04,Tika,109,16,0.146789
JIRA,jira,project,2022-01_to_2022-04,2022-01,2022-04,TinkerPop,62,13,0.209677
JIRA,jira,project,2022-01_to_2022-04,2022-01,2022-04,TomEE,108,9,0.083333
JIRA,jira,project,2022-01_to_2022-04,2022-01,2022-04,Tools (JBoss Tools),161,39,0.242236
JIRA,jira,project,2022-01_to_2022-04,2022-01,2022-04,Trinity,41,3,0.073171
JIRA,jira,project,2022-01_to_2022-04,2022-01,2022-04,UIMA,33,1,0.030303
JIRA,jira,project,2022-01_to_2022-04,2022-01,2022-04,Undertow,60,10,0.166667
JIRA,jira,project,2022-01_to_2022-04,2022-01,2022-04,Universal Plugin Manager,1,0,0.000000
JIRA,jira,project,2022-01_to_2022-04,2022-01,2022-04,Use OCPBUGS now,5,0,0.000000
JIRA,jira,project,2022-01_to_2022-04,2022-01,2022-04,VS Code Extension,8,0,0.000000
JIRA,jira,project,2022-01_to_2022-04,2022-01,2022-04,Velocity,3,1,0.333333
JIRA,jira,project,2022-01_to_2022-04,2022-01,2022-04,Velocity Tools,2,1,0.500000
JIRA,jira,project,2022-01_to_2022-04,2022-01,2022-04,Virtualization Strategy,1,0,0.000000
JIRA,jira,project,2022-01_to_2022-04,2022-01,2022-04,Visual Design,31,0,0.000000
JIRA,jira,project,2022-01_to_2022-04,2022-01,2022-04,Visual Studio,8,0,0.000000
JIRA,jira,project,2022-01_to_2022-04,2022-01,2022-04,WINDUP ,128,14,0.109375
JIRA,jira,project,2022-01_to_2022-04,2022-01,2022-04,WINDUPRULE ,28,3,0.107143
JIRA,jira,project,2022-01_to_2022-04,2022-01,2022-04,WSS4J,6,1,0.166667
JIRA,jira,project,2022-01_to_2022-04,2022-01,2022-04,Web Terminal for OpenShift,7,0,0.000000
JIRA,jira,project,2022-01_to_2022-04,2022-01,2022-04,Weld,18,2,0.111111
JIRA,jira,project,2022-01_to_2022-04,2022-01,2022-04,Whimsy,12,0,0.000000
JIRA,jira,project,2022-01_to_2022-04,2022-01,2022-04,Wicket,35,7,0.200000
JIRA,jira,project,2022-01_to_2022-04,2022-01,2022-04,WildFly,422,43,0.101896
JIRA,jira,project,2022-01_to_2022-04,2022-01,2022-04,WildFly Arquillian,1,1,1.000000
JIRA,jira,project,2022-01_to_2022-04,2022-01,2022-04,WildFly Core,126,6,0.047619
JIRA,jira,project,2022-01_to_2022-04,2022-01,2022-04,WildFly Discovery,2,0,0.000000
JIRA,jira,project,2022-01_to_2022-04,2022-01,2022-04,WildFly EJB HTTP Client,5,0,0.000000
JIRA,jira,project,2022-01_to_2022-04,2022-01,2022-04,WildFly Elytron,48,3,0.062500
JIRA,jira,project,2022-01_to_2022-04,2022-01,2022-04,WildFly Elytron EE,7,0,0.000000
JIRA,jira,project,2022-01_to_2022-04,2022-01,2022-04,WildFly Elytron MicroProfile,3,0,0.000000
JIRA,jira,project,2022-01_to_2022-04,2022-01,2022-04,WildFly Maven Plugin,12,0,0.000000
JIRA,jira,project,2022-01_to_2022-04,2022-01,2022-04,WildFly Naming Client,4,0,0.000000
JIRA,jira,project,2022-01_to_2022-04,2022-01,2022-04,WildFly OpenSSL,5,0,0.000000
JIRA,jira,project,2022-01_to_2022-04,2022-01,2022-04,WildFly OpenSSL Natives,3,0,0.000000
JIRA,jira,project,2022-01_to_2022-04,2022-01,2022-04,WildFly Transaction Client,2,0,0.000000
JIRA,jira,project,2022-01_to_2022-04,2022-01,2022-04,WildFly WIP,26,15,0.576923
JIRA,jira,project,2022-01_to_2022-04,2022-01,2022-04,WiredTiger,643,217,0.337481
JIRA,jira,project,2022-01_to_2022-04,2022-01,2022-04,XBean,1,0,0.000000
JIRA,jira,project,2022-01_to_2022-04,2022-01,2022-04,XMLBeans,18,7,0.388889
JIRA,jira,project,2022-01_to_2022-04,2022-01,2022-04,XNIO,13,1,0.076923
JIRA,jira,project,2022-01_to_2022-04,2022-01,2022-04,Xerces,1,1,1.000000
JIRA,jira,project,2022-01_to_2022-04,2022-01,2022-04,Xerces2,10,1,0.100000
JIRA,jira,project,2022-01_to_2022-04,2022-01,2022-04,Yetus,18,3,0.166667
JIRA,jira,project,2022-01_to_2022-04,2022-01,2022-04,Zeppelin,112,14,0.125000
JIRA,jira,project,2022-01_to_2022-04,2022-01,2022-04,ZooKeeper,99,22,0.222222
JIRA,jira,project,2022-01_to_2022-04,2022-01,2022-04,apiman (API Management),2,1,0.500000
JIRA,jira,project,2022-01_to_2022-04,2022-01,2022-04,cTAKES,2,1,0.500000
JIRA,jira,project,2022-01_to_2022-04,2022-01,2022-04,jBPM,82,3,0.036585
JIRA,jira,project,2022-01_to_2022-04,2022-01,2022-04,jUDDI (Retired),4,0,0.000000
JIRA,jira,project,2022-01_to_2022-04,2022-01,2022-04,jboss.org,2,0,0.000000
JIRA,jira,project,2022-01_to_2022-04,2022-01,2022-04,jclouds (Retired) (Retired),14,2,0.142857
JIRA,jira,project,2022-01_to_2022-04,2022-01,2022-04,mod_cluster,7,0,0.000000
JIRA,jira,project,2022-01_to_2022-04,2022-01,2022-04,repository.jboss.org/nexus,11,2,0.181818
JIRA,jira,project,2022-01_to_2022-04,2022-01,2022-04,www.apache.org website,1,0,0.000000
JIRA,jira,project,2022-05_to_2022-08,2022-05,2022-08,A,29,1,0.034483
JIRA,jira,project,2022-05_to_2022-08,2022-05,2022-08,AMQ Broker,267,28,0.104869
JIRA,jira,project,2022-05_to_2022-08,2022-05,2022-08,AMQ Clients,8,1,0.125000
JIRA,jira,project,2022-05_to_2022-08,2022-05,2022-08,AMQ Documentation,10,0,0.000000
JIRA,jira,project,2022-05_to_2022-08,2022-05,2022-08,AMQ Interconnect,7,1,0.142857
JIRA,jira,project,2022-05_to_2022-08,2022-05,2022-08,AMQ Streams,134,8,0.059701
JIRA,jira,project,2022-05_to_2022-08,2022-05,2022-08,ActiveMQ (Read,97,14,0.144330
JIRA,jira,project,2022-05_to_2022-08,2022-05,2022-08,ActiveMQ .Net,5,1,0.200000
JIRA,jira,project,2022-05_to_2022-08,2022-05,2022-08,ActiveMQ C++ Client,1,1,1.000000
JIRA,jira,project,2022-05_to_2022-08,2022-05,2022-08,ActiveObjects,4,0,0.000000
JIRA,jira,project,2022-05_to_2022-08,2022-05,2022-08,Activity Streams,1,0,0.000000
JIRA,jira,project,2022-05_to_2022-08,2022-05,2022-08,Admin Experience,57,2,0.035088
JIRA,jira,project,2022-05_to_2022-08,2022-05,2022-08,Aesh,1,0,0.000000
JIRA,jira,project,2022-05_to_2022-08,2022-05,2022-08,Agent,162,6,0.037037
JIRA,jira,project,2022-05_to_2022-08,2022-05,2022-08,Airavata,37,5,0.135135
JIRA,jira,project,2022-05_to_2022-08,2022-05,2022-08,Ambari,24,1,0.041667
JIRA,jira,project,2022-05_to_2022-08,2022-05,2022-08,Analytics,13,0,0.000000
JIRA,jira,project,2022-05_to_2022-08,2022-05,2022-08,Ansible Automation Platform RFEs,97,5,0.051546
JIRA,jira,project,2022-05_to_2022-08,2022-05,2022-08,Ansible Strategy,1,0,0.000000
JIRA,jira,project,2022-05_to_2022-08,2022-05,2022-08,Apache AGE,7,0,0.000000
JIRA,jira,project,2022-05_to_2022-08,2022-05,2022-08,Apache AWF (Retired),1,0,0.000000
JIRA,jira,project,2022-05_to_2022-08,2022-05,2022-08,Apache Any23 (Retired),11,0,0.000000
JIRA,jira,project,2022-05_to_2022-08,2022-05,2022-08,Apache Arrow,1161,260,0.223945
JIRA,jira,project,2022-05_to_2022-08,2022-05,2022-08,Apache AsterixDB,39,1,0.025641
JIRA,jira,project,2022-05_to_2022-08,2022-05,2022-08,Apache Avro,113,15,0.132743
JIRA,jira,project,2022-05_to_2022-08,2022-05,2022-08,Apache Cassandra,285,104,0.364912
JIRA,jira,project,2022-05_to_2022-08,2022-05,2022-08,Apache Chainsaw,8,0,0.000000
JIRA,jira,project,2022-05_to_2022-08,2022-05,2022-08,Apache Commons All,1,0,0.000000
JIRA,jira,project,2022-05_to_2022-08,2022-05,2022-08,Apache Commons Testing,2,0,0.000000
JIRA,jira,project,2022-05_to_2022-08,2022-05,2022-08,Apache Curator,15,7,0.466667
JIRA,jira,project,2022-05_to_2022-08,2022-05,2022-08,Apache DataLab (Retired),5,0,0.000000
JIRA,jira,project,2022-05_to_2022-08,2022-05,2022-08,Apache Doris,1,0,0.000000
JIRA,jira,project,2022-05_to_2022-08,2022-05,2022-08,Apache Drill,85,18,0.211765
JIRA,jira,project,2022-05_to_2022-08,2022-05,2022-08,Apache Fineract,114,7,0.061404
JIRA,jira,project,2022-05_to_2022-08,2022-05,2022-08,Apache Flex,1,0,0.000000
JIRA,jira,project,2022-05_to_2022-08,2022-05,2022-08,Apache Freemarker,2,1,0.500000
JIRA,jira,project,2022-05_to_2022-08,2022-05,2022-08,Apache Gobblin,57,0,0.000000
JIRA,jira,project,2022-05_to_2022-08,2022-05,2022-08,Apache HAWQ (Retired),7,0,0.000000
JIRA,jira,project,2022-05_to_2022-08,2022-05,2022-08,Apache Hop (Retired),255,31,0.121569
JIRA,jira,project,2022-05_to_2022-08,2022-05,2022-08,Apache Hudi,750,39,0.052000
JIRA,jira,project,2022-05_to_2022-08,2022-05,2022-08,Apache IoTDB,1241,149,0.120064
JIRA,jira,project,2022-05_to_2022-08,2022-05,2022-08,Apache Jena,20,5,0.250000
JIRA,jira,project,2022-05_to_2022-08,2022-05,2022-08,Apache Knox,57,6,0.105263
JIRA,jira,project,2022-05_to_2022-08,2022-05,2022-08,Apache Liminal (Retired),7,0,0.000000
JIRA,jira,project,2022-05_to_2022-08,2022-05,2022-08,Apache MADlib,12,3,0.250000
JIRA,jira,project,2022-05_to_2022-08,2022-05,2022-08,Apache Marvin (Retired),1,0,0.000000
JIRA,jira,project,2022-05_to_2022-08,2022-05,2022-08,Apache Maven Resource Bundles (Moved to GitHub Issues),2,0,0.000000
JIRA,jira,project,2022-05_to_2022-08,2022-05,2022-08,Apache NetBeans Infra,6,0,0.000000
JIRA,jira,project,2022-05_to_2022-08,2022-05,2022-08,Apache NiFi,438,70,0.159817
JIRA,jira,project,2022-05_to_2022-08,2022-05,2022-08,Apache NiFi MiNiFi C++,117,3,0.025641
JIRA,jira,project,2022-05_to_2022-08,2022-05,2022-08,Apache NuttX,2,0,0.000000
JIRA,jira,project,2022-05_to_2022-08,2022-05,2022-08,Apache Ozone,520,57,0.109615
JIRA,jira,project,2022-05_to_2022-08,2022-05,2022-08,Apache PLC4X,14,7,0.500000
JIRA,jira,project,2022-05_to_2022-08,2022-05,2022-08,Apache Pinot,1,0,0.000000
JIRA,jira,project,2022-05_to_2022-08,2022-05,2022-08,Apache QPID Interoperability Test Suite,1,0,0.000000
JIRA,jira,project,2022-05_to_2022-08,2022-05,2022-08,Apache RAT,12,6,0.500000
JIRA,jira,project,2022-05_to_2022-08,2022-05,2022-08,Apache Roller,1,1,1.000000
JIRA,jira,project,2022-05_to_2022-08,2022-05,2022-08,Apache Science Data Analytics Platform,12,0,0.000000
JIRA,jira,project,2022-05_to_2022-08,2022-05,2022-08,Apache Sedona,34,5,0.147059
JIRA,jira,project,2022-05_to_2022-08,2022-05,2022-08,Apache ServiceComb,202,0,0.000000
JIRA,jira,project,2022-05_to_2022-08,2022-05,2022-08,Apache Storm,19,2,0.105263
JIRA,jira,project,2022-05_to_2022-08,2022-05,2022-08,Apache Submarine,52,1,0.019231
JIRA,jira,project,2022-05_to_2022-08,2022-05,2022-08,Apache Tez,35,8,0.228571
JIRA,jira,project,2022-05_to_2022-08,2022-05,2022-08,Apache Tomcat Maven Plugin,1,0,0.000000
JIRA,jira,project,2022-05_to_2022-08,2022-05,2022-08,Apache Unomi,89,7,0.078652
JIRA,jira,project,2022-05_to_2022-08,2022-05,2022-08,Apache YuniKorn,106,13,0.122642
JIRA,jira,project,2022-05_to_2022-08,2022-05,2022-08,AppFormer,4,0,0.000000
JIRA,jira,project,2022-05_to_2022-08,2022-05,2022-08,Application Links,1,0,0.000000
JIRA,jira,project,2022-05_to_2022-08,2022-05,2022-08,Archiva (Retired),5,0,0.000000
JIRA,jira,project,2022-05_to_2022-08,2022-05,2022-08,Aries,6,2,0.333333
JIRA,jira,project,2022-05_to_2022-08,2022-05,2022-08,Arquillian,5,1,0.200000
JIRA,jira,project,2022-05_to_2022-08,2022-05,2022-08,Artemis,136,18,0.132353
JIRA,jira,project,2022-05_to_2022-08,2022-05,2022-08,Atlas,71,3,0.042254
JIRA,jira,project,2022-05_to_2022-08,2022-05,2022-08,Atlas SQL,1,0,0.000000
JIRA,jira,project,2022-05_to_2022-08,2022-05,2022-08,Atlassian Browser DevTools,1,0,0.000000
JIRA,jira,project,2022-05_to_2022-08,2022-05,2022-08,Atlassian Cache,1,0,0.000000
JIRA,jira,project,2022-05_to_2022-08,2022-05,2022-08,Atlassian Cloud,25,2,0.080000
JIRA,jira,project,2022-05_to_2022-08,2022-05,2022-08,Atlassian Connect,4,0,0.000000
JIRA,jira,project,2022-05_to_2022-08,2022-05,2022-08,Atlassian Connect JavaScript API,11,1,0.090909
JIRA,jira,project,2022-05_to_2022-08,2022-05,2022-08,Atlassian Connect Spring Boot,6,0,0.000000
JIRA,jira,project,2022-05_to_2022-08,2022-05,2022-08,Atlassian Connect in Jira Cloud,27,2,0.074074
JIRA,jira,project,2022-05_to_2022-08,2022-05,2022-08,Atlassian Ecosystem,2,1,0.500000
JIRA,jira,project,2022-05_to_2022-08,2022-05,2022-08,Atlassian Gadgets,1,0,0.000000
JIRA,jira,project,2022-05_to_2022-08,2022-05,2022-08,Atlassian Guard,42,1,0.023810
JIRA,jira,project,2022-05_to_2022-08,2022-05,2022-08,Atlassian Intelligence,10,3,0.300000
JIRA,jira,project,2022-05_to_2022-08,2022-05,2022-08,Atlassian Internationalization,56,0,0.000000
JIRA,jira,project,2022-05_to_2022-08,2022-05,2022-08,Atlassian Marketplace,9,0,0.000000
JIRA,jira,project,2022-05_to_2022-08,2022-05,2022-08,Atlassian Maven Plugin Suite,5,0,0.000000
JIRA,jira,project,2022-05_to_2022-08,2022-05,2022-08,Atlassian OAuth Plugin,1,0,0.000000
JIRA,jira,project,2022-05_to_2022-08,2022-05,2022-08,Atlassian Plugin SDK,1,0,0.000000
JIRA,jira,project,2022-05_to_2022-08,2022-05,2022-08,Atlassian Plugins,1,0,0.000000
JIRA,jira,project,2022-05_to_2022-08,2022-05,2022-08,Atlassian Pretty URLs,4,0,0.000000
JIRA,jira,project,2022-05_to_2022-08,2022-05,2022-08,Atlassian Product Integrations,20,0,0.000000
JIRA,jira,project,2022-05_to_2022-08,2022-05,2022-08,Atlassian REST,2,0,0.000000
JIRA,jira,project,2022-05_to_2022-08,2022-05,2022-08,Atlassian Troubleshooting & Support Tools Plugin,19,3,0.157895
JIRA,jira,project,2022-05_to_2022-08,2022-05,2022-08,Atlassian User Interface,7,1,0.142857
JIRA,jira,project,2022-05_to_2022-08,2022-05,2022-08,Atlassian WebHooks Plugin,2,0,0.000000
JIRA,jira,project,2022-05_to_2022-08,2022-05,2022-08,Attic,5,0,0.000000
JIRA,jira,project,2022-05_to_2022-08,2022-05,2022-08,Automation for Cloud,74,3,0.040541
JIRA,jira,project,2022-05_to_2022-08,2022-05,2022-08,Automation for Jira Server,45,2,0.044444
JIRA,jira,project,2022-05_to_2022-08,2022-05,2022-08,Axis2,8,3,0.375000
JIRA,jira,project,2022-05_to_2022-08,2022-05,2022-08,BVal,1,0,0.000000
JIRA,jira,project,2022-05_to_2022-08,2022-05,2022-08,Bahir (Retired),11,1,0.090909
JIRA,jira,project,2022-05_to_2022-08,2022-05,2022-08,Bamboo Data Center,129,5,0.038760
JIRA,jira,project,2022-05_to_2022-08,2022-05,2022-08,BatchEE,3,0,0.000000
JIRA,jira,project,2022-05_to_2022-08,2022-05,2022-08,Batik,10,0,0.000000
JIRA,jira,project,2022-05_to_2022-08,2022-05,2022-08,Beam,171,24,0.140351
JIRA,jira,project,2022-05_to_2022-08,2022-05,2022-08,Bigtop,114,32,0.280702
JIRA,jira,project,2022-05_to_2022-08,2022-05,2022-08,Bitbucket Cloud,235,13,0.055319
JIRA,jira,project,2022-05_to_2022-08,2022-05,2022-08,Bitbucket Data Center,191,8,0.041885
JIRA,jira,project,2022-05_to_2022-08,2022-05,2022-08,BxMS Documentation,69,0,0.000000
JIRA,jira,project,2022-05_to_2022-08,2022-05,2022-08,Byteman,1,0,0.000000
JIRA,jira,project,2022-05_to_2022-08,2022-05,2022-08,C Driver,88,8,0.090909
JIRA,jira,project,2022-05_to_2022-08,2022-05,2022-08,C# Driver,143,16,0.111888
JIRA,jira,project,2022-05_to_2022-08,2022-05,2022-08,C++ Driver,64,1,0.015625
JIRA,jira,project,2022-05_to_2022-08,2022-05,2022-08,CXF,61,10,0.163934
JIRA,jira,project,2022-05_to_2022-08,2022-05,2022-08,CXF XJC Utils,1,0,0.000000
JIRA,jira,project,2022-05_to_2022-08,2022-05,2022-08,Calcite,133,40,0.300752
JIRA,jira,project,2022-05_to_2022-08,2022-05,2022-08,Camel,427,60,0.140515
JIRA,jira,project,2022-05_to_2022-08,2022-05,2022-08,Candlepin,1,0,0.000000
JIRA,jira,project,2022-05_to_2022-08,2022-05,2022-08,CarbonData,16,0,0.000000
JIRA,jira,project,2022-05_to_2022-08,2022-05,2022-08,Causeway,163,6,0.036810
JIRA,jira,project,2022-05_to_2022-08,2022-05,2022-08,Cayenne,22,0,0.000000
JIRA,jira,project,2022-05_to_2022-08,2022-05,2022-08,CentOS Stream Pipeline,37,10,0.270270
JIRA,jira,project,2022-05_to_2022-08,2022-05,2022-08,Cert Manager support for Red Hat OpenShift,4,0,0.000000
JIRA,jira,project,2022-05_to_2022-08,2022-05,2022-08,Certification Partner Experience Public,19,0,0.000000
JIRA,jira,project,2022-05_to_2022-08,2022-05,2022-08,Clair,2,0,0.000000
JIRA,jira,project,2022-05_to_2022-08,2022-05,2022-08,Cloud Enablement,29,0,0.000000
JIRA,jira,project,2022-05_to_2022-08,2022-05,2022-08,Cloud Infrastructure Security & Compliance,164,0,0.000000
JIRA,jira,project,2022-05_to_2022-08,2022-05,2022-08,Cluster Integration and Delivery,3,0,0.000000
JIRA,jira,project,2022-05_to_2022-08,2022-05,2022-08,Coin,53,6,0.113208
JIRA,jira,project,2022-05_to_2022-08,2022-05,2022-08,Commerce,1,0,0.000000
JIRA,jira,project,2022-05_to_2022-08,2022-05,2022-08,Commons BCEL,1,0,0.000000
JIRA,jira,project,2022-05_to_2022-08,2022-05,2022-08,Commons BeanUtils,3,0,0.000000
JIRA,jira,project,2022-05_to_2022-08,2022-05,2022-08,Commons CLI,1,0,0.000000
JIRA,jira,project,2022-05_to_2022-08,2022-05,2022-08,Commons CSV,8,2,0.250000
JIRA,jira,project,2022-05_to_2022-08,2022-05,2022-08,Commons Codec,1,1,1.000000
JIRA,jira,project,2022-05_to_2022-08,2022-05,2022-08,Commons Collections,21,1,0.047619
JIRA,jira,project,2022-05_to_2022-08,2022-05,2022-08,Commons Compress,5,1,0.200000
JIRA,jira,project,2022-05_to_2022-08,2022-05,2022-08,Commons Configuration,7,1,0.142857
JIRA,jira,project,2022-05_to_2022-08,2022-05,2022-08,Commons Crypto,9,0,0.000000
JIRA,jira,project,2022-05_to_2022-08,2022-05,2022-08,Commons Daemon,4,1,0.250000
JIRA,jira,project,2022-05_to_2022-08,2022-05,2022-08,Commons Email,2,0,0.000000
JIRA,jira,project,2022-05_to_2022-08,2022-05,2022-08,Commons FileUpload,2,0,0.000000
JIRA,jira,project,2022-05_to_2022-08,2022-05,2022-08,Commons IO,12,5,0.416667
JIRA,jira,project,2022-05_to_2022-08,2022-05,2022-08,Commons Imaging,6,2,0.333333
JIRA,jira,project,2022-05_to_2022-08,2022-05,2022-08,Commons JEXL,12,2,0.166667
JIRA,jira,project,2022-05_to_2022-08,2022-05,2022-08,Commons Lang,5,0,0.000000
JIRA,jira,project,2022-05_to_2022-08,2022-05,2022-08,Commons Logging,1,0,0.000000
JIRA,jira,project,2022-05_to_2022-08,2022-05,2022-08,Commons Math,5,1,0.200000
JIRA,jira,project,2022-05_to_2022-08,2022-05,2022-08,Commons Net,2,0,0.000000
JIRA,jira,project,2022-05_to_2022-08,2022-05,2022-08,Commons Numbers,2,0,0.000000
JIRA,jira,project,2022-05_to_2022-08,2022-05,2022-08,Commons Pool,3,0,0.000000
JIRA,jira,project,2022-05_to_2022-08,2022-05,2022-08,Commons RNG,4,0,0.000000
JIRA,jira,project,2022-05_to_2022-08,2022-05,2022-08,Commons Text,1,0,0.000000
JIRA,jira,project,2022-05_to_2022-08,2022-05,2022-08,Commons VFS,5,3,0.600000
JIRA,jira,project,2022-05_to_2022-08,2022-05,2022-08,Commons Validator,1,1,1.000000
JIRA,jira,project,2022-05_to_2022-08,2022-05,2022-08,Community Development,2,0,0.000000
JIRA,jira,project,2022-05_to_2022-08,2022-05,2022-08,Compass,237,13,0.054852
JIRA,jira,project,2022-05_to_2022-08,2022-05,2022-08,Confluence Cloud,479,27,0.056367
JIRA,jira,project,2022-05_to_2022-08,2022-05,2022-08,Confluence Data Center,438,38,0.086758
JIRA,jira,project,2022-05_to_2022-08,2022-05,2022-08,Container Tools,99,5,0.050505
JIRA,jira,project,2022-05_to_2022-08,2022-05,2022-08,Content Gateway,12,2,0.166667
JIRA,jira,project,2022-05_to_2022-08,2022-05,2022-08,Contrib: Big Blue Button,5,0,0.000000
JIRA,jira,project,2022-05_to_2022-08,2022-05,2022-08,Contrib: Certification,3,0,0.000000
JIRA,jira,project,2022-05_to_2022-08,2022-05,2022-08,Contrib: Clog,1,0,0.000000
JIRA,jira,project,2022-05_to_2022-08,2022-05,2022-08,Contrib: Evaluation System,1,0,0.000000
JIRA,jira,project,2022-05_to_2022-08,2022-05,2022-08,Contrib: QNA,1,0,0.000000
JIRA,jira,project,2022-05_to_2022-08,2022-05,2022-08,Core Server,3170,391,0.123344
JIRA,jira,project,2022-05_to_2022-08,2022-05,2022-08,CoreOS OCP,219,20,0.091324
JIRA,jira,project,2022-05_to_2022-08,2022-05,2022-08,Cost Management,12,0,0.000000
JIRA,jira,project,2022-05_to_2022-08,2022-05,2022-08,Crowd Data Center,22,2,0.090909
JIRA,jira,project,2022-05_to_2022-08,2022-05,2022-08,Crucible,4,1,0.250000
JIRA,jira,project,2022-05_to_2022-08,2022-05,2022-08,Daffodil,35,4,0.114286
JIRA,jira,project,2022-05_to_2022-08,2022-05,2022-08,Dashboard,1,0,0.000000
JIRA,jira,project,2022-05_to_2022-08,2022-05,2022-08,Data Foundation Bugs,4,1,0.250000
JIRA,jira,project,2022-05_to_2022-08,2022-05,2022-08,DataFu,4,0,0.000000
JIRA,jira,project,2022-05_to_2022-08,2022-05,2022-08,Database as a Service,275,5,0.018182
JIRA,jira,project,2022-05_to_2022-08,2022-05,2022-08,Debezium,480,168,0.350000
JIRA,jira,project,2022-05_to_2022-08,2022-05,2022-08,Derby (Retired),7,5,0.714286
JIRA,jira,project,2022-05_to_2022-08,2022-05,2022-08,Directory,1,1,1.000000
JIRA,jira,project,2022-05_to_2022-08,2022-05,2022-08,Directory ApacheDS,2,1,0.500000
JIRA,jira,project,2022-05_to_2022-08,2022-05,2022-08,Directory Client API,3,1,0.333333
JIRA,jira,project,2022-05_to_2022-08,2022-05,2022-08,Directory Studio,5,0,0.000000
JIRA,jira,project,2022-05_to_2022-08,2022-05,2022-08,Distributed Tracing,121,4,0.033058
JIRA,jira,project,2022-05_to_2022-08,2022-05,2022-08,Docs for Red Hat Developers,218,5,0.022936
JIRA,jira,project,2022-05_to_2022-08,2022-05,2022-08,Drivers,81,2,0.024691
JIRA,jira,project,2022-05_to_2022-08,2022-05,2022-08,Drools,191,21,0.109948
JIRA,jira,project,2022-05_to_2022-08,2022-05,2022-08,EAP Documentation,64,0,0.000000
JIRA,jira,project,2022-05_to_2022-08,2022-05,2022-08,EJB Client Library (AS7+),13,1,0.076923
JIRA,jira,project,2022-05_to_2022-08,2022-05,2022-08,ENTSBT,1,0,0.000000
JIRA,jira,project,2022-05_to_2022-08,2022-05,2022-08,Elytron Web,14,0,0.000000
JIRA,jira,project,2022-05_to_2022-08,2022-05,2022-08,Empire,6,0,0.000000
JIRA,jira,project,2022-05_to_2022-08,2022-05,2022-08,FOP,24,8,0.333333
JIRA,jira,project,2022-05_to_2022-08,2022-05,2022-08,FORTRESS,2,0,0.000000
JIRA,jira,project,2022-05_to_2022-08,2022-05,2022-08,Fedora,141,61,0.432624
JIRA,jira,project,2022-05_to_2022-08,2022-05,2022-08,Felix,38,6,0.157895
JIRA,jira,project,2022-05_to_2022-08,2022-05,2022-08,Fidelis AI,61,1,0.016393
JIRA,jira,project,2022-05_to_2022-08,2022-05,2022-08,Fineract Cloud Native,2,0,0.000000
JIRA,jira,project,2022-05_to_2022-08,2022-05,2022-08,FishEye,8,1,0.125000
JIRA,jira,project,2022-05_to_2022-08,2022-05,2022-08,Flink,1698,301,0.177267
JIRA,jira,project,2022-05_to_2022-08,2022-05,2022-08,Flume,12,1,0.083333
JIRA,jira,project,2022-05_to_2022-08,2022-05,2022-08,Forge,104,11,0.105769
JIRA,jira,project,2022-05_to_2022-08,2022-05,2022-08,FtpServer,1,0,0.000000
JIRA,jira,project,2022-05_to_2022-08,2022-05,2022-08,Fuse Tooling,18,2,0.111111
JIRA,jira,project,2022-05_to_2022-08,2022-05,2022-08,Fuse/AMQ Documentation,33,0,0.000000
JIRA,jira,project,2022-05_to_2022-08,2022-05,2022-08,GBuild,4,0,0.000000
JIRA,jira,project,2022-05_to_2022-08,2022-05,2022-08,Geode,141,35,0.248227
JIRA,jira,project,2022-05_to_2022-08,2022-05,2022-08,Giraph (Retired),1,0,0.000000
JIRA,jira,project,2022-05_to_2022-08,2022-05,2022-08,Go Driver,126,9,0.071429
JIRA,jira,project,2022-05_to_2022-08,2022-05,2022-08,Griffin (Retired),2,0,0.000000
JIRA,jira,project,2022-05_to_2022-08,2022-05,2022-08,Groovy,123,43,0.349593
JIRA,jira,project,2022-05_to_2022-08,2022-05,2022-08,Guacamole,82,18,0.219512
JIRA,jira,project,2022-05_to_2022-08,2022-05,2022-08,HAL,15,3,0.200000
JIRA,jira,project,2022-05_to_2022-08,2022-05,2022-08,HBase,359,69,0.192201
JIRA,jira,project,2022-05_to_2022-08,2022-05,2022-08,Hadoop Common,214,95,0.443925
JIRA,jira,project,2022-05_to_2022-08,2022-05,2022-08,Hadoop HDFS,182,81,0.445055
JIRA,jira,project,2022-05_to_2022-08,2022-05,2022-08,Hadoop Map/Reduce,32,14,0.437500
JIRA,jira,project,2022-05_to_2022-08,2022-05,2022-08,Hadoop YARN,166,69,0.415663
JIRA,jira,project,2022-05_to_2022-08,2022-05,2022-08,HawtIO,1,1,1.000000
JIRA,jira,project,2022-05_to_2022-08,2022-05,2022-08,Hive,316,57,0.180380
JIRA,jira,project,2022-05_to_2022-08,2022-05,2022-08,Hivemall,1,0,0.000000
JIRA,jira,project,2022-05_to_2022-08,2022-05,2022-08,HttpComponents HttpClient,19,6,0.315789
JIRA,jira,project,2022-05_to_2022-08,2022-05,2022-08,HttpComponents HttpCore,12,4,0.333333
JIRA,jira,project,2022-05_to_2022-08,2022-05,2022-08,Hybrid Cloud Console,896,28,0.031250
JIRA,jira,project,2022-05_to_2022-08,2022-05,2022-08,Hybrid Cloud Console Docs Feedback,19,0,0.000000
JIRA,jira,project,2022-05_to_2022-08,2022-05,2022-08,Hybrid Cloud Infrastructure Documentation,20,0,0.000000
JIRA,jira,project,2022-05_to_2022-08,2022-05,2022-08,IMPALA,272,78,0.286765
JIRA,jira,project,2022-05_to_2022-08,2022-05,2022-08,Identity,16,1,0.062500
JIRA,jira,project,2022-05_to_2022-08,2022-05,2022-08,Ignite,686,92,0.134111
JIRA,jira,project,2022-05_to_2022-08,2022-05,2022-08,Insights Experiences,11,0,0.000000
JIRA,jira,project,2022-05_to_2022-08,2022-05,2022-08,Insights Rule Analysis Tool,6,2,0.333333
JIRA,jira,project,2022-05_to_2022-08,2022-05,2022-08,IronJacamar,6,1,0.166667
JIRA,jira,project,2022-05_to_2022-08,2022-05,2022-08,Ivy,1,0,0.000000
JIRA,jira,project,2022-05_to_2022-08,2022-05,2022-08,IvyDE (Retired),1,0,0.000000
JIRA,jira,project,2022-05_to_2022-08,2022-05,2022-08,JBeret,32,0,0.000000
JIRA,jira,project,2022-05_to_2022-08,2022-05,2022-08,JBoss A,4,0,0.000000
JIRA,jira,project,2022-05_to_2022-08,2022-05,2022-08,JBoss Core Services,11,0,0.000000
JIRA,jira,project,2022-05_to_2022-08,2022-05,2022-08,JBoss Developer Materials,2,0,0.000000
JIRA,jira,project,2022-05_to_2022-08,2022-05,2022-08,JBoss Enterprise Application Platform,201,35,0.174129
JIRA,jira,project,2022-05_to_2022-08,2022-05,2022-08,JBoss Log Manager,1,0,0.000000
JIRA,jira,project,2022-05_to_2022-08,2022-05,2022-08,JBoss Logging,1,1,1.000000
JIRA,jira,project,2022-05_to_2022-08,2022-05,2022-08,JBoss Marshalling,2,0,0.000000
JIRA,jira,project,2022-05_to_2022-08,2022-05,2022-08,JBoss Metadata,7,0,0.000000
JIRA,jira,project,2022-05_to_2022-08,2022-05,2022-08,JBoss Remoting (3+),2,0,0.000000
JIRA,jira,project,2022-05_to_2022-08,2022-05,2022-08,JBoss Server Migration Tool,1,0,0.000000
JIRA,jira,project,2022-05_to_2022-08,2022-05,2022-08,JBoss Transaction Manager,85,21,0.247059
JIRA,jira,project,2022-05_to_2022-08,2022-05,2022-08,JBoss Web Server,43,4,0.093023
JIRA,jira,project,2022-05_to_2022-08,2022-05,2022-08,JBoss Web Services,40,3,0.075000
JIRA,jira,project,2022-05_to_2022-08,2022-05,2022-08,JDO,7,0,0.000000
JIRA,jira,project,2022-05_to_2022-08,2022-05,2022-08,JGroups,21,8,0.380952
JIRA,jira,project,2022-05_to_2022-08,2022-05,2022-08,Jackrabbit Content Repository,45,4,0.088889
JIRA,jira,project,2022-05_to_2022-08,2022-05,2022-08,Jackrabbit FileVault,20,4,0.200000
JIRA,jira,project,2022-05_to_2022-08,2022-05,2022-08,Jackrabbit Oak,160,34,0.212500
JIRA,jira,project,2022-05_to_2022-08,2022-05,2022-08,James Mailbox,1,0,0.000000
JIRA,jira,project,2022-05_to_2022-08,2022-05,2022-08,James Mailet,1,0,0.000000
JIRA,jira,project,2022-05_to_2022-08,2022-05,2022-08,James Mime4j,6,1,0.166667
JIRA,jira,project,2022-05_to_2022-08,2022-05,2022-08,James Server,54,2,0.037037
JIRA,jira,project,2022-05_to_2022-08,2022-05,2022-08,Java Driver,115,16,0.139130
JIRA,jira,project,2022-05_to_2022-08,2022-05,2022-08,Jetspeed 2 (Retired),1,1,1.000000
JIRA,jira,project,2022-05_to_2022-08,2022-05,2022-08,Jira Admin Support,4,0,0.000000
JIRA,jira,project,2022-05_to_2022-08,2022-05,2022-08,Jira Align,232,18,0.077586
JIRA,jira,project,2022-05_to_2022-08,2022-05,2022-08,Jira Cloud,38,1,0.026316
JIRA,jira,project,2022-05_to_2022-08,2022-05,2022-08,Jira Data Center,457,31,0.067834
JIRA,jira,project,2022-05_to_2022-08,2022-05,2022-08,Jira Performance Testing Tools,23,9,0.391304
JIRA,jira,project,2022-05_to_2022-08,2022-05,2022-08,Jira Platform Cloud,854,36,0.042155
JIRA,jira,project,2022-05_to_2022-08,2022-05,2022-08,Jira Service Management Cloud,458,17,0.037118
JIRA,jira,project,2022-05_to_2022-08,2022-05,2022-08,Jira Service Management Data Center,606,9,0.014851
JIRA,jira,project,2022-05_to_2022-08,2022-05,2022-08,Jira Software Data Center,136,6,0.044118
JIRA,jira,project,2022-05_to_2022-08,2022-05,2022-08,Jira Work Management Cloud,73,1,0.013699
JIRA,jira,project,2022-05_to_2022-08,2022-05,2022-08,Johnzon,18,1,0.055556
JIRA,jira,project,2022-05_to_2022-08,2022-05,2022-08,KIE Cloud,14,0,0.000000
JIRA,jira,project,2022-05_to_2022-08,2022-05,2022-08,Kafka,329,54,0.164134
JIRA,jira,project,2022-05_to_2022-08,2022-05,2022-08,Kafka Connector,16,5,0.312500
JIRA,jira,project,2022-05_to_2022-08,2022-05,2022-08,Karaf,102,8,0.078431
JIRA,jira,project,2022-05_to_2022-08,2022-05,2022-08,Knative Serving,36,6,0.166667
JIRA,jira,project,2022-05_to_2022-08,2022-05,2022-08,Kogito,774,27,0.034884
JIRA,jira,project,2022-05_to_2022-08,2022-05,2022-08,Konflux UI,1,0,0.000000
JIRA,jira,project,2022-05_to_2022-08,2022-05,2022-08,Konveyor Tackle,213,29,0.136150
JIRA,jira,project,2022-05_to_2022-08,2022-05,2022-08,Kotlin BSON,9,0,0.000000
JIRA,jira,project,2022-05_to_2022-08,2022-05,2022-08,Kudu,33,5,0.151515
JIRA,jira,project,2022-05_to_2022-08,2022-05,2022-08,Kylin,67,15,0.223881
JIRA,jira,project,2022-05_to_2022-08,2022-05,2022-08,Legal Discuss,7,0,0.000000
JIRA,jira,project,2022-05_to_2022-08,2022-05,2022-08,Libmongocrypt,49,7,0.142857
JIRA,jira,project,2022-05_to_2022-08,2022-05,2022-08,Livy,8,0,0.000000
JIRA,jira,project,2022-05_to_2022-08,2022-05,2022-08,Log4cxx,6,1,0.166667
JIRA,jira,project,2022-05_to_2022-08,2022-05,2022-08,Log4j 2,91,26,0.285714
JIRA,jira,project,2022-05_to_2022-08,2022-05,2022-08,Log4net,2,1,0.500000
JIRA,jira,project,2022-05_to_2022-08,2022-05,2022-08,Lucene ,129,22,0.170543
JIRA,jira,project,2022-05_to_2022-08,2022-05,2022-08,MI QE Achievements Project,65,0,0.000000
JIRA,jira,project,2022-05_to_2022-08,2022-05,2022-08,MINA,4,1,0.250000
JIRA,jira,project,2022-05_to_2022-08,2022-05,2022-08,MINA SSHD,28,10,0.357143
JIRA,jira,project,2022-05_to_2022-08,2022-05,2022-08,Machine Config Operator,98,3,0.030612
JIRA,jira,project,2022-05_to_2022-08,2022-05,2022-08,Maistra,5,0,0.000000
JIRA,jira,project,2022-05_to_2022-08,2022-05,2022-08,Managed Service ,1058,41,0.038752
JIRA,jira,project,2022-05_to_2022-08,2022-05,2022-08,Managed Services ,117,1,0.008547
JIRA,jira,project,2022-05_to_2022-08,2022-05,2022-08,ManifoldCF,18,4,0.222222
JIRA,jira,project,2022-05_to_2022-08,2022-05,2022-08,MariaDB ColumnStore,137,23,0.167883
JIRA,jira,project,2022-05_to_2022-08,2022-05,2022-08,MariaDB Connector/C,22,3,0.136364
JIRA,jira,project,2022-05_to_2022-08,2022-05,2022-08,MariaDB Connector/C++,5,1,0.200000
JIRA,jira,project,2022-05_to_2022-08,2022-05,2022-08,MariaDB Connector/J,34,9,0.264706
JIRA,jira,project,2022-05_to_2022-08,2022-05,2022-08,MariaDB Connector/ODBC,11,0,0.000000
JIRA,jira,project,2022-05_to_2022-08,2022-05,2022-08,MariaDB Connector/Python,21,6,0.285714
JIRA,jira,project,2022-05_to_2022-08,2022-05,2022-08,MariaDB Connector/R2DBC,2,0,0.000000
JIRA,jira,project,2022-05_to_2022-08,2022-05,2022-08,MariaDB Connector/node.js,24,2,0.083333
JIRA,jira,project,2022-05_to_2022-08,2022-05,2022-08,MariaDB Foundation Development,60,6,0.100000
JIRA,jira,project,2022-05_to_2022-08,2022-05,2022-08,MariaDB MaxScale,150,34,0.226667
JIRA,jira,project,2022-05_to_2022-08,2022-05,2022-08,MariaDB Server,969,487,0.502580
JIRA,jira,project,2022-05_to_2022-08,2022-05,2022-08,Maven (Moved to GitHub Issues),61,28,0.459016
JIRA,jira,project,2022-05_to_2022-08,2022-05,2022-08,Maven Antrun Plugin (Moved to GitHub Issues),1,0,0.000000
JIRA,jira,project,2022-05_to_2022-08,2022-05,2022-08,Maven Archetype (Moved to GitHub Issues),5,2,0.400000
JIRA,jira,project,2022-05_to_2022-08,2022-05,2022-08,Maven Artifact Plugin (Moved to GitHub Issues),2,0,0.000000
JIRA,jira,project,2022-05_to_2022-08,2022-05,2022-08,Maven Assembly Plugin (Moved to GitHub Issues),16,4,0.250000
JIRA,jira,project,2022-05_to_2022-08,2022-05,2022-08,Maven Build Cache Extension (Moved to GitHub Issues),7,4,0.571429
JIRA,jira,project,2022-05_to_2022-08,2022-05,2022-08,Maven Checkstyle Plugin (Moved to GitHub Issues),8,1,0.125000
JIRA,jira,project,2022-05_to_2022-08,2022-05,2022-08,Maven Compiler Plugin (Moved to GitHub Issues),9,3,0.333333
JIRA,jira,project,2022-05_to_2022-08,2022-05,2022-08,Maven Dependency Plugin (Moved to GitHub Issues),21,4,0.190476
JIRA,jira,project,2022-05_to_2022-08,2022-05,2022-08,Maven Deploy Plugin (Moved to GitHub Issues),8,0,0.000000
JIRA,jira,project,2022-05_to_2022-08,2022-05,2022-08,Maven Doxia (Moved to GitHub Issues),21,1,0.047619
JIRA,jira,project,2022-05_to_2022-08,2022-05,2022-08,Maven Doxia Sitetools (Moved to GitHub Issues),14,1,0.071429
JIRA,jira,project,2022-05_to_2022-08,2022-05,2022-08,Maven Doxia Tools (Moved to GitHub Issues),1,0,0.000000
JIRA,jira,project,2022-05_to_2022-08,2022-05,2022-08,Maven Enforcer Plugin (Moved to GitHub Issues),14,2,0.142857
JIRA,jira,project,2022-05_to_2022-08,2022-05,2022-08,Maven GPG Plugin (Moved to GitHub Issues),6,3,0.500000
JIRA,jira,project,2022-05_to_2022-08,2022-05,2022-08,Maven Help Plugin (Moved to GitHub Issues),5,0,0.000000
JIRA,jira,project,2022-05_to_2022-08,2022-05,2022-08,Maven Indexer (Moved to GitHub Issues),15,1,0.066667
JIRA,jira,project,2022-05_to_2022-08,2022-05,2022-08,Maven Install Plugin (Moved to GitHub Issues),2,0,0.000000
JIRA,jira,project,2022-05_to_2022-08,2022-05,2022-08,Maven Invoker Plugin (Moved to GitHub Issues),9,0,0.000000
JIRA,jira,project,2022-05_to_2022-08,2022-05,2022-08,Maven JAR Plugin (Moved to GitHub Issues),4,1,0.250000
JIRA,jira,project,2022-05_to_2022-08,2022-05,2022-08,Maven JXR (Moved to GitHub Issues),6,1,0.166667
JIRA,jira,project,2022-05_to_2022-08,2022-05,2022-08,Maven Javadoc Plugin (Moved to GitHub Issues),13,4,0.307692
JIRA,jira,project,2022-05_to_2022-08,2022-05,2022-08,Maven PDF Plugin (RETIRED),2,0,0.000000
JIRA,jira,project,2022-05_to_2022-08,2022-05,2022-08,Maven PMD Plugin (Moved to GitHub Issues),18,1,0.055556
JIRA,jira,project,2022-05_to_2022-08,2022-05,2022-08,Maven POMs (Moved to GitHub issues),24,1,0.041667
JIRA,jira,project,2022-05_to_2022-08,2022-05,2022-08,Maven Plugin Testing  (Moved to GitHub Issues),1,0,0.000000
JIRA,jira,project,2022-05_to_2022-08,2022-05,2022-08,Maven Plugin Tools (Moved to GitHub Issues),24,5,0.208333
JIRA,jira,project,2022-05_to_2022-08,2022-05,2022-08,Maven Project Info Reports Plugin (Moved to GitHub Issues),6,0,0.000000
JIRA,jira,project,2022-05_to_2022-08,2022-05,2022-08,Maven Project Web Site (Moved to GitHub Issues),6,1,0.166667
JIRA,jira,project,2022-05_to_2022-08,2022-05,2022-08,Maven Release Plugin (Moved to GitHub Issues),16,4,0.250000
JIRA,jira,project,2022-05_to_2022-08,2022-05,2022-08,Maven Remote Resources Plugin (Moved to GitHub Issues),3,1,0.333333
JIRA,jira,project,2022-05_to_2022-08,2022-05,2022-08,Maven Resolver (Moved to GitHub Issues),15,4,0.266667
JIRA,jira,project,2022-05_to_2022-08,2022-05,2022-08,Maven Resources Plugin (Moved to GitHub Issues),3,2,0.666667
JIRA,jira,project,2022-05_to_2022-08,2022-05,2022-08,Maven SCM (Moved to GitHub Issues),21,9,0.428571
JIRA,jira,project,2022-05_to_2022-08,2022-05,2022-08,Maven SCM Publish Plugin (Moved to GitHub Issues),1,0,0.000000
JIRA,jira,project,2022-05_to_2022-08,2022-05,2022-08,Maven Scripting (Moved to GitHub Issues),1,0,0.000000
JIRA,jira,project,2022-05_to_2022-08,2022-05,2022-08,Maven Shade Plugin (Moved to GitHub Issues),6,2,0.333333
JIRA,jira,project,2022-05_to_2022-08,2022-05,2022-08,Maven Shared Components,55,3,0.054545
JIRA,jira,project,2022-05_to_2022-08,2022-05,2022-08,Maven Site Plugin (Moved to GitHub Issues),9,0,0.000000
JIRA,jira,project,2022-05_to_2022-08,2022-05,2022-08,Maven Skins (Moved to GitHub Issues),13,1,0.076923
JIRA,jira,project,2022-05_to_2022-08,2022-05,2022-08,Maven Source Plugin (Moved to GitHub Issues),2,0,0.000000
JIRA,jira,project,2022-05_to_2022-08,2022-05,2022-08,Maven Surefire (Moved to GitHub Issues),34,14,0.411765
JIRA,jira,project,2022-05_to_2022-08,2022-05,2022-08,Maven Toolchains Plugin (Moved to GitHub Issues),4,0,0.000000
JIRA,jira,project,2022-05_to_2022-08,2022-05,2022-08,Maven WAR Plugin (Moved to GitHub Issues),1,0,0.000000
JIRA,jira,project,2022-05_to_2022-08,2022-05,2022-08,Maven Wagon (Moved to GitHub Issues),3,1,0.333333
JIRA,jira,project,2022-05_to_2022-08,2022-05,2022-08,Maven Wrapper (Moved to GitHub Issues),14,6,0.428571
JIRA,jira,project,2022-05_to_2022-08,2022-05,2022-08,Meecrowave,2,0,0.000000
JIRA,jira,project,2022-05_to_2022-08,2022-05,2022-08,MicroShift,16,5,0.312500
JIRA,jira,project,2022-05_to_2022-08,2022-05,2022-08,Migration Platform,53,13,0.245283
JIRA,jira,project,2022-05_to_2022-08,2022-05,2022-08,Migration Toolkit for Applications,9,0,0.000000
JIRA,jira,project,2022-05_to_2022-08,2022-05,2022-08,Migration Toolkit for Virtualization,60,5,0.083333
JIRA,jira,project,2022-05_to_2022-08,2022-05,2022-08,Milagro (Retired),1,0,0.000000
JIRA,jira,project,2022-05_to_2022-08,2022-05,2022-08,Mnemonic (Retired),19,2,0.105263
JIRA,jira,project,2022-05_to_2022-08,2022-05,2022-08,ModeShape,1,0,0.000000
JIRA,jira,project,2022-05_to_2022-08,2022-05,2022-08,Modular Service Container,20,0,0.000000
JIRA,jira,project,2022-05_to_2022-08,2022-05,2022-08,MongoDB Database Tools,74,10,0.135135
JIRA,jira,project,2022-05_to_2022-08,2022-05,2022-08,MongoDB Shell,63,12,0.190476
JIRA,jira,project,2022-05_to_2022-08,2022-05,2022-08,Mongoid,134,17,0.126866
JIRA,jira,project,2022-05_to_2022-08,2022-05,2022-08,Motor,67,4,0.059701
JIRA,jira,project,2022-05_to_2022-08,2022-05,2022-08,Multiple Architecture Enablement,112,21,0.187500
JIRA,jira,project,2022-05_to_2022-08,2022-05,2022-08,MyFaces Core,16,6,0.375000
JIRA,jira,project,2022-05_to_2022-08,2022-05,2022-08,MyFaces Tobago,26,0,0.000000
JIRA,jira,project,2022-05_to_2022-08,2022-05,2022-08,NLPCraft (Retired),16,1,0.062500
JIRA,jira,project,2022-05_to_2022-08,2022-05,2022-08,NetBeans,17,3,0.176471
JIRA,jira,project,2022-05_to_2022-08,2022-05,2022-08,Network Edge,113,0,0.000000
JIRA,jira,project,2022-05_to_2022-08,2022-05,2022-08,Network Hardware Enablement,4,0,0.000000
JIRA,jira,project,2022-05_to_2022-08,2022-05,2022-08,Network Observability,232,17,0.073276
JIRA,jira,project,2022-05_to_2022-08,2022-05,2022-08,NiFi Registry ,1,0,0.000000
JIRA,jira,project,2022-05_to_2022-08,2022-05,2022-08,Node.js Driver,361,41,0.113573
JIRA,jira,project,2022-05_to_2022-08,2022-05,2022-08,Nutch,25,7,0.280000
JIRA,jira,project,2022-05_to_2022-08,2022-05,2022-08,OCMUI ,106,3,0.028302
JIRA,jira,project,2022-05_to_2022-08,2022-05,2022-08,OCP Technical Release Team,300,67,0.223333
JIRA,jira,project,2022-05_to_2022-08,2022-05,2022-08,OFBiz,81,16,0.197531
JIRA,jira,project,2022-05_to_2022-08,2022-05,2022-08,OPCT ,34,6,0.176471
JIRA,jira,project,2022-05_to_2022-08,2022-05,2022-08,ORC,101,3,0.029703
JIRA,jira,project,2022-05_to_2022-08,2022-05,2022-08,Observability Documentation,21,0,0.000000
JIRA,jira,project,2022-05_to_2022-08,2022-05,2022-08,Observability UI,1,0,0.000000
JIRA,jira,project,2022-05_to_2022-08,2022-05,2022-08,Observability and Data Analysis Program,22,2,0.090909
JIRA,jira,project,2022-05_to_2022-08,2022-05,2022-08,Olingo,15,2,0.133333
JIRA,jira,project,2022-05_to_2022-08,2022-05,2022-08,On Prem Networking,54,2,0.037037
JIRA,jira,project,2022-05_to_2022-08,2022-05,2022-08,Oozie (Retired),6,4,0.666667
JIRA,jira,project,2022-05_to_2022-08,2022-05,2022-08,Open Relevance Project,1,0,0.000000
JIRA,jira,project,2022-05_to_2022-08,2022-05,2022-08,OpenJDK,102,2,0.019608
JIRA,jira,project,2022-05_to_2022-08,2022-05,2022-08,OpenJPA,2,1,0.500000
JIRA,jira,project,2022-05_to_2022-08,2022-05,2022-08,OpenNLP,16,4,0.250000
JIRA,jira,project,2022-05_to_2022-08,2022-05,2022-08,OpenOffice,5,1,0.200000
JIRA,jira,project,2022-05_to_2022-08,2022-05,2022-08,OpenShift API Server,38,2,0.052632
JIRA,jira,project,2022-05_to_2022-08,2022-05,2022-08,OpenShift API for Data Protection,152,48,0.315789
JIRA,jira,project,2022-05_to_2022-08,2022-05,2022-08,OpenShift App Analytics,12,0,0.000000
JIRA,jira,project,2022-05_to_2022-08,2022-05,2022-08,OpenShift Authentication,77,5,0.064935
JIRA,jira,project,2022-05_to_2022-08,2022-05,2022-08,OpenShift Autoscaling,2,0,0.000000
JIRA,jira,project,2022-05_to_2022-08,2022-05,2022-08,OpenShift Bugs,761,268,0.352168
JIRA,jira,project,2022-05_to_2022-08,2022-05,2022-08,OpenShift BuildConfig,2,1,0.500000
JIRA,jira,project,2022-05_to_2022-08,2022-05,2022-08,OpenShift Builds,11,0,0.000000
JIRA,jira,project,2022-05_to_2022-08,2022-05,2022-08,OpenShift CFE,167,5,0.029940
JIRA,jira,project,2022-05_to_2022-08,2022-05,2022-08,OpenShift Cloud,110,9,0.081818
JIRA,jira,project,2022-05_to_2022-08,2022-05,2022-08,OpenShift Cloud Credential Operator,37,4,0.108108
JIRA,jira,project,2022-05_to_2022-08,2022-05,2022-08,OpenShift Console,127,2,0.015748
JIRA,jira,project,2022-05_to_2022-08,2022-05,2022-08,OpenShift Container Platform (OCP) Strategy,11,0,0.000000
JIRA,jira,project,2022-05_to_2022-08,2022-05,2022-08,OpenShift Core Networking,379,24,0.063325
JIRA,jira,project,2022-05_to_2022-08,2022-05,2022-08,OpenShift Edge,22,0,0.000000
JIRA,jira,project,2022-05_to_2022-08,2022-05,2022-08,OpenShift Etcd,23,0,0.000000
JIRA,jira,project,2022-05_to_2022-08,2022-05,2022-08,OpenShift GitOps,160,18,0.112500
JIRA,jira,project,2022-05_to_2022-08,2022-05,2022-08,OpenShift Hive,138,17,0.123188
JIRA,jira,project,2022-05_to_2022-08,2022-05,2022-08,OpenShift Hosted Control Plane,125,9,0.072000
JIRA,jira,project,2022-05_to_2022-08,2022-05,2022-08,OpenShift Image Registry,34,0,0.000000
JIRA,jira,project,2022-05_to_2022-08,2022-05,2022-08,OpenShift Installer,224,14,0.062500
JIRA,jira,project,2022-05_to_2022-08,2022-05,2022-08,OpenShift Jenkins,7,1,0.142857
JIRA,jira,project,2022-05_to_2022-08,2022-05,2022-08,OpenShift Logging,333,65,0.195195
JIRA,jira,project,2022-05_to_2022-08,2022-05,2022-08,OpenShift Migration Toolkit for Containers,45,0,0.000000
JIRA,jira,project,2022-05_to_2022-08,2022-05,2022-08,OpenShift Monitoring,151,7,0.046358
JIRA,jira,project,2022-05_to_2022-08,2022-05,2022-08,OpenShift Node,191,6,0.031414
JIRA,jira,project,2022-05_to_2022-08,2022-05,2022-08,OpenShift Over the Air,92,3,0.032609
JIRA,jira,project,2022-05_to_2022-08,2022-05,2022-08,OpenShift Pipelines,140,25,0.178571
JIRA,jira,project,2022-05_to_2022-08,2022-05,2022-08,OpenShift Pod Autoscaling,7,0,0.000000
JIRA,jira,project,2022-05_to_2022-08,2022-05,2022-08,OpenShift Request For Enhancement,305,4,0.013115
JIRA,jira,project,2022-05_to_2022-08,2022-05,2022-08,OpenShift Service Mesh,343,19,0.055394
JIRA,jira,project,2022-05_to_2022-08,2022-05,2022-08,OpenShift Specialist Platform Team,113,8,0.070796
JIRA,jira,project,2022-05_to_2022-08,2022-05,2022-08,OpenShift Storage,108,9,0.083333
JIRA,jira,project,2022-05_to_2022-08,2022-05,2022-08,OpenShift Top Level Product Strategy,21,0,0.000000
JIRA,jira,project,2022-05_to_2022-08,2022-05,2022-08,OpenShift UX Product Design,59,0,0.000000
JIRA,jira,project,2022-05_to_2022-08,2022-05,2022-08,OpenShift Virtualization,417,11,0.026379
JIRA,jira,project,2022-05_to_2022-08,2022-05,2022-08,OpenShift Windows Containers,59,6,0.101695
JIRA,jira,project,2022-05_to_2022-08,2022-05,2022-08,OpenShift Workloads,50,0,0.000000
JIRA,jira,project,2022-05_to_2022-08,2022-05,2022-08,OpenStack as Infra,80,0,0.000000
JIRA,jira,project,2022-05_to_2022-08,2022-05,2022-08,OpenWebBeans,11,2,0.181818
JIRA,jira,project,2022-05_to_2022-08,2022-05,2022-08,Openmeetings,20,8,0.400000
JIRA,jira,project,2022-05_to_2022-08,2022-05,2022-08,Openshift sandboxed containers,13,3,0.230769
JIRA,jira,project,2022-05_to_2022-08,2022-05,2022-08,Operator Ecosystem,185,5,0.027027
JIRA,jira,project,2022-05_to_2022-08,2022-05,2022-08,Operator Runtime,174,1,0.005747
JIRA,jira,project,2022-05_to_2022-08,2022-05,2022-08,Opsgenie,370,7,0.018919
JIRA,jira,project,2022-05_to_2022-08,2022-05,2022-08,OptaPlanner,82,5,0.060976
JIRA,jira,project,2022-05_to_2022-08,2022-05,2022-08,Origin Community Distribution of Kubernetes,50,1,0.020000
JIRA,jira,project,2022-05_to_2022-08,2022-05,2022-08,PDFBox,73,27,0.369863
JIRA,jira,project,2022-05_to_2022-08,2022-05,2022-08,PHP Driver: Extension,45,2,0.044444
JIRA,jira,project,2022-05_to_2022-08,2022-05,2022-08,PHP Driver: Library,62,1,0.016129
JIRA,jira,project,2022-05_to_2022-08,2022-05,2022-08,Parquet,38,15,0.394737
JIRA,jira,project,2022-05_to_2022-08,2022-05,2022-08,Performance and Scale for AI Platforms,140,5,0.035714
JIRA,jira,project,2022-05_to_2022-08,2022-05,2022-08,Phoenix,78,14,0.179487
JIRA,jira,project,2022-05_to_2022-08,2022-05,2022-08,Phoenix Omid,11,1,0.090909
JIRA,jira,project,2022-05_to_2022-08,2022-05,2022-08,Pig,3,0,0.000000
JIRA,jira,project,2022-05_to_2022-08,2022-05,2022-08,Pivot (Retired),1,0,0.000000
JIRA,jira,project,2022-05_to_2022-08,2022-05,2022-08,Podling Suitable Names Search,6,0,0.000000
JIRA,jira,project,2022-05_to_2022-08,2022-05,2022-08,Portals (Retired),2,0,0.000000
JIRA,jira,project,2022-05_to_2022-08,2022-05,2022-08,Portals Apps (Retired),1,1,1.000000
JIRA,jira,project,2022-05_to_2022-08,2022-05,2022-08,Portals Bridges (Retired),1,1,1.000000
JIRA,jira,project,2022-05_to_2022-08,2022-05,2022-08,Product Technical Learning,440,28,0.063636
JIRA,jira,project,2022-05_to_2022-08,2022-05,2022-08,Proforma Server & Data Centre,16,0,0.000000
JIRA,jira,project,2022-05_to_2022-08,2022-05,2022-08,Project Quay,437,76,0.173913
JIRA,jira,project,2022-05_to_2022-08,2022-05,2022-08,Pulsar (Retired),4,2,0.500000
JIRA,jira,project,2022-05_to_2022-08,2022-05,2022-08,PyLucene,2,1,0.500000
JIRA,jira,project,2022-05_to_2022-08,2022-05,2022-08,Python Driver,151,31,0.205298
JIRA,jira,project,2022-05_to_2022-08,2022-05,2022-08,Python Integrations,21,0,0.000000
JIRA,jira,project,2022-05_to_2022-08,2022-05,2022-08,"Qbs (""Cubes"")",12,2,0.166667
JIRA,jira,project,2022-05_to_2022-08,2022-05,2022-08,Qpid,11,3,0.272727
JIRA,jira,project,2022-05_to_2022-08,2022-05,2022-08,Qpid Dispatch,12,2,0.166667
JIRA,jira,project,2022-05_to_2022-08,2022-05,2022-08,Qpid JMS,9,2,0.222222
JIRA,jira,project,2022-05_to_2022-08,2022-05,2022-08,Qpid Proton,59,11,0.186441
JIRA,jira,project,2022-05_to_2022-08,2022-05,2022-08,Qt,3057,693,0.226693
JIRA,jira,project,2022-05_to_2022-08,2022-05,2022-08,Qt 3D Studio,1,0,0.000000
JIRA,jira,project,2022-05_to_2022-08,2022-05,2022-08,Qt Creator,457,114,0.249453
JIRA,jira,project,2022-05_to_2022-08,2022-05,2022-08,Qt Design Studio,567,34,0.059965
JIRA,jira,project,2022-05_to_2022-08,2022-05,2022-08,Qt Installer Framework,125,14,0.112000
JIRA,jira,project,2022-05_to_2022-08,2022-05,2022-08,Qt Project Website,16,1,0.062500
JIRA,jira,project,2022-05_to_2022-08,2022-05,2022-08,Qt Quality Assurance Infrastructure,134,17,0.126866
JIRA,jira,project,2022-05_to_2022-08,2022-05,2022-08,Qt Tools for Android,1,0,0.000000
JIRA,jira,project,2022-05_to_2022-08,2022-05,2022-08,Qt Visual Studio Tools,27,10,0.370370
JIRA,jira,project,2022-05_to_2022-08,2022-05,2022-08,Qt for Python,138,53,0.384058
JIRA,jira,project,2022-05_to_2022-08,2022-05,2022-08,Quarkus,249,10,0.040161
JIRA,jira,project,2022-05_to_2022-08,2022-05,2022-08,Quarkus Documentation,57,0,0.000000
JIRA,jira,project,2022-05_to_2022-08,2022-05,2022-08,RDO Project,3,0,0.000000
JIRA,jira,project,2022-05_to_2022-08,2022-05,2022-08,REST API Browser,1,0,0.000000
JIRA,jira,project,2022-05_to_2022-08,2022-05,2022-08,RESTEasy,71,4,0.056338
JIRA,jira,project,2022-05_to_2022-08,2022-05,2022-08,RH,47,5,0.106383
JIRA,jira,project,2022-05_to_2022-08,2022-05,2022-08,RHEL,6,4,0.666667
JIRA,jira,project,2022-05_to_2022-08,2022-05,2022-08,RHEL Conversions,57,16,0.280702
JIRA,jira,project,2022-05_to_2022-08,2022-05,2022-08,RHEL Testing,8,7,0.875000
JIRA,jira,project,2022-05_to_2022-08,2022-05,2022-08,Rampart,1,0,0.000000
JIRA,jira,project,2022-05_to_2022-08,2022-05,2022-08,Ranger,152,27,0.177632
JIRA,jira,project,2022-05_to_2022-08,2022-05,2022-08,Ratis,122,20,0.163934
JIRA,jira,project,2022-05_to_2022-08,2022-05,2022-08,Reactive JVM Platform,13,0,0.000000
JIRA,jira,project,2022-05_to_2022-08,2022-05,2022-08,Red Hat 3scale API Management,152,19,0.125000
JIRA,jira,project,2022-05_to_2022-08,2022-05,2022-08,Red Hat Advanced Cluster Management,187,12,0.064171
JIRA,jira,project,2022-05_to_2022-08,2022-05,2022-08,Red Hat Build of Apache Camel for Quarkus,1745,98,0.056160
JIRA,jira,project,2022-05_to_2022-08,2022-05,2022-08,Red Hat Cluster Management Cloud Services,67,0,0.000000
JIRA,jira,project,2022-05_to_2022-08,2022-05,2022-08,Red Hat Data Grid,46,5,0.108696
JIRA,jira,project,2022-05_to_2022-08,2022-05,2022-08,Red Hat Decision Manager,8,6,0.750000
JIRA,jira,project,2022-05_to_2022-08,2022-05,2022-08,Red Hat Directory Server,1,0,0.000000
JIRA,jira,project,2022-05_to_2022-08,2022-05,2022-08,Red Hat Fuse,237,42,0.177215
JIRA,jira,project,2022-05_to_2022-08,2022-05,2022-08,Red Hat Insights Engineering,2,1,0.500000
JIRA,jira,project,2022-05_to_2022-08,2022-05,2022-08,Red Hat Insights Strategy,2,0,0.000000
JIRA,jira,project,2022-05_to_2022-08,2022-05,2022-08,Red Hat OpenBridge,301,16,0.053156
JIRA,jira,project,2022-05_to_2022-08,2022-05,2022-08,Red Hat OpenShift Control Planes,1,0,0.000000
JIRA,jira,project,2022-05_to_2022-08,2022-05,2022-08,Red Hat OpenShift Data Science,945,11,0.011640
JIRA,jira,project,2022-05_to_2022-08,2022-05,2022-08,Red Hat OpenShift Dev Spaces (formerly CodeReady Workspaces),277,103,0.371841
JIRA,jira,project,2022-05_to_2022-08,2022-05,2022-08,Red Hat OpenStack Services on OpenShift,116,10,0.086207
JIRA,jira,project,2022-05_to_2022-08,2022-05,2022-08,Red Hat Process Automation Manager,78,23,0.294872
JIRA,jira,project,2022-05_to_2022-08,2022-05,2022-08,Red Hat Service Interconnect (Skupper),13,1,0.076923
JIRA,jira,project,2022-05_to_2022-08,2022-05,2022-08,Red Hat Workload Availability,1,0,0.000000
JIRA,jira,project,2022-05_to_2022-08,2022-05,2022-08,Red Hat build of Apache Camel for Spring Boot,83,14,0.168675
JIRA,jira,project,2022-05_to_2022-08,2022-05,2022-08,Ruby Driver,116,11,0.094828
JIRA,jira,project,2022-05_to_2022-08,2022-05,2022-08,Rust Driver,144,0,0.000000
JIRA,jira,project,2022-05_to_2022-08,2022-05,2022-08,Rya,1,0,0.000000
JIRA,jira,project,2022-05_to_2022-08,2022-05,2022-08,SAML for Atlassian Data Center,1,0,0.000000
JIRA,jira,project,2022-05_to_2022-08,2022-05,2022-08,Sakai,502,88,0.175299
JIRA,jira,project,2022-05_to_2022-08,2022-05,2022-08,Sakai Production/Pilot Deployments,1,0,0.000000
JIRA,jira,project,2022-05_to_2022-08,2022-05,2022-08,Samza,22,0,0.000000
JIRA,jira,project,2022-05_to_2022-08,2022-05,2022-08,Santuario,5,1,0.200000
JIRA,jira,project,2022-05_to_2022-08,2022-05,2022-08,Satellite,211,13,0.061611
JIRA,jira,project,2022-05_to_2022-08,2022-05,2022-08,Security Data,6,1,0.166667
JIRA,jira,project,2022-05_to_2022-08,2022-05,2022-08,Server Deployments and Scale,11,4,0.363636
JIRA,jira,project,2022-05_to_2022-08,2022-05,2022-08,Server Platform Frontend,5,0,0.000000
JIRA,jira,project,2022-05_to_2022-08,2022-05,2022-08,Serverless logic,18,0,0.000000
JIRA,jira,project,2022-05_to_2022-08,2022-05,2022-08,ServiceMix,156,4,0.025641
JIRA,jira,project,2022-05_to_2022-08,2022-05,2022-08,ServiceMix 4,1,0,0.000000
JIRA,jira,project,2022-05_to_2022-08,2022-05,2022-08,Shiro,7,1,0.142857
JIRA,jira,project,2022-05_to_2022-08,2022-05,2022-08,ShrinkWrap Resolvers,2,0,0.000000
JIRA,jira,project,2022-05_to_2022-08,2022-05,2022-08,Sidecar for Apache Cassandra,6,1,0.166667
JIRA,jira,project,2022-05_to_2022-08,2022-05,2022-08,Singa,8,0,0.000000
JIRA,jira,project,2022-05_to_2022-08,2022-05,2022-08,Sling,273,22,0.080586
JIRA,jira,project,2022-05_to_2022-08,2022-05,2022-08,Solr,189,45,0.238095
JIRA,jira,project,2022-05_to_2022-08,2022-05,2022-08,Sourcetree For Mac,53,13,0.245283
JIRA,jira,project,2022-05_to_2022-08,2022-05,2022-08,Sourcetree for Windows,57,11,0.192982
JIRA,jira,project,2022-05_to_2022-08,2022-05,2022-08,Spark,1214,182,0.149918
JIRA,jira,project,2022-05_to_2022-08,2022-05,2022-08,Spark Connector,21,4,0.190476
JIRA,jira,project,2022-05_to_2022-08,2022-05,2022-08,Spatial Information Systems,14,1,0.071429
JIRA,jira,project,2022-05_to_2022-08,2022-05,2022-08,Spring Boot & Cloud,1,0,0.000000
JIRA,jira,project,2022-05_to_2022-08,2022-05,2022-08,Statuspage,7,0,0.000000
JIRA,jira,project,2022-05_to_2022-08,2022-05,2022-08,Steve,1,0,0.000000
JIRA,jira,project,2022-05_to_2022-08,2022-05,2022-08,StreamPipes,46,4,0.086957
JIRA,jira,project,2022-05_to_2022-08,2022-05,2022-08,Streams (Retired) (Retired),1,0,0.000000
JIRA,jira,project,2022-05_to_2022-08,2022-05,2022-08,Struts 2,38,11,0.289474
JIRA,jira,project,2022-05_to_2022-08,2022-05,2022-08,Subscription Watch,22,2,0.090909
JIRA,jira,project,2022-05_to_2022-08,2022-05,2022-08,Subversion,10,4,0.400000
JIRA,jira,project,2022-05_to_2022-08,2022-05,2022-08,Superset,1,0,0.000000
JIRA,jira,project,2022-05_to_2022-08,2022-05,2022-08,Syncope,21,0,0.000000
JIRA,jira,project,2022-05_to_2022-08,2022-05,2022-08,SystemDS,70,7,0.100000
JIRA,jira,project,2022-05_to_2022-08,2022-05,2022-08,TEST Defect Tracking Project,136,0,0.000000
JIRA,jira,project,2022-05_to_2022-08,2022-05,2022-08,Tapestry 5,16,5,0.312500
JIRA,jira,project,2022-05_to_2022-08,2022-05,2022-08,Teiid,1,0,0.000000
JIRA,jira,project,2022-05_to_2022-08,2022-05,2022-08,Test Project,1,0,0.000000
JIRA,jira,project,2022-05_to_2022-08,2022-05,2022-08,Thrift,41,7,0.170732
JIRA,jira,project,2022-05_to_2022-08,2022-05,2022-08,Tika,99,16,0.161616
JIRA,jira,project,2022-05_to_2022-08,2022-05,2022-08,TinkerPop,49,16,0.326531
JIRA,jira,project,2022-05_to_2022-08,2022-05,2022-08,TomEE,100,9,0.090000
JIRA,jira,project,2022-05_to_2022-08,2022-05,2022-08,Tools (JBoss Tools),132,9,0.068182
JIRA,jira,project,2022-05_to_2022-08,2022-05,2022-08,Trinity,8,0,0.000000
JIRA,jira,project,2022-05_to_2022-08,2022-05,2022-08,UIMA,43,1,0.023256
JIRA,jira,project,2022-05_to_2022-08,2022-05,2022-08,Undertow,66,10,0.151515
JIRA,jira,project,2022-05_to_2022-08,2022-05,2022-08,Universal Plugin Manager,2,0,0.000000
JIRA,jira,project,2022-05_to_2022-08,2022-05,2022-08,VS Code Extension,6,0,0.000000
JIRA,jira,project,2022-05_to_2022-08,2022-05,2022-08,Velocity,3,0,0.000000
JIRA,jira,project,2022-05_to_2022-08,2022-05,2022-08,Velocity Tools,2,0,0.000000
JIRA,jira,project,2022-05_to_2022-08,2022-05,2022-08,Visual Design,32,0,0.000000
JIRA,jira,project,2022-05_to_2022-08,2022-05,2022-08,Visual Studio,19,0,0.000000
JIRA,jira,project,2022-05_to_2022-08,2022-05,2022-08,WINDUP ,101,7,0.069307
JIRA,jira,project,2022-05_to_2022-08,2022-05,2022-08,WINDUPRULE ,39,1,0.025641
JIRA,jira,project,2022-05_to_2022-08,2022-05,2022-08,WSS4J,1,0,0.000000
JIRA,jira,project,2022-05_to_2022-08,2022-05,2022-08,Web Terminal for OpenShift,12,1,0.083333
JIRA,jira,project,2022-05_to_2022-08,2022-05,2022-08,Weld,10,1,0.100000
JIRA,jira,project,2022-05_to_2022-08,2022-05,2022-08,Whimsy,3,0,0.000000
JIRA,jira,project,2022-05_to_2022-08,2022-05,2022-08,Wicket,21,3,0.142857
JIRA,jira,project,2022-05_to_2022-08,2022-05,2022-08,WildFly,552,39,0.070652
JIRA,jira,project,2022-05_to_2022-08,2022-05,2022-08,WildFly Arquillian,13,0,0.000000
JIRA,jira,project,2022-05_to_2022-08,2022-05,2022-08,WildFly Core,95,9,0.094737
JIRA,jira,project,2022-05_to_2022-08,2022-05,2022-08,WildFly Discovery,3,0,0.000000
JIRA,jira,project,2022-05_to_2022-08,2022-05,2022-08,WildFly EJB HTTP Client,4,1,0.250000
JIRA,jira,project,2022-05_to_2022-08,2022-05,2022-08,WildFly Elytron,69,2,0.028986
JIRA,jira,project,2022-05_to_2022-08,2022-05,2022-08,WildFly Elytron EE,13,0,0.000000
JIRA,jira,project,2022-05_to_2022-08,2022-05,2022-08,WildFly Elytron MicroProfile,2,0,0.000000
JIRA,jira,project,2022-05_to_2022-08,2022-05,2022-08,WildFly Maven Plugin,18,3,0.166667
JIRA,jira,project,2022-05_to_2022-08,2022-05,2022-08,WildFly Naming Client,3,1,0.333333
JIRA,jira,project,2022-05_to_2022-08,2022-05,2022-08,WildFly OpenSSL,12,0,0.000000
JIRA,jira,project,2022-05_to_2022-08,2022-05,2022-08,WildFly OpenSSL Natives,5,0,0.000000
JIRA,jira,project,2022-05_to_2022-08,2022-05,2022-08,WildFly WIP,36,7,0.194444
JIRA,jira,project,2022-05_to_2022-08,2022-05,2022-08,WiredTiger,556,226,0.406475
JIRA,jira,project,2022-05_to_2022-08,2022-05,2022-08,XBean,1,0,0.000000
JIRA,jira,project,2022-05_to_2022-08,2022-05,2022-08,XMLBeans,22,8,0.363636
JIRA,jira,project,2022-05_to_2022-08,2022-05,2022-08,XMLGraphicsCommons,1,1,1.000000
JIRA,jira,project,2022-05_to_2022-08,2022-05,2022-08,XalanC,1,1,1.000000
JIRA,jira,project,2022-05_to_2022-08,2022-05,2022-08,Xerces,2,0,0.000000
JIRA,jira,project,2022-05_to_2022-08,2022-05,2022-08,Xerces2,6,3,0.500000
JIRA,jira,project,2022-05_to_2022-08,2022-05,2022-08,Yetus,27,1,0.037037
JIRA,jira,project,2022-05_to_2022-08,2022-05,2022-08,Zeppelin,75,11,0.146667
JIRA,jira,project,2022-05_to_2022-08,2022-05,2022-08,ZooKeeper,54,11,0.203704
JIRA,jira,project,2022-05_to_2022-08,2022-05,2022-08,anaconda installer,2,0,0.000000
JIRA,jira,project,2022-05_to_2022-08,2022-05,2022-08,jBPM,44,5,0.113636
JIRA,jira,project,2022-05_to_2022-08,2022-05,2022-08,jUDDI (Retired),2,0,0.000000
JIRA,jira,project,2022-05_to_2022-08,2022-05,2022-08,jclouds (Retired) (Retired),12,4,0.333333
JIRA,jira,project,2022-05_to_2022-08,2022-05,2022-08,mod_cluster,14,6,0.428571
JIRA,jira,project,2022-05_to_2022-08,2022-05,2022-08,repository.jboss.org/nexus,30,6,0.200000
JIRA,jira,project,2022-05_to_2022-08,2022-05,2022-08,serf,1,0,0.000000
JIRA,jira,project,2022-09_to_2022-12,2022-09,2022-12,A,1,0,0.000000
JIRA,jira,project,2022-09_to_2022-12,2022-09,2022-12,AMQ Broker,253,24,0.094862
JIRA,jira,project,2022-09_to_2022-12,2022-09,2022-12,AMQ Clients,3,0,0.000000
JIRA,jira,project,2022-09_to_2022-12,2022-09,2022-12,AMQ Documentation,11,2,0.181818
JIRA,jira,project,2022-09_to_2022-12,2022-09,2022-12,AMQ Interconnect,2,1,0.500000
JIRA,jira,project,2022-09_to_2022-12,2022-09,2022-12,AMQ Streams,190,3,0.015789
JIRA,jira,project,2022-09_to_2022-12,2022-09,2022-12,APISIX,1,0,0.000000
JIRA,jira,project,2022-09_to_2022-12,2022-09,2022-12,ActiveMQ (Read,59,9,0.152542
JIRA,jira,project,2022-09_to_2022-12,2022-09,2022-12,ActiveMQ .Net,3,0,0.000000
JIRA,jira,project,2022-09_to_2022-12,2022-09,2022-12,ActiveMQ C++ Client,2,0,0.000000
JIRA,jira,project,2022-09_to_2022-12,2022-09,2022-12,ActiveObjects,1,0,0.000000
JIRA,jira,project,2022-09_to_2022-12,2022-09,2022-12,Admin Experience,42,5,0.119048
JIRA,jira,project,2022-09_to_2022-12,2022-09,2022-12,Agent,145,2,0.013793
JIRA,jira,project,2022-09_to_2022-12,2022-09,2022-12,Agroal,7,1,0.142857
JIRA,jira,project,2022-09_to_2022-12,2022-09,2022-12,Airavata,27,4,0.148148
JIRA,jira,project,2022-09_to_2022-12,2022-09,2022-12,Ambari,103,11,0.106796
JIRA,jira,project,2022-09_to_2022-12,2022-09,2022-12,Analytics,28,0,0.000000
JIRA,jira,project,2022-09_to_2022-12,2022-09,2022-12,Ansible Automation Platform RFEs,116,6,0.051724
JIRA,jira,project,2022-09_to_2022-12,2022-09,2022-12,Ansible Strategy,1,1,1.000000
JIRA,jira,project,2022-09_to_2022-12,2022-09,2022-12,Apache AGE,1,0,0.000000
JIRA,jira,project,2022-09_to_2022-12,2022-09,2022-12,Apache Any23 (Retired),1,0,0.000000
JIRA,jira,project,2022-09_to_2022-12,2022-09,2022-12,Apache Arrow,846,238,0.281324
JIRA,jira,project,2022-09_to_2022-12,2022-09,2022-12,Apache AsterixDB,25,1,0.040000
JIRA,jira,project,2022-09_to_2022-12,2022-09,2022-12,Apache Avro,74,16,0.216216
JIRA,jira,project,2022-09_to_2022-12,2022-09,2022-12,Apache Cassandra,247,79,0.319838
JIRA,jira,project,2022-09_to_2022-12,2022-09,2022-12,Apache Celeborn,182,6,0.032967
JIRA,jira,project,2022-09_to_2022-12,2022-09,2022-12,Apache Commons All,3,0,0.000000
JIRA,jira,project,2022-09_to_2022-12,2022-09,2022-12,Apache Coral,2,0,0.000000
JIRA,jira,project,2022-09_to_2022-12,2022-09,2022-12,Apache Curator,7,1,0.142857
JIRA,jira,project,2022-09_to_2022-12,2022-09,2022-12,Apache Datasketches,1,0,0.000000
JIRA,jira,project,2022-09_to_2022-12,2022-09,2022-12,Apache Drill,87,15,0.172414
JIRA,jira,project,2022-09_to_2022-12,2022-09,2022-12,Apache Fineract,125,2,0.016000
JIRA,jira,project,2022-09_to_2022-12,2022-09,2022-12,Apache Freemarker,5,2,0.400000
JIRA,jira,project,2022-09_to_2022-12,2022-09,2022-12,Apache Gobblin,63,1,0.015873
JIRA,jira,project,2022-09_to_2022-12,2022-09,2022-12,Apache HAWQ (Retired),7,0,0.000000
JIRA,jira,project,2022-09_to_2022-12,2022-09,2022-12,Apache Helix,5,0,0.000000
JIRA,jira,project,2022-09_to_2022-12,2022-09,2022-12,Apache Hop (Retired),464,33,0.071121
JIRA,jira,project,2022-09_to_2022-12,2022-09,2022-12,Apache Hudi,727,35,0.048143
JIRA,jira,project,2022-09_to_2022-12,2022-09,2022-12,Apache IoTDB,1027,146,0.142162
JIRA,jira,project,2022-09_to_2022-12,2022-09,2022-12,Apache Jena,2,0,0.000000
JIRA,jira,project,2022-09_to_2022-12,2022-09,2022-12,Apache Knox,62,6,0.096774
JIRA,jira,project,2022-09_to_2022-12,2022-09,2022-12,Apache MADlib,1,0,0.000000
JIRA,jira,project,2022-09_to_2022-12,2022-09,2022-12,Apache NetBeans Infra,5,0,0.000000
JIRA,jira,project,2022-09_to_2022-12,2022-09,2022-12,Apache NiFi,602,83,0.137874
JIRA,jira,project,2022-09_to_2022-12,2022-09,2022-12,Apache NiFi MiNiFi C++,87,3,0.034483
JIRA,jira,project,2022-09_to_2022-12,2022-09,2022-12,Apache NuttX,1,0,0.000000
JIRA,jira,project,2022-09_to_2022-12,2022-09,2022-12,Apache Ozone,520,33,0.063462
JIRA,jira,project,2022-09_to_2022-12,2022-09,2022-12,Apache PLC4X,6,3,0.500000
JIRA,jira,project,2022-09_to_2022-12,2022-09,2022-12,Apache RAT,3,1,0.333333
JIRA,jira,project,2022-09_to_2022-12,2022-09,2022-12,Apache Roller,1,0,0.000000
JIRA,jira,project,2022-09_to_2022-12,2022-09,2022-12,Apache S4 (Retired),7,0,0.000000
JIRA,jira,project,2022-09_to_2022-12,2022-09,2022-12,Apache Science Data Analytics Platform,24,1,0.041667
JIRA,jira,project,2022-09_to_2022-12,2022-09,2022-12,Apache Sedona,71,3,0.042254
JIRA,jira,project,2022-09_to_2022-12,2022-09,2022-12,Apache ServiceComb,73,0,0.000000
JIRA,jira,project,2022-09_to_2022-12,2022-09,2022-12,Apache Storm,8,3,0.375000
JIRA,jira,project,2022-09_to_2022-12,2022-09,2022-12,Apache Submarine,41,0,0.000000
JIRA,jira,project,2022-09_to_2022-12,2022-09,2022-12,Apache Tentacles,1,0,0.000000
JIRA,jira,project,2022-09_to_2022-12,2022-09,2022-12,Apache Tez,18,3,0.166667
JIRA,jira,project,2022-09_to_2022-12,2022-09,2022-12,Apache Tomcat Maven Plugin,1,0,0.000000
JIRA,jira,project,2022-09_to_2022-12,2022-09,2022-12,Apache Unomi,62,3,0.048387
JIRA,jira,project,2022-09_to_2022-12,2022-09,2022-12,Apache YuniKorn,219,16,0.073059
JIRA,jira,project,2022-09_to_2022-12,2022-09,2022-12,AppFormer,4,0,0.000000
JIRA,jira,project,2022-09_to_2022-12,2022-09,2022-12,Application Links,1,0,0.000000
JIRA,jira,project,2022-09_to_2022-12,2022-09,2022-12,Archiva (Retired),3,0,0.000000
JIRA,jira,project,2022-09_to_2022-12,2022-09,2022-12,Aries,21,0,0.000000
JIRA,jira,project,2022-09_to_2022-12,2022-09,2022-12,Arquillian,1,0,0.000000
JIRA,jira,project,2022-09_to_2022-12,2022-09,2022-12,Artemis,142,36,0.253521
JIRA,jira,project,2022-09_to_2022-12,2022-09,2022-12,Atlas,53,4,0.075472
JIRA,jira,project,2022-09_to_2022-12,2022-09,2022-12,Atlassian Cache,1,0,0.000000
JIRA,jira,project,2022-09_to_2022-12,2022-09,2022-12,Atlassian Cloud,31,3,0.096774
JIRA,jira,project,2022-09_to_2022-12,2022-09,2022-12,Atlassian Connect,4,0,0.000000
JIRA,jira,project,2022-09_to_2022-12,2022-09,2022-12,Atlassian Connect JavaScript API,3,0,0.000000
JIRA,jira,project,2022-09_to_2022-12,2022-09,2022-12,Atlassian Connect Spring Boot,6,1,0.166667
JIRA,jira,project,2022-09_to_2022-12,2022-09,2022-12,Atlassian Connect in Jira Cloud,27,2,0.074074
JIRA,jira,project,2022-09_to_2022-12,2022-09,2022-12,Atlassian Ecosystem,9,0,0.000000
JIRA,jira,project,2022-09_to_2022-12,2022-09,2022-12,Atlassian Guard,41,4,0.097561
JIRA,jira,project,2022-09_to_2022-12,2022-09,2022-12,Atlassian Intelligence,4,1,0.250000
JIRA,jira,project,2022-09_to_2022-12,2022-09,2022-12,Atlassian Internationalization,61,0,0.000000
JIRA,jira,project,2022-09_to_2022-12,2022-09,2022-12,Atlassian Marketplace,12,2,0.166667
JIRA,jira,project,2022-09_to_2022-12,2022-09,2022-12,Atlassian Maven Plugin Suite,8,1,0.125000
JIRA,jira,project,2022-09_to_2022-12,2022-09,2022-12,Atlassian OAuth 2.0,1,0,0.000000
JIRA,jira,project,2022-09_to_2022-12,2022-09,2022-12,Atlassian OAuth Plugin,2,0,0.000000
JIRA,jira,project,2022-09_to_2022-12,2022-09,2022-12,Atlassian Plugins,2,0,0.000000
JIRA,jira,project,2022-09_to_2022-12,2022-09,2022-12,Atlassian Plugins Webresources,1,0,0.000000
JIRA,jira,project,2022-09_to_2022-12,2022-09,2022-12,Atlassian Pretty URLs,2,0,0.000000
JIRA,jira,project,2022-09_to_2022-12,2022-09,2022-12,Atlassian Product Integrations,16,1,0.062500
JIRA,jira,project,2022-09_to_2022-12,2022-09,2022-12,Atlassian REST,2,0,0.000000
JIRA,jira,project,2022-09_to_2022-12,2022-09,2022-12,Atlassian Troubleshooting & Support Tools Plugin,3,0,0.000000
JIRA,jira,project,2022-09_to_2022-12,2022-09,2022-12,Atlassian User Interface,6,0,0.000000
JIRA,jira,project,2022-09_to_2022-12,2022-09,2022-12,Atlassian WebHooks Plugin,6,0,0.000000
JIRA,jira,project,2022-09_to_2022-12,2022-09,2022-12,Attic,3,1,0.333333
JIRA,jira,project,2022-09_to_2022-12,2022-09,2022-12,Automation for Cloud,101,6,0.059406
JIRA,jira,project,2022-09_to_2022-12,2022-09,2022-12,Automation for Jira Server,49,1,0.020408
JIRA,jira,project,2022-09_to_2022-12,2022-09,2022-12,Axiom,2,1,0.500000
JIRA,jira,project,2022-09_to_2022-12,2022-09,2022-12,Axis,1,0,0.000000
JIRA,jira,project,2022-09_to_2022-12,2022-09,2022-12,Axis2,9,3,0.333333
JIRA,jira,project,2022-09_to_2022-12,2022-09,2022-12,BRAND,2,0,0.000000
JIRA,jira,project,2022-09_to_2022-12,2022-09,2022-12,Bahir (Retired),5,0,0.000000
JIRA,jira,project,2022-09_to_2022-12,2022-09,2022-12,Bamboo Data Center,180,7,0.038889
JIRA,jira,project,2022-09_to_2022-12,2022-09,2022-12,Batik,17,0,0.000000
JIRA,jira,project,2022-09_to_2022-12,2022-09,2022-12,Bigtop,98,16,0.163265
JIRA,jira,project,2022-09_to_2022-12,2022-09,2022-12,Bitbucket Cloud,247,13,0.052632
JIRA,jira,project,2022-09_to_2022-12,2022-09,2022-12,Bitbucket Data Center,114,8,0.070175
JIRA,jira,project,2022-09_to_2022-12,2022-09,2022-12,BxMS Documentation,31,1,0.032258
JIRA,jira,project,2022-09_to_2022-12,2022-09,2022-12,Byteman,3,1,0.333333
JIRA,jira,project,2022-09_to_2022-12,2022-09,2022-12,C Driver,70,9,0.128571
JIRA,jira,project,2022-09_to_2022-12,2022-09,2022-12,C# Driver,158,21,0.132911
JIRA,jira,project,2022-09_to_2022-12,2022-09,2022-12,C++ Driver,48,4,0.083333
JIRA,jira,project,2022-09_to_2022-12,2022-09,2022-12,CXF,50,12,0.240000
JIRA,jira,project,2022-09_to_2022-12,2022-09,2022-12,Calcite,205,52,0.253659
JIRA,jira,project,2022-09_to_2022-12,2022-09,2022-12,Camel,411,53,0.128954
JIRA,jira,project,2022-09_to_2022-12,2022-09,2022-12,CarbonData,1,0,0.000000
JIRA,jira,project,2022-09_to_2022-12,2022-09,2022-12,Causeway,119,9,0.075630
JIRA,jira,project,2022-09_to_2022-12,2022-09,2022-12,Cayenne,32,1,0.031250
JIRA,jira,project,2022-09_to_2022-12,2022-09,2022-12,CentOS Stream Pipeline,82,22,0.268293
JIRA,jira,project,2022-09_to_2022-12,2022-09,2022-12,Cert Manager support for Red Hat OpenShift,5,0,0.000000
JIRA,jira,project,2022-09_to_2022-12,2022-09,2022-12,Certification Partner Experience Public,16,0,0.000000
JIRA,jira,project,2022-09_to_2022-12,2022-09,2022-12,Clair,4,0,0.000000
JIRA,jira,project,2022-09_to_2022-12,2022-09,2022-12,Client,1,0,0.000000
JIRA,jira,project,2022-09_to_2022-12,2022-09,2022-12,Cloud Enablement,19,1,0.052632
JIRA,jira,project,2022-09_to_2022-12,2022-09,2022-12,Cloud Infrastructure Security & Compliance,101,7,0.069307
JIRA,jira,project,2022-09_to_2022-12,2022-09,2022-12,Cloud Native Runtimes (CNR) Documentation,5,0,0.000000
JIRA,jira,project,2022-09_to_2022-12,2022-09,2022-12,Cluster Integration and Delivery,1,0,0.000000
JIRA,jira,project,2022-09_to_2022-12,2022-09,2022-12,Cluster Observability Operator,2,2,1.000000
JIRA,jira,project,2022-09_to_2022-12,2022-09,2022-12,Cockpit,1,0,0.000000
JIRA,jira,project,2022-09_to_2022-12,2022-09,2022-12,Cocoon (Retired),1,0,0.000000
JIRA,jira,project,2022-09_to_2022-12,2022-09,2022-12,Coin,57,2,0.035088
JIRA,jira,project,2022-09_to_2022-12,2022-09,2022-12,Commerce,3,0,0.000000
JIRA,jira,project,2022-09_to_2022-12,2022-09,2022-12,Commons BCEL,3,0,0.000000
JIRA,jira,project,2022-09_to_2022-12,2022-09,2022-12,Commons BeanUtils,1,0,0.000000
JIRA,jira,project,2022-09_to_2022-12,2022-09,2022-12,Commons CSV,3,0,0.000000
JIRA,jira,project,2022-09_to_2022-12,2022-09,2022-12,Commons Codec,1,0,0.000000
JIRA,jira,project,2022-09_to_2022-12,2022-09,2022-12,Commons Collections,4,0,0.000000
JIRA,jira,project,2022-09_to_2022-12,2022-09,2022-12,Commons Compress,12,5,0.416667
JIRA,jira,project,2022-09_to_2022-12,2022-09,2022-12,Commons Configuration,7,1,0.142857
JIRA,jira,project,2022-09_to_2022-12,2022-09,2022-12,Commons DBCP,3,1,0.333333
JIRA,jira,project,2022-09_to_2022-12,2022-09,2022-12,Commons Daemon,5,3,0.600000
JIRA,jira,project,2022-09_to_2022-12,2022-09,2022-12,Commons DbUtils,1,0,0.000000
JIRA,jira,project,2022-09_to_2022-12,2022-09,2022-12,Commons Email,1,0,0.000000
JIRA,jira,project,2022-09_to_2022-12,2022-09,2022-12,Commons IO,5,3,0.600000
JIRA,jira,project,2022-09_to_2022-12,2022-09,2022-12,Commons Imaging,2,1,0.500000
JIRA,jira,project,2022-09_to_2022-12,2022-09,2022-12,Commons JCS,1,1,1.000000
JIRA,jira,project,2022-09_to_2022-12,2022-09,2022-12,Commons JEXL,11,1,0.090909
JIRA,jira,project,2022-09_to_2022-12,2022-09,2022-12,Commons JXPath,2,0,0.000000
JIRA,jira,project,2022-09_to_2022-12,2022-09,2022-12,Commons Lang,3,2,0.666667
JIRA,jira,project,2022-09_to_2022-12,2022-09,2022-12,Commons Logging,1,0,0.000000
JIRA,jira,project,2022-09_to_2022-12,2022-09,2022-12,Commons Math,4,0,0.000000
JIRA,jira,project,2022-09_to_2022-12,2022-09,2022-12,Commons Net,3,1,0.333333
JIRA,jira,project,2022-09_to_2022-12,2022-09,2022-12,Commons Numbers,2,0,0.000000
JIRA,jira,project,2022-09_to_2022-12,2022-09,2022-12,Commons Pool,2,1,0.500000
JIRA,jira,project,2022-09_to_2022-12,2022-09,2022-12,Commons RNG,5,0,0.000000
JIRA,jira,project,2022-09_to_2022-12,2022-09,2022-12,Commons SCXML,1,0,0.000000
JIRA,jira,project,2022-09_to_2022-12,2022-09,2022-12,Commons Statistics,9,0,0.000000
JIRA,jira,project,2022-09_to_2022-12,2022-09,2022-12,Commons Text,6,2,0.333333
JIRA,jira,project,2022-09_to_2022-12,2022-09,2022-12,Commons VFS,5,1,0.200000
JIRA,jira,project,2022-09_to_2022-12,2022-09,2022-12,Commons Validator,3,1,0.333333
JIRA,jira,project,2022-09_to_2022-12,2022-09,2022-12,Community Development,4,0,0.000000
JIRA,jira,project,2022-09_to_2022-12,2022-09,2022-12,Compass,286,4,0.013986
JIRA,jira,project,2022-09_to_2022-12,2022-09,2022-12,Confluence Cloud,478,28,0.058577
JIRA,jira,project,2022-09_to_2022-12,2022-09,2022-12,Confluence Copy Space Plugin,1,0,0.000000
JIRA,jira,project,2022-09_to_2022-12,2022-09,2022-12,Confluence Data Center,254,36,0.141732
JIRA,jira,project,2022-09_to_2022-12,2022-09,2022-12,Container Tools,80,5,0.062500
JIRA,jira,project,2022-09_to_2022-12,2022-09,2022-12,Content Gateway,20,0,0.000000
JIRA,jira,project,2022-09_to_2022-12,2022-09,2022-12,Contrib: Big Blue Button,1,0,0.000000
JIRA,jira,project,2022-09_to_2022-12,2022-09,2022-12,Contrib: Clog,1,0,0.000000
JIRA,jira,project,2022-09_to_2022-12,2022-09,2022-12,Contrib: Evaluation System,2,0,0.000000
JIRA,jira,project,2022-09_to_2022-12,2022-09,2022-12,Contrib: SCORM Player,1,0,0.000000
JIRA,jira,project,2022-09_to_2022-12,2022-09,2022-12,Core Server,3074,343,0.111581
JIRA,jira,project,2022-09_to_2022-12,2022-09,2022-12,CoreOS OCP,188,17,0.090426
JIRA,jira,project,2022-09_to_2022-12,2022-09,2022-12,Cost Management,15,0,0.000000
JIRA,jira,project,2022-09_to_2022-12,2022-09,2022-12,Crowd Data Center,70,0,0.000000
JIRA,jira,project,2022-09_to_2022-12,2022-09,2022-12,Crucible,6,1,0.166667
JIRA,jira,project,2022-09_to_2022-12,2022-09,2022-12,Daffodil,36,4,0.111111
JIRA,jira,project,2022-09_to_2022-12,2022-09,2022-12,Data Foundation Bugs,1,1,1.000000
JIRA,jira,project,2022-09_to_2022-12,2022-09,2022-12,DataFu,5,2,0.400000
JIRA,jira,project,2022-09_to_2022-12,2022-09,2022-12,Database as a Service,177,3,0.016949
JIRA,jira,project,2022-09_to_2022-12,2022-09,2022-12,Debezium,358,123,0.343575
JIRA,jira,project,2022-09_to_2022-12,2022-09,2022-12,Derby (Retired),4,4,1.000000
JIRA,jira,project,2022-09_to_2022-12,2022-09,2022-12,Directory ApacheDS,7,3,0.428571
JIRA,jira,project,2022-09_to_2022-12,2022-09,2022-12,Directory Client API,2,1,0.500000
JIRA,jira,project,2022-09_to_2022-12,2022-09,2022-12,Directory Kerberos,4,1,0.250000
JIRA,jira,project,2022-09_to_2022-12,2022-09,2022-12,Directory Studio,1,0,0.000000
JIRA,jira,project,2022-09_to_2022-12,2022-09,2022-12,Distributed Tracing,103,5,0.048544
JIRA,jira,project,2022-09_to_2022-12,2022-09,2022-12,Docs for Red Hat Developers,306,8,0.026144
JIRA,jira,project,2022-09_to_2022-12,2022-09,2022-12,Drivers,60,1,0.016667
JIRA,jira,project,2022-09_to_2022-12,2022-09,2022-12,Drools,127,28,0.220472
JIRA,jira,project,2022-09_to_2022-12,2022-09,2022-12,EAP Documentation,88,0,0.000000
JIRA,jira,project,2022-09_to_2022-12,2022-09,2022-12,EJB Client Library (AS7+),32,9,0.281250
JIRA,jira,project,2022-09_to_2022-12,2022-09,2022-12,ENTSBT,33,7,0.212121
JIRA,jira,project,2022-09_to_2022-12,2022-09,2022-12,Elytron Web,8,0,0.000000
JIRA,jira,project,2022-09_to_2022-12,2022-09,2022-12,Empire,5,0,0.000000
JIRA,jira,project,2022-09_to_2022-12,2022-09,2022-12,FOP,22,8,0.363636
JIRA,jira,project,2022-09_to_2022-12,2022-09,2022-12,FORTRESS,4,0,0.000000
JIRA,jira,project,2022-09_to_2022-12,2022-09,2022-12,Fast Datapath Product,1,1,1.000000
JIRA,jira,project,2022-09_to_2022-12,2022-09,2022-12,Fedora,108,52,0.481481
JIRA,jira,project,2022-09_to_2022-12,2022-09,2022-12,Felix,25,2,0.080000
JIRA,jira,project,2022-09_to_2022-12,2022-09,2022-12,Fidelis AI,92,1,0.010870
JIRA,jira,project,2022-09_to_2022-12,2022-09,2022-12,FishEye,1,1,1.000000
JIRA,jira,project,2022-09_to_2022-12,2022-09,2022-12,Flink,1377,257,0.186638
JIRA,jira,project,2022-09_to_2022-12,2022-09,2022-12,Flume,9,1,0.111111
JIRA,jira,project,2022-09_to_2022-12,2022-09,2022-12,Forge,194,12,0.061856
JIRA,jira,project,2022-09_to_2022-12,2022-09,2022-12,FtpServer,4,0,0.000000
JIRA,jira,project,2022-09_to_2022-12,2022-09,2022-12,Fuse Tooling,12,4,0.333333
JIRA,jira,project,2022-09_to_2022-12,2022-09,2022-12,Fuse/AMQ Documentation,20,0,0.000000
JIRA,jira,project,2022-09_to_2022-12,2022-09,2022-12,Geode,21,1,0.047619
JIRA,jira,project,2022-09_to_2022-12,2022-09,2022-12,Go Driver,165,13,0.078788
JIRA,jira,project,2022-09_to_2022-12,2022-09,2022-12,Griffin (Retired),3,0,0.000000
JIRA,jira,project,2022-09_to_2022-12,2022-09,2022-12,Groovy,154,42,0.272727
JIRA,jira,project,2022-09_to_2022-12,2022-09,2022-12,Guacamole,54,15,0.277778
JIRA,jira,project,2022-09_to_2022-12,2022-09,2022-12,HAL,18,0,0.000000
JIRA,jira,project,2022-09_to_2022-12,2022-09,2022-12,HBase,195,29,0.148718
JIRA,jira,project,2022-09_to_2022-12,2022-09,2022-12,HMS ,3,0,0.000000
JIRA,jira,project,2022-09_to_2022-12,2022-09,2022-12,Hadoop Common,140,94,0.671429
JIRA,jira,project,2022-09_to_2022-12,2022-09,2022-12,Hadoop HDFS,124,82,0.661290
JIRA,jira,project,2022-09_to_2022-12,2022-09,2022-12,Hadoop Map/Reduce,21,14,0.666667
JIRA,jira,project,2022-09_to_2022-12,2022-09,2022-12,Hadoop YARN,114,83,0.728070
JIRA,jira,project,2022-09_to_2022-12,2022-09,2022-12,Hive,386,79,0.204663
JIRA,jira,project,2022-09_to_2022-12,2022-09,2022-12,HttpComponents HttpClient,23,10,0.434783
JIRA,jira,project,2022-09_to_2022-12,2022-09,2022-12,HttpComponents HttpCore,7,3,0.428571
JIRA,jira,project,2022-09_to_2022-12,2022-09,2022-12,Hybrid Cloud Console,820,37,0.045122
JIRA,jira,project,2022-09_to_2022-12,2022-09,2022-12,Hybrid Cloud Console Docs Feedback,24,2,0.083333
JIRA,jira,project,2022-09_to_2022-12,2022-09,2022-12,Hybrid Cloud Infrastructure Documentation,7,0,0.000000
JIRA,jira,project,2022-09_to_2022-12,2022-09,2022-12,IMPALA,265,83,0.313208
JIRA,jira,project,2022-09_to_2022-12,2022-09,2022-12,Identity,20,0,0.000000
JIRA,jira,project,2022-09_to_2022-12,2022-09,2022-12,Ignite,885,110,0.124294
JIRA,jira,project,2022-09_to_2022-12,2022-09,2022-12,Incubator,2,0,0.000000
JIRA,jira,project,2022-09_to_2022-12,2022-09,2022-12,Insights Experiences,208,12,0.057692
JIRA,jira,project,2022-09_to_2022-12,2022-09,2022-12,Insights Rule Analysis Tool,12,1,0.083333
JIRA,jira,project,2022-09_to_2022-12,2022-09,2022-12,IronJacamar,11,1,0.090909
JIRA,jira,project,2022-09_to_2022-12,2022-09,2022-12,Ivy,2,0,0.000000
JIRA,jira,project,2022-09_to_2022-12,2022-09,2022-12,IvyDE (Retired),2,0,0.000000
JIRA,jira,project,2022-09_to_2022-12,2022-09,2022-12,JBeret,7,0,0.000000
JIRA,jira,project,2022-09_to_2022-12,2022-09,2022-12,JBoss A,2,0,0.000000
JIRA,jira,project,2022-09_to_2022-12,2022-09,2022-12,JBoss Core Services,51,1,0.019608
JIRA,jira,project,2022-09_to_2022-12,2022-09,2022-12,JBoss Enterprise Application Platform,295,70,0.237288
JIRA,jira,project,2022-09_to_2022-12,2022-09,2022-12,JBoss Enterprise Application Platform 4 and 5,1,0,0.000000
JIRA,jira,project,2022-09_to_2022-12,2022-09,2022-12,JBoss Enterprise Spec APIs,4,1,0.250000
JIRA,jira,project,2022-09_to_2022-12,2022-09,2022-12,JBoss Log Manager,5,0,0.000000
JIRA,jira,project,2022-09_to_2022-12,2022-09,2022-12,JBoss Logging,10,0,0.000000
JIRA,jira,project,2022-09_to_2022-12,2022-09,2022-12,JBoss Marshalling,8,1,0.125000
JIRA,jira,project,2022-09_to_2022-12,2022-09,2022-12,JBoss Metadata,14,0,0.000000
JIRA,jira,project,2022-09_to_2022-12,2022-09,2022-12,JBoss Remoting (3+),6,0,0.000000
JIRA,jira,project,2022-09_to_2022-12,2022-09,2022-12,JBoss Server Migration Tool,10,1,0.100000
JIRA,jira,project,2022-09_to_2022-12,2022-09,2022-12,JBoss Transaction Manager,52,1,0.019231
JIRA,jira,project,2022-09_to_2022-12,2022-09,2022-12,JBoss VFS,6,0,0.000000
JIRA,jira,project,2022-09_to_2022-12,2022-09,2022-12,JBoss Web Server,25,0,0.000000
JIRA,jira,project,2022-09_to_2022-12,2022-09,2022-12,JBoss Web Services,20,0,0.000000
JIRA,jira,project,2022-09_to_2022-12,2022-09,2022-12,JDO,5,0,0.000000
JIRA,jira,project,2022-09_to_2022-12,2022-09,2022-12,JGroups,31,3,0.096774
JIRA,jira,project,2022-09_to_2022-12,2022-09,2022-12,JSPWiki,3,0,0.000000
JIRA,jira,project,2022-09_to_2022-12,2022-09,2022-12,Jackrabbit Content Repository,55,0,0.000000
JIRA,jira,project,2022-09_to_2022-12,2022-09,2022-12,Jackrabbit FileVault,25,2,0.080000
JIRA,jira,project,2022-09_to_2022-12,2022-09,2022-12,Jackrabbit Oak,136,19,0.139706
JIRA,jira,project,2022-09_to_2022-12,2022-09,2022-12,James Mailet,1,0,0.000000
JIRA,jira,project,2022-09_to_2022-12,2022-09,2022-12,James Mime4j,2,0,0.000000
JIRA,jira,project,2022-09_to_2022-12,2022-09,2022-12,James Server,59,7,0.118644
JIRA,jira,project,2022-09_to_2022-12,2022-09,2022-12,James jDKIM,1,0,0.000000
JIRA,jira,project,2022-09_to_2022-12,2022-09,2022-12,James jSPF,1,0,0.000000
JIRA,jira,project,2022-09_to_2022-12,2022-09,2022-12,Java Driver,100,13,0.130000
JIRA,jira,project,2022-09_to_2022-12,2022-09,2022-12,Jira Align,270,12,0.044444
JIRA,jira,project,2022-09_to_2022-12,2022-09,2022-12,Jira Cloud,42,0,0.000000
JIRA,jira,project,2022-09_to_2022-12,2022-09,2022-12,Jira Data Center,347,23,0.066282
JIRA,jira,project,2022-09_to_2022-12,2022-09,2022-12,Jira Performance Testing Tools,58,8,0.137931
JIRA,jira,project,2022-09_to_2022-12,2022-09,2022-12,Jira Platform Cloud,763,24,0.031455
JIRA,jira,project,2022-09_to_2022-12,2022-09,2022-12,Jira Service Management Cloud,329,12,0.036474
JIRA,jira,project,2022-09_to_2022-12,2022-09,2022-12,Jira Service Management Data Center,282,18,0.063830
JIRA,jira,project,2022-09_to_2022-12,2022-09,2022-12,Jira Software Data Center,107,5,0.046729
JIRA,jira,project,2022-09_to_2022-12,2022-09,2022-12,Jira Work Management Cloud,77,0,0.000000
JIRA,jira,project,2022-09_to_2022-12,2022-09,2022-12,Johnzon,3,0,0.000000
JIRA,jira,project,2022-09_to_2022-12,2022-09,2022-12,KIE Cloud,7,0,0.000000
JIRA,jira,project,2022-09_to_2022-12,2022-09,2022-12,Kafka,365,52,0.142466
JIRA,jira,project,2022-09_to_2022-12,2022-09,2022-12,Kafka Connector,14,2,0.142857
JIRA,jira,project,2022-09_to_2022-12,2022-09,2022-12,Karaf,86,9,0.104651
JIRA,jira,project,2022-09_to_2022-12,2022-09,2022-12,Kitty (Retired),1,0,0.000000
JIRA,jira,project,2022-09_to_2022-12,2022-09,2022-12,Knative Serving,41,12,0.292683
JIRA,jira,project,2022-09_to_2022-12,2022-09,2022-12,Kogito,532,32,0.060150
JIRA,jira,project,2022-09_to_2022-12,2022-09,2022-12,Konflux UI,3,0,0.000000
JIRA,jira,project,2022-09_to_2022-12,2022-09,2022-12,Konveyor Tackle,107,1,0.009346
JIRA,jira,project,2022-09_to_2022-12,2022-09,2022-12,Kotlin BSON,3,0,0.000000
JIRA,jira,project,2022-09_to_2022-12,2022-09,2022-12,Kudu,34,11,0.323529
JIRA,jira,project,2022-09_to_2022-12,2022-09,2022-12,Kylin,138,17,0.123188
JIRA,jira,project,2022-09_to_2022-12,2022-09,2022-12,Legal Discuss,10,0,0.000000
JIRA,jira,project,2022-09_to_2022-12,2022-09,2022-12,Libmongocrypt,31,6,0.193548
JIRA,jira,project,2022-09_to_2022-12,2022-09,2022-12,Livy,9,1,0.111111
JIRA,jira,project,2022-09_to_2022-12,2022-09,2022-12,Log4cxx,16,1,0.062500
JIRA,jira,project,2022-09_to_2022-12,2022-09,2022-12,Log4j 2,60,18,0.300000
JIRA,jira,project,2022-09_to_2022-12,2022-09,2022-12,Log4net,2,0,0.000000
JIRA,jira,project,2022-09_to_2022-12,2022-09,2022-12,MINA,1,0,0.000000
JIRA,jira,project,2022-09_to_2022-12,2022-09,2022-12,MINA SSHD,25,8,0.320000
JIRA,jira,project,2022-09_to_2022-12,2022-09,2022-12,Machine Config Operator,78,4,0.051282
JIRA,jira,project,2022-09_to_2022-12,2022-09,2022-12,Mahout,1,0,0.000000
JIRA,jira,project,2022-09_to_2022-12,2022-09,2022-12,Managed Service ,685,24,0.035036
JIRA,jira,project,2022-09_to_2022-12,2022-09,2022-12,Managed Services ,36,1,0.027778
JIRA,jira,project,2022-09_to_2022-12,2022-09,2022-12,ManifoldCF,13,3,0.230769
JIRA,jira,project,2022-09_to_2022-12,2022-09,2022-12,MariaDB ColumnStore,159,33,0.207547
JIRA,jira,project,2022-09_to_2022-12,2022-09,2022-12,MariaDB Connector/C,12,2,0.166667
JIRA,jira,project,2022-09_to_2022-12,2022-09,2022-12,MariaDB Connector/C++,6,1,0.166667
JIRA,jira,project,2022-09_to_2022-12,2022-09,2022-12,MariaDB Connector/J,31,9,0.290323
JIRA,jira,project,2022-09_to_2022-12,2022-09,2022-12,MariaDB Connector/ODBC,6,0,0.000000
JIRA,jira,project,2022-09_to_2022-12,2022-09,2022-12,MariaDB Connector/Python,20,9,0.450000
JIRA,jira,project,2022-09_to_2022-12,2022-09,2022-12,MariaDB Connector/R2DBC,10,0,0.000000
JIRA,jira,project,2022-09_to_2022-12,2022-09,2022-12,MariaDB Connector/node.js,15,1,0.066667
JIRA,jira,project,2022-09_to_2022-12,2022-09,2022-12,MariaDB Foundation Development,52,5,0.096154
JIRA,jira,project,2022-09_to_2022-12,2022-09,2022-12,MariaDB MaxScale,192,32,0.166667
JIRA,jira,project,2022-09_to_2022-12,2022-09,2022-12,MariaDB Server,884,434,0.490950
JIRA,jira,project,2022-09_to_2022-12,2022-09,2022-12,Maven (Moved to GitHub Issues),120,31,0.258333
JIRA,jira,project,2022-09_to_2022-12,2022-09,2022-12,Maven Antrun Plugin (Moved to GitHub Issues),1,0,0.000000
JIRA,jira,project,2022-09_to_2022-12,2022-09,2022-12,Maven Archetype (Moved to GitHub Issues),1,1,1.000000
JIRA,jira,project,2022-09_to_2022-12,2022-09,2022-12,Maven Artifact Plugin (Moved to GitHub Issues),2,0,0.000000
JIRA,jira,project,2022-09_to_2022-12,2022-09,2022-12,Maven Assembly Plugin (Moved to GitHub Issues),2,0,0.000000
JIRA,jira,project,2022-09_to_2022-12,2022-09,2022-12,Maven Build Cache Extension (Moved to GitHub Issues),13,4,0.307692
JIRA,jira,project,2022-09_to_2022-12,2022-09,2022-12,Maven Changes Plugin (Moved to GitHub Issues),2,0,0.000000
JIRA,jira,project,2022-09_to_2022-12,2022-09,2022-12,Maven Checkstyle Plugin (Moved to GitHub Issues),1,0,0.000000
JIRA,jira,project,2022-09_to_2022-12,2022-09,2022-12,Maven Clean Plugin (Moved to GitHub Issues),1,0,0.000000
JIRA,jira,project,2022-09_to_2022-12,2022-09,2022-12,Maven Compiler Plugin (Moved to GitHub Issues),12,7,0.583333
JIRA,jira,project,2022-09_to_2022-12,2022-09,2022-12,Maven Dependency Plugin (Moved to GitHub Issues),16,5,0.312500
JIRA,jira,project,2022-09_to_2022-12,2022-09,2022-12,Maven Deploy Plugin (Moved to GitHub Issues),1,0,0.000000
JIRA,jira,project,2022-09_to_2022-12,2022-09,2022-12,Maven Doxia (Moved to GitHub Issues),12,2,0.166667
JIRA,jira,project,2022-09_to_2022-12,2022-09,2022-12,Maven Doxia Sitetools (Moved to GitHub Issues),11,0,0.000000
JIRA,jira,project,2022-09_to_2022-12,2022-09,2022-12,Maven Doxia Tools (Moved to GitHub Issues),1,0,0.000000
JIRA,jira,project,2022-09_to_2022-12,2022-09,2022-12,Maven EAR Plugin (Moved to GitHub Issues),14,1,0.071429
JIRA,jira,project,2022-09_to_2022-12,2022-09,2022-12,Maven Enforcer Plugin (Moved to GitHub Issues),24,6,0.250000
JIRA,jira,project,2022-09_to_2022-12,2022-09,2022-12,Maven GPG Plugin (Moved to GitHub Issues),3,1,0.333333
JIRA,jira,project,2022-09_to_2022-12,2022-09,2022-12,Maven Help Plugin (Moved to GitHub Issues),3,1,0.333333
JIRA,jira,project,2022-09_to_2022-12,2022-09,2022-12,Maven Indexer (Moved to GitHub Issues),15,1,0.066667
JIRA,jira,project,2022-09_to_2022-12,2022-09,2022-12,Maven Install Plugin (Moved to GitHub Issues),10,2,0.200000
JIRA,jira,project,2022-09_to_2022-12,2022-09,2022-12,Maven Invoker Plugin (Moved to GitHub Issues),7,0,0.000000
JIRA,jira,project,2022-09_to_2022-12,2022-09,2022-12,Maven JAR Plugin (Moved to GitHub Issues),1,0,0.000000
JIRA,jira,project,2022-09_to_2022-12,2022-09,2022-12,Maven JDeps Plugin (Moved to GitHub Issues),1,0,0.000000
JIRA,jira,project,2022-09_to_2022-12,2022-09,2022-12,Maven JXR (Moved to GitHub Issues),2,0,0.000000
JIRA,jira,project,2022-09_to_2022-12,2022-09,2022-12,Maven Javadoc Plugin (Moved to GitHub Issues),10,2,0.200000
JIRA,jira,project,2022-09_to_2022-12,2022-09,2022-12,Maven PDF Plugin (RETIRED),2,0,0.000000
JIRA,jira,project,2022-09_to_2022-12,2022-09,2022-12,Maven PMD Plugin (Moved to GitHub Issues),7,0,0.000000
JIRA,jira,project,2022-09_to_2022-12,2022-09,2022-12,Maven POMs (Moved to GitHub issues),46,2,0.043478
JIRA,jira,project,2022-09_to_2022-12,2022-09,2022-12,Maven Plugin Testing  (Moved to GitHub Issues),5,0,0.000000
JIRA,jira,project,2022-09_to_2022-12,2022-09,2022-12,Maven Plugin Tools (Moved to GitHub Issues),27,9,0.333333
JIRA,jira,project,2022-09_to_2022-12,2022-09,2022-12,Maven Project Info Reports Plugin (Moved to GitHub Issues),2,0,0.000000
JIRA,jira,project,2022-09_to_2022-12,2022-09,2022-12,Maven Project Web Site (Moved to GitHub Issues),12,1,0.083333
JIRA,jira,project,2022-09_to_2022-12,2022-09,2022-12,Maven Release Plugin (Moved to GitHub Issues),9,3,0.333333
JIRA,jira,project,2022-09_to_2022-12,2022-09,2022-12,Maven Remote Resources Plugin (Moved to GitHub Issues),1,1,1.000000
JIRA,jira,project,2022-09_to_2022-12,2022-09,2022-12,Maven Resolver (Moved to GitHub Issues),38,9,0.236842
JIRA,jira,project,2022-09_to_2022-12,2022-09,2022-12,Maven Resources Plugin (Moved to GitHub Issues),3,1,0.333333
JIRA,jira,project,2022-09_to_2022-12,2022-09,2022-12,Maven SCM (Moved to GitHub Issues),3,1,0.333333
JIRA,jira,project,2022-09_to_2022-12,2022-09,2022-12,Maven SCM Publish Plugin (Moved to GitHub Issues),1,1,1.000000
JIRA,jira,project,2022-09_to_2022-12,2022-09,2022-12,Maven Shade Plugin (Moved to GitHub Issues),10,4,0.400000
JIRA,jira,project,2022-09_to_2022-12,2022-09,2022-12,Maven Shared Components,49,2,0.040816
JIRA,jira,project,2022-09_to_2022-12,2022-09,2022-12,Maven Site Plugin (Moved to GitHub Issues),9,0,0.000000
JIRA,jira,project,2022-09_to_2022-12,2022-09,2022-12,Maven Skins (Moved to GitHub Issues),3,1,0.333333
JIRA,jira,project,2022-09_to_2022-12,2022-09,2022-12,Maven Surefire (Moved to GitHub Issues),25,8,0.320000
JIRA,jira,project,2022-09_to_2022-12,2022-09,2022-12,Maven Toolchains Plugin (Moved to GitHub Issues),1,0,0.000000
JIRA,jira,project,2022-09_to_2022-12,2022-09,2022-12,Maven WAR Plugin (Moved to GitHub Issues),1,0,0.000000
JIRA,jira,project,2022-09_to_2022-12,2022-09,2022-12,Maven Wagon (Moved to GitHub Issues),2,0,0.000000
JIRA,jira,project,2022-09_to_2022-12,2022-09,2022-12,Maven Wrapper (Moved to GitHub Issues),9,2,0.222222
JIRA,jira,project,2022-09_to_2022-12,2022-09,2022-12,Meecrowave,4,1,0.250000
JIRA,jira,project,2022-09_to_2022-12,2022-09,2022-12,Mesos (Retired),1,0,0.000000
JIRA,jira,project,2022-09_to_2022-12,2022-09,2022-12,MicroShift,221,8,0.036199
JIRA,jira,project,2022-09_to_2022-12,2022-09,2022-12,Migration Platform,77,14,0.181818
JIRA,jira,project,2022-09_to_2022-12,2022-09,2022-12,Migration Toolkit for Applications,37,3,0.081081
JIRA,jira,project,2022-09_to_2022-12,2022-09,2022-12,Migration Toolkit for Virtualization,81,6,0.074074
JIRA,jira,project,2022-09_to_2022-12,2022-09,2022-12,Milagro (Retired),1,0,0.000000
JIRA,jira,project,2022-09_to_2022-12,2022-09,2022-12,Mnemonic (Retired),8,0,0.000000
JIRA,jira,project,2022-09_to_2022-12,2022-09,2022-12,Modular Service Container,47,0,0.000000
JIRA,jira,project,2022-09_to_2022-12,2022-09,2022-12,MongoDB Database Tools,45,5,0.111111
JIRA,jira,project,2022-09_to_2022-12,2022-09,2022-12,MongoDB Shell,51,5,0.098039
JIRA,jira,project,2022-09_to_2022-12,2022-09,2022-12,Mongoid,63,9,0.142857
JIRA,jira,project,2022-09_to_2022-12,2022-09,2022-12,Motor,52,7,0.134615
JIRA,jira,project,2022-09_to_2022-12,2022-09,2022-12,Multiple Architecture Enablement,164,18,0.109756
JIRA,jira,project,2022-09_to_2022-12,2022-09,2022-12,MyFaces Core,89,23,0.258427
JIRA,jira,project,2022-09_to_2022-12,2022-09,2022-12,MyFaces Tobago,30,1,0.033333
JIRA,jira,project,2022-09_to_2022-12,2022-09,2022-12,NLPCraft (Retired),9,1,0.111111
JIRA,jira,project,2022-09_to_2022-12,2022-09,2022-12,NetBeans,1,0,0.000000
JIRA,jira,project,2022-09_to_2022-12,2022-09,2022-12,Network Edge,68,1,0.014706
JIRA,jira,project,2022-09_to_2022-12,2022-09,2022-12,Network Hardware Enablement,17,0,0.000000
JIRA,jira,project,2022-09_to_2022-12,2022-09,2022-12,Network Observability,209,21,0.100478
JIRA,jira,project,2022-09_to_2022-12,2022-09,2022-12,Node.js Driver,297,23,0.077441
JIRA,jira,project,2022-09_to_2022-12,2022-09,2022-12,Nutch,10,6,0.600000
JIRA,jira,project,2022-09_to_2022-12,2022-09,2022-12,OCMUI ,80,5,0.062500
JIRA,jira,project,2022-09_to_2022-12,2022-09,2022-12,OCP Technical Release Team,211,58,0.274882
JIRA,jira,project,2022-09_to_2022-12,2022-09,2022-12,OFBiz,42,11,0.261905
JIRA,jira,project,2022-09_to_2022-12,2022-09,2022-12,OPCT ,41,12,0.292683
JIRA,jira,project,2022-09_to_2022-12,2022-09,2022-12,ORC,76,8,0.105263
JIRA,jira,project,2022-09_to_2022-12,2022-09,2022-12,Observability Documentation,30,0,0.000000
JIRA,jira,project,2022-09_to_2022-12,2022-09,2022-12,Observability UI,3,0,0.000000
JIRA,jira,project,2022-09_to_2022-12,2022-09,2022-12,Observability and Data Analysis Program,47,1,0.021277
JIRA,jira,project,2022-09_to_2022-12,2022-09,2022-12,Olingo,9,1,0.111111
JIRA,jira,project,2022-09_to_2022-12,2022-09,2022-12,On Prem Networking,40,0,0.000000
JIRA,jira,project,2022-09_to_2022-12,2022-09,2022-12,Oozie (Retired),43,26,0.604651
JIRA,jira,project,2022-09_to_2022-12,2022-09,2022-12,OpenJDK,197,2,0.010152
JIRA,jira,project,2022-09_to_2022-12,2022-09,2022-12,OpenNLP,46,4,0.086957
JIRA,jira,project,2022-09_to_2022-12,2022-09,2022-12,OpenShift API Server,42,5,0.119048
JIRA,jira,project,2022-09_to_2022-12,2022-09,2022-12,OpenShift API for Data Protection,291,91,0.312715
JIRA,jira,project,2022-09_to_2022-12,2022-09,2022-12,OpenShift App Analytics,2,0,0.000000
JIRA,jira,project,2022-09_to_2022-12,2022-09,2022-12,OpenShift Application Platform Engineering,1,0,0.000000
JIRA,jira,project,2022-09_to_2022-12,2022-09,2022-12,OpenShift Authentication,30,3,0.100000
JIRA,jira,project,2022-09_to_2022-12,2022-09,2022-12,OpenShift Autoscaling,4,0,0.000000
JIRA,jira,project,2022-09_to_2022-12,2022-09,2022-12,OpenShift Bugs,3162,1354,0.428210
JIRA,jira,project,2022-09_to_2022-12,2022-09,2022-12,OpenShift BuildConfig,5,0,0.000000
JIRA,jira,project,2022-09_to_2022-12,2022-09,2022-12,OpenShift Builds,14,0,0.000000
JIRA,jira,project,2022-09_to_2022-12,2022-09,2022-12,OpenShift CFE,133,2,0.015038
JIRA,jira,project,2022-09_to_2022-12,2022-09,2022-12,OpenShift Cloud,158,15,0.094937
JIRA,jira,project,2022-09_to_2022-12,2022-09,2022-12,OpenShift Cloud Credential Operator,27,3,0.111111
JIRA,jira,project,2022-09_to_2022-12,2022-09,2022-12,OpenShift Console,79,1,0.012658
JIRA,jira,project,2022-09_to_2022-12,2022-09,2022-12,OpenShift Container Platform (OCP) Strategy,104,0,0.000000
JIRA,jira,project,2022-09_to_2022-12,2022-09,2022-12,OpenShift Core Networking,197,7,0.035533
JIRA,jira,project,2022-09_to_2022-12,2022-09,2022-12,OpenShift Data Foundation Request For Enhancement,1,0,0.000000
JIRA,jira,project,2022-09_to_2022-12,2022-09,2022-12,OpenShift Edge,17,0,0.000000
JIRA,jira,project,2022-09_to_2022-12,2022-09,2022-12,OpenShift Etcd,29,0,0.000000
JIRA,jira,project,2022-09_to_2022-12,2022-09,2022-12,OpenShift GitOps,109,17,0.155963
JIRA,jira,project,2022-09_to_2022-12,2022-09,2022-12,OpenShift Hive,57,7,0.122807
JIRA,jira,project,2022-09_to_2022-12,2022-09,2022-12,OpenShift Hosted Control Plane,102,18,0.176471
JIRA,jira,project,2022-09_to_2022-12,2022-09,2022-12,OpenShift Image Registry,49,3,0.061224
JIRA,jira,project,2022-09_to_2022-12,2022-09,2022-12,OpenShift Installer,150,6,0.040000
JIRA,jira,project,2022-09_to_2022-12,2022-09,2022-12,OpenShift Jenkins,5,1,0.200000
JIRA,jira,project,2022-09_to_2022-12,2022-09,2022-12,OpenShift Logging,285,91,0.319298
JIRA,jira,project,2022-09_to_2022-12,2022-09,2022-12,OpenShift Migration Toolkit for Containers,10,1,0.100000
JIRA,jira,project,2022-09_to_2022-12,2022-09,2022-12,OpenShift Monitoring,97,7,0.072165
JIRA,jira,project,2022-09_to_2022-12,2022-09,2022-12,OpenShift Node,131,2,0.015267
JIRA,jira,project,2022-09_to_2022-12,2022-09,2022-12,OpenShift Over the Air,68,3,0.044118
JIRA,jira,project,2022-09_to_2022-12,2022-09,2022-12,OpenShift Pipelines,200,32,0.160000
JIRA,jira,project,2022-09_to_2022-12,2022-09,2022-12,OpenShift Pod Autoscaling,4,0,0.000000
JIRA,jira,project,2022-09_to_2022-12,2022-09,2022-12,OpenShift Request For Enhancement,272,2,0.007353
JIRA,jira,project,2022-09_to_2022-12,2022-09,2022-12,OpenShift Service Mesh,323,42,0.130031
JIRA,jira,project,2022-09_to_2022-12,2022-09,2022-12,OpenShift Specialist Platform Team,98,6,0.061224
JIRA,jira,project,2022-09_to_2022-12,2022-09,2022-12,OpenShift Storage,113,4,0.035398
JIRA,jira,project,2022-09_to_2022-12,2022-09,2022-12,OpenShift Top Level Product Strategy,27,1,0.037037
JIRA,jira,project,2022-09_to_2022-12,2022-09,2022-12,OpenShift UX Product Design,50,0,0.000000
JIRA,jira,project,2022-09_to_2022-12,2022-09,2022-12,OpenShift Virtualization,1378,76,0.055152
JIRA,jira,project,2022-09_to_2022-12,2022-09,2022-12,OpenShift Windows Containers,69,4,0.057971
JIRA,jira,project,2022-09_to_2022-12,2022-09,2022-12,OpenShift Workloads,54,5,0.092593
JIRA,jira,project,2022-09_to_2022-12,2022-09,2022-12,OpenStack as Infra,61,1,0.016393
JIRA,jira,project,2022-09_to_2022-12,2022-09,2022-12,OpenWebBeans,3,0,0.000000
JIRA,jira,project,2022-09_to_2022-12,2022-09,2022-12,Openmeetings,7,0,0.000000
JIRA,jira,project,2022-09_to_2022-12,2022-09,2022-12,Openshift sandboxed containers,20,4,0.200000
JIRA,jira,project,2022-09_to_2022-12,2022-09,2022-12,Operator Ecosystem,143,11,0.076923
JIRA,jira,project,2022-09_to_2022-12,2022-09,2022-12,Operator Runtime,89,2,0.022472
JIRA,jira,project,2022-09_to_2022-12,2022-09,2022-12,Opsgenie,335,14,0.041791
JIRA,jira,project,2022-09_to_2022-12,2022-09,2022-12,OptaPlanner,89,1,0.011236
JIRA,jira,project,2022-09_to_2022-12,2022-09,2022-12,Origin Community Distribution of Kubernetes,41,2,0.048780
JIRA,jira,project,2022-09_to_2022-12,2022-09,2022-12,PDFBox,58,24,0.413793
JIRA,jira,project,2022-09_to_2022-12,2022-09,2022-12,PHP Driver: Extension,43,2,0.046512
JIRA,jira,project,2022-09_to_2022-12,2022-09,2022-12,PHP Driver: Library,97,6,0.061856
JIRA,jira,project,2022-09_to_2022-12,2022-09,2022-12,PHP ORMs,6,0,0.000000
JIRA,jira,project,2022-09_to_2022-12,2022-09,2022-12,Parquet,38,11,0.289474
JIRA,jira,project,2022-09_to_2022-12,2022-09,2022-12,Performance and Scale for AI Platforms,66,0,0.000000
JIRA,jira,project,2022-09_to_2022-12,2022-09,2022-12,Phoenix,69,16,0.231884
JIRA,jira,project,2022-09_to_2022-12,2022-09,2022-12,Phoenix Omid,2,0,0.000000
JIRA,jira,project,2022-09_to_2022-12,2022-09,2022-12,Pig,3,0,0.000000
JIRA,jira,project,2022-09_to_2022-12,2022-09,2022-12,Podling Suitable Names Search,5,0,0.000000
JIRA,jira,project,2022-09_to_2022-12,2022-09,2022-12,Product Technical Learning,669,16,0.023916
JIRA,jira,project,2022-09_to_2022-12,2022-09,2022-12,Proforma Server & Data Centre,12,0,0.000000
JIRA,jira,project,2022-09_to_2022-12,2022-09,2022-12,Project Quay,316,72,0.227848
JIRA,jira,project,2022-09_to_2022-12,2022-09,2022-12,PyLucene,1,1,1.000000
JIRA,jira,project,2022-09_to_2022-12,2022-09,2022-12,Python Driver,116,29,0.250000
JIRA,jira,project,2022-09_to_2022-12,2022-09,2022-12,Python Integrations,17,2,0.117647
JIRA,jira,project,2022-09_to_2022-12,2022-09,2022-12,"Qbs (""Cubes"")",6,2,0.333333
JIRA,jira,project,2022-09_to_2022-12,2022-09,2022-12,Qpid,18,3,0.166667
JIRA,jira,project,2022-09_to_2022-12,2022-09,2022-12,Qpid Dispatch,1,1,1.000000
JIRA,jira,project,2022-09_to_2022-12,2022-09,2022-12,Qpid JMS,3,1,0.333333
JIRA,jira,project,2022-09_to_2022-12,2022-09,2022-12,Qpid Proton,65,5,0.076923
JIRA,jira,project,2022-09_to_2022-12,2022-09,2022-12,Qt,3370,755,0.224036
JIRA,jira,project,2022-09_to_2022-12,2022-09,2022-12,Qt 3D Studio,2,0,0.000000
JIRA,jira,project,2022-09_to_2022-12,2022-09,2022-12,Qt Creator,487,85,0.174538
JIRA,jira,project,2022-09_to_2022-12,2022-09,2022-12,Qt Design Studio,947,36,0.038015
JIRA,jira,project,2022-09_to_2022-12,2022-09,2022-12,Qt Installer Framework,163,8,0.049080
JIRA,jira,project,2022-09_to_2022-12,2022-09,2022-12,Qt Project Website,6,0,0.000000
JIRA,jira,project,2022-09_to_2022-12,2022-09,2022-12,Qt Quality Assurance Infrastructure,178,14,0.078652
JIRA,jira,project,2022-09_to_2022-12,2022-09,2022-12,Qt Tools for Android,1,0,0.000000
JIRA,jira,project,2022-09_to_2022-12,2022-09,2022-12,Qt Visual Studio Tools,42,9,0.214286
JIRA,jira,project,2022-09_to_2022-12,2022-09,2022-12,Qt WebBrowser,1,0,0.000000
JIRA,jira,project,2022-09_to_2022-12,2022-09,2022-12,Qt for Python,108,37,0.342593
JIRA,jira,project,2022-09_to_2022-12,2022-09,2022-12,Quarkus,204,18,0.088235
JIRA,jira,project,2022-09_to_2022-12,2022-09,2022-12,Quarkus Documentation,26,0,0.000000
JIRA,jira,project,2022-09_to_2022-12,2022-09,2022-12,Quick Reload,1,0,0.000000
JIRA,jira,project,2022-09_to_2022-12,2022-09,2022-12,RDO Project,27,0,0.000000
JIRA,jira,project,2022-09_to_2022-12,2022-09,2022-12,RESTEasy,60,7,0.116667
JIRA,jira,project,2022-09_to_2022-12,2022-09,2022-12,RH,59,8,0.135593
JIRA,jira,project,2022-09_to_2022-12,2022-09,2022-12,RHEL,21,7,0.333333
JIRA,jira,project,2022-09_to_2022-12,2022-09,2022-12,RHEL Conversions,45,14,0.311111
JIRA,jira,project,2022-09_to_2022-12,2022-09,2022-12,RHEL Documentation,1,0,0.000000
JIRA,jira,project,2022-09_to_2022-12,2022-09,2022-12,RHEL Testing,3,3,1.000000
JIRA,jira,project,2022-09_to_2022-12,2022-09,2022-12,RHOS Request for Features,1,0,0.000000
JIRA,jira,project,2022-09_to_2022-12,2022-09,2022-12,Rampart,1,0,0.000000
JIRA,jira,project,2022-09_to_2022-12,2022-09,2022-12,Ranger,136,19,0.139706
JIRA,jira,project,2022-09_to_2022-12,2022-09,2022-12,Ratis,67,8,0.119403
JIRA,jira,project,2022-09_to_2022-12,2022-09,2022-12,Reactive JVM Platform,9,1,0.111111
JIRA,jira,project,2022-09_to_2022-12,2022-09,2022-12,Red Hat 3scale API Management,166,12,0.072289
JIRA,jira,project,2022-09_to_2022-12,2022-09,2022-12,Red Hat Advanced Cluster Management,637,82,0.128728
JIRA,jira,project,2022-09_to_2022-12,2022-09,2022-12,Red Hat Build of Apache Camel for Quarkus,127,0,0.000000
JIRA,jira,project,2022-09_to_2022-12,2022-09,2022-12,Red Hat Data Grid,35,3,0.085714
JIRA,jira,project,2022-09_to_2022-12,2022-09,2022-12,Red Hat Decision Manager,2,0,0.000000
JIRA,jira,project,2022-09_to_2022-12,2022-09,2022-12,Red Hat Directory Server,2,1,0.500000
JIRA,jira,project,2022-09_to_2022-12,2022-09,2022-12,Red Hat Fuse,606,42,0.069307
JIRA,jira,project,2022-09_to_2022-12,2022-09,2022-12,Red Hat Insights Engineering,13,0,0.000000
JIRA,jira,project,2022-09_to_2022-12,2022-09,2022-12,Red Hat Offline Knowledge Portal,2,0,0.000000
JIRA,jira,project,2022-09_to_2022-12,2022-09,2022-12,Red Hat OpenBridge,245,45,0.183673
JIRA,jira,project,2022-09_to_2022-12,2022-09,2022-12,Red Hat OpenShift Data Science,708,17,0.024011
JIRA,jira,project,2022-09_to_2022-12,2022-09,2022-12,Red Hat OpenShift Dev Spaces (formerly CodeReady Workspaces),252,79,0.313492
JIRA,jira,project,2022-09_to_2022-12,2022-09,2022-12,Red Hat OpenStack Services on OpenShift,259,13,0.050193
JIRA,jira,project,2022-09_to_2022-12,2022-09,2022-12,Red Hat Process Automation Manager,67,14,0.208955
JIRA,jira,project,2022-09_to_2022-12,2022-09,2022-12,Red Hat Service Interconnect (Skupper),5,0,0.000000
JIRA,jira,project,2022-09_to_2022-12,2022-09,2022-12,Red Hat Workload Availability,3,0,0.000000
JIRA,jira,project,2022-09_to_2022-12,2022-09,2022-12,Red Hat build of Apache Camel for Spring Boot,162,4,0.024691
JIRA,jira,project,2022-09_to_2022-12,2022-09,2022-12,Red Hat build of Keycloak,2,0,0.000000
JIRA,jira,project,2022-09_to_2022-12,2022-09,2022-12,Red Hat build of OptaPlanner,25,3,0.120000
JIRA,jira,project,2022-09_to_2022-12,2022-09,2022-12,Ruby Driver,77,4,0.051948
JIRA,jira,project,2022-09_to_2022-12,2022-09,2022-12,Rust Driver,93,3,0.032258
JIRA,jira,project,2022-09_to_2022-12,2022-09,2022-12,S2U UNIDIGITAL 2023,48,11,0.229167
JIRA,jira,project,2022-09_to_2022-12,2022-09,2022-12,SAML for Atlassian Data Center,5,0,0.000000
JIRA,jira,project,2022-09_to_2022-12,2022-09,2022-12,Sakai,474,84,0.177215
JIRA,jira,project,2022-09_to_2022-12,2022-09,2022-12,Samza,12,0,0.000000
JIRA,jira,project,2022-09_to_2022-12,2022-09,2022-12,Santuario,3,1,0.333333
JIRA,jira,project,2022-09_to_2022-12,2022-09,2022-12,Satellite,366,37,0.101093
JIRA,jira,project,2022-09_to_2022-12,2022-09,2022-12,Security Data,13,0,0.000000
JIRA,jira,project,2022-09_to_2022-12,2022-09,2022-12,Server Deployments and Scale,5,2,0.400000
JIRA,jira,project,2022-09_to_2022-12,2022-09,2022-12,Server Platform Frontend,25,1,0.040000
JIRA,jira,project,2022-09_to_2022-12,2022-09,2022-12,Serverless logic,25,4,0.160000
JIRA,jira,project,2022-09_to_2022-12,2022-09,2022-12,ServiceMix,144,2,0.013889
JIRA,jira,project,2022-09_to_2022-12,2022-09,2022-12,ServiceMix Components,13,0,0.000000
JIRA,jira,project,2022-09_to_2022-12,2022-09,2022-12,Shared Access Layer,1,0,0.000000
JIRA,jira,project,2022-09_to_2022-12,2022-09,2022-12,Shiro,14,4,0.285714
JIRA,jira,project,2022-09_to_2022-12,2022-09,2022-12,Sidecar for Apache Cassandra,7,0,0.000000
JIRA,jira,project,2022-09_to_2022-12,2022-09,2022-12,Singa,6,0,0.000000
JIRA,jira,project,2022-09_to_2022-12,2022-09,2022-12,Sling,180,21,0.116667
JIRA,jira,project,2022-09_to_2022-12,2022-09,2022-12,Solr,235,42,0.178723
JIRA,jira,project,2022-09_to_2022-12,2022-09,2022-12,Sourcetree For Mac,37,5,0.135135
JIRA,jira,project,2022-09_to_2022-12,2022-09,2022-12,Sourcetree for Windows,69,24,0.347826
JIRA,jira,project,2022-09_to_2022-12,2022-09,2022-12,Spark,1502,171,0.113848
JIRA,jira,project,2022-09_to_2022-12,2022-09,2022-12,Spark Connector,20,7,0.350000
JIRA,jira,project,2022-09_to_2022-12,2022-09,2022-12,Spatial Information Systems,8,0,0.000000
JIRA,jira,project,2022-09_to_2022-12,2022-09,2022-12,Statuspage,5,0,0.000000
JIRA,jira,project,2022-09_to_2022-12,2022-09,2022-12,StreamPipes,70,0,0.000000
JIRA,jira,project,2022-09_to_2022-12,2022-09,2022-12,Struts 2,57,7,0.122807
JIRA,jira,project,2022-09_to_2022-12,2022-09,2022-12,Subscription Watch,78,2,0.025641
JIRA,jira,project,2022-09_to_2022-12,2022-09,2022-12,Subversion,2,0,0.000000
JIRA,jira,project,2022-09_to_2022-12,2022-09,2022-12,Superset,1,0,0.000000
JIRA,jira,project,2022-09_to_2022-12,2022-09,2022-12,Syncope,23,4,0.173913
JIRA,jira,project,2022-09_to_2022-12,2022-09,2022-12,SystemDS,49,4,0.081633
JIRA,jira,project,2022-09_to_2022-12,2022-09,2022-12,TEST Defect Tracking Project,36,0,0.000000
JIRA,jira,project,2022-09_to_2022-12,2022-09,2022-12,TOREE,2,1,0.500000
JIRA,jira,project,2022-09_to_2022-12,2022-09,2022-12,Tapestry 5,7,6,0.857143
JIRA,jira,project,2022-09_to_2022-12,2022-09,2022-12,Teiid,2,0,0.000000
JIRA,jira,project,2022-09_to_2022-12,2022-09,2022-12,Test Project,1,0,0.000000
JIRA,jira,project,2022-09_to_2022-12,2022-09,2022-12,Thrift,58,7,0.120690
JIRA,jira,project,2022-09_to_2022-12,2022-09,2022-12,Tika,105,10,0.095238
JIRA,jira,project,2022-09_to_2022-12,2022-09,2022-12,TinkerPop,62,14,0.225806
JIRA,jira,project,2022-09_to_2022-12,2022-09,2022-12,TomEE,104,7,0.067308
JIRA,jira,project,2022-09_to_2022-12,2022-09,2022-12,Tools (JBoss Tools),156,28,0.179487
JIRA,jira,project,2022-09_to_2022-12,2022-09,2022-12,UIMA,2,1,0.500000
JIRA,jira,project,2022-09_to_2022-12,2022-09,2022-12,Undertow,63,7,0.111111
JIRA,jira,project,2022-09_to_2022-12,2022-09,2022-12,VS Code Extension,13,0,0.000000
JIRA,jira,project,2022-09_to_2022-12,2022-09,2022-12,Velocity,1,0,0.000000
JIRA,jira,project,2022-09_to_2022-12,2022-09,2022-12,Velocity Tools,3,0,0.000000
JIRA,jira,project,2022-09_to_2022-12,2022-09,2022-12,Virtualization Strategy,10,0,0.000000
JIRA,jira,project,2022-09_to_2022-12,2022-09,2022-12,Visual Design,28,0,0.000000
JIRA,jira,project,2022-09_to_2022-12,2022-09,2022-12,Visual Studio,10,0,0.000000
JIRA,jira,project,2022-09_to_2022-12,2022-09,2022-12,WINDUP ,86,6,0.069767
JIRA,jira,project,2022-09_to_2022-12,2022-09,2022-12,WINDUPRULE ,51,3,0.058824
JIRA,jira,project,2022-09_to_2022-12,2022-09,2022-12,WSS4J,1,0,0.000000
JIRA,jira,project,2022-09_to_2022-12,2022-09,2022-12,Web Terminal for OpenShift,5,1,0.200000
JIRA,jira,project,2022-09_to_2022-12,2022-09,2022-12,Weld,8,2,0.250000
JIRA,jira,project,2022-09_to_2022-12,2022-09,2022-12,Whimsy,4,0,0.000000
JIRA,jira,project,2022-09_to_2022-12,2022-09,2022-12,Who's Looking for OnDemand,1,0,0.000000
JIRA,jira,project,2022-09_to_2022-12,2022-09,2022-12,Wicket,24,2,0.083333
JIRA,jira,project,2022-09_to_2022-12,2022-09,2022-12,WildFly,476,45,0.094538
JIRA,jira,project,2022-09_to_2022-12,2022-09,2022-12,WildFly Arquillian,14,1,0.071429
JIRA,jira,project,2022-09_to_2022-12,2022-09,2022-12,WildFly Core,134,8,0.059701
JIRA,jira,project,2022-09_to_2022-12,2022-09,2022-12,WildFly Discovery,1,0,0.000000
JIRA,jira,project,2022-09_to_2022-12,2022-09,2022-12,WildFly EJB HTTP Client,22,1,0.045455
JIRA,jira,project,2022-09_to_2022-12,2022-09,2022-12,WildFly Elytron,86,2,0.023256
JIRA,jira,project,2022-09_to_2022-12,2022-09,2022-12,WildFly Elytron EE,4,0,0.000000
JIRA,jira,project,2022-09_to_2022-12,2022-09,2022-12,WildFly Elytron MicroProfile,3,0,0.000000
JIRA,jira,project,2022-09_to_2022-12,2022-09,2022-12,WildFly Maven Plugin,5,1,0.200000
JIRA,jira,project,2022-09_to_2022-12,2022-09,2022-12,WildFly Naming Client,11,1,0.090909
JIRA,jira,project,2022-09_to_2022-12,2022-09,2022-12,WildFly OpenSSL,6,0,0.000000
JIRA,jira,project,2022-09_to_2022-12,2022-09,2022-12,WildFly OpenSSL Natives,7,0,0.000000
JIRA,jira,project,2022-09_to_2022-12,2022-09,2022-12,WildFly Transaction Client,19,0,0.000000
JIRA,jira,project,2022-09_to_2022-12,2022-09,2022-12,WildFly WIP,9,5,0.555556
JIRA,jira,project,2022-09_to_2022-12,2022-09,2022-12,WiredTiger,619,173,0.279483
JIRA,jira,project,2022-09_to_2022-12,2022-09,2022-12,XBean,3,0,0.000000
JIRA,jira,project,2022-09_to_2022-12,2022-09,2022-12,XMLBeans,4,1,0.250000
JIRA,jira,project,2022-09_to_2022-12,2022-09,2022-12,XMLGraphicsCommons,3,1,0.333333
JIRA,jira,project,2022-09_to_2022-12,2022-09,2022-12,XNIO,5,0,0.000000
JIRA,jira,project,2022-09_to_2022-12,2022-09,2022-12,XalanC,1,0,0.000000
JIRA,jira,project,2022-09_to_2022-12,2022-09,2022-12,Xerces,4,0,0.000000
JIRA,jira,project,2022-09_to_2022-12,2022-09,2022-12,Xerces2,2,1,0.500000
JIRA,jira,project,2022-09_to_2022-12,2022-09,2022-12,XmlSchema,2,0,0.000000
JIRA,jira,project,2022-09_to_2022-12,2022-09,2022-12,Yetus,18,1,0.055556
JIRA,jira,project,2022-09_to_2022-12,2022-09,2022-12,Zeppelin,63,13,0.206349
JIRA,jira,project,2022-09_to_2022-12,2022-09,2022-12,ZooKeeper,47,9,0.191489
JIRA,jira,project,2022-09_to_2022-12,2022-09,2022-12,cTAKES,6,1,0.166667
JIRA,jira,project,2022-09_to_2022-12,2022-09,2022-12,jBPM,26,4,0.153846
JIRA,jira,project,2022-09_to_2022-12,2022-09,2022-12,jboss.org,5,0,0.000000
JIRA,jira,project,2022-09_to_2022-12,2022-09,2022-12,jclouds (Retired) (Retired),3,1,0.333333
JIRA,jira,project,2022-09_to_2022-12,2022-09,2022-12,mod_cluster,5,2,0.400000
JIRA,jira,project,2022-09_to_2022-12,2022-09,2022-12,repository.jboss.org/nexus,37,1,0.027027
JIRA,jira,project,2023-01_to_2023-04,2023-01,2023-04,A,7,0,0.000000
JIRA,jira,project,2023-01_to_2023-04,2023-01,2023-04,AMQ Broker,253,24,0.094862
JIRA,jira,project,2023-01_to_2023-04,2023-01,2023-04,AMQ Clients,7,2,0.285714
JIRA,jira,project,2023-01_to_2023-04,2023-01,2023-04,AMQ Documentation,4,0,0.000000
JIRA,jira,project,2023-01_to_2023-04,2023-01,2023-04,AMQ Interconnect,1,1,1.000000
JIRA,jira,project,2023-01_to_2023-04,2023-01,2023-04,AMQ Streams,202,14,0.069307
JIRA,jira,project,2023-01_to_2023-04,2023-01,2023-04,ActiveMQ (Read,63,9,0.142857
JIRA,jira,project,2023-01_to_2023-04,2023-01,2023-04,ActiveMQ .Net,5,0,0.000000
JIRA,jira,project,2023-01_to_2023-04,2023-01,2023-04,ActiveObjects,3,1,0.333333
JIRA,jira,project,2023-01_to_2023-04,2023-01,2023-04,Activity Streams,3,0,0.000000
JIRA,jira,project,2023-01_to_2023-04,2023-01,2023-04,Admin Experience,78,5,0.064103
JIRA,jira,project,2023-01_to_2023-04,2023-01,2023-04,Agent,104,2,0.019231
JIRA,jira,project,2023-01_to_2023-04,2023-01,2023-04,Agroal,4,1,0.250000
JIRA,jira,project,2023-01_to_2023-04,2023-01,2023-04,Airavata,16,4,0.250000
JIRA,jira,project,2023-01_to_2023-04,2023-01,2023-04,Ambari,100,9,0.090000
JIRA,jira,project,2023-01_to_2023-04,2023-01,2023-04,Analytics,23,0,0.000000
JIRA,jira,project,2023-01_to_2023-04,2023-01,2023-04,Ansible Automation Platform RFEs,122,2,0.016393
JIRA,jira,project,2023-01_to_2023-04,2023-01,2023-04,Apache AGE,1,0,0.000000
JIRA,jira,project,2023-01_to_2023-04,2023-01,2023-04,Apache AsterixDB,74,7,0.094595
JIRA,jira,project,2023-01_to_2023-04,2023-01,2023-04,Apache Avro,52,12,0.230769
JIRA,jira,project,2023-01_to_2023-04,2023-01,2023-04,Apache Cassandra,360,118,0.327778
JIRA,jira,project,2023-01_to_2023-04,2023-01,2023-04,Apache Celeborn,384,16,0.041667
JIRA,jira,project,2023-01_to_2023-04,2023-01,2023-04,Apache Commons All,1,0,0.000000
JIRA,jira,project,2023-01_to_2023-04,2023-01,2023-04,Apache Curator,11,1,0.090909
JIRA,jira,project,2023-01_to_2023-04,2023-01,2023-04,Apache Drill,46,7,0.152174
JIRA,jira,project,2023-01_to_2023-04,2023-01,2023-04,Apache Dubbo,30,0,0.000000
JIRA,jira,project,2023-01_to_2023-04,2023-01,2023-04,Apache ECharts,1,0,0.000000
JIRA,jira,project,2023-01_to_2023-04,2023-01,2023-04,Apache Fineract,79,4,0.050633
JIRA,jira,project,2023-01_to_2023-04,2023-01,2023-04,Apache Freemarker,2,1,0.500000
JIRA,jira,project,2023-01_to_2023-04,2023-01,2023-04,Apache Gobblin,69,0,0.000000
JIRA,jira,project,2023-01_to_2023-04,2023-01,2023-04,Apache Gora (Retired),15,1,0.066667
JIRA,jira,project,2023-01_to_2023-04,2023-01,2023-04,Apache HAWQ (Retired),3,0,0.000000
JIRA,jira,project,2023-01_to_2023-04,2023-01,2023-04,Apache Hudi,669,28,0.041854
JIRA,jira,project,2023-01_to_2023-04,2023-01,2023-04,Apache IoTDB,512,39,0.076172
JIRA,jira,project,2023-01_to_2023-04,2023-01,2023-04,Apache Jena,3,1,0.333333
JIRA,jira,project,2023-01_to_2023-04,2023-01,2023-04,Apache Knox,48,4,0.083333
JIRA,jira,project,2023-01_to_2023-04,2023-01,2023-04,Apache MADlib,2,0,0.000000
JIRA,jira,project,2023-01_to_2023-04,2023-01,2023-04,Apache Maven Resource Bundles (Moved to GitHub Issues),9,0,0.000000
JIRA,jira,project,2023-01_to_2023-04,2023-01,2023-04,Apache NiFi,484,57,0.117769
JIRA,jira,project,2023-01_to_2023-04,2023-01,2023-04,Apache NiFi MiNiFi C++,91,4,0.043956
JIRA,jira,project,2023-01_to_2023-04,2023-01,2023-04,Apache Ozone,791,131,0.165613
JIRA,jira,project,2023-01_to_2023-04,2023-01,2023-04,Apache RAT,2,1,0.500000
JIRA,jira,project,2023-01_to_2023-04,2023-01,2023-04,Apache Roller,5,0,0.000000
JIRA,jira,project,2023-01_to_2023-04,2023-01,2023-04,Apache SCIMple,1,0,0.000000
JIRA,jira,project,2023-01_to_2023-04,2023-01,2023-04,Apache Science Data Analytics Platform,36,0,0.000000
JIRA,jira,project,2023-01_to_2023-04,2023-01,2023-04,Apache Sedona,51,5,0.098039
JIRA,jira,project,2023-01_to_2023-04,2023-01,2023-04,Apache ServiceComb,41,0,0.000000
JIRA,jira,project,2023-01_to_2023-04,2023-01,2023-04,Apache Storm,26,0,0.000000
JIRA,jira,project,2023-01_to_2023-04,2023-01,2023-04,Apache Submarine,20,2,0.100000
JIRA,jira,project,2023-01_to_2023-04,2023-01,2023-04,Apache Tez,28,9,0.321429
JIRA,jira,project,2023-01_to_2023-04,2023-01,2023-04,Apache Unomi,52,3,0.057692
JIRA,jira,project,2023-01_to_2023-04,2023-01,2023-04,Apache Wayang,1,0,0.000000
JIRA,jira,project,2023-01_to_2023-04,2023-01,2023-04,Apache YuniKorn,186,23,0.123656
JIRA,jira,project,2023-01_to_2023-04,2023-01,2023-04,AppFormer,2,1,0.500000
JIRA,jira,project,2023-01_to_2023-04,2023-01,2023-04,Application Links,1,0,0.000000
JIRA,jira,project,2023-01_to_2023-04,2023-01,2023-04,Archiva (Retired),1,0,0.000000
JIRA,jira,project,2023-01_to_2023-04,2023-01,2023-04,Aries,2,0,0.000000
JIRA,jira,project,2023-01_to_2023-04,2023-01,2023-04,Arquillian,1,0,0.000000
JIRA,jira,project,2023-01_to_2023-04,2023-01,2023-04,Artemis,144,24,0.166667
JIRA,jira,project,2023-01_to_2023-04,2023-01,2023-04,Atlas,32,5,0.156250
JIRA,jira,project,2023-01_to_2023-04,2023-01,2023-04,Atlas SQL,6,0,0.000000
JIRA,jira,project,2023-01_to_2023-04,2023-01,2023-04,Atlassian Cloud,45,3,0.066667
JIRA,jira,project,2023-01_to_2023-04,2023-01,2023-04,Atlassian Connect,2,0,0.000000
JIRA,jira,project,2023-01_to_2023-04,2023-01,2023-04,Atlassian Connect Express (Node.js),1,0,0.000000
JIRA,jira,project,2023-01_to_2023-04,2023-01,2023-04,Atlassian Connect JavaScript API,5,0,0.000000
JIRA,jira,project,2023-01_to_2023-04,2023-01,2023-04,Atlassian Connect Spring Boot,4,1,0.250000
JIRA,jira,project,2023-01_to_2023-04,2023-01,2023-04,Atlassian Connect in Jira Cloud,25,2,0.080000
JIRA,jira,project,2023-01_to_2023-04,2023-01,2023-04,Atlassian Ecosystem,7,0,0.000000
JIRA,jira,project,2023-01_to_2023-04,2023-01,2023-04,Atlassian Guard,50,2,0.040000
JIRA,jira,project,2023-01_to_2023-04,2023-01,2023-04,Atlassian Intelligence,21,1,0.047619
JIRA,jira,project,2023-01_to_2023-04,2023-01,2023-04,Atlassian Internationalization,44,0,0.000000
JIRA,jira,project,2023-01_to_2023-04,2023-01,2023-04,Atlassian Marketplace,11,0,0.000000
JIRA,jira,project,2023-01_to_2023-04,2023-01,2023-04,Atlassian Maven Plugin Suite,6,1,0.166667
JIRA,jira,project,2023-01_to_2023-04,2023-01,2023-04,Atlassian Plugins,2,0,0.000000
JIRA,jira,project,2023-01_to_2023-04,2023-01,2023-04,Atlassian Product Integrations,21,2,0.095238
JIRA,jira,project,2023-01_to_2023-04,2023-01,2023-04,Atlassian REST,11,0,0.000000
JIRA,jira,project,2023-01_to_2023-04,2023-01,2023-04,Atlassian Troubleshooting & Support Tools Plugin,5,1,0.200000
JIRA,jira,project,2023-01_to_2023-04,2023-01,2023-04,Atlassian User Interface,8,0,0.000000
JIRA,jira,project,2023-01_to_2023-04,2023-01,2023-04,Atlassian WebHooks Plugin,7,0,0.000000
JIRA,jira,project,2023-01_to_2023-04,2023-01,2023-04,Attic,1,0,0.000000
JIRA,jira,project,2023-01_to_2023-04,2023-01,2023-04,Automation for Cloud,114,4,0.035088
JIRA,jira,project,2023-01_to_2023-04,2023-01,2023-04,Automation for Jira Server,37,2,0.054054
JIRA,jira,project,2023-01_to_2023-04,2023-01,2023-04,Axiom,2,2,1.000000
JIRA,jira,project,2023-01_to_2023-04,2023-01,2023-04,Axis,1,1,1.000000
JIRA,jira,project,2023-01_to_2023-04,2023-01,2023-04,Axis2,5,2,0.400000
JIRA,jira,project,2023-01_to_2023-04,2023-01,2023-04,BVal,1,0,0.000000
JIRA,jira,project,2023-01_to_2023-04,2023-01,2023-04,Bahir (Retired),3,1,0.333333
JIRA,jira,project,2023-01_to_2023-04,2023-01,2023-04,Bamboo Data Center,96,9,0.093750
JIRA,jira,project,2023-01_to_2023-04,2023-01,2023-04,BatchEE,5,1,0.200000
JIRA,jira,project,2023-01_to_2023-04,2023-01,2023-04,Batik,2,1,0.500000
JIRA,jira,project,2023-01_to_2023-04,2023-01,2023-04,Bigtop,42,10,0.238095
JIRA,jira,project,2023-01_to_2023-04,2023-01,2023-04,Bitbucket Cloud,257,9,0.035019
JIRA,jira,project,2023-01_to_2023-04,2023-01,2023-04,Bitbucket Data Center,150,8,0.053333
JIRA,jira,project,2023-01_to_2023-04,2023-01,2023-04,BxMS Documentation,24,0,0.000000
JIRA,jira,project,2023-01_to_2023-04,2023-01,2023-04,Byteman,3,0,0.000000
JIRA,jira,project,2023-01_to_2023-04,2023-01,2023-04,C Driver,67,8,0.119403
JIRA,jira,project,2023-01_to_2023-04,2023-01,2023-04,C# Driver,160,51,0.318750
JIRA,jira,project,2023-01_to_2023-04,2023-01,2023-04,C++ Driver,49,3,0.061224
JIRA,jira,project,2023-01_to_2023-04,2023-01,2023-04,CXF,30,6,0.200000
JIRA,jira,project,2023-01_to_2023-04,2023-01,2023-04,Calcite,216,33,0.152778
JIRA,jira,project,2023-01_to_2023-04,2023-01,2023-04,Camel,688,67,0.097384
JIRA,jira,project,2023-01_to_2023-04,2023-01,2023-04,Causeway,133,1,0.007519
JIRA,jira,project,2023-01_to_2023-04,2023-01,2023-04,Cayenne,17,2,0.117647
JIRA,jira,project,2023-01_to_2023-04,2023-01,2023-04,CentOS Stream Pipeline,98,18,0.183673
JIRA,jira,project,2023-01_to_2023-04,2023-01,2023-04,Cert Manager support for Red Hat OpenShift,30,0,0.000000
JIRA,jira,project,2023-01_to_2023-04,2023-01,2023-04,Certification Partner Experience Public,19,0,0.000000
JIRA,jira,project,2023-01_to_2023-04,2023-01,2023-04,Clair,9,0,0.000000
JIRA,jira,project,2023-01_to_2023-04,2023-01,2023-04,Client,2,1,0.500000
JIRA,jira,project,2023-01_to_2023-04,2023-01,2023-04,Cloud Enablement,18,0,0.000000
JIRA,jira,project,2023-01_to_2023-04,2023-01,2023-04,Cloud Infrastructure Security & Compliance,90,3,0.033333
JIRA,jira,project,2023-01_to_2023-04,2023-01,2023-04,Cloud Native Runtimes (CNR) Documentation,8,0,0.000000
JIRA,jira,project,2023-01_to_2023-04,2023-01,2023-04,CloudStack,9,0,0.000000
JIRA,jira,project,2023-01_to_2023-04,2023-01,2023-04,Cluster Integration and Delivery,5,0,0.000000
JIRA,jira,project,2023-01_to_2023-04,2023-01,2023-04,Cluster Observability Operator,1,0,0.000000
JIRA,jira,project,2023-01_to_2023-04,2023-01,2023-04,Cockpit,56,1,0.017857
JIRA,jira,project,2023-01_to_2023-04,2023-01,2023-04,Coin,43,4,0.093023
JIRA,jira,project,2023-01_to_2023-04,2023-01,2023-04,Comdev GSOC,53,0,0.000000
JIRA,jira,project,2023-01_to_2023-04,2023-01,2023-04,Commerce,2,0,0.000000
JIRA,jira,project,2023-01_to_2023-04,2023-01,2023-04,Commons BCEL,1,0,0.000000
JIRA,jira,project,2023-01_to_2023-04,2023-01,2023-04,Commons BSF,2,0,0.000000
JIRA,jira,project,2023-01_to_2023-04,2023-01,2023-04,Commons BeanUtils,1,0,0.000000
JIRA,jira,project,2023-01_to_2023-04,2023-01,2023-04,Commons CLI,1,1,1.000000
JIRA,jira,project,2023-01_to_2023-04,2023-01,2023-04,Commons CSV,1,1,1.000000
JIRA,jira,project,2023-01_to_2023-04,2023-01,2023-04,Commons Collections,2,1,0.500000
JIRA,jira,project,2023-01_to_2023-04,2023-01,2023-04,Commons Compress,6,2,0.333333
JIRA,jira,project,2023-01_to_2023-04,2023-01,2023-04,Commons Configuration,4,0,0.000000
JIRA,jira,project,2023-01_to_2023-04,2023-01,2023-04,Commons DBCP,1,0,0.000000
JIRA,jira,project,2023-01_to_2023-04,2023-01,2023-04,Commons Daemon,8,5,0.625000
JIRA,jira,project,2023-01_to_2023-04,2023-01,2023-04,Commons DbUtils,2,0,0.000000
JIRA,jira,project,2023-01_to_2023-04,2023-01,2023-04,Commons Digester,1,0,0.000000
JIRA,jira,project,2023-01_to_2023-04,2023-01,2023-04,Commons FileUpload,2,0,0.000000
JIRA,jira,project,2023-01_to_2023-04,2023-01,2023-04,Commons IO,6,2,0.333333
JIRA,jira,project,2023-01_to_2023-04,2023-01,2023-04,Commons Imaging,12,0,0.000000
JIRA,jira,project,2023-01_to_2023-04,2023-01,2023-04,Commons JCS,1,0,0.000000
JIRA,jira,project,2023-01_to_2023-04,2023-01,2023-04,Commons JEXL,5,0,0.000000
JIRA,jira,project,2023-01_to_2023-04,2023-01,2023-04,Commons Lang,3,1,0.333333
JIRA,jira,project,2023-01_to_2023-04,2023-01,2023-04,Commons Math,7,1,0.142857
JIRA,jira,project,2023-01_to_2023-04,2023-01,2023-04,Commons Net,2,1,0.500000
JIRA,jira,project,2023-01_to_2023-04,2023-01,2023-04,Commons Numbers,2,0,0.000000
JIRA,jira,project,2023-01_to_2023-04,2023-01,2023-04,Commons Pool,2,2,1.000000
JIRA,jira,project,2023-01_to_2023-04,2023-01,2023-04,Commons Statistics,6,0,0.000000
JIRA,jira,project,2023-01_to_2023-04,2023-01,2023-04,Commons VFS,7,4,0.571429
JIRA,jira,project,2023-01_to_2023-04,2023-01,2023-04,Commons Validator,2,0,0.000000
JIRA,jira,project,2023-01_to_2023-04,2023-01,2023-04,Community Development,6,0,0.000000
JIRA,jira,project,2023-01_to_2023-04,2023-01,2023-04,Compass,330,10,0.030303
JIRA,jira,project,2023-01_to_2023-04,2023-01,2023-04,Confluence Cloud,559,38,0.067979
JIRA,jira,project,2023-01_to_2023-04,2023-01,2023-04,Confluence Data Center,264,33,0.125000
JIRA,jira,project,2023-01_to_2023-04,2023-01,2023-04,Container Tools,44,2,0.045455
JIRA,jira,project,2023-01_to_2023-04,2023-01,2023-04,Content Gateway,9,0,0.000000
JIRA,jira,project,2023-01_to_2023-04,2023-01,2023-04,Contrib: Clog,2,1,0.500000
JIRA,jira,project,2023-01_to_2023-04,2023-01,2023-04,Contrib: Evaluation System,1,0,0.000000
JIRA,jira,project,2023-01_to_2023-04,2023-01,2023-04,Core Server,4131,335,0.081094
JIRA,jira,project,2023-01_to_2023-04,2023-01,2023-04,CoreOS OCP,202,26,0.128713
JIRA,jira,project,2023-01_to_2023-04,2023-01,2023-04,Cost Management,25,0,0.000000
JIRA,jira,project,2023-01_to_2023-04,2023-01,2023-04,Crowd Data Center,25,1,0.040000
JIRA,jira,project,2023-01_to_2023-04,2023-01,2023-04,Crucible,1,0,0.000000
JIRA,jira,project,2023-01_to_2023-04,2023-01,2023-04,Daffodil,48,8,0.166667
JIRA,jira,project,2023-01_to_2023-04,2023-01,2023-04,Data Foundation Bugs,10,6,0.600000
JIRA,jira,project,2023-01_to_2023-04,2023-01,2023-04,Database as a Service,106,8,0.075472
JIRA,jira,project,2023-01_to_2023-04,2023-01,2023-04,Debezium,403,101,0.250620
JIRA,jira,project,2023-01_to_2023-04,2023-01,2023-04,Derby (Retired),3,3,1.000000
JIRA,jira,project,2023-01_to_2023-04,2023-01,2023-04,Directory ApacheDS,2,0,0.000000
JIRA,jira,project,2023-01_to_2023-04,2023-01,2023-04,Directory Client API,5,1,0.200000
JIRA,jira,project,2023-01_to_2023-04,2023-01,2023-04,Directory Kerberos,4,1,0.250000
JIRA,jira,project,2023-01_to_2023-04,2023-01,2023-04,Directory Studio,3,1,0.333333
JIRA,jira,project,2023-01_to_2023-04,2023-01,2023-04,Distributed Tracing,136,6,0.044118
JIRA,jira,project,2023-01_to_2023-04,2023-01,2023-04,Docs for Red Hat Developers,248,4,0.016129
JIRA,jira,project,2023-01_to_2023-04,2023-01,2023-04,Drivers,60,2,0.033333
JIRA,jira,project,2023-01_to_2023-04,2023-01,2023-04,Drools,150,13,0.086667
JIRA,jira,project,2023-01_to_2023-04,2023-01,2023-04,EAP Documentation,80,0,0.000000
JIRA,jira,project,2023-01_to_2023-04,2023-01,2023-04,EJB Client Library (AS7+),8,0,0.000000
JIRA,jira,project,2023-01_to_2023-04,2023-01,2023-04,ENTSBT,8,1,0.125000
JIRA,jira,project,2023-01_to_2023-04,2023-01,2023-04,Elytron Web,4,0,0.000000
JIRA,jira,project,2023-01_to_2023-04,2023-01,2023-04,Empire,10,1,0.100000
JIRA,jira,project,2023-01_to_2023-04,2023-01,2023-04,FOP,18,6,0.333333
JIRA,jira,project,2023-01_to_2023-04,2023-01,2023-04,Fast Datapath Product,3,2,0.666667
JIRA,jira,project,2023-01_to_2023-04,2023-01,2023-04,Fedora,128,41,0.320312
JIRA,jira,project,2023-01_to_2023-04,2023-01,2023-04,Felix,16,3,0.187500
JIRA,jira,project,2023-01_to_2023-04,2023-01,2023-04,Fidelis AI,49,1,0.020408
JIRA,jira,project,2023-01_to_2023-04,2023-01,2023-04,Fineract Cloud Native,1,0,0.000000
JIRA,jira,project,2023-01_to_2023-04,2023-01,2023-04,FishEye,6,0,0.000000
JIRA,jira,project,2023-01_to_2023-04,2023-01,2023-04,FlightPath,336,2,0.005952
JIRA,jira,project,2023-01_to_2023-04,2023-01,2023-04,Flink,1441,299,0.207495
JIRA,jira,project,2023-01_to_2023-04,2023-01,2023-04,Flume,28,7,0.250000
JIRA,jira,project,2023-01_to_2023-04,2023-01,2023-04,Forge,191,16,0.083770
JIRA,jira,project,2023-01_to_2023-04,2023-01,2023-04,FtpServer,2,0,0.000000
JIRA,jira,project,2023-01_to_2023-04,2023-01,2023-04,Fuse Tooling,15,1,0.066667
JIRA,jira,project,2023-01_to_2023-04,2023-01,2023-04,Fuse/AMQ Documentation,18,0,0.000000
JIRA,jira,project,2023-01_to_2023-04,2023-01,2023-04,Geode,11,0,0.000000
JIRA,jira,project,2023-01_to_2023-04,2023-01,2023-04,Go Driver,87,6,0.068966
JIRA,jira,project,2023-01_to_2023-04,2023-01,2023-04,Groovy,147,54,0.367347
JIRA,jira,project,2023-01_to_2023-04,2023-01,2023-04,Guacamole,53,9,0.169811
JIRA,jira,project,2023-01_to_2023-04,2023-01,2023-04,Gump,1,1,1.000000
JIRA,jira,project,2023-01_to_2023-04,2023-01,2023-04,HAL,24,1,0.041667
JIRA,jira,project,2023-01_to_2023-04,2023-01,2023-04,HBase,275,48,0.174545
JIRA,jira,project,2023-01_to_2023-04,2023-01,2023-04,HMS ,24,1,0.041667
JIRA,jira,project,2023-01_to_2023-04,2023-01,2023-04,Hadoop Common,136,90,0.661765
JIRA,jira,project,2023-01_to_2023-04,2023-01,2023-04,Hadoop HDFS,112,92,0.821429
JIRA,jira,project,2023-01_to_2023-04,2023-01,2023-04,Hadoop Map/Reduce,7,6,0.857143
JIRA,jira,project,2023-01_to_2023-04,2023-01,2023-04,Hadoop YARN,82,50,0.609756
JIRA,jira,project,2023-01_to_2023-04,2023-01,2023-04,HawtIO,4,0,0.000000
JIRA,jira,project,2023-01_to_2023-04,2023-01,2023-04,Hive,412,76,0.184466
JIRA,jira,project,2023-01_to_2023-04,2023-01,2023-04,HttpComponents HttpClient,17,3,0.176471
JIRA,jira,project,2023-01_to_2023-04,2023-01,2023-04,HttpComponents HttpCore,11,6,0.545455
JIRA,jira,project,2023-01_to_2023-04,2023-01,2023-04,Hybrid Cloud Console,1002,35,0.034930
JIRA,jira,project,2023-01_to_2023-04,2023-01,2023-04,Hybrid Cloud Console Docs Feedback,37,1,0.027027
JIRA,jira,project,2023-01_to_2023-04,2023-01,2023-04,Hybrid Cloud Infrastructure Documentation,4,0,0.000000
JIRA,jira,project,2023-01_to_2023-04,2023-01,2023-04,IMPALA,295,85,0.288136
JIRA,jira,project,2023-01_to_2023-04,2023-01,2023-04,Identity,26,1,0.038462
JIRA,jira,project,2023-01_to_2023-04,2023-01,2023-04,Ignite,890,124,0.139326
JIRA,jira,project,2023-01_to_2023-04,2023-01,2023-04,Incubator,1,0,0.000000
JIRA,jira,project,2023-01_to_2023-04,2023-01,2023-04,Insights Experiences,412,14,0.033981
JIRA,jira,project,2023-01_to_2023-04,2023-01,2023-04,Insights Rule Analysis Tool,11,1,0.090909
JIRA,jira,project,2023-01_to_2023-04,2023-01,2023-04,IronJacamar,6,0,0.000000
JIRA,jira,project,2023-01_to_2023-04,2023-01,2023-04,Ivy,3,0,0.000000
JIRA,jira,project,2023-01_to_2023-04,2023-01,2023-04,JBeret,2,0,0.000000
JIRA,jira,project,2023-01_to_2023-04,2023-01,2023-04,JBoss Core Services,30,1,0.033333
JIRA,jira,project,2023-01_to_2023-04,2023-01,2023-04,JBoss Developer Materials,1,0,0.000000
JIRA,jira,project,2023-01_to_2023-04,2023-01,2023-04,JBoss Enterprise Application Platform,233,55,0.236052
JIRA,jira,project,2023-01_to_2023-04,2023-01,2023-04,JBoss Log Manager,2,0,0.000000
JIRA,jira,project,2023-01_to_2023-04,2023-01,2023-04,JBoss Metadata,2,1,0.500000
JIRA,jira,project,2023-01_to_2023-04,2023-01,2023-04,JBoss Remoting (3+),1,0,0.000000
JIRA,jira,project,2023-01_to_2023-04,2023-01,2023-04,JBoss Server Migration Tool,6,0,0.000000
JIRA,jira,project,2023-01_to_2023-04,2023-01,2023-04,JBoss Transaction Manager,44,3,0.068182
JIRA,jira,project,2023-01_to_2023-04,2023-01,2023-04,JBoss Web Server,27,1,0.037037
JIRA,jira,project,2023-01_to_2023-04,2023-01,2023-04,JBoss Web Services,16,0,0.000000
JIRA,jira,project,2023-01_to_2023-04,2023-01,2023-04,JDO,3,0,0.000000
JIRA,jira,project,2023-01_to_2023-04,2023-01,2023-04,JGroups,23,1,0.043478
JIRA,jira,project,2023-01_to_2023-04,2023-01,2023-04,JIRA Calendar Plugin,1,0,0.000000
JIRA,jira,project,2023-01_to_2023-04,2023-01,2023-04,JIRA Commit Acceptance,1,0,0.000000
JIRA,jira,project,2023-01_to_2023-04,2023-01,2023-04,JIRA REST Java Client Library,1,0,0.000000
JIRA,jira,project,2023-01_to_2023-04,2023-01,2023-04,JIRA Service Desk Ecosystem,1,0,0.000000
JIRA,jira,project,2023-01_to_2023-04,2023-01,2023-04,Jackrabbit Content Repository,37,2,0.054054
JIRA,jira,project,2023-01_to_2023-04,2023-01,2023-04,Jackrabbit FileVault,32,4,0.125000
JIRA,jira,project,2023-01_to_2023-04,2023-01,2023-04,Jackrabbit Oak,160,32,0.200000
JIRA,jira,project,2023-01_to_2023-04,2023-01,2023-04,James Mime4j,2,0,0.000000
JIRA,jira,project,2023-01_to_2023-04,2023-01,2023-04,James Server,34,4,0.117647
JIRA,jira,project,2023-01_to_2023-04,2023-01,2023-04,Java Driver,110,15,0.136364
JIRA,jira,project,2023-01_to_2023-04,2023-01,2023-04,Jira Admin Support,1,0,0.000000
JIRA,jira,project,2023-01_to_2023-04,2023-01,2023-04,Jira Align,274,6,0.021898
JIRA,jira,project,2023-01_to_2023-04,2023-01,2023-04,Jira Cloud,35,0,0.000000
JIRA,jira,project,2023-01_to_2023-04,2023-01,2023-04,Jira Data Center,557,24,0.043088
JIRA,jira,project,2023-01_to_2023-04,2023-01,2023-04,Jira Performance Testing Tools,109,15,0.137615
JIRA,jira,project,2023-01_to_2023-04,2023-01,2023-04,Jira Platform Cloud,914,36,0.039387
JIRA,jira,project,2023-01_to_2023-04,2023-01,2023-04,Jira Service Management Cloud,401,19,0.047382
JIRA,jira,project,2023-01_to_2023-04,2023-01,2023-04,Jira Service Management Data Center,255,16,0.062745
JIRA,jira,project,2023-01_to_2023-04,2023-01,2023-04,Jira Software Data Center,114,3,0.026316
JIRA,jira,project,2023-01_to_2023-04,2023-01,2023-04,Jira Work Management Cloud,71,0,0.000000
JIRA,jira,project,2023-01_to_2023-04,2023-01,2023-04,Johnzon,5,1,0.200000
JIRA,jira,project,2023-01_to_2023-04,2023-01,2023-04,KIE Cloud,16,0,0.000000
JIRA,jira,project,2023-01_to_2023-04,2023-01,2023-04,Kafka,392,43,0.109694
JIRA,jira,project,2023-01_to_2023-04,2023-01,2023-04,Kafka Connector,24,7,0.291667
JIRA,jira,project,2023-01_to_2023-04,2023-01,2023-04,Karaf,60,7,0.116667
JIRA,jira,project,2023-01_to_2023-04,2023-01,2023-04,Knative Serving,60,5,0.083333
JIRA,jira,project,2023-01_to_2023-04,2023-01,2023-04,Kogito,622,17,0.027331
JIRA,jira,project,2023-01_to_2023-04,2023-01,2023-04,Konflux UI,10,0,0.000000
JIRA,jira,project,2023-01_to_2023-04,2023-01,2023-04,Konveyor Tackle,8,0,0.000000
JIRA,jira,project,2023-01_to_2023-04,2023-01,2023-04,Kudu,44,18,0.409091
JIRA,jira,project,2023-01_to_2023-04,2023-01,2023-04,Kylin,154,4,0.025974
JIRA,jira,project,2023-01_to_2023-04,2023-01,2023-04,Legal Discuss,13,0,0.000000
JIRA,jira,project,2023-01_to_2023-04,2023-01,2023-04,Libmongocrypt,57,8,0.140351
JIRA,jira,project,2023-01_to_2023-04,2023-01,2023-04,Livy,7,1,0.142857
JIRA,jira,project,2023-01_to_2023-04,2023-01,2023-04,Log4cxx,1,1,1.000000
JIRA,jira,project,2023-01_to_2023-04,2023-01,2023-04,Log4j 2,15,2,0.133333
JIRA,jira,project,2023-01_to_2023-04,2023-01,2023-04,MINA,4,3,0.750000
JIRA,jira,project,2023-01_to_2023-04,2023-01,2023-04,MINA SSHD,5,1,0.200000
JIRA,jira,project,2023-01_to_2023-04,2023-01,2023-04,Machine Config Operator,154,2,0.012987
JIRA,jira,project,2023-01_to_2023-04,2023-01,2023-04,Mahout,19,1,0.052632
JIRA,jira,project,2023-01_to_2023-04,2023-01,2023-04,Maistra,1,1,1.000000
JIRA,jira,project,2023-01_to_2023-04,2023-01,2023-04,Managed Service ,677,30,0.044313
JIRA,jira,project,2023-01_to_2023-04,2023-01,2023-04,Managed Services ,109,1,0.009174
JIRA,jira,project,2023-01_to_2023-04,2023-01,2023-04,ManifoldCF,3,0,0.000000
JIRA,jira,project,2023-01_to_2023-04,2023-01,2023-04,MariaDB ColumnStore,105,12,0.114286
JIRA,jira,project,2023-01_to_2023-04,2023-01,2023-04,MariaDB Connector/C,18,9,0.500000
JIRA,jira,project,2023-01_to_2023-04,2023-01,2023-04,MariaDB Connector/C++,1,0,0.000000
JIRA,jira,project,2023-01_to_2023-04,2023-01,2023-04,MariaDB Connector/J,32,15,0.468750
JIRA,jira,project,2023-01_to_2023-04,2023-01,2023-04,MariaDB Connector/ODBC,13,5,0.384615
JIRA,jira,project,2023-01_to_2023-04,2023-01,2023-04,MariaDB Connector/Python,17,1,0.058824
JIRA,jira,project,2023-01_to_2023-04,2023-01,2023-04,MariaDB Connector/R2DBC,8,0,0.000000
JIRA,jira,project,2023-01_to_2023-04,2023-01,2023-04,MariaDB Connector/node.js,15,4,0.266667
JIRA,jira,project,2023-01_to_2023-04,2023-01,2023-04,MariaDB Foundation Development,36,1,0.027778
JIRA,jira,project,2023-01_to_2023-04,2023-01,2023-04,MariaDB MaxScale,135,26,0.192593
JIRA,jira,project,2023-01_to_2023-04,2023-01,2023-04,MariaDB Server,825,378,0.458182
JIRA,jira,project,2023-01_to_2023-04,2023-01,2023-04,Marketplace Growth and Experiences,1,0,0.000000
JIRA,jira,project,2023-01_to_2023-04,2023-01,2023-04,Maven (Moved to GitHub Issues),117,44,0.376068
JIRA,jira,project,2023-01_to_2023-04,2023-01,2023-04,Maven ACR Plugin (Moved to GitHub Issues),3,0,0.000000
JIRA,jira,project,2023-01_to_2023-04,2023-01,2023-04,Maven Antrun Plugin (Moved to GitHub Issues),1,0,0.000000
JIRA,jira,project,2023-01_to_2023-04,2023-01,2023-04,Maven Archetype (Moved to GitHub Issues),12,3,0.250000
JIRA,jira,project,2023-01_to_2023-04,2023-01,2023-04,Maven Archetype Bundles (Moved to GitHub Issues),1,0,0.000000
JIRA,jira,project,2023-01_to_2023-04,2023-01,2023-04,Maven Artifact Plugin (Moved to GitHub Issues),11,3,0.272727
JIRA,jira,project,2023-01_to_2023-04,2023-01,2023-04,Maven Assembly Plugin (Moved to GitHub Issues),15,3,0.200000
JIRA,jira,project,2023-01_to_2023-04,2023-01,2023-04,Maven Build Cache Extension (Moved to GitHub Issues),22,7,0.318182
JIRA,jira,project,2023-01_to_2023-04,2023-01,2023-04,Maven Changelog Plugin (Moved to GitHub Issues),1,0,0.000000
JIRA,jira,project,2023-01_to_2023-04,2023-01,2023-04,Maven Changes Plugin (Moved to GitHub Issues),1,0,0.000000
JIRA,jira,project,2023-01_to_2023-04,2023-01,2023-04,Maven Checkstyle Plugin (Moved to GitHub Issues),12,5,0.416667
JIRA,jira,project,2023-01_to_2023-04,2023-01,2023-04,Maven Clean Plugin (Moved to GitHub Issues),2,1,0.500000
JIRA,jira,project,2023-01_to_2023-04,2023-01,2023-04,Maven Compiler Plugin (Moved to GitHub Issues),18,5,0.277778
JIRA,jira,project,2023-01_to_2023-04,2023-01,2023-04,Maven DOAP Plugin (Moved to GitHub Issues),3,0,0.000000
JIRA,jira,project,2023-01_to_2023-04,2023-01,2023-04,Maven Dependency Plugin (Moved to GitHub Issues),19,1,0.052632
JIRA,jira,project,2023-01_to_2023-04,2023-01,2023-04,Maven Deploy Plugin (Moved to GitHub Issues),7,2,0.285714
JIRA,jira,project,2023-01_to_2023-04,2023-01,2023-04,Maven Documentation Checker Plugin  (RETIRED) (Retired),1,0,0.000000
JIRA,jira,project,2023-01_to_2023-04,2023-01,2023-04,Maven Doxia (Moved to GitHub Issues),19,2,0.105263
JIRA,jira,project,2023-01_to_2023-04,2023-01,2023-04,Maven Doxia Sitetools (Moved to GitHub Issues),27,1,0.037037
JIRA,jira,project,2023-01_to_2023-04,2023-01,2023-04,Maven Doxia Tools (Moved to GitHub Issues),6,1,0.166667
JIRA,jira,project,2023-01_to_2023-04,2023-01,2023-04,Maven EJB Plugin (Moved to GitHub Issues),2,0,0.000000
JIRA,jira,project,2023-01_to_2023-04,2023-01,2023-04,Maven Enforcer Plugin (Moved to GitHub Issues),27,11,0.407407
JIRA,jira,project,2023-01_to_2023-04,2023-01,2023-04,Maven GPG Plugin (Moved to GitHub Issues),4,1,0.250000
JIRA,jira,project,2023-01_to_2023-04,2023-01,2023-04,Maven Help Plugin (Moved to GitHub Issues),13,2,0.153846
JIRA,jira,project,2023-01_to_2023-04,2023-01,2023-04,Maven Indexer (Moved to GitHub Issues),4,0,0.000000
JIRA,jira,project,2023-01_to_2023-04,2023-01,2023-04,Maven Install Plugin (Moved to GitHub Issues),2,0,0.000000
JIRA,jira,project,2023-01_to_2023-04,2023-01,2023-04,Maven Invoker Plugin (Moved to GitHub Issues),17,4,0.235294
JIRA,jira,project,2023-01_to_2023-04,2023-01,2023-04,Maven JAR Plugin (Moved to GitHub Issues),1,0,0.000000
JIRA,jira,project,2023-01_to_2023-04,2023-01,2023-04,Maven JDeprScan Plugin (Moved to GitHub Issues),5,1,0.200000
JIRA,jira,project,2023-01_to_2023-04,2023-01,2023-04,Maven JDeps Plugin (Moved to GitHub Issues),2,1,0.500000
JIRA,jira,project,2023-01_to_2023-04,2023-01,2023-04,Maven JLink Plugin (Moved to GitHub Issues),3,0,0.000000
JIRA,jira,project,2023-01_to_2023-04,2023-01,2023-04,Maven JXR (Moved to GitHub Issues),1,0,0.000000
JIRA,jira,project,2023-01_to_2023-04,2023-01,2023-04,Maven Jar Signer Plugin (Moved to GitHub Issues),3,0,0.000000
JIRA,jira,project,2023-01_to_2023-04,2023-01,2023-04,Maven Javadoc Plugin (Moved to GitHub Issues),11,5,0.454545
JIRA,jira,project,2023-01_to_2023-04,2023-01,2023-04,Maven Linkcheck Plugin (Moved to GitHub Issues),1,0,0.000000
JIRA,jira,project,2023-01_to_2023-04,2023-01,2023-04,Maven PDF Plugin (RETIRED),3,0,0.000000
JIRA,jira,project,2023-01_to_2023-04,2023-01,2023-04,Maven PMD Plugin (Moved to GitHub Issues),9,3,0.333333
JIRA,jira,project,2023-01_to_2023-04,2023-01,2023-04,Maven POMs (Moved to GitHub issues),28,1,0.035714
JIRA,jira,project,2023-01_to_2023-04,2023-01,2023-04,Maven Patch Plugin (RETIRED),1,0,0.000000
JIRA,jira,project,2023-01_to_2023-04,2023-01,2023-04,Maven Plugin Testing  (Moved to GitHub Issues),4,0,0.000000
JIRA,jira,project,2023-01_to_2023-04,2023-01,2023-04,Maven Plugin Tools (Moved to GitHub Issues),18,5,0.277778
JIRA,jira,project,2023-01_to_2023-04,2023-01,2023-04,Maven Project Info Reports Plugin (Moved to GitHub Issues),6,1,0.166667
JIRA,jira,project,2023-01_to_2023-04,2023-01,2023-04,Maven Project Web Site (Moved to GitHub Issues),14,2,0.142857
JIRA,jira,project,2023-01_to_2023-04,2023-01,2023-04,Maven Release Plugin (Moved to GitHub Issues),9,1,0.111111
JIRA,jira,project,2023-01_to_2023-04,2023-01,2023-04,Maven Remote Resources Plugin (Moved to GitHub Issues),6,3,0.500000
JIRA,jira,project,2023-01_to_2023-04,2023-01,2023-04,Maven Resolver (Moved to GitHub Issues),51,9,0.176471
JIRA,jira,project,2023-01_to_2023-04,2023-01,2023-04,Maven Resources Plugin (Moved to GitHub Issues),5,1,0.200000
JIRA,jira,project,2023-01_to_2023-04,2023-01,2023-04,Maven SCM (Moved to GitHub Issues),5,2,0.400000
JIRA,jira,project,2023-01_to_2023-04,2023-01,2023-04,Maven SCM Publish Plugin (Moved to GitHub Issues),7,0,0.000000
JIRA,jira,project,2023-01_to_2023-04,2023-01,2023-04,Maven Scripting (Moved to GitHub Issues),3,1,0.333333
JIRA,jira,project,2023-01_to_2023-04,2023-01,2023-04,Maven Shade Plugin (Moved to GitHub Issues),8,1,0.125000
JIRA,jira,project,2023-01_to_2023-04,2023-01,2023-04,Maven Shared Components,74,7,0.094595
JIRA,jira,project,2023-01_to_2023-04,2023-01,2023-04,Maven Site Plugin (Moved to GitHub Issues),42,7,0.166667
JIRA,jira,project,2023-01_to_2023-04,2023-01,2023-04,Maven Skins (Moved to GitHub Issues),26,3,0.115385
JIRA,jira,project,2023-01_to_2023-04,2023-01,2023-04,Maven Stage Plugin (Moved to GitHub Issues),1,0,0.000000
JIRA,jira,project,2023-01_to_2023-04,2023-01,2023-04,Maven Surefire (Moved to GitHub Issues),20,8,0.400000
JIRA,jira,project,2023-01_to_2023-04,2023-01,2023-04,Maven Toolchains Plugin (Moved to GitHub Issues),2,0,0.000000
JIRA,jira,project,2023-01_to_2023-04,2023-01,2023-04,Maven Verifier Plugin (Moved to GitHub Issues),1,0,0.000000
JIRA,jira,project,2023-01_to_2023-04,2023-01,2023-04,Maven WAR Plugin (Moved to GitHub Issues),5,0,0.000000
JIRA,jira,project,2023-01_to_2023-04,2023-01,2023-04,Maven Wagon (Moved to GitHub Issues),1,0,0.000000
JIRA,jira,project,2023-01_to_2023-04,2023-01,2023-04,Maven Wrapper (Moved to GitHub Issues),24,8,0.333333
JIRA,jira,project,2023-01_to_2023-04,2023-01,2023-04,MicroShift,275,2,0.007273
JIRA,jira,project,2023-01_to_2023-04,2023-01,2023-04,Migration Platform,80,22,0.275000
JIRA,jira,project,2023-01_to_2023-04,2023-01,2023-04,Migration Toolkit for Applications,414,24,0.057971
JIRA,jira,project,2023-01_to_2023-04,2023-01,2023-04,Migration Toolkit for Virtualization,65,9,0.138462
JIRA,jira,project,2023-01_to_2023-04,2023-01,2023-04,Mnemonic (Retired),7,0,0.000000
JIRA,jira,project,2023-01_to_2023-04,2023-01,2023-04,ModeShape,1,0,0.000000
JIRA,jira,project,2023-01_to_2023-04,2023-01,2023-04,Modular Service Container,7,0,0.000000
JIRA,jira,project,2023-01_to_2023-04,2023-01,2023-04,MongoDB Database Tools,53,6,0.113208
JIRA,jira,project,2023-01_to_2023-04,2023-01,2023-04,MongoDB Shell,72,5,0.069444
JIRA,jira,project,2023-01_to_2023-04,2023-01,2023-04,Mongoid,69,6,0.086957
JIRA,jira,project,2023-01_to_2023-04,2023-01,2023-04,Motor,48,7,0.145833
JIRA,jira,project,2023-01_to_2023-04,2023-01,2023-04,Multiple Architecture Enablement,84,10,0.119048
JIRA,jira,project,2023-01_to_2023-04,2023-01,2023-04,MyFaces Core,63,21,0.333333
JIRA,jira,project,2023-01_to_2023-04,2023-01,2023-04,MyFaces Tobago,30,0,0.000000
JIRA,jira,project,2023-01_to_2023-04,2023-01,2023-04,NLPCraft (Retired),2,0,0.000000
JIRA,jira,project,2023-01_to_2023-04,2023-01,2023-04,Network Edge,96,0,0.000000
JIRA,jira,project,2023-01_to_2023-04,2023-01,2023-04,Network Hardware Enablement,169,2,0.011834
JIRA,jira,project,2023-01_to_2023-04,2023-01,2023-04,Network Observability,202,23,0.113861
JIRA,jira,project,2023-01_to_2023-04,2023-01,2023-04,Node.js Driver,314,30,0.095541
JIRA,jira,project,2023-01_to_2023-04,2023-01,2023-04,Nutch,11,1,0.090909
JIRA,jira,project,2023-01_to_2023-04,2023-01,2023-04,OCMUI ,73,4,0.054795
JIRA,jira,project,2023-01_to_2023-04,2023-01,2023-04,OCP Technical Release Team,236,42,0.177966
JIRA,jira,project,2023-01_to_2023-04,2023-01,2023-04,OFBiz,83,14,0.168675
JIRA,jira,project,2023-01_to_2023-04,2023-01,2023-04,OPCT ,36,12,0.333333
JIRA,jira,project,2023-01_to_2023-04,2023-01,2023-04,ORC,77,5,0.064935
JIRA,jira,project,2023-01_to_2023-04,2023-01,2023-04,Observability Documentation,51,0,0.000000
JIRA,jira,project,2023-01_to_2023-04,2023-01,2023-04,Observability UI,5,0,0.000000
JIRA,jira,project,2023-01_to_2023-04,2023-01,2023-04,Observability and Data Analysis Program,64,0,0.000000
JIRA,jira,project,2023-01_to_2023-04,2023-01,2023-04,Olingo,6,0,0.000000
JIRA,jira,project,2023-01_to_2023-04,2023-01,2023-04,On Prem Networking,89,5,0.056180
JIRA,jira,project,2023-01_to_2023-04,2023-01,2023-04,Oozie (Retired),5,2,0.400000
JIRA,jira,project,2023-01_to_2023-04,2023-01,2023-04,OpenJDK,85,1,0.011765
JIRA,jira,project,2023-01_to_2023-04,2023-01,2023-04,OpenJPA,6,3,0.500000
JIRA,jira,project,2023-01_to_2023-04,2023-01,2023-04,OpenNLP,61,9,0.147541
JIRA,jira,project,2023-01_to_2023-04,2023-01,2023-04,OpenShift API Server,59,2,0.033898
JIRA,jira,project,2023-01_to_2023-04,2023-01,2023-04,OpenShift API for Data Protection,486,85,0.174897
JIRA,jira,project,2023-01_to_2023-04,2023-01,2023-04,OpenShift App Analytics,2,0,0.000000
JIRA,jira,project,2023-01_to_2023-04,2023-01,2023-04,OpenShift Application Platform Engineering,1,0,0.000000
JIRA,jira,project,2023-01_to_2023-04,2023-01,2023-04,OpenShift Authentication,30,0,0.000000
JIRA,jira,project,2023-01_to_2023-04,2023-01,2023-04,OpenShift Autoscaling,1,0,0.000000
JIRA,jira,project,2023-01_to_2023-04,2023-01,2023-04,OpenShift Bugs,3981,1396,0.350666
JIRA,jira,project,2023-01_to_2023-04,2023-01,2023-04,OpenShift BuildConfig,23,0,0.000000
JIRA,jira,project,2023-01_to_2023-04,2023-01,2023-04,OpenShift Builds,19,0,0.000000
JIRA,jira,project,2023-01_to_2023-04,2023-01,2023-04,OpenShift CFE,80,2,0.025000
JIRA,jira,project,2023-01_to_2023-04,2023-01,2023-04,OpenShift Cloud,185,16,0.086486
JIRA,jira,project,2023-01_to_2023-04,2023-01,2023-04,OpenShift Cloud Credential Operator,32,2,0.062500
JIRA,jira,project,2023-01_to_2023-04,2023-01,2023-04,OpenShift Console,178,4,0.022472
JIRA,jira,project,2023-01_to_2023-04,2023-01,2023-04,OpenShift Container Platform (OCP) Strategy,272,2,0.007353
JIRA,jira,project,2023-01_to_2023-04,2023-01,2023-04,OpenShift Core Networking,239,4,0.016736
JIRA,jira,project,2023-01_to_2023-04,2023-01,2023-04,OpenShift Edge,25,2,0.080000
JIRA,jira,project,2023-01_to_2023-04,2023-01,2023-04,OpenShift Etcd,38,0,0.000000
JIRA,jira,project,2023-01_to_2023-04,2023-01,2023-04,OpenShift GitOps,242,42,0.173554
JIRA,jira,project,2023-01_to_2023-04,2023-01,2023-04,OpenShift Hive,127,10,0.078740
JIRA,jira,project,2023-01_to_2023-04,2023-01,2023-04,OpenShift Hosted Control Plane,199,14,0.070352
JIRA,jira,project,2023-01_to_2023-04,2023-01,2023-04,OpenShift Image Registry,43,3,0.069767
JIRA,jira,project,2023-01_to_2023-04,2023-01,2023-04,OpenShift Installer,161,11,0.068323
JIRA,jira,project,2023-01_to_2023-04,2023-01,2023-04,OpenShift Jenkins,26,3,0.115385
JIRA,jira,project,2023-01_to_2023-04,2023-01,2023-04,OpenShift Logging,435,74,0.170115
JIRA,jira,project,2023-01_to_2023-04,2023-01,2023-04,OpenShift Migration Toolkit for Containers,40,2,0.050000
JIRA,jira,project,2023-01_to_2023-04,2023-01,2023-04,OpenShift Monitoring,232,4,0.017241
JIRA,jira,project,2023-01_to_2023-04,2023-01,2023-04,OpenShift Node,240,4,0.016667
JIRA,jira,project,2023-01_to_2023-04,2023-01,2023-04,OpenShift Over the Air,98,13,0.132653
JIRA,jira,project,2023-01_to_2023-04,2023-01,2023-04,OpenShift Pipelines,297,39,0.131313
JIRA,jira,project,2023-01_to_2023-04,2023-01,2023-04,OpenShift Pod Autoscaling,7,3,0.428571
JIRA,jira,project,2023-01_to_2023-04,2023-01,2023-04,OpenShift Request For Enhancement,328,7,0.021341
JIRA,jira,project,2023-01_to_2023-04,2023-01,2023-04,OpenShift Service Mesh,518,46,0.088803
JIRA,jira,project,2023-01_to_2023-04,2023-01,2023-04,OpenShift Specialist Platform Team,116,8,0.068966
JIRA,jira,project,2023-01_to_2023-04,2023-01,2023-04,OpenShift Storage,164,12,0.073171
JIRA,jira,project,2023-01_to_2023-04,2023-01,2023-04,OpenShift Top Level Product Strategy,5,0,0.000000
JIRA,jira,project,2023-01_to_2023-04,2023-01,2023-04,OpenShift UX Product Design,77,0,0.000000
JIRA,jira,project,2023-01_to_2023-04,2023-01,2023-04,OpenShift Virtualization,1568,69,0.044005
JIRA,jira,project,2023-01_to_2023-04,2023-01,2023-04,OpenShift Windows Containers,82,6,0.073171
JIRA,jira,project,2023-01_to_2023-04,2023-01,2023-04,OpenShift Workloads,81,3,0.037037
JIRA,jira,project,2023-01_to_2023-04,2023-01,2023-04,OpenStack Strategy,1,0,0.000000
JIRA,jira,project,2023-01_to_2023-04,2023-01,2023-04,OpenStack as Infra,81,1,0.012346
JIRA,jira,project,2023-01_to_2023-04,2023-01,2023-04,OpenWebBeans,12,1,0.083333
JIRA,jira,project,2023-01_to_2023-04,2023-01,2023-04,Openmeetings,13,0,0.000000
JIRA,jira,project,2023-01_to_2023-04,2023-01,2023-04,Openshift sandboxed containers,24,9,0.375000
JIRA,jira,project,2023-01_to_2023-04,2023-01,2023-04,Operator Ecosystem,130,4,0.030769
JIRA,jira,project,2023-01_to_2023-04,2023-01,2023-04,Operator Runtime,43,1,0.023256
JIRA,jira,project,2023-01_to_2023-04,2023-01,2023-04,Opsgenie,268,6,0.022388
JIRA,jira,project,2023-01_to_2023-04,2023-01,2023-04,OptaPlanner,41,0,0.000000
JIRA,jira,project,2023-01_to_2023-04,2023-01,2023-04,Origin Community Distribution of Kubernetes,47,1,0.021277
JIRA,jira,project,2023-01_to_2023-04,2023-01,2023-04,PDFBox,37,9,0.243243
JIRA,jira,project,2023-01_to_2023-04,2023-01,2023-04,PHP Driver: Extension,37,5,0.135135
JIRA,jira,project,2023-01_to_2023-04,2023-01,2023-04,PHP Driver: Library,50,2,0.040000
JIRA,jira,project,2023-01_to_2023-04,2023-01,2023-04,PHP ORMs,7,0,0.000000
JIRA,jira,project,2023-01_to_2023-04,2023-01,2023-04,Parquet,74,13,0.175676
JIRA,jira,project,2023-01_to_2023-04,2023-01,2023-04,Performance and Scale for AI Platforms,48,1,0.020833
JIRA,jira,project,2023-01_to_2023-04,2023-01,2023-04,Phoenix,93,19,0.204301
JIRA,jira,project,2023-01_to_2023-04,2023-01,2023-04,Phoenix Omid,5,2,0.400000
JIRA,jira,project,2023-01_to_2023-04,2023-01,2023-04,Pig,6,3,0.500000
JIRA,jira,project,2023-01_to_2023-04,2023-01,2023-04,Platform POM,1,0,0.000000
JIRA,jira,project,2023-01_to_2023-04,2023-01,2023-04,Podling Suitable Names Search,3,0,0.000000
JIRA,jira,project,2023-01_to_2023-04,2023-01,2023-04,Product Technical Learning,531,28,0.052731
JIRA,jira,project,2023-01_to_2023-04,2023-01,2023-04,Proforma Server & Data Centre,16,0,0.000000
JIRA,jira,project,2023-01_to_2023-04,2023-01,2023-04,Project Quay,197,40,0.203046
JIRA,jira,project,2023-01_to_2023-04,2023-01,2023-04,Pulsar (Retired),2,0,0.000000
JIRA,jira,project,2023-01_to_2023-04,2023-01,2023-04,Python Driver,128,33,0.257812
JIRA,jira,project,2023-01_to_2023-04,2023-01,2023-04,Python Integrations,34,10,0.294118
JIRA,jira,project,2023-01_to_2023-04,2023-01,2023-04,"Qbs (""Cubes"")",18,5,0.277778
JIRA,jira,project,2023-01_to_2023-04,2023-01,2023-04,Qpid,25,7,0.280000
JIRA,jira,project,2023-01_to_2023-04,2023-01,2023-04,Qpid Dispatch,5,1,0.200000
JIRA,jira,project,2023-01_to_2023-04,2023-01,2023-04,Qpid JMS,6,1,0.166667
JIRA,jira,project,2023-01_to_2023-04,2023-01,2023-04,Qpid Proton,55,12,0.218182
JIRA,jira,project,2023-01_to_2023-04,2023-01,2023-04,Qt,3345,676,0.202093
JIRA,jira,project,2023-01_to_2023-04,2023-01,2023-04,Qt 3D Studio,2,0,0.000000
JIRA,jira,project,2023-01_to_2023-04,2023-01,2023-04,Qt Creator,436,69,0.158257
JIRA,jira,project,2023-01_to_2023-04,2023-01,2023-04,Qt Design Studio,985,39,0.039594
JIRA,jira,project,2023-01_to_2023-04,2023-01,2023-04,Qt Installer Framework,111,6,0.054054
JIRA,jira,project,2023-01_to_2023-04,2023-01,2023-04,Qt Project Website,14,0,0.000000
JIRA,jira,project,2023-01_to_2023-04,2023-01,2023-04,Qt Quality Assurance Infrastructure,176,9,0.051136
JIRA,jira,project,2023-01_to_2023-04,2023-01,2023-04,Qt Visual Studio Tools,20,3,0.150000
JIRA,jira,project,2023-01_to_2023-04,2023-01,2023-04,Qt WebBrowser,1,0,0.000000
JIRA,jira,project,2023-01_to_2023-04,2023-01,2023-04,Qt for Python,136,52,0.382353
JIRA,jira,project,2023-01_to_2023-04,2023-01,2023-04,Quarkus,126,8,0.063492
JIRA,jira,project,2023-01_to_2023-04,2023-01,2023-04,Quarkus Documentation,217,0,0.000000
JIRA,jira,project,2023-01_to_2023-04,2023-01,2023-04,RDO Project,39,1,0.025641
JIRA,jira,project,2023-01_to_2023-04,2023-01,2023-04,RESTEasy,50,9,0.180000
JIRA,jira,project,2023-01_to_2023-04,2023-01,2023-04,RH,36,8,0.222222
JIRA,jira,project,2023-01_to_2023-04,2023-01,2023-04,RHEL,57,14,0.245614
JIRA,jira,project,2023-01_to_2023-04,2023-01,2023-04,RHEL Conversions,93,25,0.268817
JIRA,jira,project,2023-01_to_2023-04,2023-01,2023-04,RHEL Testing,2,2,1.000000
JIRA,jira,project,2023-01_to_2023-04,2023-01,2023-04,Ranger,189,20,0.105820
JIRA,jira,project,2023-01_to_2023-04,2023-01,2023-04,Ratis,76,21,0.276316
JIRA,jira,project,2023-01_to_2023-04,2023-01,2023-04,Reactive JVM Platform,9,0,0.000000
JIRA,jira,project,2023-01_to_2023-04,2023-01,2023-04,Red Hat 3scale API Management,243,16,0.065844
JIRA,jira,project,2023-01_to_2023-04,2023-01,2023-04,Red Hat Advanced Cluster Management,1772,154,0.086907
JIRA,jira,project,2023-01_to_2023-04,2023-01,2023-04,Red Hat Advanced Cluster Security,1,0,0.000000
JIRA,jira,project,2023-01_to_2023-04,2023-01,2023-04,Red Hat Build of Apache Camel for Quarkus,23,0,0.000000
JIRA,jira,project,2023-01_to_2023-04,2023-01,2023-04,Red Hat Data Grid,97,7,0.072165
JIRA,jira,project,2023-01_to_2023-04,2023-01,2023-04,Red Hat Decision Manager,10,6,0.600000
JIRA,jira,project,2023-01_to_2023-04,2023-01,2023-04,Red Hat Directory Server,4,3,0.750000
JIRA,jira,project,2023-01_to_2023-04,2023-01,2023-04,Red Hat Fuse,464,22,0.047414
JIRA,jira,project,2023-01_to_2023-04,2023-01,2023-04,Red Hat Insights Engineering,10,0,0.000000
JIRA,jira,project,2023-01_to_2023-04,2023-01,2023-04,Red Hat Insights Strategy,1,0,0.000000
JIRA,jira,project,2023-01_to_2023-04,2023-01,2023-04,Red Hat OpenBridge,68,2,0.029412
JIRA,jira,project,2023-01_to_2023-04,2023-01,2023-04,Red Hat OpenShift Data Science,1101,13,0.011807
JIRA,jira,project,2023-01_to_2023-04,2023-01,2023-04,Red Hat OpenShift Dev Spaces (formerly CodeReady Workspaces),204,53,0.259804
JIRA,jira,project,2023-01_to_2023-04,2023-01,2023-04,Red Hat OpenStack Services on OpenShift,354,28,0.079096
JIRA,jira,project,2023-01_to_2023-04,2023-01,2023-04,Red Hat Process Automation Manager,22,5,0.227273
JIRA,jira,project,2023-01_to_2023-04,2023-01,2023-04,Red Hat Service Interconnect (Skupper),26,0,0.000000
JIRA,jira,project,2023-01_to_2023-04,2023-01,2023-04,Red Hat Workload Availability,13,0,0.000000
JIRA,jira,project,2023-01_to_2023-04,2023-01,2023-04,Red Hat build of Apache Camel for Spring Boot,138,0,0.000000
JIRA,jira,project,2023-01_to_2023-04,2023-01,2023-04,Red Hat build of OptaPlanner,13,1,0.076923
JIRA,jira,project,2023-01_to_2023-04,2023-01,2023-04,Ruby Driver,44,3,0.068182
JIRA,jira,project,2023-01_to_2023-04,2023-01,2023-04,Rust Driver,81,2,0.024691
JIRA,jira,project,2023-01_to_2023-04,2023-01,2023-04,SAML for Atlassian Data Center,2,0,0.000000
JIRA,jira,project,2023-01_to_2023-04,2023-01,2023-04,Sakai,568,78,0.137324
JIRA,jira,project,2023-01_to_2023-04,2023-01,2023-04,Samza,7,0,0.000000
JIRA,jira,project,2023-01_to_2023-04,2023-01,2023-04,Santuario,3,1,0.333333
JIRA,jira,project,2023-01_to_2023-04,2023-01,2023-04,Satellite,865,132,0.152601
JIRA,jira,project,2023-01_to_2023-04,2023-01,2023-04,Security Data,5,0,0.000000
JIRA,jira,project,2023-01_to_2023-04,2023-01,2023-04,Server Deployments and Scale,6,0,0.000000
JIRA,jira,project,2023-01_to_2023-04,2023-01,2023-04,Server Platform Frontend,2,0,0.000000
JIRA,jira,project,2023-01_to_2023-04,2023-01,2023-04,Serverless logic,73,0,0.000000
JIRA,jira,project,2023-01_to_2023-04,2023-01,2023-04,ServiceMix,95,3,0.031579
JIRA,jira,project,2023-01_to_2023-04,2023-01,2023-04,Shared Access Layer,2,0,0.000000
JIRA,jira,project,2023-01_to_2023-04,2023-01,2023-04,Shiro,4,0,0.000000
JIRA,jira,project,2023-01_to_2023-04,2023-01,2023-04,Singa,13,0,0.000000
JIRA,jira,project,2023-01_to_2023-04,2023-01,2023-04,Sling,108,10,0.092593
JIRA,jira,project,2023-01_to_2023-04,2023-01,2023-04,Solr,177,51,0.288136
JIRA,jira,project,2023-01_to_2023-04,2023-01,2023-04,Sourcetree For Mac,38,4,0.105263
JIRA,jira,project,2023-01_to_2023-04,2023-01,2023-04,Sourcetree for Windows,39,12,0.307692
JIRA,jira,project,2023-01_to_2023-04,2023-01,2023-04,Spark,1520,222,0.146053
JIRA,jira,project,2023-01_to_2023-04,2023-01,2023-04,Spark Connector,16,5,0.312500
JIRA,jira,project,2023-01_to_2023-04,2023-01,2023-04,Spatial Information Systems,13,0,0.000000
JIRA,jira,project,2023-01_to_2023-04,2023-01,2023-04,Spring Boot & Cloud,3,0,0.000000
JIRA,jira,project,2023-01_to_2023-04,2023-01,2023-04,StAXMapper,1,0,0.000000
JIRA,jira,project,2023-01_to_2023-04,2023-01,2023-04,Statuspage,7,0,0.000000
JIRA,jira,project,2023-01_to_2023-04,2023-01,2023-04,Steve,3,0,0.000000
JIRA,jira,project,2023-01_to_2023-04,2023-01,2023-04,Struts 2,33,4,0.121212
JIRA,jira,project,2023-01_to_2023-04,2023-01,2023-04,Subscription Watch,143,8,0.055944
JIRA,jira,project,2023-01_to_2023-04,2023-01,2023-04,Subversion,4,2,0.500000
JIRA,jira,project,2023-01_to_2023-04,2023-01,2023-04,Syncope,36,3,0.083333
JIRA,jira,project,2023-01_to_2023-04,2023-01,2023-04,SystemDS,78,3,0.038462
JIRA,jira,project,2023-01_to_2023-04,2023-01,2023-04,TEST Defect Tracking Project,12,0,0.000000
JIRA,jira,project,2023-01_to_2023-04,2023-01,2023-04,TOREE,2,0,0.000000
JIRA,jira,project,2023-01_to_2023-04,2023-01,2023-04,Tapestry 5,7,3,0.428571
JIRA,jira,project,2023-01_to_2023-04,2023-01,2023-04,Teiid,1,0,0.000000
JIRA,jira,project,2023-01_to_2023-04,2023-01,2023-04,Thrift,29,6,0.206897
JIRA,jira,project,2023-01_to_2023-04,2023-01,2023-04,Tika,75,6,0.080000
JIRA,jira,project,2023-01_to_2023-04,2023-01,2023-04,TinkerPop,90,18,0.200000
JIRA,jira,project,2023-01_to_2023-04,2023-01,2023-04,TomEE,69,1,0.014493
JIRA,jira,project,2023-01_to_2023-04,2023-01,2023-04,Tools (JBoss Tools),132,12,0.090909
JIRA,jira,project,2023-01_to_2023-04,2023-01,2023-04,Torque,6,3,0.500000
JIRA,jira,project,2023-01_to_2023-04,2023-01,2023-04,UIMA,2,0,0.000000
JIRA,jira,project,2023-01_to_2023-04,2023-01,2023-04,Undertow,42,11,0.261905
JIRA,jira,project,2023-01_to_2023-04,2023-01,2023-04,Universal Plugin Manager,2,0,0.000000
JIRA,jira,project,2023-01_to_2023-04,2023-01,2023-04,VS Code Extension,53,4,0.075472
JIRA,jira,project,2023-01_to_2023-04,2023-01,2023-04,Velocity,5,3,0.600000
JIRA,jira,project,2023-01_to_2023-04,2023-01,2023-04,Velocity Tools,2,1,0.500000
JIRA,jira,project,2023-01_to_2023-04,2023-01,2023-04,Virtualization Strategy,49,0,0.000000
JIRA,jira,project,2023-01_to_2023-04,2023-01,2023-04,Visual Design,42,0,0.000000
JIRA,jira,project,2023-01_to_2023-04,2023-01,2023-04,Visual Studio,8,0,0.000000
JIRA,jira,project,2023-01_to_2023-04,2023-01,2023-04,WINDUP ,217,10,0.046083
JIRA,jira,project,2023-01_to_2023-04,2023-01,2023-04,WINDUPRULE ,39,1,0.025641
JIRA,jira,project,2023-01_to_2023-04,2023-01,2023-04,Web Terminal for OpenShift,5,1,0.200000
JIRA,jira,project,2023-01_to_2023-04,2023-01,2023-04,Weld,4,1,0.250000
JIRA,jira,project,2023-01_to_2023-04,2023-01,2023-04,Whimsy,6,1,0.166667
JIRA,jira,project,2023-01_to_2023-04,2023-01,2023-04,Who's Looking for OnDemand,4,1,0.250000
JIRA,jira,project,2023-01_to_2023-04,2023-01,2023-04,Wicket,29,3,0.103448
JIRA,jira,project,2023-01_to_2023-04,2023-01,2023-04,WildFly,480,64,0.133333
JIRA,jira,project,2023-01_to_2023-04,2023-01,2023-04,WildFly Arquillian,2,0,0.000000
JIRA,jira,project,2023-01_to_2023-04,2023-01,2023-04,WildFly Core,142,6,0.042254
JIRA,jira,project,2023-01_to_2023-04,2023-01,2023-04,WildFly EJB HTTP Client,5,0,0.000000
JIRA,jira,project,2023-01_to_2023-04,2023-01,2023-04,WildFly Elytron,46,3,0.065217
JIRA,jira,project,2023-01_to_2023-04,2023-01,2023-04,WildFly Elytron EE,2,0,0.000000
JIRA,jira,project,2023-01_to_2023-04,2023-01,2023-04,WildFly Maven Plugin,27,2,0.074074
JIRA,jira,project,2023-01_to_2023-04,2023-01,2023-04,WildFly Naming Client,1,0,0.000000
JIRA,jira,project,2023-01_to_2023-04,2023-01,2023-04,WildFly OpenSSL,4,0,0.000000
JIRA,jira,project,2023-01_to_2023-04,2023-01,2023-04,WildFly OpenSSL Natives,3,0,0.000000
JIRA,jira,project,2023-01_to_2023-04,2023-01,2023-04,WildFly Transaction Client,3,0,0.000000
JIRA,jira,project,2023-01_to_2023-04,2023-01,2023-04,WildFly WIP,40,13,0.325000
JIRA,jira,project,2023-01_to_2023-04,2023-01,2023-04,WiredTiger,557,203,0.364452
JIRA,jira,project,2023-01_to_2023-04,2023-01,2023-04,XBean,2,0,0.000000
JIRA,jira,project,2023-01_to_2023-04,2023-01,2023-04,XMLBeans,6,1,0.166667
JIRA,jira,project,2023-01_to_2023-04,2023-01,2023-04,XMLGraphicsCommons,2,1,0.500000
JIRA,jira,project,2023-01_to_2023-04,2023-01,2023-04,XNIO,1,0,0.000000
JIRA,jira,project,2023-01_to_2023-04,2023-01,2023-04,Xerces2,3,2,0.666667
JIRA,jira,project,2023-01_to_2023-04,2023-01,2023-04,XmlSchema,1,0,0.000000
JIRA,jira,project,2023-01_to_2023-04,2023-01,2023-04,Yetus,3,1,0.333333
JIRA,jira,project,2023-01_to_2023-04,2023-01,2023-04,Zeppelin,33,11,0.333333
JIRA,jira,project,2023-01_to_2023-04,2023-01,2023-04,ZooKeeper,36,4,0.111111
JIRA,jira,project,2023-01_to_2023-04,2023-01,2023-04,apiman (API Management),1,0,0.000000
JIRA,jira,project,2023-01_to_2023-04,2023-01,2023-04,atlassian,1,0,0.000000
JIRA,jira,project,2023-01_to_2023-04,2023-01,2023-04,cTAKES,1,0,0.000000
JIRA,jira,project,2023-01_to_2023-04,2023-01,2023-04,jBPM,14,0,0.000000
JIRA,jira,project,2023-01_to_2023-04,2023-01,2023-04,jboss.org,2,2,1.000000
JIRA,jira,project,2023-01_to_2023-04,2023-01,2023-04,jclouds (Retired) (Retired),3,1,0.333333
JIRA,jira,project,2023-01_to_2023-04,2023-01,2023-04,mod_cluster,7,1,0.142857
JIRA,jira,project,2023-01_to_2023-04,2023-01,2023-04,repository.jboss.org/nexus,22,0,0.000000
JIRA,jira,project,2023-01_to_2023-04,2023-01,2023-04,www.apache.org website,1,0,0.000000
JIRA,jira,project,2023-05_to_2023-08,2023-05,2023-08,A,1,0,0.000000
JIRA,jira,project,2023-05_to_2023-08,2023-05,2023-08,AMQ Broker,224,23,0.102679
JIRA,jira,project,2023-05_to_2023-08,2023-05,2023-08,AMQ Clients,2,1,0.500000
JIRA,jira,project,2023-05_to_2023-08,2023-05,2023-08,AMQ Documentation,16,0,0.000000
JIRA,jira,project,2023-05_to_2023-08,2023-05,2023-08,AMQ Interconnect,6,3,0.500000
JIRA,jira,project,2023-05_to_2023-08,2023-05,2023-08,AMQ Streams,214,8,0.037383
JIRA,jira,project,2023-05_to_2023-08,2023-05,2023-08,ActiveMQ (Read,51,6,0.117647
JIRA,jira,project,2023-05_to_2023-08,2023-05,2023-08,ActiveMQ .Net,2,0,0.000000
JIRA,jira,project,2023-05_to_2023-08,2023-05,2023-08,ActiveMQ OpenWire,1,0,0.000000
JIRA,jira,project,2023-05_to_2023-08,2023-05,2023-08,ActiveObjects,4,2,0.500000
JIRA,jira,project,2023-05_to_2023-08,2023-05,2023-08,Activity Streams,1,0,0.000000
JIRA,jira,project,2023-05_to_2023-08,2023-05,2023-08,Admin Experience,76,4,0.052632
JIRA,jira,project,2023-05_to_2023-08,2023-05,2023-08,Agent,87,3,0.034483
JIRA,jira,project,2023-05_to_2023-08,2023-05,2023-08,Agroal,13,2,0.153846
JIRA,jira,project,2023-05_to_2023-08,2023-05,2023-08,Airavata,5,1,0.200000
JIRA,jira,project,2023-05_to_2023-08,2023-05,2023-08,Ambari,68,13,0.191176
JIRA,jira,project,2023-05_to_2023-08,2023-05,2023-08,Analytics,49,2,0.040816
JIRA,jira,project,2023-05_to_2023-08,2023-05,2023-08,Ansible Automation Platform RFEs,157,1,0.006369
JIRA,jira,project,2023-05_to_2023-08,2023-05,2023-08,Apache Any23 (Retired),3,0,0.000000
JIRA,jira,project,2023-05_to_2023-08,2023-05,2023-08,Apache AsterixDB,87,7,0.080460
JIRA,jira,project,2023-05_to_2023-08,2023-05,2023-08,Apache Avro,98,15,0.153061
JIRA,jira,project,2023-05_to_2023-08,2023-05,2023-08,Apache Cassandra,325,99,0.304615
JIRA,jira,project,2023-05_to_2023-08,2023-05,2023-08,Apache Cassandra Java driver,2,0,0.000000
JIRA,jira,project,2023-05_to_2023-08,2023-05,2023-08,Apache Celeborn,373,8,0.021448
JIRA,jira,project,2023-05_to_2023-08,2023-05,2023-08,Apache Commons All,1,1,1.000000
JIRA,jira,project,2023-05_to_2023-08,2023-05,2023-08,Apache Curator,18,4,0.222222
JIRA,jira,project,2023-05_to_2023-08,2023-05,2023-08,Apache Drill,28,6,0.214286
JIRA,jira,project,2023-05_to_2023-08,2023-05,2023-08,Apache Fineract,45,2,0.044444
JIRA,jira,project,2023-05_to_2023-08,2023-05,2023-08,Apache Flex,1,0,0.000000
JIRA,jira,project,2023-05_to_2023-08,2023-05,2023-08,Apache Freemarker,5,2,0.400000
JIRA,jira,project,2023-05_to_2023-08,2023-05,2023-08,Apache Gobblin,66,0,0.000000
JIRA,jira,project,2023-05_to_2023-08,2023-05,2023-08,Apache Gora (Retired),1,0,0.000000
JIRA,jira,project,2023-05_to_2023-08,2023-05,2023-08,Apache Hudi,653,25,0.038285
JIRA,jira,project,2023-05_to_2023-08,2023-05,2023-08,Apache IoTDB,295,7,0.023729
JIRA,jira,project,2023-05_to_2023-08,2023-05,2023-08,Apache Jena,2,1,0.500000
JIRA,jira,project,2023-05_to_2023-08,2023-05,2023-08,Apache Knox,47,2,0.042553
JIRA,jira,project,2023-05_to_2023-08,2023-05,2023-08,Apache Liminal (Retired),2,0,0.000000
JIRA,jira,project,2023-05_to_2023-08,2023-05,2023-08,Apache MADlib,1,1,1.000000
JIRA,jira,project,2023-05_to_2023-08,2023-05,2023-08,Apache Maven Resource Bundles (Moved to GitHub Issues),2,0,0.000000
JIRA,jira,project,2023-05_to_2023-08,2023-05,2023-08,Apache NetBeans Infra,1,0,0.000000
JIRA,jira,project,2023-05_to_2023-08,2023-05,2023-08,Apache NiFi,514,49,0.095331
JIRA,jira,project,2023-05_to_2023-08,2023-05,2023-08,Apache NiFi MiNiFi ,1,0,0.000000
JIRA,jira,project,2023-05_to_2023-08,2023-05,2023-08,Apache NiFi MiNiFi C++,98,6,0.061224
JIRA,jira,project,2023-05_to_2023-08,2023-05,2023-08,Apache Ozone,713,110,0.154278
JIRA,jira,project,2023-05_to_2023-08,2023-05,2023-08,Apache RAT,5,2,0.400000
JIRA,jira,project,2023-05_to_2023-08,2023-05,2023-08,Apache Science Data Analytics Platform,27,0,0.000000
JIRA,jira,project,2023-05_to_2023-08,2023-05,2023-08,Apache Sedona,102,2,0.019608
JIRA,jira,project,2023-05_to_2023-08,2023-05,2023-08,Apache ServiceComb,19,0,0.000000
JIRA,jira,project,2023-05_to_2023-08,2023-05,2023-08,Apache Storm,56,14,0.250000
JIRA,jira,project,2023-05_to_2023-08,2023-05,2023-08,Apache Submarine,24,0,0.000000
JIRA,jira,project,2023-05_to_2023-08,2023-05,2023-08,Apache Tez,20,6,0.300000
JIRA,jira,project,2023-05_to_2023-08,2023-05,2023-08,Apache Unomi,26,6,0.230769
JIRA,jira,project,2023-05_to_2023-08,2023-05,2023-08,Apache YuniKorn,235,24,0.102128
JIRA,jira,project,2023-05_to_2023-08,2023-05,2023-08,Application Links,3,0,0.000000
JIRA,jira,project,2023-05_to_2023-08,2023-05,2023-08,Aries,3,1,0.333333
JIRA,jira,project,2023-05_to_2023-08,2023-05,2023-08,Arquillian,5,0,0.000000
JIRA,jira,project,2023-05_to_2023-08,2023-05,2023-08,Artemis,144,16,0.111111
JIRA,jira,project,2023-05_to_2023-08,2023-05,2023-08,Atlas,51,7,0.137255
JIRA,jira,project,2023-05_to_2023-08,2023-05,2023-08,Atlas SQL,6,0,0.000000
JIRA,jira,project,2023-05_to_2023-08,2023-05,2023-08,Atlassian Cache,3,0,0.000000
JIRA,jira,project,2023-05_to_2023-08,2023-05,2023-08,Atlassian Cloud,44,1,0.022727
JIRA,jira,project,2023-05_to_2023-08,2023-05,2023-08,Atlassian Connect,2,0,0.000000
JIRA,jira,project,2023-05_to_2023-08,2023-05,2023-08,Atlassian Connect Express (Node.js),1,0,0.000000
JIRA,jira,project,2023-05_to_2023-08,2023-05,2023-08,Atlassian Connect JavaScript API,1,0,0.000000
JIRA,jira,project,2023-05_to_2023-08,2023-05,2023-08,Atlassian Connect Spring Boot,2,0,0.000000
JIRA,jira,project,2023-05_to_2023-08,2023-05,2023-08,Atlassian Connect in Jira Cloud,18,0,0.000000
JIRA,jira,project,2023-05_to_2023-08,2023-05,2023-08,Atlassian Ecosystem,18,1,0.055556
JIRA,jira,project,2023-05_to_2023-08,2023-05,2023-08,Atlassian Guard,62,4,0.064516
JIRA,jira,project,2023-05_to_2023-08,2023-05,2023-08,Atlassian Intelligence,13,1,0.076923
JIRA,jira,project,2023-05_to_2023-08,2023-05,2023-08,Atlassian Internationalization,68,1,0.014706
JIRA,jira,project,2023-05_to_2023-08,2023-05,2023-08,Atlassian Marketplace,17,0,0.000000
JIRA,jira,project,2023-05_to_2023-08,2023-05,2023-08,Atlassian Maven Plugin Suite,11,0,0.000000
JIRA,jira,project,2023-05_to_2023-08,2023-05,2023-08,Atlassian OAuth 2.0,1,0,0.000000
JIRA,jira,project,2023-05_to_2023-08,2023-05,2023-08,Atlassian Plugins,2,0,0.000000
JIRA,jira,project,2023-05_to_2023-08,2023-05,2023-08,Atlassian Plugins Webresources,8,0,0.000000
JIRA,jira,project,2023-05_to_2023-08,2023-05,2023-08,Atlassian Pretty URLs,1,0,0.000000
JIRA,jira,project,2023-05_to_2023-08,2023-05,2023-08,Atlassian Product Integrations,27,3,0.111111
JIRA,jira,project,2023-05_to_2023-08,2023-05,2023-08,Atlassian REST,5,0,0.000000
JIRA,jira,project,2023-05_to_2023-08,2023-05,2023-08,Atlassian Troubleshooting & Support Tools Plugin,6,0,0.000000
JIRA,jira,project,2023-05_to_2023-08,2023-05,2023-08,Atlassian User Interface,6,0,0.000000
JIRA,jira,project,2023-05_to_2023-08,2023-05,2023-08,Atlassian WebHooks Plugin,1,0,0.000000
JIRA,jira,project,2023-05_to_2023-08,2023-05,2023-08,Attic,2,0,0.000000
JIRA,jira,project,2023-05_to_2023-08,2023-05,2023-08,Automation for Cloud,98,4,0.040816
JIRA,jira,project,2023-05_to_2023-08,2023-05,2023-08,Automation for Jira Server,36,1,0.027778
JIRA,jira,project,2023-05_to_2023-08,2023-05,2023-08,Axiom,1,0,0.000000
JIRA,jira,project,2023-05_to_2023-08,2023-05,2023-08,Axis2,4,3,0.750000
JIRA,jira,project,2023-05_to_2023-08,2023-05,2023-08,Bahir (Retired),2,0,0.000000
JIRA,jira,project,2023-05_to_2023-08,2023-05,2023-08,Bamboo Data Center,116,6,0.051724
JIRA,jira,project,2023-05_to_2023-08,2023-05,2023-08,Batik,5,1,0.200000
JIRA,jira,project,2023-05_to_2023-08,2023-05,2023-08,Bigtop,60,16,0.266667
JIRA,jira,project,2023-05_to_2023-08,2023-05,2023-08,Bitbucket Cloud,229,8,0.034934
JIRA,jira,project,2023-05_to_2023-08,2023-05,2023-08,Bitbucket Data Center,160,4,0.025000
JIRA,jira,project,2023-05_to_2023-08,2023-05,2023-08,BxMS Documentation,2,0,0.000000
JIRA,jira,project,2023-05_to_2023-08,2023-05,2023-08,Byteman,5,0,0.000000
JIRA,jira,project,2023-05_to_2023-08,2023-05,2023-08,C Driver,77,6,0.077922
JIRA,jira,project,2023-05_to_2023-08,2023-05,2023-08,C# Driver,144,31,0.215278
JIRA,jira,project,2023-05_to_2023-08,2023-05,2023-08,C++ Driver,47,2,0.042553
JIRA,jira,project,2023-05_to_2023-08,2023-05,2023-08,CXF,80,10,0.125000
JIRA,jira,project,2023-05_to_2023-08,2023-05,2023-08,CXF XJC Utils,2,0,0.000000
JIRA,jira,project,2023-05_to_2023-08,2023-05,2023-08,Calcite,289,47,0.162630
JIRA,jira,project,2023-05_to_2023-08,2023-05,2023-08,Camel,728,78,0.107143
JIRA,jira,project,2023-05_to_2023-08,2023-05,2023-08,Causeway,110,4,0.036364
JIRA,jira,project,2023-05_to_2023-08,2023-05,2023-08,Cayenne,10,2,0.200000
JIRA,jira,project,2023-05_to_2023-08,2023-05,2023-08,CentOS Stream Pipeline,110,30,0.272727
JIRA,jira,project,2023-05_to_2023-08,2023-05,2023-08,Cert Manager support for Red Hat OpenShift,68,1,0.014706
JIRA,jira,project,2023-05_to_2023-08,2023-05,2023-08,Certification Partner Experience Public,18,0,0.000000
JIRA,jira,project,2023-05_to_2023-08,2023-05,2023-08,Clair,10,0,0.000000
JIRA,jira,project,2023-05_to_2023-08,2023-05,2023-08,Client,2,0,0.000000
JIRA,jira,project,2023-05_to_2023-08,2023-05,2023-08,Cloud Enablement,26,0,0.000000
JIRA,jira,project,2023-05_to_2023-08,2023-05,2023-08,Cloud Infrastructure Security & Compliance,71,1,0.014085
JIRA,jira,project,2023-05_to_2023-08,2023-05,2023-08,Cloud Native Runtimes (CNR) Documentation,4,0,0.000000
JIRA,jira,project,2023-05_to_2023-08,2023-05,2023-08,Cluster Integration and Delivery,4,0,0.000000
JIRA,jira,project,2023-05_to_2023-08,2023-05,2023-08,Cluster Observability Operator,1,0,0.000000
JIRA,jira,project,2023-05_to_2023-08,2023-05,2023-08,Cockpit,35,1,0.028571
JIRA,jira,project,2023-05_to_2023-08,2023-05,2023-08,Coin,38,5,0.131579
JIRA,jira,project,2023-05_to_2023-08,2023-05,2023-08,Commerce,10,0,0.000000
JIRA,jira,project,2023-05_to_2023-08,2023-05,2023-08,Commons BCEL,3,3,1.000000
JIRA,jira,project,2023-05_to_2023-08,2023-05,2023-08,Commons BeanUtils,2,1,0.500000
JIRA,jira,project,2023-05_to_2023-08,2023-05,2023-08,Commons CLI,2,0,0.000000
JIRA,jira,project,2023-05_to_2023-08,2023-05,2023-08,Commons CSV,2,1,0.500000
JIRA,jira,project,2023-05_to_2023-08,2023-05,2023-08,Commons Codec,2,0,0.000000
JIRA,jira,project,2023-05_to_2023-08,2023-05,2023-08,Commons Collections,6,1,0.166667
JIRA,jira,project,2023-05_to_2023-08,2023-05,2023-08,Commons Compress,6,1,0.166667
JIRA,jira,project,2023-05_to_2023-08,2023-05,2023-08,Commons Configuration,5,0,0.000000
JIRA,jira,project,2023-05_to_2023-08,2023-05,2023-08,Commons DBCP,1,0,0.000000
JIRA,jira,project,2023-05_to_2023-08,2023-05,2023-08,Commons Daemon,1,1,1.000000
JIRA,jira,project,2023-05_to_2023-08,2023-05,2023-08,Commons DbUtils,1,1,1.000000
JIRA,jira,project,2023-05_to_2023-08,2023-05,2023-08,Commons Email,2,0,0.000000
JIRA,jira,project,2023-05_to_2023-08,2023-05,2023-08,Commons Exec,2,1,0.500000
JIRA,jira,project,2023-05_to_2023-08,2023-05,2023-08,Commons FileUpload,1,1,1.000000
JIRA,jira,project,2023-05_to_2023-08,2023-05,2023-08,Commons Geometry,14,2,0.142857
JIRA,jira,project,2023-05_to_2023-08,2023-05,2023-08,Commons IO,18,6,0.333333
JIRA,jira,project,2023-05_to_2023-08,2023-05,2023-08,Commons Imaging,10,1,0.100000
JIRA,jira,project,2023-05_to_2023-08,2023-05,2023-08,Commons JCS,3,0,0.000000
JIRA,jira,project,2023-05_to_2023-08,2023-05,2023-08,Commons JEXL,9,1,0.111111
JIRA,jira,project,2023-05_to_2023-08,2023-05,2023-08,Commons Lang,15,5,0.333333
JIRA,jira,project,2023-05_to_2023-08,2023-05,2023-08,Commons Logging,1,0,0.000000
JIRA,jira,project,2023-05_to_2023-08,2023-05,2023-08,Commons Math,5,1,0.200000
JIRA,jira,project,2023-05_to_2023-08,2023-05,2023-08,Commons Net,4,3,0.750000
JIRA,jira,project,2023-05_to_2023-08,2023-05,2023-08,Commons Numbers,11,1,0.090909
JIRA,jira,project,2023-05_to_2023-08,2023-05,2023-08,Commons Statistics,10,0,0.000000
JIRA,jira,project,2023-05_to_2023-08,2023-05,2023-08,Commons Text,8,0,0.000000
JIRA,jira,project,2023-05_to_2023-08,2023-05,2023-08,Commons VFS,7,4,0.571429
JIRA,jira,project,2023-05_to_2023-08,2023-05,2023-08,Community Development,5,1,0.200000
JIRA,jira,project,2023-05_to_2023-08,2023-05,2023-08,Compass,291,13,0.044674
JIRA,jira,project,2023-05_to_2023-08,2023-05,2023-08,Confluence Cloud,562,30,0.053381
JIRA,jira,project,2023-05_to_2023-08,2023-05,2023-08,Confluence Data Center,601,34,0.056572
JIRA,jira,project,2023-05_to_2023-08,2023-05,2023-08,Container Tools,58,5,0.086207
JIRA,jira,project,2023-05_to_2023-08,2023-05,2023-08,Content Gateway,7,0,0.000000
JIRA,jira,project,2023-05_to_2023-08,2023-05,2023-08,Contrib: Clog,1,1,1.000000
JIRA,jira,project,2023-05_to_2023-08,2023-05,2023-08,Contrib: SCORM Player,2,0,0.000000
JIRA,jira,project,2023-05_to_2023-08,2023-05,2023-08,Core Server,3851,310,0.080499
JIRA,jira,project,2023-05_to_2023-08,2023-05,2023-08,CoreOS OCP,192,20,0.104167
JIRA,jira,project,2023-05_to_2023-08,2023-05,2023-08,Cost Management,21,1,0.047619
JIRA,jira,project,2023-05_to_2023-08,2023-05,2023-08,Crowd Data Center,11,1,0.090909
JIRA,jira,project,2023-05_to_2023-08,2023-05,2023-08,Crucible,31,1,0.032258
JIRA,jira,project,2023-05_to_2023-08,2023-05,2023-08,DMR,4,0,0.000000
JIRA,jira,project,2023-05_to_2023-08,2023-05,2023-08,Daffodil,30,6,0.200000
JIRA,jira,project,2023-05_to_2023-08,2023-05,2023-08,Data Foundation Bugs,39,10,0.256410
JIRA,jira,project,2023-05_to_2023-08,2023-05,2023-08,DataFu,1,1,1.000000
JIRA,jira,project,2023-05_to_2023-08,2023-05,2023-08,Debezium,434,131,0.301843
JIRA,jira,project,2023-05_to_2023-08,2023-05,2023-08,Derby (Retired),4,2,0.500000
JIRA,jira,project,2023-05_to_2023-08,2023-05,2023-08,Directory,1,1,1.000000
JIRA,jira,project,2023-05_to_2023-08,2023-05,2023-08,Directory ApacheDS,2,1,0.500000
JIRA,jira,project,2023-05_to_2023-08,2023-05,2023-08,Directory Client API,2,0,0.000000
JIRA,jira,project,2023-05_to_2023-08,2023-05,2023-08,Directory Kerberos,1,1,1.000000
JIRA,jira,project,2023-05_to_2023-08,2023-05,2023-08,Directory Studio,2,0,0.000000
JIRA,jira,project,2023-05_to_2023-08,2023-05,2023-08,Distributed Tracing,293,18,0.061433
JIRA,jira,project,2023-05_to_2023-08,2023-05,2023-08,Docs for Red Hat Developers,217,0,0.000000
JIRA,jira,project,2023-05_to_2023-08,2023-05,2023-08,Drivers,60,3,0.050000
JIRA,jira,project,2023-05_to_2023-08,2023-05,2023-08,Drools,95,13,0.136842
JIRA,jira,project,2023-05_to_2023-08,2023-05,2023-08,EAP Documentation,76,0,0.000000
JIRA,jira,project,2023-05_to_2023-08,2023-05,2023-08,EJB Client Library (AS7+),12,0,0.000000
JIRA,jira,project,2023-05_to_2023-08,2023-05,2023-08,ENTSBT,2,1,0.500000
JIRA,jira,project,2023-05_to_2023-08,2023-05,2023-08,Edge Request For Enhancements,16,0,0.000000
JIRA,jira,project,2023-05_to_2023-08,2023-05,2023-08,Elytron Web,4,0,0.000000
JIRA,jira,project,2023-05_to_2023-08,2023-05,2023-08,Empire,5,1,0.200000
JIRA,jira,project,2023-05_to_2023-08,2023-05,2023-08,Entity Framework,50,0,0.000000
JIRA,jira,project,2023-05_to_2023-08,2023-05,2023-08,FOP,15,6,0.400000
JIRA,jira,project,2023-05_to_2023-08,2023-05,2023-08,FORTRESS,6,2,0.333333
JIRA,jira,project,2023-05_to_2023-08,2023-05,2023-08,Fake Leaks,4,0,0.000000
JIRA,jira,project,2023-05_to_2023-08,2023-05,2023-08,Fast Datapath Product,50,9,0.180000
JIRA,jira,project,2023-05_to_2023-08,2023-05,2023-08,Fedora,134,48,0.358209
JIRA,jira,project,2023-05_to_2023-08,2023-05,2023-08,Felix,42,5,0.119048
JIRA,jira,project,2023-05_to_2023-08,2023-05,2023-08,Fidelis AI,2,0,0.000000
JIRA,jira,project,2023-05_to_2023-08,2023-05,2023-08,FishEye,29,0,0.000000
JIRA,jira,project,2023-05_to_2023-08,2023-05,2023-08,FlightPath,254,6,0.023622
JIRA,jira,project,2023-05_to_2023-08,2023-05,2023-08,Flink,1035,185,0.178744
JIRA,jira,project,2023-05_to_2023-08,2023-05,2023-08,Flume,7,2,0.285714
JIRA,jira,project,2023-05_to_2023-08,2023-05,2023-08,Forge,75,6,0.080000
JIRA,jira,project,2023-05_to_2023-08,2023-05,2023-08,FtpServer,2,0,0.000000
JIRA,jira,project,2023-05_to_2023-08,2023-05,2023-08,Fuse Tooling,1,1,1.000000
JIRA,jira,project,2023-05_to_2023-08,2023-05,2023-08,Fuse/AMQ Documentation,9,0,0.000000
JIRA,jira,project,2023-05_to_2023-08,2023-05,2023-08,Geode,3,0,0.000000
JIRA,jira,project,2023-05_to_2023-08,2023-05,2023-08,Go Driver,134,20,0.149254
JIRA,jira,project,2023-05_to_2023-08,2023-05,2023-08,Griffin (Retired),1,0,0.000000
JIRA,jira,project,2023-05_to_2023-08,2023-05,2023-08,Groovy,126,36,0.285714
JIRA,jira,project,2023-05_to_2023-08,2023-05,2023-08,Guacamole,69,13,0.188406
JIRA,jira,project,2023-05_to_2023-08,2023-05,2023-08,HAL,27,3,0.111111
JIRA,jira,project,2023-05_to_2023-08,2023-05,2023-08,HBase,237,46,0.194093
JIRA,jira,project,2023-05_to_2023-08,2023-05,2023-08,HMS ,1,0,0.000000
JIRA,jira,project,2023-05_to_2023-08,2023-05,2023-08,Hadoop Common,143,91,0.636364
JIRA,jira,project,2023-05_to_2023-08,2023-05,2023-08,Hadoop HDFS,177,120,0.677966
JIRA,jira,project,2023-05_to_2023-08,2023-05,2023-08,Hadoop Map/Reduce,15,9,0.600000
JIRA,jira,project,2023-05_to_2023-08,2023-05,2023-08,Hadoop YARN,73,49,0.671233
JIRA,jira,project,2023-05_to_2023-08,2023-05,2023-08,HawtIO,123,10,0.081301
JIRA,jira,project,2023-05_to_2023-08,2023-05,2023-08,Hive,355,50,0.140845
JIRA,jira,project,2023-05_to_2023-08,2023-05,2023-08,HttpComponents HttpAsyncClient,1,0,0.000000
JIRA,jira,project,2023-05_to_2023-08,2023-05,2023-08,HttpComponents HttpClient,23,2,0.086957
JIRA,jira,project,2023-05_to_2023-08,2023-05,2023-08,HttpComponents HttpCore,12,3,0.250000
JIRA,jira,project,2023-05_to_2023-08,2023-05,2023-08,Hybrid Cloud Console,1090,38,0.034862
JIRA,jira,project,2023-05_to_2023-08,2023-05,2023-08,Hybrid Cloud Console Docs Feedback,21,0,0.000000
JIRA,jira,project,2023-05_to_2023-08,2023-05,2023-08,Hybrid Cloud Infrastructure Documentation,26,0,0.000000
JIRA,jira,project,2023-05_to_2023-08,2023-05,2023-08,IMPALA,306,88,0.287582
JIRA,jira,project,2023-05_to_2023-08,2023-05,2023-08,Identity,40,0,0.000000
JIRA,jira,project,2023-05_to_2023-08,2023-05,2023-08,Ignite,933,121,0.129689
JIRA,jira,project,2023-05_to_2023-08,2023-05,2023-08,Incubator,3,0,0.000000
JIRA,jira,project,2023-05_to_2023-08,2023-05,2023-08,Insights Experiences,494,18,0.036437
JIRA,jira,project,2023-05_to_2023-08,2023-05,2023-08,Insights Rule Analysis Tool,3,1,0.333333
JIRA,jira,project,2023-05_to_2023-08,2023-05,2023-08,IronJacamar,8,0,0.000000
JIRA,jira,project,2023-05_to_2023-08,2023-05,2023-08,Ivy,4,1,0.250000
JIRA,jira,project,2023-05_to_2023-08,2023-05,2023-08,JBeret,7,0,0.000000
JIRA,jira,project,2023-05_to_2023-08,2023-05,2023-08,JBoss Core Services,20,1,0.050000
JIRA,jira,project,2023-05_to_2023-08,2023-05,2023-08,JBoss Enterprise Application Platform,432,84,0.194444
JIRA,jira,project,2023-05_to_2023-08,2023-05,2023-08,JBoss Log Manager,22,0,0.000000
JIRA,jira,project,2023-05_to_2023-08,2023-05,2023-08,JBoss Logging,3,0,0.000000
JIRA,jira,project,2023-05_to_2023-08,2023-05,2023-08,JBoss Marshalling,5,0,0.000000
JIRA,jira,project,2023-05_to_2023-08,2023-05,2023-08,JBoss Metadata,1,1,1.000000
JIRA,jira,project,2023-05_to_2023-08,2023-05,2023-08,JBoss Remoting (3+),1,0,0.000000
JIRA,jira,project,2023-05_to_2023-08,2023-05,2023-08,JBoss Server Migration Tool,12,2,0.166667
JIRA,jira,project,2023-05_to_2023-08,2023-05,2023-08,JBoss Transaction Manager,18,3,0.166667
JIRA,jira,project,2023-05_to_2023-08,2023-05,2023-08,JBoss VFS,2,1,0.500000
JIRA,jira,project,2023-05_to_2023-08,2023-05,2023-08,JBoss Web Server,29,1,0.034483
JIRA,jira,project,2023-05_to_2023-08,2023-05,2023-08,JBoss Web Services,28,2,0.071429
JIRA,jira,project,2023-05_to_2023-08,2023-05,2023-08,JDO,7,0,0.000000
JIRA,jira,project,2023-05_to_2023-08,2023-05,2023-08,JGroups,35,8,0.228571
JIRA,jira,project,2023-05_to_2023-08,2023-05,2023-08,JIRA Calendar Plugin,1,0,0.000000
JIRA,jira,project,2023-05_to_2023-08,2023-05,2023-08,JSPWiki,4,1,0.250000
JIRA,jira,project,2023-05_to_2023-08,2023-05,2023-08,Jackrabbit Content Repository,38,3,0.078947
JIRA,jira,project,2023-05_to_2023-08,2023-05,2023-08,Jackrabbit FileVault,11,1,0.090909
JIRA,jira,project,2023-05_to_2023-08,2023-05,2023-08,Jackrabbit OCM,1,0,0.000000
JIRA,jira,project,2023-05_to_2023-08,2023-05,2023-08,Jackrabbit Oak,208,41,0.197115
JIRA,jira,project,2023-05_to_2023-08,2023-05,2023-08,Jackrabbit Site,1,0,0.000000
JIRA,jira,project,2023-05_to_2023-08,2023-05,2023-08,James Mime4j,1,0,0.000000
JIRA,jira,project,2023-05_to_2023-08,2023-05,2023-08,James Server,31,5,0.161290
JIRA,jira,project,2023-05_to_2023-08,2023-05,2023-08,Java Driver,157,18,0.114650
JIRA,jira,project,2023-05_to_2023-08,2023-05,2023-08,Jira Admin Support,5,0,0.000000
JIRA,jira,project,2023-05_to_2023-08,2023-05,2023-08,Jira Align,401,14,0.034913
JIRA,jira,project,2023-05_to_2023-08,2023-05,2023-08,Jira Cloud,17,0,0.000000
JIRA,jira,project,2023-05_to_2023-08,2023-05,2023-08,Jira Data Center,430,21,0.048837
JIRA,jira,project,2023-05_to_2023-08,2023-05,2023-08,Jira Performance Testing Tools,211,8,0.037915
JIRA,jira,project,2023-05_to_2023-08,2023-05,2023-08,Jira Platform Cloud,1009,40,0.039643
JIRA,jira,project,2023-05_to_2023-08,2023-05,2023-08,Jira Service Management Cloud,394,17,0.043147
JIRA,jira,project,2023-05_to_2023-08,2023-05,2023-08,Jira Service Management Data Center,310,10,0.032258
JIRA,jira,project,2023-05_to_2023-08,2023-05,2023-08,Jira Software Data Center,137,7,0.051095
JIRA,jira,project,2023-05_to_2023-08,2023-05,2023-08,Jira Work Management Cloud,52,3,0.057692
JIRA,jira,project,2023-05_to_2023-08,2023-05,2023-08,Johnzon,3,0,0.000000
JIRA,jira,project,2023-05_to_2023-08,2023-05,2023-08,Juneau,8,0,0.000000
JIRA,jira,project,2023-05_to_2023-08,2023-05,2023-08,KIE Cloud,15,0,0.000000
JIRA,jira,project,2023-05_to_2023-08,2023-05,2023-08,Kafka,474,63,0.132911
JIRA,jira,project,2023-05_to_2023-08,2023-05,2023-08,Kafka Connector,16,1,0.062500
JIRA,jira,project,2023-05_to_2023-08,2023-05,2023-08,Karaf,50,5,0.100000
JIRA,jira,project,2023-05_to_2023-08,2023-05,2023-08,Knative Serving,55,8,0.145455
JIRA,jira,project,2023-05_to_2023-08,2023-05,2023-08,Kogito,670,21,0.031343
JIRA,jira,project,2023-05_to_2023-08,2023-05,2023-08,Konflux UI,15,0,0.000000
JIRA,jira,project,2023-05_to_2023-08,2023-05,2023-08,Konveyor Tackle,2,0,0.000000
JIRA,jira,project,2023-05_to_2023-08,2023-05,2023-08,Kudu,34,11,0.323529
JIRA,jira,project,2023-05_to_2023-08,2023-05,2023-08,Kylin,162,2,0.012346
JIRA,jira,project,2023-05_to_2023-08,2023-05,2023-08,Legal Discuss,12,0,0.000000
JIRA,jira,project,2023-05_to_2023-08,2023-05,2023-08,Libmongocrypt,15,2,0.133333
JIRA,jira,project,2023-05_to_2023-08,2023-05,2023-08,Livy,15,3,0.200000
JIRA,jira,project,2023-05_to_2023-08,2023-05,2023-08,Log4cxx,1,1,1.000000
JIRA,jira,project,2023-05_to_2023-08,2023-05,2023-08,Log4j 2,7,0,0.000000
JIRA,jira,project,2023-05_to_2023-08,2023-05,2023-08,Log4net,1,0,0.000000
JIRA,jira,project,2023-05_to_2023-08,2023-05,2023-08,MINA,1,0,0.000000
JIRA,jira,project,2023-05_to_2023-08,2023-05,2023-08,MINA SSHD,11,5,0.454545
JIRA,jira,project,2023-05_to_2023-08,2023-05,2023-08,Machine Config Operator,151,2,0.013245
JIRA,jira,project,2023-05_to_2023-08,2023-05,2023-08,Maistra,1,1,1.000000
JIRA,jira,project,2023-05_to_2023-08,2023-05,2023-08,Managed Service ,163,5,0.030675
JIRA,jira,project,2023-05_to_2023-08,2023-05,2023-08,ManifoldCF,2,0,0.000000
JIRA,jira,project,2023-05_to_2023-08,2023-05,2023-08,MariaDB ColumnStore,76,18,0.236842
JIRA,jira,project,2023-05_to_2023-08,2023-05,2023-08,MariaDB Connector/C,17,7,0.411765
JIRA,jira,project,2023-05_to_2023-08,2023-05,2023-08,MariaDB Connector/C++,3,2,0.666667
JIRA,jira,project,2023-05_to_2023-08,2023-05,2023-08,MariaDB Connector/J,32,5,0.156250
JIRA,jira,project,2023-05_to_2023-08,2023-05,2023-08,MariaDB Connector/ODBC,5,0,0.000000
JIRA,jira,project,2023-05_to_2023-08,2023-05,2023-08,MariaDB Connector/Python,7,3,0.428571
JIRA,jira,project,2023-05_to_2023-08,2023-05,2023-08,MariaDB Connector/R2DBC,1,0,0.000000
JIRA,jira,project,2023-05_to_2023-08,2023-05,2023-08,MariaDB Connector/node.js,15,0,0.000000
JIRA,jira,project,2023-05_to_2023-08,2023-05,2023-08,MariaDB Foundation Development,29,1,0.034483
JIRA,jira,project,2023-05_to_2023-08,2023-05,2023-08,MariaDB MaxScale,132,18,0.136364
JIRA,jira,project,2023-05_to_2023-08,2023-05,2023-08,MariaDB Server,896,419,0.467634
JIRA,jira,project,2023-05_to_2023-08,2023-05,2023-08,Marketplace Growth and Experiences,1,0,0.000000
JIRA,jira,project,2023-05_to_2023-08,2023-05,2023-08,Maven (Moved to GitHub Issues),88,26,0.295455
JIRA,jira,project,2023-05_to_2023-08,2023-05,2023-08,Maven Antrun Plugin (Moved to GitHub Issues),1,0,0.000000
JIRA,jira,project,2023-05_to_2023-08,2023-05,2023-08,Maven Archetype (Moved to GitHub Issues),1,0,0.000000
JIRA,jira,project,2023-05_to_2023-08,2023-05,2023-08,Maven Assembly Plugin (Moved to GitHub Issues),10,0,0.000000
JIRA,jira,project,2023-05_to_2023-08,2023-05,2023-08,Maven Build Cache Extension (Moved to GitHub Issues),11,7,0.636364
JIRA,jira,project,2023-05_to_2023-08,2023-05,2023-08,Maven Changes Plugin (Moved to GitHub Issues),3,0,0.000000
JIRA,jira,project,2023-05_to_2023-08,2023-05,2023-08,Maven Checkstyle Plugin (Moved to GitHub Issues),7,1,0.142857
JIRA,jira,project,2023-05_to_2023-08,2023-05,2023-08,Maven Clean Plugin (Moved to GitHub Issues),4,1,0.250000
JIRA,jira,project,2023-05_to_2023-08,2023-05,2023-08,Maven Compiler Plugin (Moved to GitHub Issues),8,4,0.500000
JIRA,jira,project,2023-05_to_2023-08,2023-05,2023-08,Maven Dependency Plugin (Moved to GitHub Issues),24,5,0.208333
JIRA,jira,project,2023-05_to_2023-08,2023-05,2023-08,Maven Deploy Plugin (Moved to GitHub Issues),2,1,0.500000
JIRA,jira,project,2023-05_to_2023-08,2023-05,2023-08,Maven Documentation Checker Plugin  (RETIRED) (Retired),1,0,0.000000
JIRA,jira,project,2023-05_to_2023-08,2023-05,2023-08,Maven Doxia (Moved to GitHub Issues),2,0,0.000000
JIRA,jira,project,2023-05_to_2023-08,2023-05,2023-08,Maven Doxia Sitetools (Moved to GitHub Issues),4,0,0.000000
JIRA,jira,project,2023-05_to_2023-08,2023-05,2023-08,Maven EAR Plugin (Moved to GitHub Issues),5,0,0.000000
JIRA,jira,project,2023-05_to_2023-08,2023-05,2023-08,Maven EJB Plugin (Moved to GitHub Issues),1,0,0.000000
JIRA,jira,project,2023-05_to_2023-08,2023-05,2023-08,Maven Enforcer Plugin (Moved to GitHub Issues),9,2,0.222222
JIRA,jira,project,2023-05_to_2023-08,2023-05,2023-08,Maven GPG Plugin (Moved to GitHub Issues),5,1,0.200000
JIRA,jira,project,2023-05_to_2023-08,2023-05,2023-08,Maven Help Plugin (Moved to GitHub Issues),1,0,0.000000
JIRA,jira,project,2023-05_to_2023-08,2023-05,2023-08,Maven Indexer (Moved to GitHub Issues),11,0,0.000000
JIRA,jira,project,2023-05_to_2023-08,2023-05,2023-08,Maven Install Plugin (Moved to GitHub Issues),1,0,0.000000
JIRA,jira,project,2023-05_to_2023-08,2023-05,2023-08,Maven Invoker Plugin (Moved to GitHub Issues),15,3,0.200000
JIRA,jira,project,2023-05_to_2023-08,2023-05,2023-08,Maven JAR Plugin (Moved to GitHub Issues),1,1,1.000000
JIRA,jira,project,2023-05_to_2023-08,2023-05,2023-08,Maven JLink Plugin (Moved to GitHub Issues),6,0,0.000000
JIRA,jira,project,2023-05_to_2023-08,2023-05,2023-08,Maven Jar Signer Plugin (Moved to GitHub Issues),3,1,0.333333
JIRA,jira,project,2023-05_to_2023-08,2023-05,2023-08,Maven Javadoc Plugin (Moved to GitHub Issues),21,11,0.523810
JIRA,jira,project,2023-05_to_2023-08,2023-05,2023-08,Maven Linkcheck Plugin (Moved to GitHub Issues),1,0,0.000000
JIRA,jira,project,2023-05_to_2023-08,2023-05,2023-08,Maven PMD Plugin (Moved to GitHub Issues),13,7,0.538462
JIRA,jira,project,2023-05_to_2023-08,2023-05,2023-08,Maven POMs (Moved to GitHub issues),9,2,0.222222
JIRA,jira,project,2023-05_to_2023-08,2023-05,2023-08,Maven Patch Plugin (RETIRED),1,0,0.000000
JIRA,jira,project,2023-05_to_2023-08,2023-05,2023-08,Maven Plugin Testing  (Moved to GitHub Issues),2,0,0.000000
JIRA,jira,project,2023-05_to_2023-08,2023-05,2023-08,Maven Plugin Tools (Moved to GitHub Issues),14,2,0.142857
JIRA,jira,project,2023-05_to_2023-08,2023-05,2023-08,Maven Project Info Reports Plugin (Moved to GitHub Issues),18,1,0.055556
JIRA,jira,project,2023-05_to_2023-08,2023-05,2023-08,Maven Project Web Site (Moved to GitHub Issues),4,2,0.500000
JIRA,jira,project,2023-05_to_2023-08,2023-05,2023-08,Maven RAR Plugin (Moved to GitHub Issues),1,0,0.000000
JIRA,jira,project,2023-05_to_2023-08,2023-05,2023-08,Maven Release Plugin (Moved to GitHub Issues),14,1,0.071429
JIRA,jira,project,2023-05_to_2023-08,2023-05,2023-08,Maven Remote Resources Plugin (Moved to GitHub Issues),7,1,0.142857
JIRA,jira,project,2023-05_to_2023-08,2023-05,2023-08,Maven Resolver (Moved to GitHub Issues),36,11,0.305556
JIRA,jira,project,2023-05_to_2023-08,2023-05,2023-08,Maven Resources Plugin (Moved to GitHub Issues),3,1,0.333333
JIRA,jira,project,2023-05_to_2023-08,2023-05,2023-08,Maven SCM (Moved to GitHub Issues),4,1,0.250000
JIRA,jira,project,2023-05_to_2023-08,2023-05,2023-08,Maven SCM Publish Plugin (Moved to GitHub Issues),2,2,1.000000
JIRA,jira,project,2023-05_to_2023-08,2023-05,2023-08,Maven Shade Plugin (Moved to GitHub Issues),12,4,0.333333
JIRA,jira,project,2023-05_to_2023-08,2023-05,2023-08,Maven Shared Components,47,3,0.063830
JIRA,jira,project,2023-05_to_2023-08,2023-05,2023-08,Maven Site Plugin (Moved to GitHub Issues),10,2,0.200000
JIRA,jira,project,2023-05_to_2023-08,2023-05,2023-08,Maven Skins (Moved to GitHub Issues),8,1,0.125000
JIRA,jira,project,2023-05_to_2023-08,2023-05,2023-08,Maven Source Plugin (Moved to GitHub Issues),11,3,0.272727
JIRA,jira,project,2023-05_to_2023-08,2023-05,2023-08,Maven Surefire (Moved to GitHub Issues),32,6,0.187500
JIRA,jira,project,2023-05_to_2023-08,2023-05,2023-08,Maven WAR Plugin (Moved to GitHub Issues),9,0,0.000000
JIRA,jira,project,2023-05_to_2023-08,2023-05,2023-08,Maven Wrapper (Moved to GitHub Issues),6,3,0.500000
JIRA,jira,project,2023-05_to_2023-08,2023-05,2023-08,Meecrowave,10,0,0.000000
JIRA,jira,project,2023-05_to_2023-08,2023-05,2023-08,Mesos (Retired),2,2,1.000000
JIRA,jira,project,2023-05_to_2023-08,2023-05,2023-08,MicroShift,299,1,0.003344
JIRA,jira,project,2023-05_to_2023-08,2023-05,2023-08,Migration Platform,93,20,0.215054
JIRA,jira,project,2023-05_to_2023-08,2023-05,2023-08,Migration Toolkit for Applications,607,47,0.077430
JIRA,jira,project,2023-05_to_2023-08,2023-05,2023-08,Migration Toolkit for Virtualization,116,21,0.181034
JIRA,jira,project,2023-05_to_2023-08,2023-05,2023-08,Mnemonic (Retired),18,0,0.000000
JIRA,jira,project,2023-05_to_2023-08,2023-05,2023-08,ModeShape,2,0,0.000000
JIRA,jira,project,2023-05_to_2023-08,2023-05,2023-08,Modular Service Container,5,0,0.000000
JIRA,jira,project,2023-05_to_2023-08,2023-05,2023-08,MongoDB Database Tools,70,8,0.114286
JIRA,jira,project,2023-05_to_2023-08,2023-05,2023-08,MongoDB Shell,117,12,0.102564
JIRA,jira,project,2023-05_to_2023-08,2023-05,2023-08,Mongoid,45,7,0.155556
JIRA,jira,project,2023-05_to_2023-08,2023-05,2023-08,Motor,57,7,0.122807
JIRA,jira,project,2023-05_to_2023-08,2023-05,2023-08,Multiple Architecture Enablement,68,4,0.058824
JIRA,jira,project,2023-05_to_2023-08,2023-05,2023-08,MyFaces Core,22,5,0.227273
JIRA,jira,project,2023-05_to_2023-08,2023-05,2023-08,MyFaces Tobago,33,0,0.000000
JIRA,jira,project,2023-05_to_2023-08,2023-05,2023-08,Network Edge,72,1,0.013889
JIRA,jira,project,2023-05_to_2023-08,2023-05,2023-08,Network Hardware Enablement,143,6,0.041958
JIRA,jira,project,2023-05_to_2023-08,2023-05,2023-08,Network Observability,202,19,0.094059
JIRA,jira,project,2023-05_to_2023-08,2023-05,2023-08,Node.js Driver,350,24,0.068571
JIRA,jira,project,2023-05_to_2023-08,2023-05,2023-08,Nutch,9,0,0.000000
JIRA,jira,project,2023-05_to_2023-08,2023-05,2023-08,OCMUI ,239,5,0.020921
JIRA,jira,project,2023-05_to_2023-08,2023-05,2023-08,OCP Technical Release Team,211,27,0.127962
JIRA,jira,project,2023-05_to_2023-08,2023-05,2023-08,ODATA,4,0,0.000000
JIRA,jira,project,2023-05_to_2023-08,2023-05,2023-08,OFBiz,37,5,0.135135
JIRA,jira,project,2023-05_to_2023-08,2023-05,2023-08,OPCT ,27,2,0.074074
JIRA,jira,project,2023-05_to_2023-08,2023-05,2023-08,ORC,83,3,0.036145
JIRA,jira,project,2023-05_to_2023-08,2023-05,2023-08,Observability Documentation,241,0,0.000000
JIRA,jira,project,2023-05_to_2023-08,2023-05,2023-08,Observability UI,47,0,0.000000
JIRA,jira,project,2023-05_to_2023-08,2023-05,2023-08,Observability and Data Analysis Program,80,0,0.000000
JIRA,jira,project,2023-05_to_2023-08,2023-05,2023-08,Olingo,8,1,0.125000
JIRA,jira,project,2023-05_to_2023-08,2023-05,2023-08,On Prem Networking,42,2,0.047619
JIRA,jira,project,2023-05_to_2023-08,2023-05,2023-08,Oozie (Retired),1,1,1.000000
JIRA,jira,project,2023-05_to_2023-08,2023-05,2023-08,OpenJDK,115,10,0.086957
JIRA,jira,project,2023-05_to_2023-08,2023-05,2023-08,OpenJPA,5,0,0.000000
JIRA,jira,project,2023-05_to_2023-08,2023-05,2023-08,OpenNLP,19,1,0.052632
JIRA,jira,project,2023-05_to_2023-08,2023-05,2023-08,OpenShift API Server,33,1,0.030303
JIRA,jira,project,2023-05_to_2023-08,2023-05,2023-08,OpenShift API for Data Protection,610,103,0.168852
JIRA,jira,project,2023-05_to_2023-08,2023-05,2023-08,OpenShift App Analytics,1,0,0.000000
JIRA,jira,project,2023-05_to_2023-08,2023-05,2023-08,OpenShift Application Platform Engineering,6,0,0.000000
JIRA,jira,project,2023-05_to_2023-08,2023-05,2023-08,OpenShift Authentication,47,2,0.042553
JIRA,jira,project,2023-05_to_2023-08,2023-05,2023-08,OpenShift Autoscaling,4,0,0.000000
JIRA,jira,project,2023-05_to_2023-08,2023-05,2023-08,OpenShift Bugs,3236,1264,0.390606
JIRA,jira,project,2023-05_to_2023-08,2023-05,2023-08,OpenShift BuildConfig,1,0,0.000000
JIRA,jira,project,2023-05_to_2023-08,2023-05,2023-08,OpenShift Builds,79,1,0.012658
JIRA,jira,project,2023-05_to_2023-08,2023-05,2023-08,OpenShift CFE,86,3,0.034884
JIRA,jira,project,2023-05_to_2023-08,2023-05,2023-08,OpenShift Cloud,121,15,0.123967
JIRA,jira,project,2023-05_to_2023-08,2023-05,2023-08,OpenShift Cloud Credential Operator,55,1,0.018182
JIRA,jira,project,2023-05_to_2023-08,2023-05,2023-08,OpenShift Console,120,1,0.008333
JIRA,jira,project,2023-05_to_2023-08,2023-05,2023-08,OpenShift Container Platform (OCP) Strategy,257,0,0.000000
JIRA,jira,project,2023-05_to_2023-08,2023-05,2023-08,OpenShift Core Networking,201,6,0.029851
JIRA,jira,project,2023-05_to_2023-08,2023-05,2023-08,OpenShift Data Foundation Request For Enhancement,1,1,1.000000
JIRA,jira,project,2023-05_to_2023-08,2023-05,2023-08,OpenShift Edge,16,1,0.062500
JIRA,jira,project,2023-05_to_2023-08,2023-05,2023-08,OpenShift Etcd,35,0,0.000000
JIRA,jira,project,2023-05_to_2023-08,2023-05,2023-08,OpenShift GitOps,323,42,0.130031
JIRA,jira,project,2023-05_to_2023-08,2023-05,2023-08,OpenShift Hive,79,17,0.215190
JIRA,jira,project,2023-05_to_2023-08,2023-05,2023-08,OpenShift Hosted Control Plane,99,12,0.121212
JIRA,jira,project,2023-05_to_2023-08,2023-05,2023-08,OpenShift Image Registry,10,0,0.000000
JIRA,jira,project,2023-05_to_2023-08,2023-05,2023-08,OpenShift Installer,154,5,0.032468
JIRA,jira,project,2023-05_to_2023-08,2023-05,2023-08,OpenShift Jenkins,10,0,0.000000
JIRA,jira,project,2023-05_to_2023-08,2023-05,2023-08,OpenShift Logging,323,76,0.235294
JIRA,jira,project,2023-05_to_2023-08,2023-05,2023-08,OpenShift Migration Toolkit for Containers,59,1,0.016949
JIRA,jira,project,2023-05_to_2023-08,2023-05,2023-08,OpenShift Monitoring,166,7,0.042169
JIRA,jira,project,2023-05_to_2023-08,2023-05,2023-08,OpenShift Node,122,1,0.008197
JIRA,jira,project,2023-05_to_2023-08,2023-05,2023-08,OpenShift Over the Air,52,4,0.076923
JIRA,jira,project,2023-05_to_2023-08,2023-05,2023-08,OpenShift Pipelines,306,29,0.094771
JIRA,jira,project,2023-05_to_2023-08,2023-05,2023-08,OpenShift Pod Autoscaling,7,0,0.000000
JIRA,jira,project,2023-05_to_2023-08,2023-05,2023-08,OpenShift Request For Enhancement,393,6,0.015267
JIRA,jira,project,2023-05_to_2023-08,2023-05,2023-08,OpenShift Service Mesh,681,62,0.091043
JIRA,jira,project,2023-05_to_2023-08,2023-05,2023-08,OpenShift Specialist Platform Team,120,6,0.050000
JIRA,jira,project,2023-05_to_2023-08,2023-05,2023-08,OpenShift Storage,121,4,0.033058
JIRA,jira,project,2023-05_to_2023-08,2023-05,2023-08,OpenShift Top Level Product Strategy,2,0,0.000000
JIRA,jira,project,2023-05_to_2023-08,2023-05,2023-08,OpenShift UX Product Design,65,0,0.000000
JIRA,jira,project,2023-05_to_2023-08,2023-05,2023-08,OpenShift Virtualization,1996,126,0.063126
JIRA,jira,project,2023-05_to_2023-08,2023-05,2023-08,OpenShift Windows Containers,43,5,0.116279
JIRA,jira,project,2023-05_to_2023-08,2023-05,2023-08,OpenShift Workloads,62,3,0.048387
JIRA,jira,project,2023-05_to_2023-08,2023-05,2023-08,OpenStack as Infra,49,0,0.000000
JIRA,jira,project,2023-05_to_2023-08,2023-05,2023-08,Openmeetings,8,0,0.000000
JIRA,jira,project,2023-05_to_2023-08,2023-05,2023-08,Openshift sandboxed containers,15,3,0.200000
JIRA,jira,project,2023-05_to_2023-08,2023-05,2023-08,Operator Ecosystem,175,1,0.005714
JIRA,jira,project,2023-05_to_2023-08,2023-05,2023-08,Operator Runtime,123,0,0.000000
JIRA,jira,project,2023-05_to_2023-08,2023-05,2023-08,Opsgenie,180,10,0.055556
JIRA,jira,project,2023-05_to_2023-08,2023-05,2023-08,OptaPlanner,7,1,0.142857
JIRA,jira,project,2023-05_to_2023-08,2023-05,2023-08,Origin Community Distribution of Kubernetes,48,1,0.020833
JIRA,jira,project,2023-05_to_2023-08,2023-05,2023-08,PDFBox,78,20,0.256410
JIRA,jira,project,2023-05_to_2023-08,2023-05,2023-08,PHP Driver: Extension,59,7,0.118644
JIRA,jira,project,2023-05_to_2023-08,2023-05,2023-08,PHP Driver: Library,91,3,0.032967
JIRA,jira,project,2023-05_to_2023-08,2023-05,2023-08,PHP ORMs,59,0,0.000000
JIRA,jira,project,2023-05_to_2023-08,2023-05,2023-08,Parquet,49,10,0.204082
JIRA,jira,project,2023-05_to_2023-08,2023-05,2023-08,Performance and Scale for AI Platforms,52,1,0.019231
JIRA,jira,project,2023-05_to_2023-08,2023-05,2023-08,Phoenix,81,17,0.209877
JIRA,jira,project,2023-05_to_2023-08,2023-05,2023-08,Phoenix Omid,7,2,0.285714
JIRA,jira,project,2023-05_to_2023-08,2023-05,2023-08,Pig,7,1,0.142857
JIRA,jira,project,2023-05_to_2023-08,2023-05,2023-08,Podling Suitable Names Search,3,0,0.000000
JIRA,jira,project,2023-05_to_2023-08,2023-05,2023-08,Product Technical Learning,602,22,0.036545
JIRA,jira,project,2023-05_to_2023-08,2023-05,2023-08,Proforma Server & Data Centre,11,1,0.090909
JIRA,jira,project,2023-05_to_2023-08,2023-05,2023-08,Project Quay,321,40,0.124611
JIRA,jira,project,2023-05_to_2023-08,2023-05,2023-08,PyLucene,1,0,0.000000
JIRA,jira,project,2023-05_to_2023-08,2023-05,2023-08,Python Driver,230,36,0.156522
JIRA,jira,project,2023-05_to_2023-08,2023-05,2023-08,Python Integrations,10,1,0.100000
JIRA,jira,project,2023-05_to_2023-08,2023-05,2023-08,"Qbs (""Cubes"")",20,7,0.350000
JIRA,jira,project,2023-05_to_2023-08,2023-05,2023-08,Qpid,13,1,0.076923
JIRA,jira,project,2023-05_to_2023-08,2023-05,2023-08,Qpid Dispatch,2,1,0.500000
JIRA,jira,project,2023-05_to_2023-08,2023-05,2023-08,Qpid JMS,5,1,0.200000
JIRA,jira,project,2023-05_to_2023-08,2023-05,2023-08,Qpid Proton,44,3,0.068182
JIRA,jira,project,2023-05_to_2023-08,2023-05,2023-08,Qt,2840,683,0.240493
JIRA,jira,project,2023-05_to_2023-08,2023-05,2023-08,Qt Creator,434,76,0.175115
JIRA,jira,project,2023-05_to_2023-08,2023-05,2023-08,Qt Design Studio,674,40,0.059347
JIRA,jira,project,2023-05_to_2023-08,2023-05,2023-08,Qt Installer Framework,85,10,0.117647
JIRA,jira,project,2023-05_to_2023-08,2023-05,2023-08,Qt Project Website,17,0,0.000000
JIRA,jira,project,2023-05_to_2023-08,2023-05,2023-08,Qt Quality Assurance Infrastructure,171,11,0.064327
JIRA,jira,project,2023-05_to_2023-08,2023-05,2023-08,Qt Visual Studio Tools,24,4,0.166667
JIRA,jira,project,2023-05_to_2023-08,2023-05,2023-08,Qt WebBrowser,1,0,0.000000
JIRA,jira,project,2023-05_to_2023-08,2023-05,2023-08,Qt for Python,130,54,0.415385
JIRA,jira,project,2023-05_to_2023-08,2023-05,2023-08,Quarkus,129,17,0.131783
JIRA,jira,project,2023-05_to_2023-08,2023-05,2023-08,Quarkus Documentation,171,0,0.000000
JIRA,jira,project,2023-05_to_2023-08,2023-05,2023-08,RDO Project,37,0,0.000000
JIRA,jira,project,2023-05_to_2023-08,2023-05,2023-08,RESTEasy,57,6,0.105263
JIRA,jira,project,2023-05_to_2023-08,2023-05,2023-08,RH,49,6,0.122449
JIRA,jira,project,2023-05_to_2023-08,2023-05,2023-08,RHEL,481,202,0.419958
JIRA,jira,project,2023-05_to_2023-08,2023-05,2023-08,RHEL Conversions,51,15,0.294118
JIRA,jira,project,2023-05_to_2023-08,2023-05,2023-08,RHEL Documentation,2,0,0.000000
JIRA,jira,project,2023-05_to_2023-08,2023-05,2023-08,RHEL Testing,2,1,0.500000
JIRA,jira,project,2023-05_to_2023-08,2023-05,2023-08,Ranger,172,14,0.081395
JIRA,jira,project,2023-05_to_2023-08,2023-05,2023-08,Ratis,41,8,0.195122
JIRA,jira,project,2023-05_to_2023-08,2023-05,2023-08,Reactive JVM Platform,6,0,0.000000
JIRA,jira,project,2023-05_to_2023-08,2023-05,2023-08,Red Hat 3scale API Management,332,18,0.054217
JIRA,jira,project,2023-05_to_2023-08,2023-05,2023-08,Red Hat Advanced Cluster Management,1345,113,0.084015
JIRA,jira,project,2023-05_to_2023-08,2023-05,2023-08,Red Hat Advanced Cluster Security,1,0,0.000000
JIRA,jira,project,2023-05_to_2023-08,2023-05,2023-08,Red Hat Build of Apache Camel for Quarkus,26,2,0.076923
JIRA,jira,project,2023-05_to_2023-08,2023-05,2023-08,Red Hat Data Grid,70,1,0.014286
JIRA,jira,project,2023-05_to_2023-08,2023-05,2023-08,Red Hat Decision Manager,3,1,0.333333
JIRA,jira,project,2023-05_to_2023-08,2023-05,2023-08,Red Hat Directory Server,8,2,0.250000
JIRA,jira,project,2023-05_to_2023-08,2023-05,2023-08,Red Hat Fuse,433,18,0.041570
JIRA,jira,project,2023-05_to_2023-08,2023-05,2023-08,Red Hat Insights Engineering,18,2,0.111111
JIRA,jira,project,2023-05_to_2023-08,2023-05,2023-08,Red Hat Insights Strategy,2,0,0.000000
JIRA,jira,project,2023-05_to_2023-08,2023-05,2023-08,Red Hat OpenBridge,2,0,0.000000
JIRA,jira,project,2023-05_to_2023-08,2023-05,2023-08,Red Hat OpenShift Control Planes,4,0,0.000000
JIRA,jira,project,2023-05_to_2023-08,2023-05,2023-08,Red Hat OpenShift Data Science,1213,16,0.013190
JIRA,jira,project,2023-05_to_2023-08,2023-05,2023-08,Red Hat OpenShift Dev Spaces (formerly CodeReady Workspaces),165,39,0.236364
JIRA,jira,project,2023-05_to_2023-08,2023-05,2023-08,Red Hat OpenStack Services on OpenShift,459,31,0.067538
JIRA,jira,project,2023-05_to_2023-08,2023-05,2023-08,Red Hat Process Automation Manager,54,11,0.203704
JIRA,jira,project,2023-05_to_2023-08,2023-05,2023-08,Red Hat Service Interconnect (Skupper),53,5,0.094340
JIRA,jira,project,2023-05_to_2023-08,2023-05,2023-08,Red Hat Workload Availability,14,0,0.000000
JIRA,jira,project,2023-05_to_2023-08,2023-05,2023-08,Red Hat build of Apache Camel for Spring Boot,192,4,0.020833
JIRA,jira,project,2023-05_to_2023-08,2023-05,2023-08,Red Hat build of Keycloak,2,0,0.000000
JIRA,jira,project,2023-05_to_2023-08,2023-05,2023-08,Red Hat build of OptaPlanner,1,0,0.000000
JIRA,jira,project,2023-05_to_2023-08,2023-05,2023-08,Remoting JMX,5,0,0.000000
JIRA,jira,project,2023-05_to_2023-08,2023-05,2023-08,Ruby Driver,69,4,0.057971
JIRA,jira,project,2023-05_to_2023-08,2023-05,2023-08,Rust Driver,110,2,0.018182
JIRA,jira,project,2023-05_to_2023-08,2023-05,2023-08,SAML for Atlassian Data Center,4,0,0.000000
JIRA,jira,project,2023-05_to_2023-08,2023-05,2023-08,Sakai,380,54,0.142105
JIRA,jira,project,2023-05_to_2023-08,2023-05,2023-08,Samza,12,1,0.083333
JIRA,jira,project,2023-05_to_2023-08,2023-05,2023-08,Santuario,4,0,0.000000
JIRA,jira,project,2023-05_to_2023-08,2023-05,2023-08,Satellite,1106,220,0.198915
JIRA,jira,project,2023-05_to_2023-08,2023-05,2023-08,Security Data,5,1,0.200000
JIRA,jira,project,2023-05_to_2023-08,2023-05,2023-08,Server Deployments and Scale,1,0,0.000000
JIRA,jira,project,2023-05_to_2023-08,2023-05,2023-08,Server Platform Frontend,29,0,0.000000
JIRA,jira,project,2023-05_to_2023-08,2023-05,2023-08,Serverless logic,18,0,0.000000
JIRA,jira,project,2023-05_to_2023-08,2023-05,2023-08,ServiceMix,73,0,0.000000
JIRA,jira,project,2023-05_to_2023-08,2023-05,2023-08,Shared Access Layer,2,0,0.000000
JIRA,jira,project,2023-05_to_2023-08,2023-05,2023-08,Shiro,2,1,0.500000
JIRA,jira,project,2023-05_to_2023-08,2023-05,2023-08,ShrinkWrap Resolvers,7,1,0.142857
JIRA,jira,project,2023-05_to_2023-08,2023-05,2023-08,Sidecar for Apache Cassandra,22,2,0.090909
JIRA,jira,project,2023-05_to_2023-08,2023-05,2023-08,Singa,1,0,0.000000
JIRA,jira,project,2023-05_to_2023-08,2023-05,2023-08,Sling,163,29,0.177914
JIRA,jira,project,2023-05_to_2023-08,2023-05,2023-08,Solr,177,34,0.192090
JIRA,jira,project,2023-05_to_2023-08,2023-05,2023-08,Sourcetree For Mac,22,5,0.227273
JIRA,jira,project,2023-05_to_2023-08,2023-05,2023-08,Sourcetree for Windows,61,9,0.147541
JIRA,jira,project,2023-05_to_2023-08,2023-05,2023-08,Spark,1710,151,0.088304
JIRA,jira,project,2023-05_to_2023-08,2023-05,2023-08,Spark Connector,9,2,0.222222
JIRA,jira,project,2023-05_to_2023-08,2023-05,2023-08,Spatial Information Systems,9,0,0.000000
JIRA,jira,project,2023-05_to_2023-08,2023-05,2023-08,Spring Boot & Cloud,66,0,0.000000
JIRA,jira,project,2023-05_to_2023-08,2023-05,2023-08,StAXMapper,2,0,0.000000
JIRA,jira,project,2023-05_to_2023-08,2023-05,2023-08,Statuspage,11,0,0.000000
JIRA,jira,project,2023-05_to_2023-08,2023-05,2023-08,Struts 2,36,1,0.027778
JIRA,jira,project,2023-05_to_2023-08,2023-05,2023-08,Subscription Watch,132,8,0.060606
JIRA,jira,project,2023-05_to_2023-08,2023-05,2023-08,Subversion,1,0,0.000000
JIRA,jira,project,2023-05_to_2023-08,2023-05,2023-08,Synapse,2,0,0.000000
JIRA,jira,project,2023-05_to_2023-08,2023-05,2023-08,Syncope,20,1,0.050000
JIRA,jira,project,2023-05_to_2023-08,2023-05,2023-08,SystemDS,57,4,0.070175
JIRA,jira,project,2023-05_to_2023-08,2023-05,2023-08,TEST Defect Tracking Project,22,0,0.000000
JIRA,jira,project,2023-05_to_2023-08,2023-05,2023-08,TOREE,17,0,0.000000
JIRA,jira,project,2023-05_to_2023-08,2023-05,2023-08,Tapestry 5,7,5,0.714286
JIRA,jira,project,2023-05_to_2023-08,2023-05,2023-08,Teiid,1,0,0.000000
JIRA,jira,project,2023-05_to_2023-08,2023-05,2023-08,Thrift,27,3,0.111111
JIRA,jira,project,2023-05_to_2023-08,2023-05,2023-08,Tika,98,7,0.071429
JIRA,jira,project,2023-05_to_2023-08,2023-05,2023-08,TinkerPop,52,13,0.250000
JIRA,jira,project,2023-05_to_2023-08,2023-05,2023-08,TomEE,35,2,0.057143
JIRA,jira,project,2023-05_to_2023-08,2023-05,2023-08,Tools (JBoss Tools),70,6,0.085714
JIRA,jira,project,2023-05_to_2023-08,2023-05,2023-08,Undertow,37,4,0.108108
JIRA,jira,project,2023-05_to_2023-08,2023-05,2023-08,VS Code Extension,71,2,0.028169
JIRA,jira,project,2023-05_to_2023-08,2023-05,2023-08,Velocity,1,1,1.000000
JIRA,jira,project,2023-05_to_2023-08,2023-05,2023-08,Virtualization Strategy,29,0,0.000000
JIRA,jira,project,2023-05_to_2023-08,2023-05,2023-08,Visual Design,18,0,0.000000
JIRA,jira,project,2023-05_to_2023-08,2023-05,2023-08,Visual Studio,23,0,0.000000
JIRA,jira,project,2023-05_to_2023-08,2023-05,2023-08,WINDUP ,157,7,0.044586
JIRA,jira,project,2023-05_to_2023-08,2023-05,2023-08,WINDUPRULE ,47,1,0.021277
JIRA,jira,project,2023-05_to_2023-08,2023-05,2023-08,WSS4J,4,2,0.500000
JIRA,jira,project,2023-05_to_2023-08,2023-05,2023-08,Web Terminal for OpenShift,10,0,0.000000
JIRA,jira,project,2023-05_to_2023-08,2023-05,2023-08,Weld,8,0,0.000000
JIRA,jira,project,2023-05_to_2023-08,2023-05,2023-08,Whimsy,4,1,0.250000
JIRA,jira,project,2023-05_to_2023-08,2023-05,2023-08,Who's Looking for OnDemand,3,0,0.000000
JIRA,jira,project,2023-05_to_2023-08,2023-05,2023-08,Wicket,19,1,0.052632
JIRA,jira,project,2023-05_to_2023-08,2023-05,2023-08,WildFly,359,39,0.108635
JIRA,jira,project,2023-05_to_2023-08,2023-05,2023-08,WildFly Arquillian,4,0,0.000000
JIRA,jira,project,2023-05_to_2023-08,2023-05,2023-08,WildFly Core,112,6,0.053571
JIRA,jira,project,2023-05_to_2023-08,2023-05,2023-08,WildFly Discovery,9,0,0.000000
JIRA,jira,project,2023-05_to_2023-08,2023-05,2023-08,WildFly EJB HTTP Client,8,0,0.000000
JIRA,jira,project,2023-05_to_2023-08,2023-05,2023-08,WildFly Elytron,36,0,0.000000
JIRA,jira,project,2023-05_to_2023-08,2023-05,2023-08,WildFly Elytron EE,6,0,0.000000
JIRA,jira,project,2023-05_to_2023-08,2023-05,2023-08,WildFly Maven Plugin,10,1,0.100000
JIRA,jira,project,2023-05_to_2023-08,2023-05,2023-08,WildFly Naming Client,6,0,0.000000
JIRA,jira,project,2023-05_to_2023-08,2023-05,2023-08,WildFly OpenSSL Natives,1,0,0.000000
JIRA,jira,project,2023-05_to_2023-08,2023-05,2023-08,WildFly Transaction Client,14,0,0.000000
JIRA,jira,project,2023-05_to_2023-08,2023-05,2023-08,WildFly WIP,73,17,0.232877
JIRA,jira,project,2023-05_to_2023-08,2023-05,2023-08,WiredTiger,570,203,0.356140
JIRA,jira,project,2023-05_to_2023-08,2023-05,2023-08,XMLBeans,3,1,0.333333
JIRA,jira,project,2023-05_to_2023-08,2023-05,2023-08,XMLGraphicsCommons,2,0,0.000000
JIRA,jira,project,2023-05_to_2023-08,2023-05,2023-08,XNIO,4,0,0.000000
JIRA,jira,project,2023-05_to_2023-08,2023-05,2023-08,Xerces,2,0,0.000000
JIRA,jira,project,2023-05_to_2023-08,2023-05,2023-08,Xerces2,3,0,0.000000
JIRA,jira,project,2023-05_to_2023-08,2023-05,2023-08,Yetus,13,1,0.076923
JIRA,jira,project,2023-05_to_2023-08,2023-05,2023-08,Zeppelin,43,13,0.302326
JIRA,jira,project,2023-05_to_2023-08,2023-05,2023-08,ZooKeeper,47,15,0.319149
JIRA,jira,project,2023-05_to_2023-08,2023-05,2023-08,atlassian,1,0,0.000000
JIRA,jira,project,2023-05_to_2023-08,2023-05,2023-08,jBPM,23,2,0.086957
JIRA,jira,project,2023-05_to_2023-08,2023-05,2023-08,mod_cluster,14,4,0.285714
JIRA,jira,project,2023-05_to_2023-08,2023-05,2023-08,repository.jboss.org/nexus,16,0,0.000000
JIRA,jira,project,2023-05_to_2023-08,2023-05,2023-08,www.apache.org website,7,1,0.142857
JIRA,jira,project,2023-09_to_2023-12,2023-09,2023-12,AMQ Broker,205,19,0.092683
JIRA,jira,project,2023-09_to_2023-12,2023-09,2023-12,AMQ Clients,9,1,0.111111
JIRA,jira,project,2023-09_to_2023-12,2023-09,2023-12,AMQ Documentation,12,0,0.000000
JIRA,jira,project,2023-09_to_2023-12,2023-09,2023-12,AMQ Streams,174,10,0.057471
JIRA,jira,project,2023-09_to_2023-12,2023-09,2023-12,AMQ Streams Kafka Proxy,3,0,0.000000
JIRA,jira,project,2023-09_to_2023-12,2023-09,2023-12,ActiveMQ (Read,102,14,0.137255
JIRA,jira,project,2023-09_to_2023-12,2023-09,2023-12,ActiveMQ .Net,1,0,0.000000
JIRA,jira,project,2023-09_to_2023-12,2023-09,2023-12,ActiveMQ C++ Client,2,1,0.500000
JIRA,jira,project,2023-09_to_2023-12,2023-09,2023-12,ActiveMQ OpenWire,8,0,0.000000
JIRA,jira,project,2023-09_to_2023-12,2023-09,2023-12,ActiveObjects,11,0,0.000000
JIRA,jira,project,2023-09_to_2023-12,2023-09,2023-12,Activity Streams,1,0,0.000000
JIRA,jira,project,2023-09_to_2023-12,2023-09,2023-12,Admin Experience,90,4,0.044444
JIRA,jira,project,2023-09_to_2023-12,2023-09,2023-12,Aesh,1,0,0.000000
JIRA,jira,project,2023-09_to_2023-12,2023-09,2023-12,Agent,141,5,0.035461
JIRA,jira,project,2023-09_to_2023-12,2023-09,2023-12,Agroal,12,1,0.083333
JIRA,jira,project,2023-09_to_2023-12,2023-09,2023-12,Airavata,3,0,0.000000
JIRA,jira,project,2023-09_to_2023-12,2023-09,2023-12,Ambari,33,5,0.151515
JIRA,jira,project,2023-09_to_2023-12,2023-09,2023-12,Analytics,38,0,0.000000
JIRA,jira,project,2023-09_to_2023-12,2023-09,2023-12,Ansible Automation Platform RFEs,178,3,0.016854
JIRA,jira,project,2023-09_to_2023-12,2023-09,2023-12,Ansible Strategy,1,0,0.000000
JIRA,jira,project,2023-09_to_2023-12,2023-09,2023-12,Apache AsterixDB,80,2,0.025000
JIRA,jira,project,2023-09_to_2023-12,2023-09,2023-12,Apache Avro,77,15,0.194805
JIRA,jira,project,2023-09_to_2023-12,2023-09,2023-12,Apache Cassandra,420,149,0.354762
JIRA,jira,project,2023-09_to_2023-12,2023-09,2023-12,Apache Cassandra Java driver,9,0,0.000000
JIRA,jira,project,2023-09_to_2023-12,2023-09,2023-12,Apache Celeborn,259,8,0.030888
JIRA,jira,project,2023-09_to_2023-12,2023-09,2023-12,Apache Commons All,1,0,0.000000
JIRA,jira,project,2023-09_to_2023-12,2023-09,2023-12,Apache Curator,8,2,0.250000
JIRA,jira,project,2023-09_to_2023-12,2023-09,2023-12,Apache Drill,15,1,0.066667
JIRA,jira,project,2023-09_to_2023-12,2023-09,2023-12,Apache Fineract,64,3,0.046875
JIRA,jira,project,2023-09_to_2023-12,2023-09,2023-12,Apache Freemarker,5,2,0.400000
JIRA,jira,project,2023-09_to_2023-12,2023-09,2023-12,Apache Gobblin,86,1,0.011628
JIRA,jira,project,2023-09_to_2023-12,2023-09,2023-12,Apache Hudi,458,25,0.054585
JIRA,jira,project,2023-09_to_2023-12,2023-09,2023-12,Apache IoTDB,149,0,0.000000
JIRA,jira,project,2023-09_to_2023-12,2023-09,2023-12,Apache Jena,4,2,0.500000
JIRA,jira,project,2023-09_to_2023-12,2023-09,2023-12,Apache Knox,45,4,0.088889
JIRA,jira,project,2023-09_to_2023-12,2023-09,2023-12,Apache MADlib,1,0,0.000000
JIRA,jira,project,2023-09_to_2023-12,2023-09,2023-12,Apache NetBeans Infra,1,0,0.000000
JIRA,jira,project,2023-09_to_2023-12,2023-09,2023-12,Apache NiFi,538,37,0.068773
JIRA,jira,project,2023-09_to_2023-12,2023-09,2023-12,Apache NiFi MiNiFi C++,65,4,0.061538
JIRA,jira,project,2023-09_to_2023-12,2023-09,2023-12,Apache NuttX,1,0,0.000000
JIRA,jira,project,2023-09_to_2023-12,2023-09,2023-12,Apache Ozone,804,90,0.111940
JIRA,jira,project,2023-09_to_2023-12,2023-09,2023-12,Apache RAT,18,3,0.166667
JIRA,jira,project,2023-09_to_2023-12,2023-09,2023-12,Apache Roller,1,0,0.000000
JIRA,jira,project,2023-09_to_2023-12,2023-09,2023-12,Apache SCIMple,1,0,0.000000
JIRA,jira,project,2023-09_to_2023-12,2023-09,2023-12,Apache Science Data Analytics Platform,19,0,0.000000
JIRA,jira,project,2023-09_to_2023-12,2023-09,2023-12,Apache Sedona,79,1,0.012658
JIRA,jira,project,2023-09_to_2023-12,2023-09,2023-12,Apache ServiceComb,41,0,0.000000
JIRA,jira,project,2023-09_to_2023-12,2023-09,2023-12,Apache Storm,45,6,0.133333
JIRA,jira,project,2023-09_to_2023-12,2023-09,2023-12,Apache Submarine,11,0,0.000000
JIRA,jira,project,2023-09_to_2023-12,2023-09,2023-12,Apache Tez,15,1,0.066667
JIRA,jira,project,2023-09_to_2023-12,2023-09,2023-12,Apache Unomi,17,3,0.176471
JIRA,jira,project,2023-09_to_2023-12,2023-09,2023-12,Apache YuniKorn,348,39,0.112069
JIRA,jira,project,2023-09_to_2023-12,2023-09,2023-12,AppFormer,1,0,0.000000
JIRA,jira,project,2023-09_to_2023-12,2023-09,2023-12,Application Links,3,0,0.000000
JIRA,jira,project,2023-09_to_2023-12,2023-09,2023-12,Archiva (Retired),2,1,0.500000
JIRA,jira,project,2023-09_to_2023-12,2023-09,2023-12,Aries,18,4,0.222222
JIRA,jira,project,2023-09_to_2023-12,2023-09,2023-12,Arquillian,1,0,0.000000
JIRA,jira,project,2023-09_to_2023-12,2023-09,2023-12,Artemis,133,14,0.105263
JIRA,jira,project,2023-09_to_2023-12,2023-09,2023-12,Atlas,34,5,0.147059
JIRA,jira,project,2023-09_to_2023-12,2023-09,2023-12,Atlas SQL,6,0,0.000000
JIRA,jira,project,2023-09_to_2023-12,2023-09,2023-12,Atlassian Cache,1,0,0.000000
JIRA,jira,project,2023-09_to_2023-12,2023-09,2023-12,Atlassian Cloud,54,4,0.074074
JIRA,jira,project,2023-09_to_2023-12,2023-09,2023-12,Atlassian Connect,2,0,0.000000
JIRA,jira,project,2023-09_to_2023-12,2023-09,2023-12,Atlassian Connect Express (Node.js),1,0,0.000000
JIRA,jira,project,2023-09_to_2023-12,2023-09,2023-12,Atlassian Connect JavaScript API,1,1,1.000000
JIRA,jira,project,2023-09_to_2023-12,2023-09,2023-12,Atlassian Connect Spring Boot,6,1,0.166667
JIRA,jira,project,2023-09_to_2023-12,2023-09,2023-12,Atlassian Connect in Jira Cloud,18,2,0.111111
JIRA,jira,project,2023-09_to_2023-12,2023-09,2023-12,Atlassian Ecosystem,32,3,0.093750
JIRA,jira,project,2023-09_to_2023-12,2023-09,2023-12,Atlassian Gadgets,2,0,0.000000
JIRA,jira,project,2023-09_to_2023-12,2023-09,2023-12,Atlassian Guard,49,1,0.020408
JIRA,jira,project,2023-09_to_2023-12,2023-09,2023-12,Atlassian Intelligence,33,0,0.000000
JIRA,jira,project,2023-09_to_2023-12,2023-09,2023-12,Atlassian Internationalization,37,0,0.000000
JIRA,jira,project,2023-09_to_2023-12,2023-09,2023-12,Atlassian LESS,8,0,0.000000
JIRA,jira,project,2023-09_to_2023-12,2023-09,2023-12,Atlassian Marketplace,31,2,0.064516
JIRA,jira,project,2023-09_to_2023-12,2023-09,2023-12,Atlassian Maven Plugin Suite,13,0,0.000000
JIRA,jira,project,2023-09_to_2023-12,2023-09,2023-12,Atlassian OAuth 2.0,1,0,0.000000
JIRA,jira,project,2023-09_to_2023-12,2023-09,2023-12,Atlassian Plugins,5,0,0.000000
JIRA,jira,project,2023-09_to_2023-12,2023-09,2023-12,Atlassian Plugins Webresources,54,0,0.000000
JIRA,jira,project,2023-09_to_2023-12,2023-09,2023-12,Atlassian Product Integrations,17,0,0.000000
JIRA,jira,project,2023-09_to_2023-12,2023-09,2023-12,Atlassian REST,2,0,0.000000
JIRA,jira,project,2023-09_to_2023-12,2023-09,2023-12,Atlassian Reference Application,1,0,0.000000
JIRA,jira,project,2023-09_to_2023-12,2023-09,2023-12,Atlassian Selenium,1,0,0.000000
JIRA,jira,project,2023-09_to_2023-12,2023-09,2023-12,Atlassian Troubleshooting & Support Tools Plugin,7,0,0.000000
JIRA,jira,project,2023-09_to_2023-12,2023-09,2023-12,Atlassian User Interface,15,0,0.000000
JIRA,jira,project,2023-09_to_2023-12,2023-09,2023-12,Atlassian WebHooks Plugin,2,1,0.500000
JIRA,jira,project,2023-09_to_2023-12,2023-09,2023-12,Attic,4,0,0.000000
JIRA,jira,project,2023-09_to_2023-12,2023-09,2023-12,Automation for Cloud,111,4,0.036036
JIRA,jira,project,2023-09_to_2023-12,2023-09,2023-12,Automation for Jira Server,50,5,0.100000
JIRA,jira,project,2023-09_to_2023-12,2023-09,2023-12,Axiom,1,0,0.000000
JIRA,jira,project,2023-09_to_2023-12,2023-09,2023-12,Axis2,3,1,0.333333
JIRA,jira,project,2023-09_to_2023-12,2023-09,2023-12,Bamboo Data Center,398,4,0.010050
JIRA,jira,project,2023-09_to_2023-12,2023-09,2023-12,Batik,4,0,0.000000
JIRA,jira,project,2023-09_to_2023-12,2023-09,2023-12,Bigtop,59,4,0.067797
JIRA,jira,project,2023-09_to_2023-12,2023-09,2023-12,Bitbucket Cloud,171,10,0.058480
JIRA,jira,project,2023-09_to_2023-12,2023-09,2023-12,Bitbucket Data Center,353,7,0.019830
JIRA,jira,project,2023-09_to_2023-12,2023-09,2023-12,BxMS Documentation,4,0,0.000000
JIRA,jira,project,2023-09_to_2023-12,2023-09,2023-12,Byteman,3,0,0.000000
JIRA,jira,project,2023-09_to_2023-12,2023-09,2023-12,C Driver,76,11,0.144737
JIRA,jira,project,2023-09_to_2023-12,2023-09,2023-12,C# Driver,114,22,0.192982
JIRA,jira,project,2023-09_to_2023-12,2023-09,2023-12,C++ Driver,52,3,0.057692
JIRA,jira,project,2023-09_to_2023-12,2023-09,2023-12,CCS documentation feedback,3,0,0.000000
JIRA,jira,project,2023-09_to_2023-12,2023-09,2023-12,CPE Infrastructure,79,0,0.000000
JIRA,jira,project,2023-09_to_2023-12,2023-09,2023-12,CXF,45,14,0.311111
JIRA,jira,project,2023-09_to_2023-12,2023-09,2023-12,CXF XJC Utils,1,0,0.000000
JIRA,jira,project,2023-09_to_2023-12,2023-09,2023-12,Calcite,214,49,0.228972
JIRA,jira,project,2023-09_to_2023-12,2023-09,2023-12,Camel,558,76,0.136201
JIRA,jira,project,2023-09_to_2023-12,2023-09,2023-12,Causeway,100,6,0.060000
JIRA,jira,project,2023-09_to_2023-12,2023-09,2023-12,Cayenne,19,0,0.000000
JIRA,jira,project,2023-09_to_2023-12,2023-09,2023-12,CentOS Stream Pipeline,75,21,0.280000
JIRA,jira,project,2023-09_to_2023-12,2023-09,2023-12,Cert Manager support for Red Hat OpenShift,54,0,0.000000
JIRA,jira,project,2023-09_to_2023-12,2023-09,2023-12,Certification Partner Experience Public,15,0,0.000000
JIRA,jira,project,2023-09_to_2023-12,2023-09,2023-12,Clair,7,1,0.142857
JIRA,jira,project,2023-09_to_2023-12,2023-09,2023-12,Client,2,0,0.000000
JIRA,jira,project,2023-09_to_2023-12,2023-09,2023-12,Cloud Enablement,13,0,0.000000
JIRA,jira,project,2023-09_to_2023-12,2023-09,2023-12,Cloud Infrastructure Security & Compliance,34,2,0.058824
JIRA,jira,project,2023-09_to_2023-12,2023-09,2023-12,Cloud Native Runtimes (CNR) Documentation,1,0,0.000000
JIRA,jira,project,2023-09_to_2023-12,2023-09,2023-12,Cluster Integration and Delivery,24,2,0.083333
JIRA,jira,project,2023-09_to_2023-12,2023-09,2023-12,Cluster Observability Operator,10,3,0.300000
JIRA,jira,project,2023-09_to_2023-12,2023-09,2023-12,Cockpit,28,0,0.000000
JIRA,jira,project,2023-09_to_2023-12,2023-09,2023-12,Coin,24,6,0.250000
JIRA,jira,project,2023-09_to_2023-12,2023-09,2023-12,Commerce,7,0,0.000000
JIRA,jira,project,2023-09_to_2023-12,2023-09,2023-12,Commons BCEL,1,0,0.000000
JIRA,jira,project,2023-09_to_2023-12,2023-09,2023-12,Commons BeanUtils,3,1,0.333333
JIRA,jira,project,2023-09_to_2023-12,2023-09,2023-12,Commons CLI,2,0,0.000000
JIRA,jira,project,2023-09_to_2023-12,2023-09,2023-12,Commons CSV,1,1,1.000000
JIRA,jira,project,2023-09_to_2023-12,2023-09,2023-12,Commons Codec,8,0,0.000000
JIRA,jira,project,2023-09_to_2023-12,2023-09,2023-12,Commons Collections,5,1,0.200000
JIRA,jira,project,2023-09_to_2023-12,2023-09,2023-12,Commons Compress,6,3,0.500000
JIRA,jira,project,2023-09_to_2023-12,2023-09,2023-12,Commons Configuration,2,1,0.500000
JIRA,jira,project,2023-09_to_2023-12,2023-09,2023-12,Commons Crypto,12,3,0.250000
JIRA,jira,project,2023-09_to_2023-12,2023-09,2023-12,Commons DBCP,3,1,0.333333
JIRA,jira,project,2023-09_to_2023-12,2023-09,2023-12,Commons Daemon,1,0,0.000000
JIRA,jira,project,2023-09_to_2023-12,2023-09,2023-12,Commons Digester,1,0,0.000000
JIRA,jira,project,2023-09_to_2023-12,2023-09,2023-12,Commons FileUpload,3,1,0.333333
JIRA,jira,project,2023-09_to_2023-12,2023-09,2023-12,Commons IO,27,3,0.111111
JIRA,jira,project,2023-09_to_2023-12,2023-09,2023-12,Commons Imaging,11,0,0.000000
JIRA,jira,project,2023-09_to_2023-12,2023-09,2023-12,Commons JCS,4,2,0.500000
JIRA,jira,project,2023-09_to_2023-12,2023-09,2023-12,Commons JEXL,13,3,0.230769
JIRA,jira,project,2023-09_to_2023-12,2023-09,2023-12,Commons JXPath,1,0,0.000000
JIRA,jira,project,2023-09_to_2023-12,2023-09,2023-12,Commons Lang,13,2,0.153846
JIRA,jira,project,2023-09_to_2023-12,2023-09,2023-12,Commons Logging,4,0,0.000000
JIRA,jira,project,2023-09_to_2023-12,2023-09,2023-12,Commons Math,1,0,0.000000
JIRA,jira,project,2023-09_to_2023-12,2023-09,2023-12,Commons Net,1,0,0.000000
JIRA,jira,project,2023-09_to_2023-12,2023-09,2023-12,Commons Numbers,1,0,0.000000
JIRA,jira,project,2023-09_to_2023-12,2023-09,2023-12,Commons Pool,3,0,0.000000
JIRA,jira,project,2023-09_to_2023-12,2023-09,2023-12,Commons Statistics,3,1,0.333333
JIRA,jira,project,2023-09_to_2023-12,2023-09,2023-12,Commons VFS,10,3,0.300000
JIRA,jira,project,2023-09_to_2023-12,2023-09,2023-12,Commons Validator,2,1,0.500000
JIRA,jira,project,2023-09_to_2023-12,2023-09,2023-12,Community Development,4,0,0.000000
JIRA,jira,project,2023-09_to_2023-12,2023-09,2023-12,Compass,342,17,0.049708
JIRA,jira,project,2023-09_to_2023-12,2023-09,2023-12,Confluence Cloud,663,38,0.057315
JIRA,jira,project,2023-09_to_2023-12,2023-09,2023-12,Confluence Data Center,316,38,0.120253
JIRA,jira,project,2023-09_to_2023-12,2023-09,2023-12,Container Tools,83,7,0.084337
JIRA,jira,project,2023-09_to_2023-12,2023-09,2023-12,Content Gateway,9,0,0.000000
JIRA,jira,project,2023-09_to_2023-12,2023-09,2023-12,Contrib: Clog,1,0,0.000000
JIRA,jira,project,2023-09_to_2023-12,2023-09,2023-12,Contrib: SCORM Player,1,1,1.000000
JIRA,jira,project,2023-09_to_2023-12,2023-09,2023-12,Contrib: TurnItIn,1,0,0.000000
JIRA,jira,project,2023-09_to_2023-12,2023-09,2023-12,Core Server,3645,348,0.095473
JIRA,jira,project,2023-09_to_2023-12,2023-09,2023-12,CoreOS OCP,161,12,0.074534
JIRA,jira,project,2023-09_to_2023-12,2023-09,2023-12,Cost Management,16,0,0.000000
JIRA,jira,project,2023-09_to_2023-12,2023-09,2023-12,Crowd Data Center,200,0,0.000000
JIRA,jira,project,2023-09_to_2023-12,2023-09,2023-12,Crucible,5,0,0.000000
JIRA,jira,project,2023-09_to_2023-12,2023-09,2023-12,Daffodil,27,5,0.185185
JIRA,jira,project,2023-09_to_2023-12,2023-09,2023-12,Data Foundation Bugs,31,7,0.225806
JIRA,jira,project,2023-09_to_2023-12,2023-09,2023-12,DataFu,1,0,0.000000
JIRA,jira,project,2023-09_to_2023-12,2023-09,2023-12,Debezium,398,101,0.253769
JIRA,jira,project,2023-09_to_2023-12,2023-09,2023-12,Derby (Retired),3,2,0.666667
JIRA,jira,project,2023-09_to_2023-12,2023-09,2023-12,Directory,1,0,0.000000
JIRA,jira,project,2023-09_to_2023-12,2023-09,2023-12,Directory ApacheDS,1,1,1.000000
JIRA,jira,project,2023-09_to_2023-12,2023-09,2023-12,Directory Client API,2,1,0.500000
JIRA,jira,project,2023-09_to_2023-12,2023-09,2023-12,Directory Kerberos,6,0,0.000000
JIRA,jira,project,2023-09_to_2023-12,2023-09,2023-12,Directory Studio,2,0,0.000000
JIRA,jira,project,2023-09_to_2023-12,2023-09,2023-12,Distributed Tracing,173,16,0.092486
JIRA,jira,project,2023-09_to_2023-12,2023-09,2023-12,Docs for Red Hat Developers,151,1,0.006623
JIRA,jira,project,2023-09_to_2023-12,2023-09,2023-12,Drivers,54,3,0.055556
JIRA,jira,project,2023-09_to_2023-12,2023-09,2023-12,Drools,51,15,0.294118
JIRA,jira,project,2023-09_to_2023-12,2023-09,2023-12,EAP Documentation,105,2,0.019048
JIRA,jira,project,2023-09_to_2023-12,2023-09,2023-12,EJB Client Library (AS7+),1,0,0.000000
JIRA,jira,project,2023-09_to_2023-12,2023-09,2023-12,ENTSBT,8,1,0.125000
JIRA,jira,project,2023-09_to_2023-12,2023-09,2023-12,Edge Request For Enhancements,3,0,0.000000
JIRA,jira,project,2023-09_to_2023-12,2023-09,2023-12,Elytron Web,10,0,0.000000
JIRA,jira,project,2023-09_to_2023-12,2023-09,2023-12,Entity Framework,32,9,0.281250
JIRA,jira,project,2023-09_to_2023-12,2023-09,2023-12,FOP,19,3,0.157895
JIRA,jira,project,2023-09_to_2023-12,2023-09,2023-12,FORTRESS,5,0,0.000000
JIRA,jira,project,2023-09_to_2023-12,2023-09,2023-12,Fast Datapath Product,196,55,0.280612
JIRA,jira,project,2023-09_to_2023-12,2023-09,2023-12,Fedora,116,46,0.396552
JIRA,jira,project,2023-09_to_2023-12,2023-09,2023-12,Felix,30,2,0.066667
JIRA,jira,project,2023-09_to_2023-12,2023-09,2023-12,Fidelis AI,2,0,0.000000
JIRA,jira,project,2023-09_to_2023-12,2023-09,2023-12,FishEye,9,1,0.111111
JIRA,jira,project,2023-09_to_2023-12,2023-09,2023-12,FlightPath,222,2,0.009009
JIRA,jira,project,2023-09_to_2023-12,2023-09,2023-12,Flink,947,177,0.186906
JIRA,jira,project,2023-09_to_2023-12,2023-09,2023-12,Flume,1,0,0.000000
JIRA,jira,project,2023-09_to_2023-12,2023-09,2023-12,Forge,60,5,0.083333
JIRA,jira,project,2023-09_to_2023-12,2023-09,2023-12,Fuse/AMQ Documentation,8,0,0.000000
JIRA,jira,project,2023-09_to_2023-12,2023-09,2023-12,Geode,2,0,0.000000
JIRA,jira,project,2023-09_to_2023-12,2023-09,2023-12,Go Driver,94,14,0.148936
JIRA,jira,project,2023-09_to_2023-12,2023-09,2023-12,Griffin (Retired),1,0,0.000000
JIRA,jira,project,2023-09_to_2023-12,2023-09,2023-12,Groovy,99,23,0.232323
JIRA,jira,project,2023-09_to_2023-12,2023-09,2023-12,Guacamole,49,10,0.204082
JIRA,jira,project,2023-09_to_2023-12,2023-09,2023-12,HAL,48,8,0.166667
JIRA,jira,project,2023-09_to_2023-12,2023-09,2023-12,HBase,229,49,0.213974
JIRA,jira,project,2023-09_to_2023-12,2023-09,2023-12,HMS ,1,0,0.000000
JIRA,jira,project,2023-09_to_2023-12,2023-09,2023-12,Hadoop Common,136,88,0.647059
JIRA,jira,project,2023-09_to_2023-12,2023-09,2023-12,Hadoop HDFS,136,99,0.727941
JIRA,jira,project,2023-09_to_2023-12,2023-09,2023-12,Hadoop Map/Reduce,14,13,0.928571
JIRA,jira,project,2023-09_to_2023-12,2023-09,2023-12,Hadoop YARN,79,58,0.734177
JIRA,jira,project,2023-09_to_2023-12,2023-09,2023-12,HawtIO,91,12,0.131868
JIRA,jira,project,2023-09_to_2023-12,2023-09,2023-12,Hive,308,58,0.188312
JIRA,jira,project,2023-09_to_2023-12,2023-09,2023-12,HttpComponents HttpAsyncClient,1,1,1.000000
JIRA,jira,project,2023-09_to_2023-12,2023-09,2023-12,HttpComponents HttpClient,17,9,0.529412
JIRA,jira,project,2023-09_to_2023-12,2023-09,2023-12,HttpComponents HttpCore,6,3,0.500000
JIRA,jira,project,2023-09_to_2023-12,2023-09,2023-12,Hybrid Cloud Console,902,16,0.017738
JIRA,jira,project,2023-09_to_2023-12,2023-09,2023-12,Hybrid Cloud Console Docs Feedback,17,2,0.117647
JIRA,jira,project,2023-09_to_2023-12,2023-09,2023-12,Hybrid Cloud Infrastructure Documentation,92,0,0.000000
JIRA,jira,project,2023-09_to_2023-12,2023-09,2023-12,IMPALA,249,63,0.253012
JIRA,jira,project,2023-09_to_2023-12,2023-09,2023-12,Identity,36,0,0.000000
JIRA,jira,project,2023-09_to_2023-12,2023-09,2023-12,Ignite,858,137,0.159674
JIRA,jira,project,2023-09_to_2023-12,2023-09,2023-12,Incubator,2,0,0.000000
JIRA,jira,project,2023-09_to_2023-12,2023-09,2023-12,Insights Experiences,468,23,0.049145
JIRA,jira,project,2023-09_to_2023-12,2023-09,2023-12,Insights Rule Analysis Tool,8,3,0.375000
JIRA,jira,project,2023-09_to_2023-12,2023-09,2023-12,IronJacamar,3,0,0.000000
JIRA,jira,project,2023-09_to_2023-12,2023-09,2023-12,Ivy,2,0,0.000000
JIRA,jira,project,2023-09_to_2023-12,2023-09,2023-12,IvyDE (Retired),1,0,0.000000
JIRA,jira,project,2023-09_to_2023-12,2023-09,2023-12,JBeret,1,0,0.000000
JIRA,jira,project,2023-09_to_2023-12,2023-09,2023-12,JBoss Core Services,12,1,0.083333
JIRA,jira,project,2023-09_to_2023-12,2023-09,2023-12,JBoss Enterprise Application Platform,560,152,0.271429
JIRA,jira,project,2023-09_to_2023-12,2023-09,2023-12,JBoss Log Manager,6,0,0.000000
JIRA,jira,project,2023-09_to_2023-12,2023-09,2023-12,JBoss Marshalling,2,0,0.000000
JIRA,jira,project,2023-09_to_2023-12,2023-09,2023-12,JBoss Server Migration Tool,3,0,0.000000
JIRA,jira,project,2023-09_to_2023-12,2023-09,2023-12,JBoss Transaction Manager,24,4,0.166667
JIRA,jira,project,2023-09_to_2023-12,2023-09,2023-12,JBoss VFS,3,0,0.000000
JIRA,jira,project,2023-09_to_2023-12,2023-09,2023-12,JBoss Web Server,35,1,0.028571
JIRA,jira,project,2023-09_to_2023-12,2023-09,2023-12,JBoss Web Services,24,2,0.083333
JIRA,jira,project,2023-09_to_2023-12,2023-09,2023-12,JDO,1,0,0.000000
JIRA,jira,project,2023-09_to_2023-12,2023-09,2023-12,JGroups,17,4,0.235294
JIRA,jira,project,2023-09_to_2023-12,2023-09,2023-12,JIRA Toolkit Plugin,1,0,0.000000
JIRA,jira,project,2023-09_to_2023-12,2023-09,2023-12,JSPWiki,3,0,0.000000
JIRA,jira,project,2023-09_to_2023-12,2023-09,2023-12,Jackrabbit Content Repository,41,2,0.048780
JIRA,jira,project,2023-09_to_2023-12,2023-09,2023-12,Jackrabbit FileVault,21,4,0.190476
JIRA,jira,project,2023-09_to_2023-12,2023-09,2023-12,Jackrabbit Oak,161,36,0.223602
JIRA,jira,project,2023-09_to_2023-12,2023-09,2023-12,James Server,31,1,0.032258
JIRA,jira,project,2023-09_to_2023-12,2023-09,2023-12,Jandex,1,1,1.000000
JIRA,jira,project,2023-09_to_2023-12,2023-09,2023-12,Java Driver,140,16,0.114286
JIRA,jira,project,2023-09_to_2023-12,2023-09,2023-12,Jira Admin Support,2,0,0.000000
JIRA,jira,project,2023-09_to_2023-12,2023-09,2023-12,Jira Align,975,12,0.012308
JIRA,jira,project,2023-09_to_2023-12,2023-09,2023-12,Jira Cloud,73,3,0.041096
JIRA,jira,project,2023-09_to_2023-12,2023-09,2023-12,Jira Data Center,312,20,0.064103
JIRA,jira,project,2023-09_to_2023-12,2023-09,2023-12,Jira Performance Testing Tools,105,12,0.114286
JIRA,jira,project,2023-09_to_2023-12,2023-09,2023-12,Jira Platform Cloud,992,37,0.037298
JIRA,jira,project,2023-09_to_2023-12,2023-09,2023-12,Jira Service Management Cloud,425,20,0.047059
JIRA,jira,project,2023-09_to_2023-12,2023-09,2023-12,Jira Service Management Data Center,452,12,0.026549
JIRA,jira,project,2023-09_to_2023-12,2023-09,2023-12,Jira Software Data Center,139,4,0.028777
JIRA,jira,project,2023-09_to_2023-12,2023-09,2023-12,Jira Work Management Cloud,57,0,0.000000
JIRA,jira,project,2023-09_to_2023-12,2023-09,2023-12,Johnzon,1,0,0.000000
JIRA,jira,project,2023-09_to_2023-12,2023-09,2023-12,Juneau,11,1,0.090909
JIRA,jira,project,2023-09_to_2023-12,2023-09,2023-12,KIE Cloud,1,0,0.000000
JIRA,jira,project,2023-09_to_2023-12,2023-09,2023-12,Kafka,646,104,0.160991
JIRA,jira,project,2023-09_to_2023-12,2023-09,2023-12,Kafka Connector,7,0,0.000000
JIRA,jira,project,2023-09_to_2023-12,2023-09,2023-12,Karaf,53,6,0.113208
JIRA,jira,project,2023-09_to_2023-12,2023-09,2023-12,Knative Serving,59,5,0.084746
JIRA,jira,project,2023-09_to_2023-12,2023-09,2023-12,Kogito,214,8,0.037383
JIRA,jira,project,2023-09_to_2023-12,2023-09,2023-12,Konflux UI,28,0,0.000000
JIRA,jira,project,2023-09_to_2023-12,2023-09,2023-12,Kotlin BSON,1,0,0.000000
JIRA,jira,project,2023-09_to_2023-12,2023-09,2023-12,Kudu,28,13,0.464286
JIRA,jira,project,2023-09_to_2023-12,2023-09,2023-12,Kylin,47,6,0.127660
JIRA,jira,project,2023-09_to_2023-12,2023-09,2023-12,Legal Discuss,9,0,0.000000
JIRA,jira,project,2023-09_to_2023-12,2023-09,2023-12,Libmongocrypt,16,2,0.125000
JIRA,jira,project,2023-09_to_2023-12,2023-09,2023-12,Livy,6,0,0.000000
JIRA,jira,project,2023-09_to_2023-12,2023-09,2023-12,Log4j 2,11,3,0.272727
JIRA,jira,project,2023-09_to_2023-12,2023-09,2023-12,Log4net,1,0,0.000000
JIRA,jira,project,2023-09_to_2023-12,2023-09,2023-12,Lucene.Net,2,0,0.000000
JIRA,jira,project,2023-09_to_2023-12,2023-09,2023-12,MINA,1,1,1.000000
JIRA,jira,project,2023-09_to_2023-12,2023-09,2023-12,MINA SSHD,2,0,0.000000
JIRA,jira,project,2023-09_to_2023-12,2023-09,2023-12,Machine Config Operator,211,6,0.028436
JIRA,jira,project,2023-09_to_2023-12,2023-09,2023-12,Mahout,8,0,0.000000
JIRA,jira,project,2023-09_to_2023-12,2023-09,2023-12,Managed Service ,32,0,0.000000
JIRA,jira,project,2023-09_to_2023-12,2023-09,2023-12,ManifoldCF,4,2,0.500000
JIRA,jira,project,2023-09_to_2023-12,2023-09,2023-12,MariaDB ColumnStore,65,21,0.323077
JIRA,jira,project,2023-09_to_2023-12,2023-09,2023-12,MariaDB Connector/C,13,3,0.230769
JIRA,jira,project,2023-09_to_2023-12,2023-09,2023-12,MariaDB Connector/C++,2,0,0.000000
JIRA,jira,project,2023-09_to_2023-12,2023-09,2023-12,MariaDB Connector/J,37,12,0.324324
JIRA,jira,project,2023-09_to_2023-12,2023-09,2023-12,MariaDB Connector/ODBC,12,4,0.333333
JIRA,jira,project,2023-09_to_2023-12,2023-09,2023-12,MariaDB Connector/Python,9,2,0.222222
JIRA,jira,project,2023-09_to_2023-12,2023-09,2023-12,MariaDB Connector/R2DBC,4,0,0.000000
JIRA,jira,project,2023-09_to_2023-12,2023-09,2023-12,MariaDB Connector/node.js,13,0,0.000000
JIRA,jira,project,2023-09_to_2023-12,2023-09,2023-12,MariaDB Foundation Development,44,1,0.022727
JIRA,jira,project,2023-09_to_2023-12,2023-09,2023-12,MariaDB MaxScale,174,16,0.091954
JIRA,jira,project,2023-09_to_2023-12,2023-09,2023-12,MariaDB Server,1057,552,0.522233
JIRA,jira,project,2023-09_to_2023-12,2023-09,2023-12,Marvell DPU Collaboration,1,0,0.000000
JIRA,jira,project,2023-09_to_2023-12,2023-09,2023-12,Maven (Moved to GitHub Issues),124,24,0.193548
JIRA,jira,project,2023-09_to_2023-12,2023-09,2023-12,Maven ACR Plugin (Moved to GitHub Issues),1,0,0.000000
JIRA,jira,project,2023-09_to_2023-12,2023-09,2023-12,Maven Antrun Plugin (Moved to GitHub Issues),1,0,0.000000
JIRA,jira,project,2023-09_to_2023-12,2023-09,2023-12,Maven Archetype (Moved to GitHub Issues),6,2,0.333333
JIRA,jira,project,2023-09_to_2023-12,2023-09,2023-12,Maven Archetype Bundles (Moved to GitHub Issues),4,0,0.000000
JIRA,jira,project,2023-09_to_2023-12,2023-09,2023-12,Maven Artifact Plugin (Moved to GitHub Issues),11,3,0.272727
JIRA,jira,project,2023-09_to_2023-12,2023-09,2023-12,Maven Assembly Plugin (Moved to GitHub Issues),16,1,0.062500
JIRA,jira,project,2023-09_to_2023-12,2023-09,2023-12,Maven Build Cache Extension (Moved to GitHub Issues),8,2,0.250000
JIRA,jira,project,2023-09_to_2023-12,2023-09,2023-12,Maven Changes Plugin (Moved to GitHub Issues),2,1,0.500000
JIRA,jira,project,2023-09_to_2023-12,2023-09,2023-12,Maven Checkstyle Plugin (Moved to GitHub Issues),4,1,0.250000
JIRA,jira,project,2023-09_to_2023-12,2023-09,2023-12,Maven Clean Plugin (Moved to GitHub Issues),5,0,0.000000
JIRA,jira,project,2023-09_to_2023-12,2023-09,2023-12,Maven Compiler Plugin (Moved to GitHub Issues),25,8,0.320000
JIRA,jira,project,2023-09_to_2023-12,2023-09,2023-12,Maven DOAP Plugin (Moved to GitHub Issues),2,0,0.000000
JIRA,jira,project,2023-09_to_2023-12,2023-09,2023-12,Maven Dependency Plugin (Moved to GitHub Issues),19,5,0.263158
JIRA,jira,project,2023-09_to_2023-12,2023-09,2023-12,Maven Deploy Plugin (Moved to GitHub Issues),4,1,0.250000
JIRA,jira,project,2023-09_to_2023-12,2023-09,2023-12,Maven Documentation Checker Plugin  (RETIRED) (Retired),1,0,0.000000
JIRA,jira,project,2023-09_to_2023-12,2023-09,2023-12,Maven Doxia (Moved to GitHub Issues),15,0,0.000000
JIRA,jira,project,2023-09_to_2023-12,2023-09,2023-12,Maven Doxia Sitetools (Moved to GitHub Issues),10,1,0.100000
JIRA,jira,project,2023-09_to_2023-12,2023-09,2023-12,Maven Doxia Tools (Moved to GitHub Issues),1,0,0.000000
JIRA,jira,project,2023-09_to_2023-12,2023-09,2023-12,Maven EAR Plugin (Moved to GitHub Issues),1,0,0.000000
JIRA,jira,project,2023-09_to_2023-12,2023-09,2023-12,Maven Enforcer Plugin (Moved to GitHub Issues),5,2,0.400000
JIRA,jira,project,2023-09_to_2023-12,2023-09,2023-12,Maven Help Plugin (Moved to GitHub Issues),3,1,0.333333
JIRA,jira,project,2023-09_to_2023-12,2023-09,2023-12,Maven Indexer (Moved to GitHub Issues),18,0,0.000000
JIRA,jira,project,2023-09_to_2023-12,2023-09,2023-12,Maven Install Plugin (Moved to GitHub Issues),6,2,0.333333
JIRA,jira,project,2023-09_to_2023-12,2023-09,2023-12,Maven Invoker Plugin (Moved to GitHub Issues),2,1,0.500000
JIRA,jira,project,2023-09_to_2023-12,2023-09,2023-12,Maven JAR Plugin (Moved to GitHub Issues),4,1,0.250000
JIRA,jira,project,2023-09_to_2023-12,2023-09,2023-12,Maven JDeprScan Plugin (Moved to GitHub Issues),1,0,0.000000
JIRA,jira,project,2023-09_to_2023-12,2023-09,2023-12,Maven JDeps Plugin (Moved to GitHub Issues),1,0,0.000000
JIRA,jira,project,2023-09_to_2023-12,2023-09,2023-12,Maven JLink Plugin (Moved to GitHub Issues),3,0,0.000000
JIRA,jira,project,2023-09_to_2023-12,2023-09,2023-12,Maven JXR (Moved to GitHub Issues),11,0,0.000000
JIRA,jira,project,2023-09_to_2023-12,2023-09,2023-12,Maven Jar Signer Plugin (Moved to GitHub Issues),5,1,0.200000
JIRA,jira,project,2023-09_to_2023-12,2023-09,2023-12,Maven Javadoc Plugin (Moved to GitHub Issues),13,5,0.384615
JIRA,jira,project,2023-09_to_2023-12,2023-09,2023-12,Maven PMD Plugin (Moved to GitHub Issues),5,0,0.000000
JIRA,jira,project,2023-09_to_2023-12,2023-09,2023-12,Maven POMs (Moved to GitHub issues),29,0,0.000000
JIRA,jira,project,2023-09_to_2023-12,2023-09,2023-12,Maven Plugin Testing  (Moved to GitHub Issues),7,0,0.000000
JIRA,jira,project,2023-09_to_2023-12,2023-09,2023-12,Maven Plugin Tools (Moved to GitHub Issues),21,1,0.047619
JIRA,jira,project,2023-09_to_2023-12,2023-09,2023-12,Maven Project Info Reports Plugin (Moved to GitHub Issues),3,0,0.000000
JIRA,jira,project,2023-09_to_2023-12,2023-09,2023-12,Maven Project Web Site (Moved to GitHub Issues),7,0,0.000000
JIRA,jira,project,2023-09_to_2023-12,2023-09,2023-12,Maven Remote Resources Plugin (Moved to GitHub Issues),5,0,0.000000
JIRA,jira,project,2023-09_to_2023-12,2023-09,2023-12,Maven Resolver (Moved to GitHub Issues),66,3,0.045455
JIRA,jira,project,2023-09_to_2023-12,2023-09,2023-12,Maven Resources Plugin (Moved to GitHub Issues),1,1,1.000000
JIRA,jira,project,2023-09_to_2023-12,2023-09,2023-12,Maven SCM (Moved to GitHub Issues),2,0,0.000000
JIRA,jira,project,2023-09_to_2023-12,2023-09,2023-12,Maven Shade Plugin (Moved to GitHub Issues),7,2,0.285714
JIRA,jira,project,2023-09_to_2023-12,2023-09,2023-12,Maven Shared Components,50,5,0.100000
JIRA,jira,project,2023-09_to_2023-12,2023-09,2023-12,Maven Site Plugin (Moved to GitHub Issues),21,2,0.095238
JIRA,jira,project,2023-09_to_2023-12,2023-09,2023-12,Maven Skins (Moved to GitHub Issues),4,0,0.000000
JIRA,jira,project,2023-09_to_2023-12,2023-09,2023-12,Maven Surefire (Moved to GitHub Issues),33,9,0.272727
JIRA,jira,project,2023-09_to_2023-12,2023-09,2023-12,Maven Wagon (Moved to GitHub Issues),2,0,0.000000
JIRA,jira,project,2023-09_to_2023-12,2023-09,2023-12,Maven Wrapper (Moved to GitHub Issues),6,1,0.166667
JIRA,jira,project,2023-09_to_2023-12,2023-09,2023-12,MicroShift,348,4,0.011494
JIRA,jira,project,2023-09_to_2023-12,2023-09,2023-12,Migration Platform,148,26,0.175676
JIRA,jira,project,2023-09_to_2023-12,2023-09,2023-12,Migration Toolkit for Applications,617,30,0.048622
JIRA,jira,project,2023-09_to_2023-12,2023-09,2023-12,Migration Toolkit for Virtualization,139,26,0.187050
JIRA,jira,project,2023-09_to_2023-12,2023-09,2023-12,Mnemonic (Retired),13,0,0.000000
JIRA,jira,project,2023-09_to_2023-12,2023-09,2023-12,Modular Service Container,3,0,0.000000
JIRA,jira,project,2023-09_to_2023-12,2023-09,2023-12,MongoDB Database Tools,62,5,0.080645
JIRA,jira,project,2023-09_to_2023-12,2023-09,2023-12,MongoDB Shell,53,14,0.264151
JIRA,jira,project,2023-09_to_2023-12,2023-09,2023-12,Mongoid,65,7,0.107692
JIRA,jira,project,2023-09_to_2023-12,2023-09,2023-12,Motor,42,6,0.142857
JIRA,jira,project,2023-09_to_2023-12,2023-09,2023-12,Multiple Architecture Enablement,116,3,0.025862
JIRA,jira,project,2023-09_to_2023-12,2023-09,2023-12,MyFaces Core,22,9,0.409091
JIRA,jira,project,2023-09_to_2023-12,2023-09,2023-12,MyFaces Tobago,27,2,0.074074
JIRA,jira,project,2023-09_to_2023-12,2023-09,2023-12,Network Edge,96,0,0.000000
JIRA,jira,project,2023-09_to_2023-12,2023-09,2023-12,Network Hardware Enablement,93,0,0.000000
JIRA,jira,project,2023-09_to_2023-12,2023-09,2023-12,Network Observability,144,11,0.076389
JIRA,jira,project,2023-09_to_2023-12,2023-09,2023-12,Node.js Driver,194,15,0.077320
JIRA,jira,project,2023-09_to_2023-12,2023-09,2023-12,Nutch,27,6,0.222222
JIRA,jira,project,2023-09_to_2023-12,2023-09,2023-12,OCMUI ,487,19,0.039014
JIRA,jira,project,2023-09_to_2023-12,2023-09,2023-12,OCP Technical Release Team,204,34,0.166667
JIRA,jira,project,2023-09_to_2023-12,2023-09,2023-12,OFBiz,25,1,0.040000
JIRA,jira,project,2023-09_to_2023-12,2023-09,2023-12,OPCT ,28,4,0.142857
JIRA,jira,project,2023-09_to_2023-12,2023-09,2023-12,ORC,65,2,0.030769
JIRA,jira,project,2023-09_to_2023-12,2023-09,2023-12,Observability Documentation,184,2,0.010870
JIRA,jira,project,2023-09_to_2023-12,2023-09,2023-12,Observability UI,48,3,0.062500
JIRA,jira,project,2023-09_to_2023-12,2023-09,2023-12,Observability and Data Analysis Program,72,1,0.013889
JIRA,jira,project,2023-09_to_2023-12,2023-09,2023-12,Olingo,8,1,0.125000
JIRA,jira,project,2023-09_to_2023-12,2023-09,2023-12,On Prem Networking,113,4,0.035398
JIRA,jira,project,2023-09_to_2023-12,2023-09,2023-12,Oozie (Retired),2,1,0.500000
JIRA,jira,project,2023-09_to_2023-12,2023-09,2023-12,OpenJDK,99,2,0.020202
JIRA,jira,project,2023-09_to_2023-12,2023-09,2023-12,OpenJPA,4,2,0.500000
JIRA,jira,project,2023-09_to_2023-12,2023-09,2023-12,OpenNLP,29,3,0.103448
JIRA,jira,project,2023-09_to_2023-12,2023-09,2023-12,OpenOffice,2,0,0.000000
JIRA,jira,project,2023-09_to_2023-12,2023-09,2023-12,OpenShift API Server,28,0,0.000000
JIRA,jira,project,2023-09_to_2023-12,2023-09,2023-12,OpenShift API for Data Protection,500,78,0.156000
JIRA,jira,project,2023-09_to_2023-12,2023-09,2023-12,OpenShift App Analytics,2,0,0.000000
JIRA,jira,project,2023-09_to_2023-12,2023-09,2023-12,OpenShift Application Platform Engineering,3,0,0.000000
JIRA,jira,project,2023-09_to_2023-12,2023-09,2023-12,OpenShift Authentication,39,0,0.000000
JIRA,jira,project,2023-09_to_2023-12,2023-09,2023-12,OpenShift Autoscaling,4,0,0.000000
JIRA,jira,project,2023-09_to_2023-12,2023-09,2023-12,OpenShift Bugs,3852,1301,0.337747
JIRA,jira,project,2023-09_to_2023-12,2023-09,2023-12,OpenShift BuildConfig,5,1,0.200000
JIRA,jira,project,2023-09_to_2023-12,2023-09,2023-12,OpenShift Builds,74,2,0.027027
JIRA,jira,project,2023-09_to_2023-12,2023-09,2023-12,OpenShift CFE,59,1,0.016949
JIRA,jira,project,2023-09_to_2023-12,2023-09,2023-12,OpenShift Cloud,228,21,0.092105
JIRA,jira,project,2023-09_to_2023-12,2023-09,2023-12,OpenShift Cloud Credential Operator,81,0,0.000000
JIRA,jira,project,2023-09_to_2023-12,2023-09,2023-12,OpenShift Console,128,2,0.015625
JIRA,jira,project,2023-09_to_2023-12,2023-09,2023-12,OpenShift Container Platform (OCP) Strategy,185,0,0.000000
JIRA,jira,project,2023-09_to_2023-12,2023-09,2023-12,OpenShift Core Networking,285,2,0.007018
JIRA,jira,project,2023-09_to_2023-12,2023-09,2023-12,OpenShift Data Foundation Request For Enhancement,1,0,0.000000
JIRA,jira,project,2023-09_to_2023-12,2023-09,2023-12,OpenShift Edge,14,0,0.000000
JIRA,jira,project,2023-09_to_2023-12,2023-09,2023-12,OpenShift Etcd,33,0,0.000000
JIRA,jira,project,2023-09_to_2023-12,2023-09,2023-12,OpenShift GitOps,348,43,0.123563
JIRA,jira,project,2023-09_to_2023-12,2023-09,2023-12,OpenShift Hive,85,11,0.129412
JIRA,jira,project,2023-09_to_2023-12,2023-09,2023-12,OpenShift Hosted Control Plane,117,11,0.094017
JIRA,jira,project,2023-09_to_2023-12,2023-09,2023-12,OpenShift Image Registry,58,2,0.034483
JIRA,jira,project,2023-09_to_2023-12,2023-09,2023-12,OpenShift Installer,373,8,0.021448
JIRA,jira,project,2023-09_to_2023-12,2023-09,2023-12,OpenShift Jenkins,5,0,0.000000
JIRA,jira,project,2023-09_to_2023-12,2023-09,2023-12,OpenShift Logging,274,55,0.200730
JIRA,jira,project,2023-09_to_2023-12,2023-09,2023-12,OpenShift Migration Toolkit for Containers,48,1,0.020833
JIRA,jira,project,2023-09_to_2023-12,2023-09,2023-12,OpenShift Monitoring,233,5,0.021459
JIRA,jira,project,2023-09_to_2023-12,2023-09,2023-12,OpenShift Node,197,6,0.030457
JIRA,jira,project,2023-09_to_2023-12,2023-09,2023-12,OpenShift Over the Air,135,10,0.074074
JIRA,jira,project,2023-09_to_2023-12,2023-09,2023-12,OpenShift Pipelines,300,22,0.073333
JIRA,jira,project,2023-09_to_2023-12,2023-09,2023-12,OpenShift Pod Autoscaling,20,2,0.100000
JIRA,jira,project,2023-09_to_2023-12,2023-09,2023-12,OpenShift Request For Enhancement,292,3,0.010274
JIRA,jira,project,2023-09_to_2023-12,2023-09,2023-12,OpenShift Service Mesh,675,32,0.047407
JIRA,jira,project,2023-09_to_2023-12,2023-09,2023-12,OpenShift Specialist Platform Team,190,11,0.057895
JIRA,jira,project,2023-09_to_2023-12,2023-09,2023-12,OpenShift Storage,254,3,0.011811
JIRA,jira,project,2023-09_to_2023-12,2023-09,2023-12,OpenShift Top Level Product Strategy,1,0,0.000000
JIRA,jira,project,2023-09_to_2023-12,2023-09,2023-12,OpenShift UX Product Design,35,0,0.000000
JIRA,jira,project,2023-09_to_2023-12,2023-09,2023-12,OpenShift Virtualization,1792,120,0.066964
JIRA,jira,project,2023-09_to_2023-12,2023-09,2023-12,OpenShift Windows Containers,49,4,0.081633
JIRA,jira,project,2023-09_to_2023-12,2023-09,2023-12,OpenShift Workloads,109,3,0.027523
JIRA,jira,project,2023-09_to_2023-12,2023-09,2023-12,OpenStack as Infra,109,0,0.000000
JIRA,jira,project,2023-09_to_2023-12,2023-09,2023-12,OpenWebBeans,7,1,0.142857
JIRA,jira,project,2023-09_to_2023-12,2023-09,2023-12,Openmeetings,2,0,0.000000
JIRA,jira,project,2023-09_to_2023-12,2023-09,2023-12,Openshift sandboxed containers,76,13,0.171053
JIRA,jira,project,2023-09_to_2023-12,2023-09,2023-12,Operator Ecosystem,130,1,0.007692
JIRA,jira,project,2023-09_to_2023-12,2023-09,2023-12,Operator Runtime,123,0,0.000000
JIRA,jira,project,2023-09_to_2023-12,2023-09,2023-12,Opsgenie,198,3,0.015152
JIRA,jira,project,2023-09_to_2023-12,2023-09,2023-12,OptaPlanner,5,0,0.000000
JIRA,jira,project,2023-09_to_2023-12,2023-09,2023-12,Origin Community Distribution of Kubernetes,11,0,0.000000
JIRA,jira,project,2023-09_to_2023-12,2023-09,2023-12,PDFBox,77,24,0.311688
JIRA,jira,project,2023-09_to_2023-12,2023-09,2023-12,PHP Driver: Extension,51,4,0.078431
JIRA,jira,project,2023-09_to_2023-12,2023-09,2023-12,PHP Driver: Library,89,2,0.022472
JIRA,jira,project,2023-09_to_2023-12,2023-09,2023-12,PHP ORMs,42,4,0.095238
JIRA,jira,project,2023-09_to_2023-12,2023-09,2023-12,Parquet,73,9,0.123288
JIRA,jira,project,2023-09_to_2023-12,2023-09,2023-12,Performance and Scale for AI Platforms,44,0,0.000000
JIRA,jira,project,2023-09_to_2023-12,2023-09,2023-12,Phoenix,132,32,0.242424
JIRA,jira,project,2023-09_to_2023-12,2023-09,2023-12,Phoenix Omid,22,5,0.227273
JIRA,jira,project,2023-09_to_2023-12,2023-09,2023-12,Pig,1,1,1.000000
JIRA,jira,project,2023-09_to_2023-12,2023-09,2023-12,Pluto (Retired),6,2,0.333333
JIRA,jira,project,2023-09_to_2023-12,2023-09,2023-12,Podling Suitable Names Search,6,0,0.000000
JIRA,jira,project,2023-09_to_2023-12,2023-09,2023-12,Product Technical Learning,591,33,0.055838
JIRA,jira,project,2023-09_to_2023-12,2023-09,2023-12,Proforma Server & Data Centre,9,0,0.000000
JIRA,jira,project,2023-09_to_2023-12,2023-09,2023-12,Project Quay,299,28,0.093645
JIRA,jira,project,2023-09_to_2023-12,2023-09,2023-12,PyLucene,2,2,1.000000
JIRA,jira,project,2023-09_to_2023-12,2023-09,2023-12,Python Driver,121,26,0.214876
JIRA,jira,project,2023-09_to_2023-12,2023-09,2023-12,Python Integrations,19,2,0.105263
JIRA,jira,project,2023-09_to_2023-12,2023-09,2023-12,"Qbs (""Cubes"")",20,10,0.500000
JIRA,jira,project,2023-09_to_2023-12,2023-09,2023-12,Qpid,9,1,0.111111
JIRA,jira,project,2023-09_to_2023-12,2023-09,2023-12,Qpid Dispatch,1,1,1.000000
JIRA,jira,project,2023-09_to_2023-12,2023-09,2023-12,Qpid JMS,4,0,0.000000
JIRA,jira,project,2023-09_to_2023-12,2023-09,2023-12,Qpid Proton,25,6,0.240000
JIRA,jira,project,2023-09_to_2023-12,2023-09,2023-12,Qt,3110,766,0.246302
JIRA,jira,project,2023-09_to_2023-12,2023-09,2023-12,Qt 3D Studio,2,1,0.500000
JIRA,jira,project,2023-09_to_2023-12,2023-09,2023-12,Qt Creator,550,100,0.181818
JIRA,jira,project,2023-09_to_2023-12,2023-09,2023-12,Qt Design Studio,931,34,0.036520
JIRA,jira,project,2023-09_to_2023-12,2023-09,2023-12,Qt Installer Framework,87,4,0.045977
JIRA,jira,project,2023-09_to_2023-12,2023-09,2023-12,Qt Project Website,20,1,0.050000
JIRA,jira,project,2023-09_to_2023-12,2023-09,2023-12,Qt Quality Assurance Infrastructure,162,10,0.061728
JIRA,jira,project,2023-09_to_2023-12,2023-09,2023-12,Qt Tools for Android,5,0,0.000000
JIRA,jira,project,2023-09_to_2023-12,2023-09,2023-12,Qt Visual Studio Tools,30,9,0.300000
JIRA,jira,project,2023-09_to_2023-12,2023-09,2023-12,Qt WebBrowser,1,0,0.000000
JIRA,jira,project,2023-09_to_2023-12,2023-09,2023-12,Qt for Python,101,43,0.425743
JIRA,jira,project,2023-09_to_2023-12,2023-09,2023-12,Quarkus,213,18,0.084507
JIRA,jira,project,2023-09_to_2023-12,2023-09,2023-12,Quarkus Documentation,96,2,0.020833
JIRA,jira,project,2023-09_to_2023-12,2023-09,2023-12,RDO Project,17,0,0.000000
JIRA,jira,project,2023-09_to_2023-12,2023-09,2023-12,RESTEasy,53,3,0.056604
JIRA,jira,project,2023-09_to_2023-12,2023-09,2023-12,RH,29,3,0.103448
JIRA,jira,project,2023-09_to_2023-12,2023-09,2023-12,RH Developer Hub Planning,1,0,0.000000
JIRA,jira,project,2023-09_to_2023-12,2023-09,2023-12,RHEL,4335,1954,0.450750
JIRA,jira,project,2023-09_to_2023-12,2023-09,2023-12,RHEL Conversions,84,23,0.273810
JIRA,jira,project,2023-09_to_2023-12,2023-09,2023-12,RHEL Documentation,101,10,0.099010
JIRA,jira,project,2023-09_to_2023-12,2023-09,2023-12,RHEL Performance,5,0,0.000000
JIRA,jira,project,2023-09_to_2023-12,2023-09,2023-12,RHEL Testing,1,0,0.000000
JIRA,jira,project,2023-09_to_2023-12,2023-09,2023-12,RHOS Request for Features,2,0,0.000000
JIRA,jira,project,2023-09_to_2023-12,2023-09,2023-12,RHTAP UI,3,0,0.000000
JIRA,jira,project,2023-09_to_2023-12,2023-09,2023-12,Ranger,239,24,0.100418
JIRA,jira,project,2023-09_to_2023-12,2023-09,2023-12,Ratis,103,21,0.203883
JIRA,jira,project,2023-09_to_2023-12,2023-09,2023-12,Reactive JVM Platform,3,0,0.000000
JIRA,jira,project,2023-09_to_2023-12,2023-09,2023-12,Red Hat 3scale API Management,227,17,0.074890
JIRA,jira,project,2023-09_to_2023-12,2023-09,2023-12,Red Hat Advanced Cluster Management,1102,116,0.105263
JIRA,jira,project,2023-09_to_2023-12,2023-09,2023-12,Red Hat Build of Apache Camel for Quarkus,14,1,0.071429
JIRA,jira,project,2023-09_to_2023-12,2023-09,2023-12,Red Hat Data Grid,48,4,0.083333
JIRA,jira,project,2023-09_to_2023-12,2023-09,2023-12,Red Hat Decision Manager,7,6,0.857143
JIRA,jira,project,2023-09_to_2023-12,2023-09,2023-12,Red Hat Developer Hub Bugs,16,7,0.437500
JIRA,jira,project,2023-09_to_2023-12,2023-09,2023-12,Red Hat Directory Server,8,6,0.750000
JIRA,jira,project,2023-09_to_2023-12,2023-09,2023-12,Red Hat Fuse,463,14,0.030238
JIRA,jira,project,2023-09_to_2023-12,2023-09,2023-12,Red Hat Insights Engineering,16,0,0.000000
JIRA,jira,project,2023-09_to_2023-12,2023-09,2023-12,Red Hat Insights Strategy,3,0,0.000000
JIRA,jira,project,2023-09_to_2023-12,2023-09,2023-12,Red Hat Offline Knowledge Portal,1,0,0.000000
JIRA,jira,project,2023-09_to_2023-12,2023-09,2023-12,Red Hat OpenBridge,1,0,0.000000
JIRA,jira,project,2023-09_to_2023-12,2023-09,2023-12,Red Hat OpenShift Control Planes,1,0,0.000000
JIRA,jira,project,2023-09_to_2023-12,2023-09,2023-12,Red Hat OpenShift Data Science,431,15,0.034803
JIRA,jira,project,2023-09_to_2023-12,2023-09,2023-12,Red Hat OpenShift Dev Spaces (formerly CodeReady Workspaces),162,40,0.246914
JIRA,jira,project,2023-09_to_2023-12,2023-09,2023-12,Red Hat OpenStack Services on OpenShift,785,60,0.076433
JIRA,jira,project,2023-09_to_2023-12,2023-09,2023-12,Red Hat Process Automation Manager,41,10,0.243902
JIRA,jira,project,2023-09_to_2023-12,2023-09,2023-12,Red Hat Service Interconnect (Skupper),71,8,0.112676
JIRA,jira,project,2023-09_to_2023-12,2023-09,2023-12,Red Hat Workload Availability,7,0,0.000000
JIRA,jira,project,2023-09_to_2023-12,2023-09,2023-12,Red Hat build of Apache Camel for Spring Boot,269,2,0.007435
JIRA,jira,project,2023-09_to_2023-12,2023-09,2023-12,Red Hat build of Keycloak,13,0,0.000000
JIRA,jira,project,2023-09_to_2023-12,2023-09,2023-12,Rich Text Editor for JIRA,1,0,0.000000
JIRA,jira,project,2023-09_to_2023-12,2023-09,2023-12,Rovo,1,0,0.000000
JIRA,jira,project,2023-09_to_2023-12,2023-09,2023-12,Ruby Driver,37,0,0.000000
JIRA,jira,project,2023-09_to_2023-12,2023-09,2023-12,Rust Driver,57,1,0.017544
JIRA,jira,project,2023-09_to_2023-12,2023-09,2023-12,SAML for Atlassian Data Center,4,1,0.250000
JIRA,jira,project,2023-09_to_2023-12,2023-09,2023-12,Sakai,360,87,0.241667
JIRA,jira,project,2023-09_to_2023-12,2023-09,2023-12,Samza,7,0,0.000000
JIRA,jira,project,2023-09_to_2023-12,2023-09,2023-12,Santuario,4,0,0.000000
JIRA,jira,project,2023-09_to_2023-12,2023-09,2023-12,Satellite,951,184,0.193481
JIRA,jira,project,2023-09_to_2023-12,2023-09,2023-12,Security Data,3,0,0.000000
JIRA,jira,project,2023-09_to_2023-12,2023-09,2023-12,Server Deployments and Scale,5,1,0.200000
JIRA,jira,project,2023-09_to_2023-12,2023-09,2023-12,Server Platform Frontend,1,0,0.000000
JIRA,jira,project,2023-09_to_2023-12,2023-09,2023-12,Serverless logic,51,5,0.098039
JIRA,jira,project,2023-09_to_2023-12,2023-09,2023-12,ServiceMix,54,0,0.000000
JIRA,jira,project,2023-09_to_2023-12,2023-09,2023-12,Shared Access Layer,3,0,0.000000
JIRA,jira,project,2023-09_to_2023-12,2023-09,2023-12,ShrinkWrap Resolvers,16,1,0.062500
JIRA,jira,project,2023-09_to_2023-12,2023-09,2023-12,Sidecar for Apache Cassandra,20,2,0.100000
JIRA,jira,project,2023-09_to_2023-12,2023-09,2023-12,Singa,8,1,0.125000
JIRA,jira,project,2023-09_to_2023-12,2023-09,2023-12,Sling,197,21,0.106599
JIRA,jira,project,2023-09_to_2023-12,2023-09,2023-12,Solr,150,36,0.240000
JIRA,jira,project,2023-09_to_2023-12,2023-09,2023-12,Sourcetree For Mac,12,0,0.000000
JIRA,jira,project,2023-09_to_2023-12,2023-09,2023-12,Sourcetree for Windows,59,12,0.203390
JIRA,jira,project,2023-09_to_2023-12,2023-09,2023-12,Spark,1504,139,0.092420
JIRA,jira,project,2023-09_to_2023-12,2023-09,2023-12,Spark Connector,6,4,0.666667
JIRA,jira,project,2023-09_to_2023-12,2023-09,2023-12,Spatial Information Systems,6,1,0.166667
JIRA,jira,project,2023-09_to_2023-12,2023-09,2023-12,Statuspage,19,0,0.000000
JIRA,jira,project,2023-09_to_2023-12,2023-09,2023-12,Streams for Apache Kafka Console,12,0,0.000000
JIRA,jira,project,2023-09_to_2023-12,2023-09,2023-12,Struts 2,39,2,0.051282
JIRA,jira,project,2023-09_to_2023-12,2023-09,2023-12,Subscription Watch,196,14,0.071429
JIRA,jira,project,2023-09_to_2023-12,2023-09,2023-12,Subversion,3,0,0.000000
JIRA,jira,project,2023-09_to_2023-12,2023-09,2023-12,Synapse,3,0,0.000000
JIRA,jira,project,2023-09_to_2023-12,2023-09,2023-12,Syncope,24,0,0.000000
JIRA,jira,project,2023-09_to_2023-12,2023-09,2023-12,SystemDS,44,0,0.000000
JIRA,jira,project,2023-09_to_2023-12,2023-09,2023-12,TEST Defect Tracking Project,17,1,0.058824
JIRA,jira,project,2023-09_to_2023-12,2023-09,2023-12,TOREE,1,0,0.000000
JIRA,jira,project,2023-09_to_2023-12,2023-09,2023-12,Tapestry 5,10,8,0.800000
JIRA,jira,project,2023-09_to_2023-12,2023-09,2023-12,Thrift,20,1,0.050000
JIRA,jira,project,2023-09_to_2023-12,2023-09,2023-12,Tika,53,9,0.169811
JIRA,jira,project,2023-09_to_2023-12,2023-09,2023-12,TinkerPop,37,5,0.135135
JIRA,jira,project,2023-09_to_2023-12,2023-09,2023-12,TomEE,54,4,0.074074
JIRA,jira,project,2023-09_to_2023-12,2023-09,2023-12,Tools (JBoss Tools),46,1,0.021739
JIRA,jira,project,2023-09_to_2023-12,2023-09,2023-12,Undertow,29,2,0.068966
JIRA,jira,project,2023-09_to_2023-12,2023-09,2023-12,VCL,2,0,0.000000
JIRA,jira,project,2023-09_to_2023-12,2023-09,2023-12,VS Code Extension,51,4,0.078431
JIRA,jira,project,2023-09_to_2023-12,2023-09,2023-12,Velocity,3,2,0.666667
JIRA,jira,project,2023-09_to_2023-12,2023-09,2023-12,Virtualization Strategy,13,0,0.000000
JIRA,jira,project,2023-09_to_2023-12,2023-09,2023-12,Visual Design,29,0,0.000000
JIRA,jira,project,2023-09_to_2023-12,2023-09,2023-12,WINDUP ,58,0,0.000000
JIRA,jira,project,2023-09_to_2023-12,2023-09,2023-12,WINDUPRULE ,7,0,0.000000
JIRA,jira,project,2023-09_to_2023-12,2023-09,2023-12,WSS4J,5,1,0.200000
JIRA,jira,project,2023-09_to_2023-12,2023-09,2023-12,Web Terminal for OpenShift,19,0,0.000000
JIRA,jira,project,2023-09_to_2023-12,2023-09,2023-12,Weld,18,3,0.166667
JIRA,jira,project,2023-09_to_2023-12,2023-09,2023-12,Whimsy,1,0,0.000000
JIRA,jira,project,2023-09_to_2023-12,2023-09,2023-12,Wicket,21,6,0.285714
JIRA,jira,project,2023-09_to_2023-12,2023-09,2023-12,WildFly,407,20,0.049140
JIRA,jira,project,2023-09_to_2023-12,2023-09,2023-12,WildFly Arquillian,2,1,0.500000
JIRA,jira,project,2023-09_to_2023-12,2023-09,2023-12,WildFly Core,142,13,0.091549
JIRA,jira,project,2023-09_to_2023-12,2023-09,2023-12,WildFly EJB HTTP Client,18,0,0.000000
JIRA,jira,project,2023-09_to_2023-12,2023-09,2023-12,WildFly Elytron,120,3,0.025000
JIRA,jira,project,2023-09_to_2023-12,2023-09,2023-12,WildFly Elytron EE,1,0,0.000000
JIRA,jira,project,2023-09_to_2023-12,2023-09,2023-12,WildFly Maven Plugin,20,3,0.150000
JIRA,jira,project,2023-09_to_2023-12,2023-09,2023-12,WildFly Naming Client,2,1,0.500000
JIRA,jira,project,2023-09_to_2023-12,2023-09,2023-12,WildFly OpenSSL Natives,1,0,0.000000
JIRA,jira,project,2023-09_to_2023-12,2023-09,2023-12,WildFly Transaction Client,4,0,0.000000
JIRA,jira,project,2023-09_to_2023-12,2023-09,2023-12,WildFly WIP,3,1,0.333333
JIRA,jira,project,2023-09_to_2023-12,2023-09,2023-12,WiredTiger,622,168,0.270096
JIRA,jira,project,2023-09_to_2023-12,2023-09,2023-12,XBean,3,0,0.000000
JIRA,jira,project,2023-09_to_2023-12,2023-09,2023-12,XML Commons,1,0,0.000000
JIRA,jira,project,2023-09_to_2023-12,2023-09,2023-12,XMLBeans,7,1,0.142857
JIRA,jira,project,2023-09_to_2023-12,2023-09,2023-12,XMLGraphicsCommons,2,0,0.000000
JIRA,jira,project,2023-09_to_2023-12,2023-09,2023-12,XNIO,4,0,0.000000
JIRA,jira,project,2023-09_to_2023-12,2023-09,2023-12,Xerces2,3,1,0.333333
JIRA,jira,project,2023-09_to_2023-12,2023-09,2023-12,XmlSchema,1,0,0.000000
JIRA,jira,project,2023-09_to_2023-12,2023-09,2023-12,Yetus,12,1,0.083333
JIRA,jira,project,2023-09_to_2023-12,2023-09,2023-12,Zeppelin,39,0,0.000000
JIRA,jira,project,2023-09_to_2023-12,2023-09,2023-12,ZooKeeper,43,4,0.093023
JIRA,jira,project,2023-09_to_2023-12,2023-09,2023-12,jBPM,23,0,0.000000
JIRA,jira,project,2023-09_to_2023-12,2023-09,2023-12,jclouds (Retired) (Retired),3,1,0.333333
JIRA,jira,project,2023-09_to_2023-12,2023-09,2023-12,mod_cluster,15,0,0.000000
JIRA,jira,project,2023-09_to_2023-12,2023-09,2023-12,repository.jboss.org/nexus,7,1,0.142857
JIRA,jira,project,2023-09_to_2023-12,2023-09,2023-12,serf,1,0,0.000000
JIRA,jira,project,2024-01_to_2024-04,2024-01,2024-04,AMQ Broker,178,16,0.089888
JIRA,jira,project,2024-01_to_2024-04,2024-01,2024-04,AMQ Clients,17,0,0.000000
JIRA,jira,project,2024-01_to_2024-04,2024-01,2024-04,AMQ Documentation,1,0,0.000000
JIRA,jira,project,2024-01_to_2024-04,2024-01,2024-04,AMQ Streams,187,12,0.064171
JIRA,jira,project,2024-01_to_2024-04,2024-01,2024-04,AMQ Streams Kafka Proxy,14,4,0.285714
JIRA,jira,project,2024-01_to_2024-04,2024-01,2024-04,ActiveMQ (Read,82,12,0.146341
JIRA,jira,project,2024-01_to_2024-04,2024-01,2024-04,ActiveMQ .Net,2,0,0.000000
JIRA,jira,project,2024-01_to_2024-04,2024-01,2024-04,ActiveMQ C++ Client,1,0,0.000000
JIRA,jira,project,2024-01_to_2024-04,2024-01,2024-04,ActiveMQ OpenWire,2,0,0.000000
JIRA,jira,project,2024-01_to_2024-04,2024-01,2024-04,ActiveObjects,1,0,0.000000
JIRA,jira,project,2024-01_to_2024-04,2024-01,2024-04,Activity Streams,3,0,0.000000
JIRA,jira,project,2024-01_to_2024-04,2024-01,2024-04,Admin Experience,87,4,0.045977
JIRA,jira,project,2024-01_to_2024-04,2024-01,2024-04,AeroGear,1,0,0.000000
JIRA,jira,project,2024-01_to_2024-04,2024-01,2024-04,Agent,57,0,0.000000
JIRA,jira,project,2024-01_to_2024-04,2024-01,2024-04,Agroal,9,0,0.000000
JIRA,jira,project,2024-01_to_2024-04,2024-01,2024-04,Airavata,4,0,0.000000
JIRA,jira,project,2024-01_to_2024-04,2024-01,2024-04,Ambari,43,6,0.139535
JIRA,jira,project,2024-01_to_2024-04,2024-01,2024-04,Analytics,55,0,0.000000
JIRA,jira,project,2024-01_to_2024-04,2024-01,2024-04,Ansible Automation Platform RFEs,140,1,0.007143
JIRA,jira,project,2024-01_to_2024-04,2024-01,2024-04,Ansible Strategy,8,0,0.000000
JIRA,jira,project,2024-01_to_2024-04,2024-01,2024-04,Apache AsterixDB,57,1,0.017544
JIRA,jira,project,2024-01_to_2024-04,2024-01,2024-04,Apache Avro,60,11,0.183333
JIRA,jira,project,2024-01_to_2024-04,2024-01,2024-04,Apache Cassandra,338,105,0.310651
JIRA,jira,project,2024-01_to_2024-04,2024-01,2024-04,Apache Cassandra Analytics,2,0,0.000000
JIRA,jira,project,2024-01_to_2024-04,2024-01,2024-04,Apache Cassandra Java driver,16,4,0.250000
JIRA,jira,project,2024-01_to_2024-04,2024-01,2024-04,Apache Celeborn,202,7,0.034653
JIRA,jira,project,2024-01_to_2024-04,2024-01,2024-04,Apache Commons All,1,0,0.000000
JIRA,jira,project,2024-01_to_2024-04,2024-01,2024-04,Apache Curator,8,0,0.000000
JIRA,jira,project,2024-01_to_2024-04,2024-01,2024-04,Apache Doris,1,0,0.000000
JIRA,jira,project,2024-01_to_2024-04,2024-01,2024-04,Apache Drill,24,11,0.458333
JIRA,jira,project,2024-01_to_2024-04,2024-01,2024-04,Apache Dubbo,4,0,0.000000
JIRA,jira,project,2024-01_to_2024-04,2024-01,2024-04,Apache Fineract,44,2,0.045455
JIRA,jira,project,2024-01_to_2024-04,2024-01,2024-04,Apache Freemarker,1,0,0.000000
JIRA,jira,project,2024-01_to_2024-04,2024-01,2024-04,Apache Gluten (incubating),1,0,0.000000
JIRA,jira,project,2024-01_to_2024-04,2024-01,2024-04,Apache Gobblin,80,0,0.000000
JIRA,jira,project,2024-01_to_2024-04,2024-01,2024-04,Apache Gora (Retired),1,0,0.000000
JIRA,jira,project,2024-01_to_2024-04,2024-01,2024-04,Apache Hudi,424,33,0.077830
JIRA,jira,project,2024-01_to_2024-04,2024-01,2024-04,Apache InLong,1,0,0.000000
JIRA,jira,project,2024-01_to_2024-04,2024-01,2024-04,Apache IoTDB,41,0,0.000000
JIRA,jira,project,2024-01_to_2024-04,2024-01,2024-04,Apache Jena,1,0,0.000000
JIRA,jira,project,2024-01_to_2024-04,2024-01,2024-04,Apache Knox,35,7,0.200000
JIRA,jira,project,2024-01_to_2024-04,2024-01,2024-04,Apache MADlib,3,1,0.333333
JIRA,jira,project,2024-01_to_2024-04,2024-01,2024-04,Apache NiFi,562,50,0.088968
JIRA,jira,project,2024-01_to_2024-04,2024-01,2024-04,Apache NiFi MiNiFi C++,80,2,0.025000
JIRA,jira,project,2024-01_to_2024-04,2024-01,2024-04,Apache NuttX,3,0,0.000000
JIRA,jira,project,2024-01_to_2024-04,2024-01,2024-04,Apache Ozone,742,89,0.119946
JIRA,jira,project,2024-01_to_2024-04,2024-01,2024-04,Apache PLC4X,1,0,0.000000
JIRA,jira,project,2024-01_to_2024-04,2024-01,2024-04,Apache Pinot,1,0,0.000000
JIRA,jira,project,2024-01_to_2024-04,2024-01,2024-04,Apache RAT,29,7,0.241379
JIRA,jira,project,2024-01_to_2024-04,2024-01,2024-04,Apache Science Data Analytics Platform,9,0,0.000000
JIRA,jira,project,2024-01_to_2024-04,2024-01,2024-04,Apache Sedona,94,2,0.021277
JIRA,jira,project,2024-01_to_2024-04,2024-01,2024-04,Apache ServiceComb,26,0,0.000000
JIRA,jira,project,2024-01_to_2024-04,2024-01,2024-04,Apache Storm,39,4,0.102564
JIRA,jira,project,2024-01_to_2024-04,2024-01,2024-04,Apache Submarine,2,0,0.000000
JIRA,jira,project,2024-01_to_2024-04,2024-01,2024-04,Apache Tentacles,3,1,0.333333
JIRA,jira,project,2024-01_to_2024-04,2024-01,2024-04,Apache Tez,29,3,0.103448
JIRA,jira,project,2024-01_to_2024-04,2024-01,2024-04,Apache Unomi,10,0,0.000000
JIRA,jira,project,2024-01_to_2024-04,2024-01,2024-04,Apache Wayang,1,0,0.000000
JIRA,jira,project,2024-01_to_2024-04,2024-01,2024-04,Apache Whisker,4,1,0.250000
JIRA,jira,project,2024-01_to_2024-04,2024-01,2024-04,Apache YuniKorn,297,33,0.111111
JIRA,jira,project,2024-01_to_2024-04,2024-01,2024-04,Application Links,2,0,0.000000
JIRA,jira,project,2024-01_to_2024-04,2024-01,2024-04,Aries,1,0,0.000000
JIRA,jira,project,2024-01_to_2024-04,2024-01,2024-04,Arquillian,3,1,0.333333
JIRA,jira,project,2024-01_to_2024-04,2024-01,2024-04,Artemis,199,17,0.085427
JIRA,jira,project,2024-01_to_2024-04,2024-01,2024-04,Atlas,47,1,0.021277
JIRA,jira,project,2024-01_to_2024-04,2024-01,2024-04,Atlas SQL,6,0,0.000000
JIRA,jira,project,2024-01_to_2024-04,2024-01,2024-04,Atlassian Cache,1,0,0.000000
JIRA,jira,project,2024-01_to_2024-04,2024-01,2024-04,Atlassian Cloud,85,3,0.035294
JIRA,jira,project,2024-01_to_2024-04,2024-01,2024-04,Atlassian Connect JavaScript API,1,0,0.000000
JIRA,jira,project,2024-01_to_2024-04,2024-01,2024-04,Atlassian Connect Spring Boot,4,1,0.250000
JIRA,jira,project,2024-01_to_2024-04,2024-01,2024-04,Atlassian Connect in Jira Cloud,2,0,0.000000
JIRA,jira,project,2024-01_to_2024-04,2024-01,2024-04,Atlassian Ecosystem,77,5,0.064935
JIRA,jira,project,2024-01_to_2024-04,2024-01,2024-04,Atlassian Guard,60,1,0.016667
JIRA,jira,project,2024-01_to_2024-04,2024-01,2024-04,Atlassian Intelligence,36,2,0.055556
JIRA,jira,project,2024-01_to_2024-04,2024-01,2024-04,Atlassian Internationalization,41,0,0.000000
JIRA,jira,project,2024-01_to_2024-04,2024-01,2024-04,Atlassian Marketplace,34,1,0.029412
JIRA,jira,project,2024-01_to_2024-04,2024-01,2024-04,Atlassian Maven Plugin Suite,26,0,0.000000
JIRA,jira,project,2024-01_to_2024-04,2024-01,2024-04,Atlassian OAuth 2.0,2,0,0.000000
JIRA,jira,project,2024-01_to_2024-04,2024-01,2024-04,Atlassian Plugin SDK,2,2,1.000000
JIRA,jira,project,2024-01_to_2024-04,2024-01,2024-04,Atlassian Plugin Webfragment,1,0,0.000000
JIRA,jira,project,2024-01_to_2024-04,2024-01,2024-04,Atlassian Plugins,2,0,0.000000
JIRA,jira,project,2024-01_to_2024-04,2024-01,2024-04,Atlassian Plugins Webresources,8,0,0.000000
JIRA,jira,project,2024-01_to_2024-04,2024-01,2024-04,Atlassian Product Integrations,14,0,0.000000
JIRA,jira,project,2024-01_to_2024-04,2024-01,2024-04,Atlassian REST,31,0,0.000000
JIRA,jira,project,2024-01_to_2024-04,2024-01,2024-04,Atlassian Reference Application,1,0,0.000000
JIRA,jira,project,2024-01_to_2024-04,2024-01,2024-04,Atlassian Soy Templates,1,0,0.000000
JIRA,jira,project,2024-01_to_2024-04,2024-01,2024-04,Atlassian Troubleshooting & Support Tools Plugin,8,1,0.125000
JIRA,jira,project,2024-01_to_2024-04,2024-01,2024-04,Atlassian User Interface,1,0,0.000000
JIRA,jira,project,2024-01_to_2024-04,2024-01,2024-04,Atlassian WebHooks Plugin,1,0,0.000000
JIRA,jira,project,2024-01_to_2024-04,2024-01,2024-04,Attic,2,0,0.000000
JIRA,jira,project,2024-01_to_2024-04,2024-01,2024-04,Automation for Cloud,132,4,0.030303
JIRA,jira,project,2024-01_to_2024-04,2024-01,2024-04,Automation for Jira Server,41,2,0.048780
JIRA,jira,project,2024-01_to_2024-04,2024-01,2024-04,Axis2,3,2,0.666667
JIRA,jira,project,2024-01_to_2024-04,2024-01,2024-04,BVal,1,0,0.000000
JIRA,jira,project,2024-01_to_2024-04,2024-01,2024-04,Bamboo Data Center,117,12,0.102564
JIRA,jira,project,2024-01_to_2024-04,2024-01,2024-04,BatchEE,31,0,0.000000
JIRA,jira,project,2024-01_to_2024-04,2024-01,2024-04,Batik,3,1,0.333333
JIRA,jira,project,2024-01_to_2024-04,2024-01,2024-04,Bigtop,46,9,0.195652
JIRA,jira,project,2024-01_to_2024-04,2024-01,2024-04,Bitbucket Cloud,179,10,0.055866
JIRA,jira,project,2024-01_to_2024-04,2024-01,2024-04,Bitbucket Data Center,216,4,0.018519
JIRA,jira,project,2024-01_to_2024-04,2024-01,2024-04,Brooklyn,3,0,0.000000
JIRA,jira,project,2024-01_to_2024-04,2024-01,2024-04,Byteman,2,0,0.000000
JIRA,jira,project,2024-01_to_2024-04,2024-01,2024-04,C Driver,94,8,0.085106
JIRA,jira,project,2024-01_to_2024-04,2024-01,2024-04,C# Driver,156,14,0.089744
JIRA,jira,project,2024-01_to_2024-04,2024-01,2024-04,C++ Driver,84,0,0.000000
JIRA,jira,project,2024-01_to_2024-04,2024-01,2024-04,CCS documentation feedback,2,0,0.000000
JIRA,jira,project,2024-01_to_2024-04,2024-01,2024-04,CPE Infrastructure,478,0,0.000000
JIRA,jira,project,2024-01_to_2024-04,2024-01,2024-04,CXF,39,12,0.307692
JIRA,jira,project,2024-01_to_2024-04,2024-01,2024-04,Calcite,210,47,0.223810
JIRA,jira,project,2024-01_to_2024-04,2024-01,2024-04,Camel,596,63,0.105705
JIRA,jira,project,2024-01_to_2024-04,2024-01,2024-04,Candlepin,1,0,0.000000
JIRA,jira,project,2024-01_to_2024-04,2024-01,2024-04,CarbonData,1,0,0.000000
JIRA,jira,project,2024-01_to_2024-04,2024-01,2024-04,Causeway,64,1,0.015625
JIRA,jira,project,2024-01_to_2024-04,2024-01,2024-04,Cayenne,18,4,0.222222
JIRA,jira,project,2024-01_to_2024-04,2024-01,2024-04,CentOS Stream Pipeline,115,25,0.217391
JIRA,jira,project,2024-01_to_2024-04,2024-01,2024-04,Cert Manager support for Red Hat OpenShift,27,0,0.000000
JIRA,jira,project,2024-01_to_2024-04,2024-01,2024-04,Certification Partner Experience Public,18,0,0.000000
JIRA,jira,project,2024-01_to_2024-04,2024-01,2024-04,Clair,22,1,0.045455
JIRA,jira,project,2024-01_to_2024-04,2024-01,2024-04,Client,2,0,0.000000
JIRA,jira,project,2024-01_to_2024-04,2024-01,2024-04,Cloud Enablement,12,0,0.000000
JIRA,jira,project,2024-01_to_2024-04,2024-01,2024-04,Cloud Infrastructure Security & Compliance,143,6,0.041958
JIRA,jira,project,2024-01_to_2024-04,2024-01,2024-04,Cloud Native Runtimes (CNR) Documentation,1,0,0.000000
JIRA,jira,project,2024-01_to_2024-04,2024-01,2024-04,Cluster Integration and Delivery,90,1,0.011111
JIRA,jira,project,2024-01_to_2024-04,2024-01,2024-04,Cluster Observability Operator,127,21,0.165354
JIRA,jira,project,2024-01_to_2024-04,2024-01,2024-04,Cockpit,27,2,0.074074
JIRA,jira,project,2024-01_to_2024-04,2024-01,2024-04,Coin,27,5,0.185185
JIRA,jira,project,2024-01_to_2024-04,2024-01,2024-04,Comdev GSOC,20,0,0.000000
JIRA,jira,project,2024-01_to_2024-04,2024-01,2024-04,Commerce,10,0,0.000000
JIRA,jira,project,2024-01_to_2024-04,2024-01,2024-04,Commons BCEL,2,0,0.000000
JIRA,jira,project,2024-01_to_2024-04,2024-01,2024-04,Commons BeanUtils,1,0,0.000000
JIRA,jira,project,2024-01_to_2024-04,2024-01,2024-04,Commons CLI,9,1,0.111111
JIRA,jira,project,2024-01_to_2024-04,2024-01,2024-04,Commons CSV,2,2,1.000000
JIRA,jira,project,2024-01_to_2024-04,2024-01,2024-04,Commons Codec,7,1,0.142857
JIRA,jira,project,2024-01_to_2024-04,2024-01,2024-04,Commons Collections,3,0,0.000000
JIRA,jira,project,2024-01_to_2024-04,2024-01,2024-04,Commons Compress,23,6,0.260870
JIRA,jira,project,2024-01_to_2024-04,2024-01,2024-04,Commons Configuration,7,3,0.428571
JIRA,jira,project,2024-01_to_2024-04,2024-01,2024-04,Commons Crypto,1,0,0.000000
JIRA,jira,project,2024-01_to_2024-04,2024-01,2024-04,Commons DBCP,3,1,0.333333
JIRA,jira,project,2024-01_to_2024-04,2024-01,2024-04,Commons Daemon,1,0,0.000000
JIRA,jira,project,2024-01_to_2024-04,2024-01,2024-04,Commons DbUtils,1,1,1.000000
JIRA,jira,project,2024-01_to_2024-04,2024-01,2024-04,Commons Email,1,0,0.000000
JIRA,jira,project,2024-01_to_2024-04,2024-01,2024-04,Commons Exec,1,1,1.000000
JIRA,jira,project,2024-01_to_2024-04,2024-01,2024-04,Commons Geometry,1,0,0.000000
JIRA,jira,project,2024-01_to_2024-04,2024-01,2024-04,Commons IO,20,0,0.000000
JIRA,jira,project,2024-01_to_2024-04,2024-01,2024-04,Commons Imaging,3,1,0.333333
JIRA,jira,project,2024-01_to_2024-04,2024-01,2024-04,Commons JEXL,3,1,0.333333
JIRA,jira,project,2024-01_to_2024-04,2024-01,2024-04,Commons JXPath,1,0,0.000000
JIRA,jira,project,2024-01_to_2024-04,2024-01,2024-04,Commons Lang,7,0,0.000000
JIRA,jira,project,2024-01_to_2024-04,2024-01,2024-04,Commons Logging,2,0,0.000000
JIRA,jira,project,2024-01_to_2024-04,2024-01,2024-04,Commons Math,1,0,0.000000
JIRA,jira,project,2024-01_to_2024-04,2024-01,2024-04,Commons Net,4,0,0.000000
JIRA,jira,project,2024-01_to_2024-04,2024-01,2024-04,Commons RNG,1,1,1.000000
JIRA,jira,project,2024-01_to_2024-04,2024-01,2024-04,Commons Statistics,1,0,0.000000
JIRA,jira,project,2024-01_to_2024-04,2024-01,2024-04,Commons Text,2,1,0.500000
JIRA,jira,project,2024-01_to_2024-04,2024-01,2024-04,Commons Validator,1,0,0.000000
JIRA,jira,project,2024-01_to_2024-04,2024-01,2024-04,Community Development,5,0,0.000000
JIRA,jira,project,2024-01_to_2024-04,2024-01,2024-04,Compass,298,14,0.046980
JIRA,jira,project,2024-01_to_2024-04,2024-01,2024-04,Confluence Cloud,930,65,0.069892
JIRA,jira,project,2024-01_to_2024-04,2024-01,2024-04,Confluence Data Center,344,28,0.081395
JIRA,jira,project,2024-01_to_2024-04,2024-01,2024-04,Container Tools,84,5,0.059524
JIRA,jira,project,2024-01_to_2024-04,2024-01,2024-04,Content Gateway,18,2,0.111111
JIRA,jira,project,2024-01_to_2024-04,2024-01,2024-04,Contrib: Clog,1,1,1.000000
JIRA,jira,project,2024-01_to_2024-04,2024-01,2024-04,Core Server,5096,538,0.105573
JIRA,jira,project,2024-01_to_2024-04,2024-01,2024-04,CoreOS OCP,181,1,0.005525
JIRA,jira,project,2024-01_to_2024-04,2024-01,2024-04,Cost Management,18,0,0.000000
JIRA,jira,project,2024-01_to_2024-04,2024-01,2024-04,Crowd Data Center,45,1,0.022222
JIRA,jira,project,2024-01_to_2024-04,2024-01,2024-04,Crucible,20,0,0.000000
JIRA,jira,project,2024-01_to_2024-04,2024-01,2024-04,Daffodil,27,10,0.370370
JIRA,jira,project,2024-01_to_2024-04,2024-01,2024-04,Data Foundation Bugs,87,21,0.241379
JIRA,jira,project,2024-01_to_2024-04,2024-01,2024-04,DataFu,3,0,0.000000
JIRA,jira,project,2024-01_to_2024-04,2024-01,2024-04,Debezium,457,134,0.293217
JIRA,jira,project,2024-01_to_2024-04,2024-01,2024-04,Derby (Retired),3,1,0.333333
JIRA,jira,project,2024-01_to_2024-04,2024-01,2024-04,Directory ApacheDS,14,2,0.142857
JIRA,jira,project,2024-01_to_2024-04,2024-01,2024-04,Directory Client API,3,1,0.333333
JIRA,jira,project,2024-01_to_2024-04,2024-01,2024-04,Directory Studio,27,2,0.074074
JIRA,jira,project,2024-01_to_2024-04,2024-01,2024-04,Distributed Tracing,267,12,0.044944
JIRA,jira,project,2024-01_to_2024-04,2024-01,2024-04,Docs for Red Hat Developers,109,1,0.009174
JIRA,jira,project,2024-01_to_2024-04,2024-01,2024-04,Drivers,76,7,0.092105
JIRA,jira,project,2024-01_to_2024-04,2024-01,2024-04,Drools,19,6,0.315789
JIRA,jira,project,2024-01_to_2024-04,2024-01,2024-04,EAP Documentation,92,2,0.021739
JIRA,jira,project,2024-01_to_2024-04,2024-01,2024-04,EJB Client Library (AS7+),2,0,0.000000
JIRA,jira,project,2024-01_to_2024-04,2024-01,2024-04,ENTSBT,30,0,0.000000
JIRA,jira,project,2024-01_to_2024-04,2024-01,2024-04,Elytron Web,17,0,0.000000
JIRA,jira,project,2024-01_to_2024-04,2024-01,2024-04,Empire,10,0,0.000000
JIRA,jira,project,2024-01_to_2024-04,2024-01,2024-04,Entity Framework,24,11,0.458333
JIRA,jira,project,2024-01_to_2024-04,2024-01,2024-04,FOP,13,1,0.076923
JIRA,jira,project,2024-01_to_2024-04,2024-01,2024-04,Fast Datapath Product,275,91,0.330909
JIRA,jira,project,2024-01_to_2024-04,2024-01,2024-04,Fedora,107,43,0.401869
JIRA,jira,project,2024-01_to_2024-04,2024-01,2024-04,Felix,23,1,0.043478
JIRA,jira,project,2024-01_to_2024-04,2024-01,2024-04,FishEye,25,0,0.000000
JIRA,jira,project,2024-01_to_2024-04,2024-01,2024-04,FlightPath,461,52,0.112798
JIRA,jira,project,2024-01_to_2024-04,2024-01,2024-04,Flink,1312,238,0.181402
JIRA,jira,project,2024-01_to_2024-04,2024-01,2024-04,Flume,1,0,0.000000
JIRA,jira,project,2024-01_to_2024-04,2024-01,2024-04,Forge,48,9,0.187500
JIRA,jira,project,2024-01_to_2024-04,2024-01,2024-04,Geode,2,0,0.000000
JIRA,jira,project,2024-01_to_2024-04,2024-01,2024-04,Go Driver,116,17,0.146552
JIRA,jira,project,2024-01_to_2024-04,2024-01,2024-04,Griffin (Retired),1,0,0.000000
JIRA,jira,project,2024-01_to_2024-04,2024-01,2024-04,Groovy,102,28,0.274510
JIRA,jira,project,2024-01_to_2024-04,2024-01,2024-04,Guacamole,47,11,0.234043
JIRA,jira,project,2024-01_to_2024-04,2024-01,2024-04,HAL,16,0,0.000000
JIRA,jira,project,2024-01_to_2024-04,2024-01,2024-04,HBase,270,67,0.248148
JIRA,jira,project,2024-01_to_2024-04,2024-01,2024-04,HMS ,1,0,0.000000
JIRA,jira,project,2024-01_to_2024-04,2024-01,2024-04,Hadoop Common,137,102,0.744526
JIRA,jira,project,2024-01_to_2024-04,2024-01,2024-04,Hadoop HDFS,189,129,0.682540
JIRA,jira,project,2024-01_to_2024-04,2024-01,2024-04,Hadoop Map/Reduce,8,7,0.875000
JIRA,jira,project,2024-01_to_2024-04,2024-01,2024-04,Hadoop YARN,55,37,0.672727
JIRA,jira,project,2024-01_to_2024-04,2024-01,2024-04,Hawkular,1,0,0.000000
JIRA,jira,project,2024-01_to_2024-04,2024-01,2024-04,HawtIO,40,3,0.075000
JIRA,jira,project,2024-01_to_2024-04,2024-01,2024-04,Hive,269,60,0.223048
JIRA,jira,project,2024-01_to_2024-04,2024-01,2024-04,HttpComponents HttpAsyncClient,1,1,1.000000
JIRA,jira,project,2024-01_to_2024-04,2024-01,2024-04,HttpComponents HttpClient,13,6,0.461538
JIRA,jira,project,2024-01_to_2024-04,2024-01,2024-04,HttpComponents HttpCore,3,1,0.333333
JIRA,jira,project,2024-01_to_2024-04,2024-01,2024-04,Hybrid Cloud Console,995,23,0.023116
JIRA,jira,project,2024-01_to_2024-04,2024-01,2024-04,Hybrid Cloud Console Docs Feedback,2,1,0.500000
JIRA,jira,project,2024-01_to_2024-04,2024-01,2024-04,Hybrid Cloud Infrastructure Documentation,127,1,0.007874
JIRA,jira,project,2024-01_to_2024-04,2024-01,2024-04,IMPALA,384,105,0.273438
JIRA,jira,project,2024-01_to_2024-04,2024-01,2024-04,Identity,44,3,0.068182
JIRA,jira,project,2024-01_to_2024-04,2024-01,2024-04,Ignite,969,111,0.114551
JIRA,jira,project,2024-01_to_2024-04,2024-01,2024-04,Incubator,2,0,0.000000
JIRA,jira,project,2024-01_to_2024-04,2024-01,2024-04,Insights Experiences,418,14,0.033493
JIRA,jira,project,2024-01_to_2024-04,2024-01,2024-04,Insights Rule Analysis Tool,6,1,0.166667
JIRA,jira,project,2024-01_to_2024-04,2024-01,2024-04,Intel IPU Collaboration,2,0,0.000000
JIRA,jira,project,2024-01_to_2024-04,2024-01,2024-04,IronJacamar,9,1,0.111111
JIRA,jira,project,2024-01_to_2024-04,2024-01,2024-04,Ivy,3,2,0.666667
JIRA,jira,project,2024-01_to_2024-04,2024-01,2024-04,JBeret,8,0,0.000000
JIRA,jira,project,2024-01_to_2024-04,2024-01,2024-04,JBoss Core Services,9,0,0.000000
JIRA,jira,project,2024-01_to_2024-04,2024-01,2024-04,JBoss Enterprise Application Platform,343,61,0.177843
JIRA,jira,project,2024-01_to_2024-04,2024-01,2024-04,JBoss Enterprise Spec APIs,3,0,0.000000
JIRA,jira,project,2024-01_to_2024-04,2024-01,2024-04,JBoss Log Manager,8,0,0.000000
JIRA,jira,project,2024-01_to_2024-04,2024-01,2024-04,JBoss Logging,2,0,0.000000
JIRA,jira,project,2024-01_to_2024-04,2024-01,2024-04,JBoss Marshalling,2,0,0.000000
JIRA,jira,project,2024-01_to_2024-04,2024-01,2024-04,JBoss Metadata,1,0,0.000000
JIRA,jira,project,2024-01_to_2024-04,2024-01,2024-04,JBoss Remoting (3+),6,0,0.000000
JIRA,jira,project,2024-01_to_2024-04,2024-01,2024-04,JBoss Server Migration Tool,8,1,0.125000
JIRA,jira,project,2024-01_to_2024-04,2024-01,2024-04,JBoss Transaction Manager,54,4,0.074074
JIRA,jira,project,2024-01_to_2024-04,2024-01,2024-04,JBoss VFS,3,0,0.000000
JIRA,jira,project,2024-01_to_2024-04,2024-01,2024-04,JBoss Web Server,18,0,0.000000
JIRA,jira,project,2024-01_to_2024-04,2024-01,2024-04,JBoss Web Services,9,1,0.111111
JIRA,jira,project,2024-01_to_2024-04,2024-01,2024-04,JDO,6,1,0.166667
JIRA,jira,project,2024-01_to_2024-04,2024-01,2024-04,JGroups,51,10,0.196078
JIRA,jira,project,2024-01_to_2024-04,2024-01,2024-04,JSPWiki,9,1,0.111111
JIRA,jira,project,2024-01_to_2024-04,2024-01,2024-04,Jackrabbit Content Repository,38,0,0.000000
JIRA,jira,project,2024-01_to_2024-04,2024-01,2024-04,Jackrabbit FileVault,13,3,0.230769
JIRA,jira,project,2024-01_to_2024-04,2024-01,2024-04,Jackrabbit Oak,188,19,0.101064
JIRA,jira,project,2024-01_to_2024-04,2024-01,2024-04,Jackrabbit Site,3,0,0.000000
JIRA,jira,project,2024-01_to_2024-04,2024-01,2024-04,James Mime4j,4,0,0.000000
JIRA,jira,project,2024-01_to_2024-04,2024-01,2024-04,James Server,64,12,0.187500
JIRA,jira,project,2024-01_to_2024-04,2024-01,2024-04,Java Driver,148,20,0.135135
JIRA,jira,project,2024-01_to_2024-04,2024-01,2024-04,Java Integrations & Frameworks,1,0,0.000000
JIRA,jira,project,2024-01_to_2024-04,2024-01,2024-04,Jira Admin Support,4,0,0.000000
JIRA,jira,project,2024-01_to_2024-04,2024-01,2024-04,Jira Align,595,6,0.010084
JIRA,jira,project,2024-01_to_2024-04,2024-01,2024-04,Jira Cloud,39,1,0.025641
JIRA,jira,project,2024-01_to_2024-04,2024-01,2024-04,Jira Data Center,452,22,0.048673
JIRA,jira,project,2024-01_to_2024-04,2024-01,2024-04,Jira Performance Testing Tools,10,1,0.100000
JIRA,jira,project,2024-01_to_2024-04,2024-01,2024-04,Jira Platform Cloud,1241,46,0.037067
JIRA,jira,project,2024-01_to_2024-04,2024-01,2024-04,Jira Service Management Cloud,485,16,0.032990
JIRA,jira,project,2024-01_to_2024-04,2024-01,2024-04,Jira Service Management Data Center,201,11,0.054726
JIRA,jira,project,2024-01_to_2024-04,2024-01,2024-04,Jira Software Data Center,414,5,0.012077
JIRA,jira,project,2024-01_to_2024-04,2024-01,2024-04,Jira Work Management Cloud,77,0,0.000000
JIRA,jira,project,2024-01_to_2024-04,2024-01,2024-04,Johnzon,4,2,0.500000
JIRA,jira,project,2024-01_to_2024-04,2024-01,2024-04,Juneau,1,0,0.000000
JIRA,jira,project,2024-01_to_2024-04,2024-01,2024-04,Kafka,578,106,0.183391
JIRA,jira,project,2024-01_to_2024-04,2024-01,2024-04,Kafka Connector,13,3,0.230769
JIRA,jira,project,2024-01_to_2024-04,2024-01,2024-04,Karaf,32,5,0.156250
JIRA,jira,project,2024-01_to_2024-04,2024-01,2024-04,Knative Serving,40,0,0.000000
JIRA,jira,project,2024-01_to_2024-04,2024-01,2024-04,Kogito,80,2,0.025000
JIRA,jira,project,2024-01_to_2024-04,2024-01,2024-04,Konflux UI,5,0,0.000000
JIRA,jira,project,2024-01_to_2024-04,2024-01,2024-04,Kudu,33,8,0.242424
JIRA,jira,project,2024-01_to_2024-04,2024-01,2024-04,Kylin,99,3,0.030303
JIRA,jira,project,2024-01_to_2024-04,2024-01,2024-04,Legal Discuss,13,0,0.000000
JIRA,jira,project,2024-01_to_2024-04,2024-01,2024-04,Libmongocrypt,29,3,0.103448
JIRA,jira,project,2024-01_to_2024-04,2024-01,2024-04,Livy,5,0,0.000000
JIRA,jira,project,2024-01_to_2024-04,2024-01,2024-04,Log4j 2,6,1,0.166667
JIRA,jira,project,2024-01_to_2024-04,2024-01,2024-04,Log4net,1,0,0.000000
JIRA,jira,project,2024-01_to_2024-04,2024-01,2024-04,Lucene4c,1,1,1.000000
JIRA,jira,project,2024-01_to_2024-04,2024-01,2024-04,MINA,1,0,0.000000
JIRA,jira,project,2024-01_to_2024-04,2024-01,2024-04,MINA SSHD,3,1,0.333333
JIRA,jira,project,2024-01_to_2024-04,2024-01,2024-04,Machine Config Operator,164,1,0.006098
JIRA,jira,project,2024-01_to_2024-04,2024-01,2024-04,Mahout,39,0,0.000000
JIRA,jira,project,2024-01_to_2024-04,2024-01,2024-04,Managed Service ,29,1,0.034483
JIRA,jira,project,2024-01_to_2024-04,2024-01,2024-04,ManifoldCF,4,1,0.250000
JIRA,jira,project,2024-01_to_2024-04,2024-01,2024-04,MariaDB ColumnStore,102,25,0.245098
JIRA,jira,project,2024-01_to_2024-04,2024-01,2024-04,MariaDB Connector/C,14,1,0.071429
JIRA,jira,project,2024-01_to_2024-04,2024-01,2024-04,MariaDB Connector/C++,13,1,0.076923
JIRA,jira,project,2024-01_to_2024-04,2024-01,2024-04,MariaDB Connector/J,32,6,0.187500
JIRA,jira,project,2024-01_to_2024-04,2024-01,2024-04,MariaDB Connector/ODBC,11,1,0.090909
JIRA,jira,project,2024-01_to_2024-04,2024-01,2024-04,MariaDB Connector/Python,6,0,0.000000
JIRA,jira,project,2024-01_to_2024-04,2024-01,2024-04,MariaDB Connector/R2DBC,5,0,0.000000
JIRA,jira,project,2024-01_to_2024-04,2024-01,2024-04,MariaDB Connector/node.js,13,1,0.076923
JIRA,jira,project,2024-01_to_2024-04,2024-01,2024-04,MariaDB Foundation Development,55,6,0.109091
JIRA,jira,project,2024-01_to_2024-04,2024-01,2024-04,MariaDB MaxScale,175,20,0.114286
JIRA,jira,project,2024-01_to_2024-04,2024-01,2024-04,MariaDB Server,878,406,0.462415
JIRA,jira,project,2024-01_to_2024-04,2024-01,2024-04,Marvell DPU Collaboration,53,0,0.000000
JIRA,jira,project,2024-01_to_2024-04,2024-01,2024-04,Maven (Moved to GitHub Issues),116,26,0.224138
JIRA,jira,project,2024-01_to_2024-04,2024-01,2024-04,Maven Antrun Plugin (Moved to GitHub Issues),1,0,0.000000
JIRA,jira,project,2024-01_to_2024-04,2024-01,2024-04,Maven Archetype (Moved to GitHub Issues),5,2,0.400000
JIRA,jira,project,2024-01_to_2024-04,2024-01,2024-04,Maven Archetype Bundles (Moved to GitHub Issues),2,0,0.000000
JIRA,jira,project,2024-01_to_2024-04,2024-01,2024-04,Maven Artifact Plugin (Moved to GitHub Issues),8,3,0.375000
JIRA,jira,project,2024-01_to_2024-04,2024-01,2024-04,Maven Assembly Plugin (Moved to GitHub Issues),14,4,0.285714
JIRA,jira,project,2024-01_to_2024-04,2024-01,2024-04,Maven Build Cache Extension (Moved to GitHub Issues),17,4,0.235294
JIRA,jira,project,2024-01_to_2024-04,2024-01,2024-04,Maven Changes Plugin (Moved to GitHub Issues),2,0,0.000000
JIRA,jira,project,2024-01_to_2024-04,2024-01,2024-04,Maven Checkstyle Plugin (Moved to GitHub Issues),3,0,0.000000
JIRA,jira,project,2024-01_to_2024-04,2024-01,2024-04,Maven Clean Plugin (Moved to GitHub Issues),3,2,0.666667
JIRA,jira,project,2024-01_to_2024-04,2024-01,2024-04,Maven Compiler Plugin (Moved to GitHub Issues),18,4,0.222222
JIRA,jira,project,2024-01_to_2024-04,2024-01,2024-04,Maven DOAP Plugin (Moved to GitHub Issues),1,0,0.000000
JIRA,jira,project,2024-01_to_2024-04,2024-01,2024-04,Maven Dependency Plugin (Moved to GitHub Issues),24,7,0.291667
JIRA,jira,project,2024-01_to_2024-04,2024-01,2024-04,Maven Deploy Plugin (Moved to GitHub Issues),1,0,0.000000
JIRA,jira,project,2024-01_to_2024-04,2024-01,2024-04,Maven Doxia (Moved to GitHub Issues),13,1,0.076923
JIRA,jira,project,2024-01_to_2024-04,2024-01,2024-04,Maven Doxia Sitetools (Moved to GitHub Issues),15,3,0.200000
JIRA,jira,project,2024-01_to_2024-04,2024-01,2024-04,Maven Doxia Tools (Moved to GitHub Issues),3,0,0.000000
JIRA,jira,project,2024-01_to_2024-04,2024-01,2024-04,Maven Enforcer Plugin (Moved to GitHub Issues),7,0,0.000000
JIRA,jira,project,2024-01_to_2024-04,2024-01,2024-04,Maven GPG Plugin (Moved to GitHub Issues),26,6,0.230769
JIRA,jira,project,2024-01_to_2024-04,2024-01,2024-04,Maven Help Plugin (Moved to GitHub Issues),2,0,0.000000
JIRA,jira,project,2024-01_to_2024-04,2024-01,2024-04,Maven Indexer (Moved to GitHub Issues),7,0,0.000000
JIRA,jira,project,2024-01_to_2024-04,2024-01,2024-04,Maven Install Plugin (Moved to GitHub Issues),2,0,0.000000
JIRA,jira,project,2024-01_to_2024-04,2024-01,2024-04,Maven Invoker Plugin (Moved to GitHub Issues),10,0,0.000000
JIRA,jira,project,2024-01_to_2024-04,2024-01,2024-04,Maven JAR Plugin (Moved to GitHub Issues),8,1,0.125000
JIRA,jira,project,2024-01_to_2024-04,2024-01,2024-04,Maven JLink Plugin (Moved to GitHub Issues),6,2,0.333333
JIRA,jira,project,2024-01_to_2024-04,2024-01,2024-04,Maven JMod Plugin (Moved to GitHub Issues),6,0,0.000000
JIRA,jira,project,2024-01_to_2024-04,2024-01,2024-04,Maven JXR (Moved to GitHub Issues),1,0,0.000000
JIRA,jira,project,2024-01_to_2024-04,2024-01,2024-04,Maven Jar Signer Plugin (Moved to GitHub Issues),1,0,0.000000
JIRA,jira,project,2024-01_to_2024-04,2024-01,2024-04,Maven Javadoc Plugin (Moved to GitHub Issues),8,3,0.375000
JIRA,jira,project,2024-01_to_2024-04,2024-01,2024-04,Maven PMD Plugin (Moved to GitHub Issues),4,2,0.500000
JIRA,jira,project,2024-01_to_2024-04,2024-01,2024-04,Maven POMs (Moved to GitHub issues),33,0,0.000000
JIRA,jira,project,2024-01_to_2024-04,2024-01,2024-04,Maven Plugin Testing  (Moved to GitHub Issues),1,0,0.000000
JIRA,jira,project,2024-01_to_2024-04,2024-01,2024-04,Maven Plugin Tools (Moved to GitHub Issues),19,6,0.315789
JIRA,jira,project,2024-01_to_2024-04,2024-01,2024-04,Maven Project Info Reports Plugin (Moved to GitHub Issues),2,1,0.500000
JIRA,jira,project,2024-01_to_2024-04,2024-01,2024-04,Maven Project Web Site (Moved to GitHub Issues),6,0,0.000000
JIRA,jira,project,2024-01_to_2024-04,2024-01,2024-04,Maven RAR Plugin (Moved to GitHub Issues),5,0,0.000000
JIRA,jira,project,2024-01_to_2024-04,2024-01,2024-04,Maven Release Plugin (Moved to GitHub Issues),7,4,0.571429
JIRA,jira,project,2024-01_to_2024-04,2024-01,2024-04,Maven Remote Resources Plugin (Moved to GitHub Issues),3,0,0.000000
JIRA,jira,project,2024-01_to_2024-04,2024-01,2024-04,Maven Resolver (Moved to GitHub Issues),90,6,0.066667
JIRA,jira,project,2024-01_to_2024-04,2024-01,2024-04,Maven Resources Plugin (Moved to GitHub Issues),4,0,0.000000
JIRA,jira,project,2024-01_to_2024-04,2024-01,2024-04,Maven SCM (Moved to GitHub Issues),10,3,0.300000
JIRA,jira,project,2024-01_to_2024-04,2024-01,2024-04,Maven SCM Publish Plugin (Moved to GitHub Issues),6,0,0.000000
JIRA,jira,project,2024-01_to_2024-04,2024-01,2024-04,Maven Scripting (Moved to GitHub Issues),3,0,0.000000
JIRA,jira,project,2024-01_to_2024-04,2024-01,2024-04,Maven Shade Plugin (Moved to GitHub Issues),8,2,0.250000
JIRA,jira,project,2024-01_to_2024-04,2024-01,2024-04,Maven Shared Components,39,2,0.051282
JIRA,jira,project,2024-01_to_2024-04,2024-01,2024-04,Maven Site Plugin (Moved to GitHub Issues),5,1,0.200000
JIRA,jira,project,2024-01_to_2024-04,2024-01,2024-04,Maven Skins (Moved to GitHub Issues),5,0,0.000000
JIRA,jira,project,2024-01_to_2024-04,2024-01,2024-04,Maven Source Plugin (Moved to GitHub Issues),4,0,0.000000
JIRA,jira,project,2024-01_to_2024-04,2024-01,2024-04,Maven Surefire (Moved to GitHub Issues),17,6,0.352941
JIRA,jira,project,2024-01_to_2024-04,2024-01,2024-04,Maven Toolchains Plugin (Moved to GitHub Issues),7,3,0.428571
JIRA,jira,project,2024-01_to_2024-04,2024-01,2024-04,Maven WAR Plugin (Moved to GitHub Issues),1,0,0.000000
JIRA,jira,project,2024-01_to_2024-04,2024-01,2024-04,Maven Wagon (Moved to GitHub Issues),1,0,0.000000
JIRA,jira,project,2024-01_to_2024-04,2024-01,2024-04,Maven Wrapper (Moved to GitHub Issues),14,4,0.285714
JIRA,jira,project,2024-01_to_2024-04,2024-01,2024-04,Meecrowave,1,0,0.000000
JIRA,jira,project,2024-01_to_2024-04,2024-01,2024-04,MicroShift,442,0,0.000000
JIRA,jira,project,2024-01_to_2024-04,2024-01,2024-04,Migration Platform,159,22,0.138365
JIRA,jira,project,2024-01_to_2024-04,2024-01,2024-04,Migration Toolkit for Applications,644,51,0.079193
JIRA,jira,project,2024-01_to_2024-04,2024-01,2024-04,Migration Toolkit for Virtualization,209,18,0.086124
JIRA,jira,project,2024-01_to_2024-04,2024-01,2024-04,Mnemonic (Retired),15,0,0.000000
JIRA,jira,project,2024-01_to_2024-04,2024-01,2024-04,ModeShape,1,0,0.000000
JIRA,jira,project,2024-01_to_2024-04,2024-01,2024-04,Modular Service Container,2,0,0.000000
JIRA,jira,project,2024-01_to_2024-04,2024-01,2024-04,MongoDB Database Tools,45,1,0.022222
JIRA,jira,project,2024-01_to_2024-04,2024-01,2024-04,MongoDB Shell,64,7,0.109375
JIRA,jira,project,2024-01_to_2024-04,2024-01,2024-04,Mongoid,35,1,0.028571
JIRA,jira,project,2024-01_to_2024-04,2024-01,2024-04,Motor,80,9,0.112500
JIRA,jira,project,2024-01_to_2024-04,2024-01,2024-04,Multiple Architecture Enablement,193,9,0.046632
JIRA,jira,project,2024-01_to_2024-04,2024-01,2024-04,MyFaces Core,17,4,0.235294
JIRA,jira,project,2024-01_to_2024-04,2024-01,2024-04,MyFaces Tobago,34,0,0.000000
JIRA,jira,project,2024-01_to_2024-04,2024-01,2024-04,Network Edge,200,0,0.000000
JIRA,jira,project,2024-01_to_2024-04,2024-01,2024-04,Network Hardware Enablement,38,1,0.026316
JIRA,jira,project,2024-01_to_2024-04,2024-01,2024-04,Network Observability,161,20,0.124224
JIRA,jira,project,2024-01_to_2024-04,2024-01,2024-04,Node.js Driver,313,15,0.047923
JIRA,jira,project,2024-01_to_2024-04,2024-01,2024-04,Nutch,29,8,0.275862
JIRA,jira,project,2024-01_to_2024-04,2024-01,2024-04,OCMUI ,488,27,0.055328
JIRA,jira,project,2024-01_to_2024-04,2024-01,2024-04,OCP Technical Release Team,200,46,0.230000
JIRA,jira,project,2024-01_to_2024-04,2024-01,2024-04,ODATA,1,0,0.000000
JIRA,jira,project,2024-01_to_2024-04,2024-01,2024-04,OFBiz,199,51,0.256281
JIRA,jira,project,2024-01_to_2024-04,2024-01,2024-04,OPCT ,2,0,0.000000
JIRA,jira,project,2024-01_to_2024-04,2024-01,2024-04,ORC,142,3,0.021127
JIRA,jira,project,2024-01_to_2024-04,2024-01,2024-04,Observability Documentation,265,5,0.018868
JIRA,jira,project,2024-01_to_2024-04,2024-01,2024-04,Observability UI,83,0,0.000000
JIRA,jira,project,2024-01_to_2024-04,2024-01,2024-04,Observability and Data Analysis Program,98,0,0.000000
JIRA,jira,project,2024-01_to_2024-04,2024-01,2024-04,Olingo,6,0,0.000000
JIRA,jira,project,2024-01_to_2024-04,2024-01,2024-04,On Prem Networking,49,2,0.040816
JIRA,jira,project,2024-01_to_2024-04,2024-01,2024-04,Oozie (Retired),3,1,0.333333
JIRA,jira,project,2024-01_to_2024-04,2024-01,2024-04,OpenJDK,110,4,0.036364
JIRA,jira,project,2024-01_to_2024-04,2024-01,2024-04,OpenJPA,2,1,0.500000
JIRA,jira,project,2024-01_to_2024-04,2024-01,2024-04,OpenNLP,15,1,0.066667
JIRA,jira,project,2024-01_to_2024-04,2024-01,2024-04,OpenOffice,1,0,0.000000
JIRA,jira,project,2024-01_to_2024-04,2024-01,2024-04,OpenShift API Server,112,0,0.000000
JIRA,jira,project,2024-01_to_2024-04,2024-01,2024-04,OpenShift API for Data Protection,543,86,0.158379
JIRA,jira,project,2024-01_to_2024-04,2024-01,2024-04,OpenShift Application Platform Engineering,1,0,0.000000
JIRA,jira,project,2024-01_to_2024-04,2024-01,2024-04,OpenShift Authentication,35,2,0.057143
JIRA,jira,project,2024-01_to_2024-04,2024-01,2024-04,OpenShift Autoscaling,36,0,0.000000
JIRA,jira,project,2024-01_to_2024-04,2024-01,2024-04,OpenShift Bugs,3435,1286,0.374381
JIRA,jira,project,2024-01_to_2024-04,2024-01,2024-04,OpenShift BuildConfig,9,0,0.000000
JIRA,jira,project,2024-01_to_2024-04,2024-01,2024-04,OpenShift Builds,57,4,0.070175
JIRA,jira,project,2024-01_to_2024-04,2024-01,2024-04,OpenShift CFE,31,0,0.000000
JIRA,jira,project,2024-01_to_2024-04,2024-01,2024-04,OpenShift Cloud,173,32,0.184971
JIRA,jira,project,2024-01_to_2024-04,2024-01,2024-04,OpenShift Cloud Credential Operator,43,3,0.069767
JIRA,jira,project,2024-01_to_2024-04,2024-01,2024-04,OpenShift Console,132,0,0.000000
JIRA,jira,project,2024-01_to_2024-04,2024-01,2024-04,OpenShift Container Platform (OCP) Strategy,232,1,0.004310
JIRA,jira,project,2024-01_to_2024-04,2024-01,2024-04,OpenShift Core Networking,478,4,0.008368
JIRA,jira,project,2024-01_to_2024-04,2024-01,2024-04,OpenShift Edge,18,0,0.000000
JIRA,jira,project,2024-01_to_2024-04,2024-01,2024-04,OpenShift Etcd,81,0,0.000000
JIRA,jira,project,2024-01_to_2024-04,2024-01,2024-04,OpenShift GitOps,539,65,0.120594
JIRA,jira,project,2024-01_to_2024-04,2024-01,2024-04,OpenShift Hive,87,7,0.080460
JIRA,jira,project,2024-01_to_2024-04,2024-01,2024-04,OpenShift Hosted Control Plane,122,12,0.098361
JIRA,jira,project,2024-01_to_2024-04,2024-01,2024-04,OpenShift Image Registry,12,2,0.166667
JIRA,jira,project,2024-01_to_2024-04,2024-01,2024-04,OpenShift Installer,282,17,0.060284
JIRA,jira,project,2024-01_to_2024-04,2024-01,2024-04,OpenShift Jenkins,29,1,0.034483
JIRA,jira,project,2024-01_to_2024-04,2024-01,2024-04,OpenShift Logging,388,73,0.188144
JIRA,jira,project,2024-01_to_2024-04,2024-01,2024-04,OpenShift Migration Toolkit for Containers,28,4,0.142857
JIRA,jira,project,2024-01_to_2024-04,2024-01,2024-04,OpenShift Monitoring,154,2,0.012987
JIRA,jira,project,2024-01_to_2024-04,2024-01,2024-04,OpenShift Node,276,8,0.028986
JIRA,jira,project,2024-01_to_2024-04,2024-01,2024-04,OpenShift Over the Air,106,14,0.132075
JIRA,jira,project,2024-01_to_2024-04,2024-01,2024-04,OpenShift Pipelines,293,15,0.051195
JIRA,jira,project,2024-01_to_2024-04,2024-01,2024-04,OpenShift Pod Autoscaling,20,1,0.050000
JIRA,jira,project,2024-01_to_2024-04,2024-01,2024-04,OpenShift Request For Enhancement,361,2,0.005540
JIRA,jira,project,2024-01_to_2024-04,2024-01,2024-04,OpenShift Service Mesh,666,55,0.082583
JIRA,jira,project,2024-01_to_2024-04,2024-01,2024-04,OpenShift Specialist Platform Team,196,7,0.035714
JIRA,jira,project,2024-01_to_2024-04,2024-01,2024-04,OpenShift Storage,136,2,0.014706
JIRA,jira,project,2024-01_to_2024-04,2024-01,2024-04,OpenShift Top Level Product Strategy,2,0,0.000000
JIRA,jira,project,2024-01_to_2024-04,2024-01,2024-04,OpenShift UX Product Design,1,0,0.000000
JIRA,jira,project,2024-01_to_2024-04,2024-01,2024-04,OpenShift Virtualization,1634,132,0.080783
JIRA,jira,project,2024-01_to_2024-04,2024-01,2024-04,OpenShift Windows Containers,83,9,0.108434
JIRA,jira,project,2024-01_to_2024-04,2024-01,2024-04,OpenShift Workloads,168,4,0.023810
JIRA,jira,project,2024-01_to_2024-04,2024-01,2024-04,OpenStack Strategy,3,0,0.000000
JIRA,jira,project,2024-01_to_2024-04,2024-01,2024-04,OpenStack as Infra,100,5,0.050000
JIRA,jira,project,2024-01_to_2024-04,2024-01,2024-04,OpenWebBeans,3,1,0.333333
JIRA,jira,project,2024-01_to_2024-04,2024-01,2024-04,Openmeetings,4,0,0.000000
JIRA,jira,project,2024-01_to_2024-04,2024-01,2024-04,Openshift sandboxed containers,301,33,0.109635
JIRA,jira,project,2024-01_to_2024-04,2024-01,2024-04,Operator Ecosystem,66,1,0.015152
JIRA,jira,project,2024-01_to_2024-04,2024-01,2024-04,Operator Runtime,153,3,0.019608
JIRA,jira,project,2024-01_to_2024-04,2024-01,2024-04,Opsgenie,221,11,0.049774
JIRA,jira,project,2024-01_to_2024-04,2024-01,2024-04,Origin Community Distribution of Kubernetes,5,0,0.000000
JIRA,jira,project,2024-01_to_2024-04,2024-01,2024-04,PDFBox,63,24,0.380952
JIRA,jira,project,2024-01_to_2024-04,2024-01,2024-04,PHP Driver: Extension,31,1,0.032258
JIRA,jira,project,2024-01_to_2024-04,2024-01,2024-04,PHP Driver: Library,105,3,0.028571
JIRA,jira,project,2024-01_to_2024-04,2024-01,2024-04,PHP ORMs,45,3,0.066667
JIRA,jira,project,2024-01_to_2024-04,2024-01,2024-04,Parquet,47,7,0.148936
JIRA,jira,project,2024-01_to_2024-04,2024-01,2024-04,Performance and Scale for AI Platforms,106,2,0.018868
JIRA,jira,project,2024-01_to_2024-04,2024-01,2024-04,Phoenix,145,27,0.186207
JIRA,jira,project,2024-01_to_2024-04,2024-01,2024-04,Phoenix Omid,21,4,0.190476
JIRA,jira,project,2024-01_to_2024-04,2024-01,2024-04,Pig,10,7,0.700000
JIRA,jira,project,2024-01_to_2024-04,2024-01,2024-04,Podling Suitable Names Search,2,0,0.000000
JIRA,jira,project,2024-01_to_2024-04,2024-01,2024-04,Product Technical Learning,562,30,0.053381
JIRA,jira,project,2024-01_to_2024-04,2024-01,2024-04,Proforma Server & Data Centre,10,2,0.200000
JIRA,jira,project,2024-01_to_2024-04,2024-01,2024-04,Project Quay,305,42,0.137705
JIRA,jira,project,2024-01_to_2024-04,2024-01,2024-04,PyLucene,1,0,0.000000
JIRA,jira,project,2024-01_to_2024-04,2024-01,2024-04,Python Driver,243,60,0.246914
JIRA,jira,project,2024-01_to_2024-04,2024-01,2024-04,Python Integrations,66,3,0.045455
JIRA,jira,project,2024-01_to_2024-04,2024-01,2024-04,"Qbs (""Cubes"")",17,9,0.529412
JIRA,jira,project,2024-01_to_2024-04,2024-01,2024-04,Qpid,7,1,0.142857
JIRA,jira,project,2024-01_to_2024-04,2024-01,2024-04,Qpid Dispatch,1,0,0.000000
JIRA,jira,project,2024-01_to_2024-04,2024-01,2024-04,Qpid JMS,4,1,0.250000
JIRA,jira,project,2024-01_to_2024-04,2024-01,2024-04,Qpid Proton,32,5,0.156250
JIRA,jira,project,2024-01_to_2024-04,2024-01,2024-04,Qt,3495,770,0.220315
JIRA,jira,project,2024-01_to_2024-04,2024-01,2024-04,Qt Creator,521,79,0.151631
JIRA,jira,project,2024-01_to_2024-04,2024-01,2024-04,Qt Design Studio,954,28,0.029350
JIRA,jira,project,2024-01_to_2024-04,2024-01,2024-04,Qt Extensions,1,0,0.000000
JIRA,jira,project,2024-01_to_2024-04,2024-01,2024-04,Qt Installer Framework,108,15,0.138889
JIRA,jira,project,2024-01_to_2024-04,2024-01,2024-04,Qt Project Website,15,0,0.000000
JIRA,jira,project,2024-01_to_2024-04,2024-01,2024-04,Qt Quality Assurance Infrastructure,223,21,0.094170
JIRA,jira,project,2024-01_to_2024-04,2024-01,2024-04,Qt Tools for Android,35,4,0.114286
JIRA,jira,project,2024-01_to_2024-04,2024-01,2024-04,Qt Visual Studio Tools,44,10,0.227273
JIRA,jira,project,2024-01_to_2024-04,2024-01,2024-04,Qt WebBrowser,1,0,0.000000
JIRA,jira,project,2024-01_to_2024-04,2024-01,2024-04,Qt for Python,134,59,0.440299
JIRA,jira,project,2024-01_to_2024-04,2024-01,2024-04,Quarkus,153,19,0.124183
JIRA,jira,project,2024-01_to_2024-04,2024-01,2024-04,Quarkus Documentation,134,1,0.007463
JIRA,jira,project,2024-01_to_2024-04,2024-01,2024-04,RDO Project,116,4,0.034483
JIRA,jira,project,2024-01_to_2024-04,2024-01,2024-04,RESTEasy,62,7,0.112903
JIRA,jira,project,2024-01_to_2024-04,2024-01,2024-04,RH,23,5,0.217391
JIRA,jira,project,2024-01_to_2024-04,2024-01,2024-04,RH Developer Hub Planning,8,0,0.000000
JIRA,jira,project,2024-01_to_2024-04,2024-01,2024-04,RHEL,2507,802,0.319904
JIRA,jira,project,2024-01_to_2024-04,2024-01,2024-04,RHEL Conversions,107,15,0.140187
JIRA,jira,project,2024-01_to_2024-04,2024-01,2024-04,RHEL Documentation,46,2,0.043478
JIRA,jira,project,2024-01_to_2024-04,2024-01,2024-04,RHEL Performance,9,1,0.111111
JIRA,jira,project,2024-01_to_2024-04,2024-01,2024-04,RHOS Request for Features,5,0,0.000000
JIRA,jira,project,2024-01_to_2024-04,2024-01,2024-04,Ranger,158,11,0.069620
JIRA,jira,project,2024-01_to_2024-04,2024-01,2024-04,Ratis,78,14,0.179487
JIRA,jira,project,2024-01_to_2024-04,2024-01,2024-04,Red Hat 3scale API Management,217,17,0.078341
JIRA,jira,project,2024-01_to_2024-04,2024-01,2024-04,Red Hat Advanced Cluster Management,1219,100,0.082034
JIRA,jira,project,2024-01_to_2024-04,2024-01,2024-04,Red Hat Advanced Cluster Security,1,0,0.000000
JIRA,jira,project,2024-01_to_2024-04,2024-01,2024-04,Red Hat Build of Apache Camel for Quarkus,4,0,0.000000
JIRA,jira,project,2024-01_to_2024-04,2024-01,2024-04,Red Hat Data Grid,38,1,0.026316
JIRA,jira,project,2024-01_to_2024-04,2024-01,2024-04,Red Hat Decision Manager,1,1,1.000000
JIRA,jira,project,2024-01_to_2024-04,2024-01,2024-04,Red Hat Developer Hub Bugs,195,40,0.205128
JIRA,jira,project,2024-01_to_2024-04,2024-01,2024-04,Red Hat Directory Server,10,7,0.700000
JIRA,jira,project,2024-01_to_2024-04,2024-01,2024-04,Red Hat Fuse,249,3,0.012048
JIRA,jira,project,2024-01_to_2024-04,2024-01,2024-04,Red Hat Insights Engineering,22,4,0.181818
JIRA,jira,project,2024-01_to_2024-04,2024-01,2024-04,Red Hat Insights Strategy,6,0,0.000000
JIRA,jira,project,2024-01_to_2024-04,2024-01,2024-04,Red Hat Internal Developer Platform,14,0,0.000000
JIRA,jira,project,2024-01_to_2024-04,2024-01,2024-04,Red Hat Offline Knowledge Portal,2,0,0.000000
JIRA,jira,project,2024-01_to_2024-04,2024-01,2024-04,Red Hat OpenShift Control Planes,2,0,0.000000
JIRA,jira,project,2024-01_to_2024-04,2024-01,2024-04,Red Hat OpenShift Data Science,143,1,0.006993
JIRA,jira,project,2024-01_to_2024-04,2024-01,2024-04,Red Hat OpenShift Dev Spaces (formerly CodeReady Workspaces),173,21,0.121387
JIRA,jira,project,2024-01_to_2024-04,2024-01,2024-04,Red Hat OpenStack Services on OpenShift,1487,137,0.092132
JIRA,jira,project,2024-01_to_2024-04,2024-01,2024-04,Red Hat Process Automation Manager,26,5,0.192308
JIRA,jira,project,2024-01_to_2024-04,2024-01,2024-04,Red Hat Service Interconnect (Skupper),67,3,0.044776
JIRA,jira,project,2024-01_to_2024-04,2024-01,2024-04,Red Hat Workload Availability,8,3,0.375000
JIRA,jira,project,2024-01_to_2024-04,2024-01,2024-04,Red Hat build of Apache Camel,8,2,0.250000
JIRA,jira,project,2024-01_to_2024-04,2024-01,2024-04,Red Hat build of Apache Camel for Spring Boot,162,0,0.000000
JIRA,jira,project,2024-01_to_2024-04,2024-01,2024-04,Red Hat build of Keycloak,79,2,0.025316
JIRA,jira,project,2024-01_to_2024-04,2024-01,2024-04,Rovo,3,0,0.000000
JIRA,jira,project,2024-01_to_2024-04,2024-01,2024-04,Ruby Driver,92,4,0.043478
JIRA,jira,project,2024-01_to_2024-04,2024-01,2024-04,Rust Driver,114,1,0.008772
JIRA,jira,project,2024-01_to_2024-04,2024-01,2024-04,Rya,1,0,0.000000
JIRA,jira,project,2024-01_to_2024-04,2024-01,2024-04,SAML for Atlassian Data Center,7,0,0.000000
JIRA,jira,project,2024-01_to_2024-04,2024-01,2024-04,Sakai,413,61,0.147700
JIRA,jira,project,2024-01_to_2024-04,2024-01,2024-04,Samza,1,0,0.000000
JIRA,jira,project,2024-01_to_2024-04,2024-01,2024-04,Santuario,9,1,0.111111
JIRA,jira,project,2024-01_to_2024-04,2024-01,2024-04,Satellite,691,167,0.241679
JIRA,jira,project,2024-01_to_2024-04,2024-01,2024-04,Security Data,3,0,0.000000
JIRA,jira,project,2024-01_to_2024-04,2024-01,2024-04,Server Deployments and Scale,2,0,0.000000
JIRA,jira,project,2024-01_to_2024-04,2024-01,2024-04,Server Platform Frontend,8,0,0.000000
JIRA,jira,project,2024-01_to_2024-04,2024-01,2024-04,Serverless logic,79,5,0.063291
JIRA,jira,project,2024-01_to_2024-04,2024-01,2024-04,ServiceMix,44,1,0.022727
JIRA,jira,project,2024-01_to_2024-04,2024-01,2024-04,ShrinkWrap Resolvers,9,2,0.222222
JIRA,jira,project,2024-01_to_2024-04,2024-01,2024-04,Sidecar for Apache Cassandra,35,6,0.171429
JIRA,jira,project,2024-01_to_2024-04,2024-01,2024-04,Sling,97,10,0.103093
JIRA,jira,project,2024-01_to_2024-04,2024-01,2024-04,Solr,155,30,0.193548
JIRA,jira,project,2024-01_to_2024-04,2024-01,2024-04,Sourcetree For Mac,27,3,0.111111
JIRA,jira,project,2024-01_to_2024-04,2024-01,2024-04,Sourcetree for Windows,53,9,0.169811
JIRA,jira,project,2024-01_to_2024-04,2024-01,2024-04,Spark,1512,98,0.064815
JIRA,jira,project,2024-01_to_2024-04,2024-01,2024-04,Spark Connector,9,0,0.000000
JIRA,jira,project,2024-01_to_2024-04,2024-01,2024-04,Spatial Information Systems,6,0,0.000000
JIRA,jira,project,2024-01_to_2024-04,2024-01,2024-04,Statuspage,23,1,0.043478
JIRA,jira,project,2024-01_to_2024-04,2024-01,2024-04,Steve,5,0,0.000000
JIRA,jira,project,2024-01_to_2024-04,2024-01,2024-04,Streams for Apache Kafka Console,24,0,0.000000
JIRA,jira,project,2024-01_to_2024-04,2024-01,2024-04,Struts 2,39,2,0.051282
JIRA,jira,project,2024-01_to_2024-04,2024-01,2024-04,Subscription Watch,166,10,0.060241
JIRA,jira,project,2024-01_to_2024-04,2024-01,2024-04,Syncope,20,1,0.050000
JIRA,jira,project,2024-01_to_2024-04,2024-01,2024-04,SystemDS,37,6,0.162162
JIRA,jira,project,2024-01_to_2024-04,2024-01,2024-04,TEST Defect Tracking Project,37,1,0.027027
JIRA,jira,project,2024-01_to_2024-04,2024-01,2024-04,TOREE,1,0,0.000000
JIRA,jira,project,2024-01_to_2024-04,2024-01,2024-04,TRELLO,263,0,0.000000
JIRA,jira,project,2024-01_to_2024-04,2024-01,2024-04,Tapestry 5,6,5,0.833333
JIRA,jira,project,2024-01_to_2024-04,2024-01,2024-04,Thrift,31,5,0.161290
JIRA,jira,project,2024-01_to_2024-04,2024-01,2024-04,Tika,74,10,0.135135
JIRA,jira,project,2024-01_to_2024-04,2024-01,2024-04,TinkerPop,49,10,0.204082
JIRA,jira,project,2024-01_to_2024-04,2024-01,2024-04,TomEE,37,2,0.054054
JIRA,jira,project,2024-01_to_2024-04,2024-01,2024-04,Tools (JBoss Tools),34,3,0.088235
JIRA,jira,project,2024-01_to_2024-04,2024-01,2024-04,Torque,1,0,0.000000
JIRA,jira,project,2024-01_to_2024-04,2024-01,2024-04,UIMA,1,0,0.000000
JIRA,jira,project,2024-01_to_2024-04,2024-01,2024-04,Undertow,42,8,0.190476
JIRA,jira,project,2024-01_to_2024-04,2024-01,2024-04,Universal Plugin Manager,3,0,0.000000
JIRA,jira,project,2024-01_to_2024-04,2024-01,2024-04,VCL,13,0,0.000000
JIRA,jira,project,2024-01_to_2024-04,2024-01,2024-04,VS Code Extension,14,0,0.000000
JIRA,jira,project,2024-01_to_2024-04,2024-01,2024-04,Velocity,10,1,0.100000
JIRA,jira,project,2024-01_to_2024-04,2024-01,2024-04,Velocity Tools,5,0,0.000000
JIRA,jira,project,2024-01_to_2024-04,2024-01,2024-04,Virtualization Strategy,4,0,0.000000
JIRA,jira,project,2024-01_to_2024-04,2024-01,2024-04,Visual Design,34,0,0.000000
JIRA,jira,project,2024-01_to_2024-04,2024-01,2024-04,Visual Studio,5,1,0.200000
JIRA,jira,project,2024-01_to_2024-04,2024-01,2024-04,WINDUP ,35,2,0.057143
JIRA,jira,project,2024-01_to_2024-04,2024-01,2024-04,WINDUPRULE ,6,1,0.166667
JIRA,jira,project,2024-01_to_2024-04,2024-01,2024-04,WSS4J,4,0,0.000000
JIRA,jira,project,2024-01_to_2024-04,2024-01,2024-04,Web Terminal for OpenShift,35,6,0.171429
JIRA,jira,project,2024-01_to_2024-04,2024-01,2024-04,Weld,18,4,0.222222
JIRA,jira,project,2024-01_to_2024-04,2024-01,2024-04,Whimsy,8,1,0.125000
JIRA,jira,project,2024-01_to_2024-04,2024-01,2024-04,Wicket,17,1,0.058824
JIRA,jira,project,2024-01_to_2024-04,2024-01,2024-04,WildFly,401,38,0.094763
JIRA,jira,project,2024-01_to_2024-04,2024-01,2024-04,WildFly Arquillian,28,0,0.000000
JIRA,jira,project,2024-01_to_2024-04,2024-01,2024-04,WildFly Core,146,6,0.041096
JIRA,jira,project,2024-01_to_2024-04,2024-01,2024-04,WildFly Discovery,2,0,0.000000
JIRA,jira,project,2024-01_to_2024-04,2024-01,2024-04,WildFly EJB HTTP Client,2,0,0.000000
JIRA,jira,project,2024-01_to_2024-04,2024-01,2024-04,WildFly Elytron,44,2,0.045455
JIRA,jira,project,2024-01_to_2024-04,2024-01,2024-04,WildFly Elytron EE,6,0,0.000000
JIRA,jira,project,2024-01_to_2024-04,2024-01,2024-04,WildFly Maven Plugin,18,2,0.111111
JIRA,jira,project,2024-01_to_2024-04,2024-01,2024-04,WildFly Naming Client,1,0,0.000000
JIRA,jira,project,2024-01_to_2024-04,2024-01,2024-04,WildFly OpenSSL,1,0,0.000000
JIRA,jira,project,2024-01_to_2024-04,2024-01,2024-04,WildFly OpenSSL Natives,1,0,0.000000
JIRA,jira,project,2024-01_to_2024-04,2024-01,2024-04,WildFly Transaction Client,2,0,0.000000
JIRA,jira,project,2024-01_to_2024-04,2024-01,2024-04,WildFly WIP,5,4,0.800000
JIRA,jira,project,2024-01_to_2024-04,2024-01,2024-04,WiredTiger,685,195,0.284672
JIRA,jira,project,2024-01_to_2024-04,2024-01,2024-04,XBean,2,1,0.500000
JIRA,jira,project,2024-01_to_2024-04,2024-01,2024-04,XMLBeans,2,1,0.500000
JIRA,jira,project,2024-01_to_2024-04,2024-01,2024-04,XMLGraphicsCommons,2,1,0.500000
JIRA,jira,project,2024-01_to_2024-04,2024-01,2024-04,XNIO,5,1,0.200000
JIRA,jira,project,2024-01_to_2024-04,2024-01,2024-04,Xerces,4,1,0.250000
JIRA,jira,project,2024-01_to_2024-04,2024-01,2024-04,Xerces2,2,0,0.000000
JIRA,jira,project,2024-01_to_2024-04,2024-01,2024-04,Yetus,1,0,0.000000
JIRA,jira,project,2024-01_to_2024-04,2024-01,2024-04,Zeppelin,31,2,0.064516
JIRA,jira,project,2024-01_to_2024-04,2024-01,2024-04,ZooKeeper,49,5,0.102041
JIRA,jira,project,2024-01_to_2024-04,2024-01,2024-04,anaconda installer,35,0,0.000000
JIRA,jira,project,2024-01_to_2024-04,2024-01,2024-04,jBPM,7,1,0.142857
JIRA,jira,project,2024-01_to_2024-04,2024-01,2024-04,jboss.org,1,0,0.000000
JIRA,jira,project,2024-01_to_2024-04,2024-01,2024-04,jclouds (Retired) (Retired),10,3,0.300000
JIRA,jira,project,2024-01_to_2024-04,2024-01,2024-04,mod_cluster,6,1,0.166667
JIRA,jira,project,2024-01_to_2024-04,2024-01,2024-04,repository.jboss.org/nexus,12,0,0.000000
JIRA,jira,project,2024-05_to_2024-08,2024-05,2024-08,AMQ Broker,199,20,0.100503
JIRA,jira,project,2024-05_to_2024-08,2024-05,2024-08,AMQ Documentation,8,0,0.000000
JIRA,jira,project,2024-05_to_2024-08,2024-05,2024-08,AMQ Interconnect,1,0,0.000000
JIRA,jira,project,2024-05_to_2024-08,2024-05,2024-08,AMQ Streams,150,3,0.020000
JIRA,jira,project,2024-05_to_2024-08,2024-05,2024-08,AMQ Streams Flink,77,7,0.090909
JIRA,jira,project,2024-05_to_2024-08,2024-05,2024-08,AMQ Streams Kafka Proxy,3,0,0.000000
JIRA,jira,project,2024-05_to_2024-08,2024-05,2024-08,ActiveMQ (Read,59,8,0.135593
JIRA,jira,project,2024-05_to_2024-08,2024-05,2024-08,ActiveMQ C++ Client,1,1,1.000000
JIRA,jira,project,2024-05_to_2024-08,2024-05,2024-08,ActiveMQ OpenWire,1,0,0.000000
JIRA,jira,project,2024-05_to_2024-08,2024-05,2024-08,ActiveMQ Website,1,0,0.000000
JIRA,jira,project,2024-05_to_2024-08,2024-05,2024-08,ActiveObjects,5,0,0.000000
JIRA,jira,project,2024-05_to_2024-08,2024-05,2024-08,Admin Experience,99,4,0.040404
JIRA,jira,project,2024-05_to_2024-08,2024-05,2024-08,AeroGear,2,0,0.000000
JIRA,jira,project,2024-05_to_2024-08,2024-05,2024-08,Agent,48,4,0.083333
JIRA,jira,project,2024-05_to_2024-08,2024-05,2024-08,Agroal,8,0,0.000000
JIRA,jira,project,2024-05_to_2024-08,2024-05,2024-08,Airavata,1,0,0.000000
JIRA,jira,project,2024-05_to_2024-08,2024-05,2024-08,Ambari,47,2,0.042553
JIRA,jira,project,2024-05_to_2024-08,2024-05,2024-08,Analytics,88,4,0.045455
JIRA,jira,project,2024-05_to_2024-08,2024-05,2024-08,Ansible Automation Platform RFEs,155,0,0.000000
JIRA,jira,project,2024-05_to_2024-08,2024-05,2024-08,Apache AGE,1,0,0.000000
JIRA,jira,project,2024-05_to_2024-08,2024-05,2024-08,Apache AsterixDB,102,16,0.156863
JIRA,jira,project,2024-05_to_2024-08,2024-05,2024-08,Apache Avro,62,13,0.209677
JIRA,jira,project,2024-05_to_2024-08,2024-05,2024-08,Apache Cassandra,258,71,0.275194
JIRA,jira,project,2024-05_to_2024-08,2024-05,2024-08,Apache Cassandra Analytics,4,0,0.000000
JIRA,jira,project,2024-05_to_2024-08,2024-05,2024-08,Apache Cassandra Go driver,9,0,0.000000
JIRA,jira,project,2024-05_to_2024-08,2024-05,2024-08,Apache Cassandra Java driver,10,1,0.100000
JIRA,jira,project,2024-05_to_2024-08,2024-05,2024-08,Apache Celeborn,179,7,0.039106
JIRA,jira,project,2024-05_to_2024-08,2024-05,2024-08,Apache Curator,11,1,0.090909
JIRA,jira,project,2024-05_to_2024-08,2024-05,2024-08,Apache Datasketches,2,0,0.000000
JIRA,jira,project,2024-05_to_2024-08,2024-05,2024-08,Apache Drill,16,4,0.250000
JIRA,jira,project,2024-05_to_2024-08,2024-05,2024-08,Apache Fineract,41,1,0.024390
JIRA,jira,project,2024-05_to_2024-08,2024-05,2024-08,Apache Freemarker,1,1,1.000000
JIRA,jira,project,2024-05_to_2024-08,2024-05,2024-08,Apache Gobblin,87,0,0.000000
JIRA,jira,project,2024-05_to_2024-08,2024-05,2024-08,Apache Gora (Retired),1,0,0.000000
JIRA,jira,project,2024-05_to_2024-08,2024-05,2024-08,Apache Hudi,461,20,0.043384
JIRA,jira,project,2024-05_to_2024-08,2024-05,2024-08,Apache IoTDB,25,1,0.040000
JIRA,jira,project,2024-05_to_2024-08,2024-05,2024-08,Apache Knox,28,3,0.107143
JIRA,jira,project,2024-05_to_2024-08,2024-05,2024-08,Apache Maven Resource Bundles (Moved to GitHub Issues),4,2,0.500000
JIRA,jira,project,2024-05_to_2024-08,2024-05,2024-08,Apache NiFi,574,68,0.118467
JIRA,jira,project,2024-05_to_2024-08,2024-05,2024-08,Apache NiFi MiNiFi C++,95,1,0.010526
JIRA,jira,project,2024-05_to_2024-08,2024-05,2024-08,Apache Ozone,615,74,0.120325
JIRA,jira,project,2024-05_to_2024-08,2024-05,2024-08,Apache RAT,26,2,0.076923
JIRA,jira,project,2024-05_to_2024-08,2024-05,2024-08,Apache Science Data Analytics Platform,11,0,0.000000
JIRA,jira,project,2024-05_to_2024-08,2024-05,2024-08,Apache Sedona,97,2,0.020619
JIRA,jira,project,2024-05_to_2024-08,2024-05,2024-08,Apache ServiceComb,16,0,0.000000
JIRA,jira,project,2024-05_to_2024-08,2024-05,2024-08,Apache Storm,24,2,0.083333
JIRA,jira,project,2024-05_to_2024-08,2024-05,2024-08,Apache Tez,21,9,0.428571
JIRA,jira,project,2024-05_to_2024-08,2024-05,2024-08,Apache Unomi,22,3,0.136364
JIRA,jira,project,2024-05_to_2024-08,2024-05,2024-08,Apache YuniKorn,247,16,0.064777
JIRA,jira,project,2024-05_to_2024-08,2024-05,2024-08,Application Links,1,0,0.000000
JIRA,jira,project,2024-05_to_2024-08,2024-05,2024-08,Aries,29,0,0.000000
JIRA,jira,project,2024-05_to_2024-08,2024-05,2024-08,Arquillian,4,1,0.250000
JIRA,jira,project,2024-05_to_2024-08,2024-05,2024-08,Artemis,277,35,0.126354
JIRA,jira,project,2024-05_to_2024-08,2024-05,2024-08,Atlas,53,5,0.094340
JIRA,jira,project,2024-05_to_2024-08,2024-05,2024-08,Atlas SQL,11,0,0.000000
JIRA,jira,project,2024-05_to_2024-08,2024-05,2024-08,Atlassian Cache,1,0,0.000000
JIRA,jira,project,2024-05_to_2024-08,2024-05,2024-08,Atlassian Cloud,95,5,0.052632
JIRA,jira,project,2024-05_to_2024-08,2024-05,2024-08,Atlassian Connect Spring Boot,4,1,0.250000
JIRA,jira,project,2024-05_to_2024-08,2024-05,2024-08,Atlassian Connect in Jira Cloud,6,0,0.000000
JIRA,jira,project,2024-05_to_2024-08,2024-05,2024-08,Atlassian Ecosystem,98,5,0.051020
JIRA,jira,project,2024-05_to_2024-08,2024-05,2024-08,Atlassian Guard,64,0,0.000000
JIRA,jira,project,2024-05_to_2024-08,2024-05,2024-08,Atlassian Intelligence,27,1,0.037037
JIRA,jira,project,2024-05_to_2024-08,2024-05,2024-08,Atlassian Internationalization,28,0,0.000000
JIRA,jira,project,2024-05_to_2024-08,2024-05,2024-08,Atlassian Marketplace,37,3,0.081081
JIRA,jira,project,2024-05_to_2024-08,2024-05,2024-08,Atlassian Maven Plugin Suite,13,0,0.000000
JIRA,jira,project,2024-05_to_2024-08,2024-05,2024-08,Atlassian OAuth 2.0,1,0,0.000000
JIRA,jira,project,2024-05_to_2024-08,2024-05,2024-08,Atlassian Plugin Webfragment,4,0,0.000000
JIRA,jira,project,2024-05_to_2024-08,2024-05,2024-08,Atlassian Plugins,2,0,0.000000
JIRA,jira,project,2024-05_to_2024-08,2024-05,2024-08,Atlassian Plugins Webresources,9,0,0.000000
JIRA,jira,project,2024-05_to_2024-08,2024-05,2024-08,Atlassian Product Integrations,14,0,0.000000
JIRA,jira,project,2024-05_to_2024-08,2024-05,2024-08,Atlassian REST,6,0,0.000000
JIRA,jira,project,2024-05_to_2024-08,2024-05,2024-08,Atlassian Troubleshooting & Support Tools Plugin,2,0,0.000000
JIRA,jira,project,2024-05_to_2024-08,2024-05,2024-08,Atlassian User Interface,13,0,0.000000
JIRA,jira,project,2024-05_to_2024-08,2024-05,2024-08,Atlassian WebHooks Plugin,1,0,0.000000
JIRA,jira,project,2024-05_to_2024-08,2024-05,2024-08,Atlassian Whitelist,1,0,0.000000
JIRA,jira,project,2024-05_to_2024-08,2024-05,2024-08,Attic,4,0,0.000000
JIRA,jira,project,2024-05_to_2024-08,2024-05,2024-08,Automation for Cloud,133,5,0.037594
JIRA,jira,project,2024-05_to_2024-08,2024-05,2024-08,Automation for Jira Server,37,3,0.081081
JIRA,jira,project,2024-05_to_2024-08,2024-05,2024-08,Axiom,1,0,0.000000
JIRA,jira,project,2024-05_to_2024-08,2024-05,2024-08,Axis2,7,3,0.428571
JIRA,jira,project,2024-05_to_2024-08,2024-05,2024-08,BVal,1,0,0.000000
JIRA,jira,project,2024-05_to_2024-08,2024-05,2024-08,Bamboo Data Center,109,7,0.064220
JIRA,jira,project,2024-05_to_2024-08,2024-05,2024-08,Batik,3,0,0.000000
JIRA,jira,project,2024-05_to_2024-08,2024-05,2024-08,Bigtop,110,7,0.063636
JIRA,jira,project,2024-05_to_2024-08,2024-05,2024-08,Bitbucket Cloud,167,6,0.035928
JIRA,jira,project,2024-05_to_2024-08,2024-05,2024-08,Bitbucket Data Center,181,9,0.049724
JIRA,jira,project,2024-05_to_2024-08,2024-05,2024-08,BxMS Documentation,2,0,0.000000
JIRA,jira,project,2024-05_to_2024-08,2024-05,2024-08,Byteman,2,2,1.000000
JIRA,jira,project,2024-05_to_2024-08,2024-05,2024-08,C Driver,96,2,0.020833
JIRA,jira,project,2024-05_to_2024-08,2024-05,2024-08,C# Driver,151,37,0.245033
JIRA,jira,project,2024-05_to_2024-08,2024-05,2024-08,C++ Driver,56,3,0.053571
JIRA,jira,project,2024-05_to_2024-08,2024-05,2024-08,CCS documentation feedback,1,0,0.000000
JIRA,jira,project,2024-05_to_2024-08,2024-05,2024-08,CPE Infrastructure,451,1,0.002217
JIRA,jira,project,2024-05_to_2024-08,2024-05,2024-08,CXF,45,11,0.244444
JIRA,jira,project,2024-05_to_2024-08,2024-05,2024-08,CXF XJC Utils,2,0,0.000000
JIRA,jira,project,2024-05_to_2024-08,2024-05,2024-08,Calcite,164,32,0.195122
JIRA,jira,project,2024-05_to_2024-08,2024-05,2024-08,Camel,490,73,0.148980
JIRA,jira,project,2024-05_to_2024-08,2024-05,2024-08,CarbonData,1,0,0.000000
JIRA,jira,project,2024-05_to_2024-08,2024-05,2024-08,Causeway,77,6,0.077922
JIRA,jira,project,2024-05_to_2024-08,2024-05,2024-08,Cayenne,18,0,0.000000
JIRA,jira,project,2024-05_to_2024-08,2024-05,2024-08,CentOS Stream Pipeline,254,38,0.149606
JIRA,jira,project,2024-05_to_2024-08,2024-05,2024-08,Cert Manager support for Red Hat OpenShift,21,3,0.142857
JIRA,jira,project,2024-05_to_2024-08,2024-05,2024-08,Certification Partner Experience Public,23,0,0.000000
JIRA,jira,project,2024-05_to_2024-08,2024-05,2024-08,Clair,13,0,0.000000
JIRA,jira,project,2024-05_to_2024-08,2024-05,2024-08,Client,4,0,0.000000
JIRA,jira,project,2024-05_to_2024-08,2024-05,2024-08,Cloud Enablement,12,0,0.000000
JIRA,jira,project,2024-05_to_2024-08,2024-05,2024-08,Cloud Infrastructure Security & Compliance,121,5,0.041322
JIRA,jira,project,2024-05_to_2024-08,2024-05,2024-08,Cluster Integration and Delivery,99,1,0.010101
JIRA,jira,project,2024-05_to_2024-08,2024-05,2024-08,Cluster Observability Operator,146,21,0.143836
JIRA,jira,project,2024-05_to_2024-08,2024-05,2024-08,Cockpit,20,0,0.000000
JIRA,jira,project,2024-05_to_2024-08,2024-05,2024-08,Coin,18,5,0.277778
JIRA,jira,project,2024-05_to_2024-08,2024-05,2024-08,Commerce,11,1,0.090909
JIRA,jira,project,2024-05_to_2024-08,2024-05,2024-08,Commons BeanUtils,4,1,0.250000
JIRA,jira,project,2024-05_to_2024-08,2024-05,2024-08,Commons CLI,7,0,0.000000
JIRA,jira,project,2024-05_to_2024-08,2024-05,2024-08,Commons Collections,12,0,0.000000
JIRA,jira,project,2024-05_to_2024-08,2024-05,2024-08,Commons Compress,8,3,0.375000
JIRA,jira,project,2024-05_to_2024-08,2024-05,2024-08,Commons Configuration,5,1,0.200000
JIRA,jira,project,2024-05_to_2024-08,2024-05,2024-08,Commons DBCP,1,0,0.000000
JIRA,jira,project,2024-05_to_2024-08,2024-05,2024-08,Commons Daemon,3,3,1.000000
JIRA,jira,project,2024-05_to_2024-08,2024-05,2024-08,Commons Digester,1,0,0.000000
JIRA,jira,project,2024-05_to_2024-08,2024-05,2024-08,Commons Email,2,0,0.000000
JIRA,jira,project,2024-05_to_2024-08,2024-05,2024-08,Commons FileUpload,1,1,1.000000
JIRA,jira,project,2024-05_to_2024-08,2024-05,2024-08,Commons IO,4,2,0.500000
JIRA,jira,project,2024-05_to_2024-08,2024-05,2024-08,Commons Imaging,3,2,0.666667
JIRA,jira,project,2024-05_to_2024-08,2024-05,2024-08,Commons JEXL,6,1,0.166667
JIRA,jira,project,2024-05_to_2024-08,2024-05,2024-08,Commons Lang,20,3,0.150000
JIRA,jira,project,2024-05_to_2024-08,2024-05,2024-08,Commons Logging,5,1,0.200000
JIRA,jira,project,2024-05_to_2024-08,2024-05,2024-08,Commons Math,1,0,0.000000
JIRA,jira,project,2024-05_to_2024-08,2024-05,2024-08,Commons Net,4,2,0.500000
JIRA,jira,project,2024-05_to_2024-08,2024-05,2024-08,Commons Numbers,1,0,0.000000
JIRA,jira,project,2024-05_to_2024-08,2024-05,2024-08,Commons Pool,2,1,0.500000
JIRA,jira,project,2024-05_to_2024-08,2024-05,2024-08,Commons RNG,1,0,0.000000
JIRA,jira,project,2024-05_to_2024-08,2024-05,2024-08,Commons Statistics,4,0,0.000000
JIRA,jira,project,2024-05_to_2024-08,2024-05,2024-08,Commons Text,1,0,0.000000
JIRA,jira,project,2024-05_to_2024-08,2024-05,2024-08,Commons VFS,3,1,0.333333
JIRA,jira,project,2024-05_to_2024-08,2024-05,2024-08,Commons Validator,1,0,0.000000
JIRA,jira,project,2024-05_to_2024-08,2024-05,2024-08,Community Development,3,0,0.000000
JIRA,jira,project,2024-05_to_2024-08,2024-05,2024-08,Compass,290,22,0.075862
JIRA,jira,project,2024-05_to_2024-08,2024-05,2024-08,Confluence Cloud,835,39,0.046707
JIRA,jira,project,2024-05_to_2024-08,2024-05,2024-08,Confluence Data Center,316,41,0.129747
JIRA,jira,project,2024-05_to_2024-08,2024-05,2024-08,Connectivity Link,6,1,0.166667
JIRA,jira,project,2024-05_to_2024-08,2024-05,2024-08,Container Tools,119,18,0.151261
JIRA,jira,project,2024-05_to_2024-08,2024-05,2024-08,Content Gateway,4,0,0.000000
JIRA,jira,project,2024-05_to_2024-08,2024-05,2024-08,Core Server,4147,414,0.099831
JIRA,jira,project,2024-05_to_2024-08,2024-05,2024-08,CoreOS OCP,114,9,0.078947
JIRA,jira,project,2024-05_to_2024-08,2024-05,2024-08,Cost Management,22,0,0.000000
JIRA,jira,project,2024-05_to_2024-08,2024-05,2024-08,Crowd Data Center,22,2,0.090909
JIRA,jira,project,2024-05_to_2024-08,2024-05,2024-08,Crucible,2,0,0.000000
JIRA,jira,project,2024-05_to_2024-08,2024-05,2024-08,Daffodil,30,4,0.133333
JIRA,jira,project,2024-05_to_2024-08,2024-05,2024-08,Data Foundation Bugs,129,36,0.279070
JIRA,jira,project,2024-05_to_2024-08,2024-05,2024-08,DataFu,1,0,0.000000
JIRA,jira,project,2024-05_to_2024-08,2024-05,2024-08,Debezium,352,104,0.295455
JIRA,jira,project,2024-05_to_2024-08,2024-05,2024-08,Derby (Retired),4,0,0.000000
JIRA,jira,project,2024-05_to_2024-08,2024-05,2024-08,Directory ApacheDS,11,2,0.181818
JIRA,jira,project,2024-05_to_2024-08,2024-05,2024-08,Directory Client API,6,0,0.000000
JIRA,jira,project,2024-05_to_2024-08,2024-05,2024-08,Distributed Tracing,269,22,0.081784
JIRA,jira,project,2024-05_to_2024-08,2024-05,2024-08,Docs for Red Hat Developers,85,0,0.000000
JIRA,jira,project,2024-05_to_2024-08,2024-05,2024-08,Drivers,37,7,0.189189
JIRA,jira,project,2024-05_to_2024-08,2024-05,2024-08,Drools,9,1,0.111111
JIRA,jira,project,2024-05_to_2024-08,2024-05,2024-08,EAP Documentation,67,3,0.044776
JIRA,jira,project,2024-05_to_2024-08,2024-05,2024-08,EJB Client Library (AS7+),3,0,0.000000
JIRA,jira,project,2024-05_to_2024-08,2024-05,2024-08,ENTSBT,16,0,0.000000
JIRA,jira,project,2024-05_to_2024-08,2024-05,2024-08,Empire,10,0,0.000000
JIRA,jira,project,2024-05_to_2024-08,2024-05,2024-08,Entity Framework,38,9,0.236842
JIRA,jira,project,2024-05_to_2024-08,2024-05,2024-08,FOP,25,3,0.120000
JIRA,jira,project,2024-05_to_2024-08,2024-05,2024-08,FORTRESS,1,0,0.000000
JIRA,jira,project,2024-05_to_2024-08,2024-05,2024-08,Fast Datapath Product,132,39,0.295455
JIRA,jira,project,2024-05_to_2024-08,2024-05,2024-08,Fedora,106,40,0.377358
JIRA,jira,project,2024-05_to_2024-08,2024-05,2024-08,Felix,23,2,0.086957
JIRA,jira,project,2024-05_to_2024-08,2024-05,2024-08,FishEye,8,2,0.250000
JIRA,jira,project,2024-05_to_2024-08,2024-05,2024-08,FlightPath,337,43,0.127596
JIRA,jira,project,2024-05_to_2024-08,2024-05,2024-08,Flink,912,136,0.149123
JIRA,jira,project,2024-05_to_2024-08,2024-05,2024-08,Forge,105,12,0.114286
JIRA,jira,project,2024-05_to_2024-08,2024-05,2024-08,Geode,2,1,0.500000
JIRA,jira,project,2024-05_to_2024-08,2024-05,2024-08,Go Driver,104,18,0.173077
JIRA,jira,project,2024-05_to_2024-08,2024-05,2024-08,Groovy,91,26,0.285714
JIRA,jira,project,2024-05_to_2024-08,2024-05,2024-08,Guacamole,33,5,0.151515
JIRA,jira,project,2024-05_to_2024-08,2024-05,2024-08,HAL,11,1,0.090909
JIRA,jira,project,2024-05_to_2024-08,2024-05,2024-08,HBase,247,50,0.202429
JIRA,jira,project,2024-05_to_2024-08,2024-05,2024-08,Hadoop Common,97,74,0.762887
JIRA,jira,project,2024-05_to_2024-08,2024-05,2024-08,Hadoop HDFS,97,63,0.649485
JIRA,jira,project,2024-05_to_2024-08,2024-05,2024-08,Hadoop Map/Reduce,9,0,0.000000
JIRA,jira,project,2024-05_to_2024-08,2024-05,2024-08,Hadoop YARN,25,16,0.640000
JIRA,jira,project,2024-05_to_2024-08,2024-05,2024-08,HawtIO,31,0,0.000000
JIRA,jira,project,2024-05_to_2024-08,2024-05,2024-08,Hive,250,66,0.264000
JIRA,jira,project,2024-05_to_2024-08,2024-05,2024-08,HttpComponents HttpAsyncClient,1,0,0.000000
JIRA,jira,project,2024-05_to_2024-08,2024-05,2024-08,HttpComponents HttpClient,10,5,0.500000
JIRA,jira,project,2024-05_to_2024-08,2024-05,2024-08,HttpComponents HttpCore,2,0,0.000000
JIRA,jira,project,2024-05_to_2024-08,2024-05,2024-08,Hybrid Cloud Console,1088,27,0.024816
JIRA,jira,project,2024-05_to_2024-08,2024-05,2024-08,Hybrid Cloud Console Docs Feedback,7,0,0.000000
JIRA,jira,project,2024-05_to_2024-08,2024-05,2024-08,Hybrid Cloud Infrastructure Documentation,135,0,0.000000
JIRA,jira,project,2024-05_to_2024-08,2024-05,2024-08,IMPALA,295,82,0.277966
JIRA,jira,project,2024-05_to_2024-08,2024-05,2024-08,Identity,39,0,0.000000
JIRA,jira,project,2024-05_to_2024-08,2024-05,2024-08,Ignite,961,119,0.123829
JIRA,jira,project,2024-05_to_2024-08,2024-05,2024-08,Incubator,1,0,0.000000
JIRA,jira,project,2024-05_to_2024-08,2024-05,2024-08,Insights Experiences,442,18,0.040724
JIRA,jira,project,2024-05_to_2024-08,2024-05,2024-08,Intel IPU Collaboration,11,0,0.000000
JIRA,jira,project,2024-05_to_2024-08,2024-05,2024-08,IronJacamar,9,3,0.333333
JIRA,jira,project,2024-05_to_2024-08,2024-05,2024-08,JBeret,1,0,0.000000
JIRA,jira,project,2024-05_to_2024-08,2024-05,2024-08,JBoss A,1,1,1.000000
JIRA,jira,project,2024-05_to_2024-08,2024-05,2024-08,JBoss Core Services,9,0,0.000000
JIRA,jira,project,2024-05_to_2024-08,2024-05,2024-08,JBoss Enterprise Application Platform,331,66,0.199396
JIRA,jira,project,2024-05_to_2024-08,2024-05,2024-08,JBoss Enterprise Spec APIs,1,0,0.000000
JIRA,jira,project,2024-05_to_2024-08,2024-05,2024-08,JBoss Logging,1,0,0.000000
JIRA,jira,project,2024-05_to_2024-08,2024-05,2024-08,JBoss Metadata,1,0,0.000000
JIRA,jira,project,2024-05_to_2024-08,2024-05,2024-08,JBoss Remoting (3+),8,1,0.125000
JIRA,jira,project,2024-05_to_2024-08,2024-05,2024-08,JBoss Server Migration Tool,10,0,0.000000
JIRA,jira,project,2024-05_to_2024-08,2024-05,2024-08,JBoss Transaction Manager,33,2,0.060606
JIRA,jira,project,2024-05_to_2024-08,2024-05,2024-08,JBoss Web Server,12,0,0.000000
JIRA,jira,project,2024-05_to_2024-08,2024-05,2024-08,JBoss Web Services,11,1,0.090909
JIRA,jira,project,2024-05_to_2024-08,2024-05,2024-08,JDO,2,0,0.000000
JIRA,jira,project,2024-05_to_2024-08,2024-05,2024-08,JGroups,35,5,0.142857
JIRA,jira,project,2024-05_to_2024-08,2024-05,2024-08,JIRA Calendar Plugin,1,0,0.000000
JIRA,jira,project,2024-05_to_2024-08,2024-05,2024-08,JSPWiki,4,1,0.250000
JIRA,jira,project,2024-05_to_2024-08,2024-05,2024-08,Jackrabbit Content Repository,48,2,0.041667
JIRA,jira,project,2024-05_to_2024-08,2024-05,2024-08,Jackrabbit FileVault,27,5,0.185185
JIRA,jira,project,2024-05_to_2024-08,2024-05,2024-08,Jackrabbit Oak,289,79,0.273356
JIRA,jira,project,2024-05_to_2024-08,2024-05,2024-08,James Server,35,10,0.285714
JIRA,jira,project,2024-05_to_2024-08,2024-05,2024-08,James jSPF,3,3,1.000000
JIRA,jira,project,2024-05_to_2024-08,2024-05,2024-08,Java Driver,111,10,0.090090
JIRA,jira,project,2024-05_to_2024-08,2024-05,2024-08,Jira Admin Support,1,0,0.000000
JIRA,jira,project,2024-05_to_2024-08,2024-05,2024-08,Jira Align,545,14,0.025688
JIRA,jira,project,2024-05_to_2024-08,2024-05,2024-08,Jira Cloud,10,0,0.000000
JIRA,jira,project,2024-05_to_2024-08,2024-05,2024-08,Jira Data Center,296,22,0.074324
JIRA,jira,project,2024-05_to_2024-08,2024-05,2024-08,Jira Platform Cloud,1192,37,0.031040
JIRA,jira,project,2024-05_to_2024-08,2024-05,2024-08,Jira Service Management Cloud,696,28,0.040230
JIRA,jira,project,2024-05_to_2024-08,2024-05,2024-08,Jira Service Management Data Center,231,8,0.034632
JIRA,jira,project,2024-05_to_2024-08,2024-05,2024-08,Jira Software Data Center,126,5,0.039683
JIRA,jira,project,2024-05_to_2024-08,2024-05,2024-08,Jira Work Management Cloud,65,1,0.015385
JIRA,jira,project,2024-05_to_2024-08,2024-05,2024-08,Johnzon,6,1,0.166667
JIRA,jira,project,2024-05_to_2024-08,2024-05,2024-08,Kafka,806,118,0.146402
JIRA,jira,project,2024-05_to_2024-08,2024-05,2024-08,Kafka Connector,10,2,0.200000
JIRA,jira,project,2024-05_to_2024-08,2024-05,2024-08,Karaf,31,3,0.096774
JIRA,jira,project,2024-05_to_2024-08,2024-05,2024-08,Knative Serving,29,4,0.137931
JIRA,jira,project,2024-05_to_2024-08,2024-05,2024-08,Kogito,1,0,0.000000
JIRA,jira,project,2024-05_to_2024-08,2024-05,2024-08,Konflux UI,50,1,0.020000
JIRA,jira,project,2024-05_to_2024-08,2024-05,2024-08,Kotlin BSON,2,0,0.000000
JIRA,jira,project,2024-05_to_2024-08,2024-05,2024-08,Kudu,42,17,0.404762
JIRA,jira,project,2024-05_to_2024-08,2024-05,2024-08,Kylin,112,3,0.026786
JIRA,jira,project,2024-05_to_2024-08,2024-05,2024-08,Legal Discuss,4,0,0.000000
JIRA,jira,project,2024-05_to_2024-08,2024-05,2024-08,Libmongocrypt,36,4,0.111111
JIRA,jira,project,2024-05_to_2024-08,2024-05,2024-08,Livy,9,1,0.111111
JIRA,jira,project,2024-05_to_2024-08,2024-05,2024-08,Log4j 2,2,1,0.500000
JIRA,jira,project,2024-05_to_2024-08,2024-05,2024-08,MINA,2,0,0.000000
JIRA,jira,project,2024-05_to_2024-08,2024-05,2024-08,MINA SSHD,2,2,1.000000
JIRA,jira,project,2024-05_to_2024-08,2024-05,2024-08,Machine Config Operator,123,4,0.032520
JIRA,jira,project,2024-05_to_2024-08,2024-05,2024-08,Mahout,2,0,0.000000
JIRA,jira,project,2024-05_to_2024-08,2024-05,2024-08,Maistra,1,0,0.000000
JIRA,jira,project,2024-05_to_2024-08,2024-05,2024-08,Managed Service ,20,0,0.000000
JIRA,jira,project,2024-05_to_2024-08,2024-05,2024-08,ManifoldCF,7,1,0.142857
JIRA,jira,project,2024-05_to_2024-08,2024-05,2024-08,MariaDB ColumnStore,51,9,0.176471
JIRA,jira,project,2024-05_to_2024-08,2024-05,2024-08,MariaDB Connector/C,29,10,0.344828
JIRA,jira,project,2024-05_to_2024-08,2024-05,2024-08,MariaDB Connector/C++,3,0,0.000000
JIRA,jira,project,2024-05_to_2024-08,2024-05,2024-08,MariaDB Connector/J,22,7,0.318182
JIRA,jira,project,2024-05_to_2024-08,2024-05,2024-08,MariaDB Connector/ODBC,16,5,0.312500
JIRA,jira,project,2024-05_to_2024-08,2024-05,2024-08,MariaDB Connector/Python,5,4,0.800000
JIRA,jira,project,2024-05_to_2024-08,2024-05,2024-08,MariaDB Connector/R2DBC,6,0,0.000000
JIRA,jira,project,2024-05_to_2024-08,2024-05,2024-08,MariaDB Connector/node.js,9,0,0.000000
JIRA,jira,project,2024-05_to_2024-08,2024-05,2024-08,MariaDB Foundation Development,76,7,0.092105
JIRA,jira,project,2024-05_to_2024-08,2024-05,2024-08,MariaDB MaxScale,141,10,0.070922
JIRA,jira,project,2024-05_to_2024-08,2024-05,2024-08,MariaDB Server,770,388,0.503896
JIRA,jira,project,2024-05_to_2024-08,2024-05,2024-08,Marvell DPU Collaboration,9,0,0.000000
JIRA,jira,project,2024-05_to_2024-08,2024-05,2024-08,Maven (Moved to GitHub Issues),118,30,0.254237
JIRA,jira,project,2024-05_to_2024-08,2024-05,2024-08,Maven Archetype (Moved to GitHub Issues),15,0,0.000000
JIRA,jira,project,2024-05_to_2024-08,2024-05,2024-08,Maven Archetype Bundles (Moved to GitHub Issues),4,0,0.000000
JIRA,jira,project,2024-05_to_2024-08,2024-05,2024-08,Maven Artifact Plugin (Moved to GitHub Issues),4,0,0.000000
JIRA,jira,project,2024-05_to_2024-08,2024-05,2024-08,Maven Assembly Plugin (Moved to GitHub Issues),3,1,0.333333
JIRA,jira,project,2024-05_to_2024-08,2024-05,2024-08,Maven Build Cache Extension (Moved to GitHub Issues),12,3,0.250000
JIRA,jira,project,2024-05_to_2024-08,2024-05,2024-08,Maven Changelog Plugin (Moved to GitHub Issues),2,0,0.000000
JIRA,jira,project,2024-05_to_2024-08,2024-05,2024-08,Maven Checkstyle Plugin (Moved to GitHub Issues),4,1,0.250000
JIRA,jira,project,2024-05_to_2024-08,2024-05,2024-08,Maven Clean Plugin (Moved to GitHub Issues),5,0,0.000000
JIRA,jira,project,2024-05_to_2024-08,2024-05,2024-08,Maven Compiler Plugin (Moved to GitHub Issues),9,3,0.333333
JIRA,jira,project,2024-05_to_2024-08,2024-05,2024-08,Maven Dependency Plugin (Moved to GitHub Issues),25,6,0.240000
JIRA,jira,project,2024-05_to_2024-08,2024-05,2024-08,Maven Deploy Plugin (Moved to GitHub Issues),7,1,0.142857
JIRA,jira,project,2024-05_to_2024-08,2024-05,2024-08,Maven Doxia (Moved to GitHub Issues),6,0,0.000000
JIRA,jira,project,2024-05_to_2024-08,2024-05,2024-08,Maven Doxia Sitetools (Moved to GitHub Issues),7,0,0.000000
JIRA,jira,project,2024-05_to_2024-08,2024-05,2024-08,Maven Doxia Tools (Moved to GitHub Issues),1,0,0.000000
JIRA,jira,project,2024-05_to_2024-08,2024-05,2024-08,Maven EJB Plugin (Moved to GitHub Issues),2,0,0.000000
JIRA,jira,project,2024-05_to_2024-08,2024-05,2024-08,Maven Enforcer Plugin (Moved to GitHub Issues),7,0,0.000000
JIRA,jira,project,2024-05_to_2024-08,2024-05,2024-08,Maven GPG Plugin (Moved to GitHub Issues),9,1,0.111111
JIRA,jira,project,2024-05_to_2024-08,2024-05,2024-08,Maven Help Plugin (Moved to GitHub Issues),2,0,0.000000
JIRA,jira,project,2024-05_to_2024-08,2024-05,2024-08,Maven Indexer (Moved to GitHub Issues),17,0,0.000000
JIRA,jira,project,2024-05_to_2024-08,2024-05,2024-08,Maven Install Plugin (Moved to GitHub Issues),5,1,0.200000
JIRA,jira,project,2024-05_to_2024-08,2024-05,2024-08,Maven Invoker Plugin (Moved to GitHub Issues),8,0,0.000000
JIRA,jira,project,2024-05_to_2024-08,2024-05,2024-08,Maven JAR Plugin (Moved to GitHub Issues),3,1,0.333333
JIRA,jira,project,2024-05_to_2024-08,2024-05,2024-08,Maven JDeps Plugin (Moved to GitHub Issues),1,0,0.000000
JIRA,jira,project,2024-05_to_2024-08,2024-05,2024-08,Maven JLink Plugin (Moved to GitHub Issues),2,2,1.000000
JIRA,jira,project,2024-05_to_2024-08,2024-05,2024-08,Maven JXR (Moved to GitHub Issues),2,0,0.000000
JIRA,jira,project,2024-05_to_2024-08,2024-05,2024-08,Maven Jar Signer Plugin (Moved to GitHub Issues),1,0,0.000000
JIRA,jira,project,2024-05_to_2024-08,2024-05,2024-08,Maven Javadoc Plugin (Moved to GitHub Issues),19,4,0.210526
JIRA,jira,project,2024-05_to_2024-08,2024-05,2024-08,Maven PMD Plugin (Moved to GitHub Issues),7,3,0.428571
JIRA,jira,project,2024-05_to_2024-08,2024-05,2024-08,Maven Plugin Testing  (Moved to GitHub Issues),1,0,0.000000
JIRA,jira,project,2024-05_to_2024-08,2024-05,2024-08,Maven Plugin Tools (Moved to GitHub Issues),14,3,0.214286
JIRA,jira,project,2024-05_to_2024-08,2024-05,2024-08,Maven Project Info Reports Plugin (Moved to GitHub Issues),11,2,0.181818
JIRA,jira,project,2024-05_to_2024-08,2024-05,2024-08,Maven Project Web Site (Moved to GitHub Issues),5,0,0.000000
JIRA,jira,project,2024-05_to_2024-08,2024-05,2024-08,Maven Release Plugin (Moved to GitHub Issues),12,5,0.416667
JIRA,jira,project,2024-05_to_2024-08,2024-05,2024-08,Maven Resolver (Moved to GitHub Issues),45,6,0.133333
JIRA,jira,project,2024-05_to_2024-08,2024-05,2024-08,Maven Resources Plugin (Moved to GitHub Issues),3,2,0.666667
JIRA,jira,project,2024-05_to_2024-08,2024-05,2024-08,Maven SCM (Moved to GitHub Issues),1,0,0.000000
JIRA,jira,project,2024-05_to_2024-08,2024-05,2024-08,Maven SCM Publish Plugin (Moved to GitHub Issues),3,0,0.000000
JIRA,jira,project,2024-05_to_2024-08,2024-05,2024-08,Maven Scripting (Moved to GitHub Issues),1,0,0.000000
JIRA,jira,project,2024-05_to_2024-08,2024-05,2024-08,Maven Shade Plugin (Moved to GitHub Issues),7,2,0.285714
JIRA,jira,project,2024-05_to_2024-08,2024-05,2024-08,Maven Shared Components,38,2,0.052632
JIRA,jira,project,2024-05_to_2024-08,2024-05,2024-08,Maven Site Plugin (Moved to GitHub Issues),8,0,0.000000
JIRA,jira,project,2024-05_to_2024-08,2024-05,2024-08,Maven Skins (Moved to GitHub Issues),6,0,0.000000
JIRA,jira,project,2024-05_to_2024-08,2024-05,2024-08,Maven Source Plugin (Moved to GitHub Issues),2,0,0.000000
JIRA,jira,project,2024-05_to_2024-08,2024-05,2024-08,Maven Surefire (Moved to GitHub Issues),17,8,0.470588
JIRA,jira,project,2024-05_to_2024-08,2024-05,2024-08,Maven Toolchains Plugin (Moved to GitHub Issues),3,1,0.333333
JIRA,jira,project,2024-05_to_2024-08,2024-05,2024-08,Maven Wrapper (Moved to GitHub Issues),11,7,0.636364
JIRA,jira,project,2024-05_to_2024-08,2024-05,2024-08,Meecrowave,1,0,0.000000
JIRA,jira,project,2024-05_to_2024-08,2024-05,2024-08,Mesos (Retired),2,0,0.000000
JIRA,jira,project,2024-05_to_2024-08,2024-05,2024-08,MicroShift,289,4,0.013841
JIRA,jira,project,2024-05_to_2024-08,2024-05,2024-08,Migration Platform,99,14,0.141414
JIRA,jira,project,2024-05_to_2024-08,2024-05,2024-08,Migration Toolkit for Applications,842,154,0.182898
JIRA,jira,project,2024-05_to_2024-08,2024-05,2024-08,Migration Toolkit for Virtualization,219,22,0.100457
JIRA,jira,project,2024-05_to_2024-08,2024-05,2024-08,Mnemonic (Retired),17,0,0.000000
JIRA,jira,project,2024-05_to_2024-08,2024-05,2024-08,ModeShape,6,0,0.000000
JIRA,jira,project,2024-05_to_2024-08,2024-05,2024-08,Modular Service Container,2,1,0.500000
JIRA,jira,project,2024-05_to_2024-08,2024-05,2024-08,MongoDB Database Tools,96,5,0.052083
JIRA,jira,project,2024-05_to_2024-08,2024-05,2024-08,MongoDB Shell,59,7,0.118644
JIRA,jira,project,2024-05_to_2024-08,2024-05,2024-08,MongoDB for IntelliJ Plugin,69,0,0.000000
JIRA,jira,project,2024-05_to_2024-08,2024-05,2024-08,Mongoid,39,4,0.102564
JIRA,jira,project,2024-05_to_2024-08,2024-05,2024-08,Motor,45,7,0.155556
JIRA,jira,project,2024-05_to_2024-08,2024-05,2024-08,Multiple Architecture Enablement,182,4,0.021978
JIRA,jira,project,2024-05_to_2024-08,2024-05,2024-08,MyFaces Core,15,5,0.333333
JIRA,jira,project,2024-05_to_2024-08,2024-05,2024-08,MyFaces Tobago,36,1,0.027778
JIRA,jira,project,2024-05_to_2024-08,2024-05,2024-08,NLPCraft (Retired),3,0,0.000000
JIRA,jira,project,2024-05_to_2024-08,2024-05,2024-08,Network Edge,100,0,0.000000
JIRA,jira,project,2024-05_to_2024-08,2024-05,2024-08,Network Hardware Enablement,48,1,0.020833
JIRA,jira,project,2024-05_to_2024-08,2024-05,2024-08,Network Observability,166,16,0.096386
JIRA,jira,project,2024-05_to_2024-08,2024-05,2024-08,Node.js Driver,190,18,0.094737
JIRA,jira,project,2024-05_to_2024-08,2024-05,2024-08,Nutch,9,2,0.222222
JIRA,jira,project,2024-05_to_2024-08,2024-05,2024-08,OCMUI ,496,9,0.018145
JIRA,jira,project,2024-05_to_2024-08,2024-05,2024-08,OCP Technical Release Team,148,26,0.175676
JIRA,jira,project,2024-05_to_2024-08,2024-05,2024-08,ODATA,17,0,0.000000
JIRA,jira,project,2024-05_to_2024-08,2024-05,2024-08,OFBiz,57,13,0.228070
JIRA,jira,project,2024-05_to_2024-08,2024-05,2024-08,OPCT ,19,6,0.315789
JIRA,jira,project,2024-05_to_2024-08,2024-05,2024-08,ORC,61,1,0.016393
JIRA,jira,project,2024-05_to_2024-08,2024-05,2024-08,Observability Documentation,217,4,0.018433
JIRA,jira,project,2024-05_to_2024-08,2024-05,2024-08,Observability UI,90,4,0.044444
JIRA,jira,project,2024-05_to_2024-08,2024-05,2024-08,Observability and Data Analysis Program,62,2,0.032258
JIRA,jira,project,2024-05_to_2024-08,2024-05,2024-08,Olingo,9,2,0.222222
JIRA,jira,project,2024-05_to_2024-08,2024-05,2024-08,On Prem Networking,54,0,0.000000
JIRA,jira,project,2024-05_to_2024-08,2024-05,2024-08,Oozie (Retired),1,0,0.000000
JIRA,jira,project,2024-05_to_2024-08,2024-05,2024-08,OpenJDK,78,4,0.051282
JIRA,jira,project,2024-05_to_2024-08,2024-05,2024-08,OpenJPA,6,0,0.000000
JIRA,jira,project,2024-05_to_2024-08,2024-05,2024-08,OpenNLP,50,3,0.060000
JIRA,jira,project,2024-05_to_2024-08,2024-05,2024-08,OpenShift API Server,23,4,0.173913
JIRA,jira,project,2024-05_to_2024-08,2024-05,2024-08,OpenShift API for Data Protection,708,160,0.225989
JIRA,jira,project,2024-05_to_2024-08,2024-05,2024-08,OpenShift Application Platform Engineering,13,0,0.000000
JIRA,jira,project,2024-05_to_2024-08,2024-05,2024-08,OpenShift Authentication,12,1,0.083333
JIRA,jira,project,2024-05_to_2024-08,2024-05,2024-08,OpenShift Autoscaling,17,1,0.058824
JIRA,jira,project,2024-05_to_2024-08,2024-05,2024-08,OpenShift Bugs,4009,1524,0.380145
JIRA,jira,project,2024-05_to_2024-08,2024-05,2024-08,OpenShift BuildConfig,2,0,0.000000
JIRA,jira,project,2024-05_to_2024-08,2024-05,2024-08,OpenShift Builds,68,5,0.073529
JIRA,jira,project,2024-05_to_2024-08,2024-05,2024-08,OpenShift CFE,42,2,0.047619
JIRA,jira,project,2024-05_to_2024-08,2024-05,2024-08,OpenShift Cloud,102,21,0.205882
JIRA,jira,project,2024-05_to_2024-08,2024-05,2024-08,OpenShift Cloud Credential Operator,28,3,0.107143
JIRA,jira,project,2024-05_to_2024-08,2024-05,2024-08,OpenShift Console,159,2,0.012579
JIRA,jira,project,2024-05_to_2024-08,2024-05,2024-08,OpenShift Container Platform (OCP) Strategy,218,0,0.000000
JIRA,jira,project,2024-05_to_2024-08,2024-05,2024-08,OpenShift Core Networking,468,5,0.010684
JIRA,jira,project,2024-05_to_2024-08,2024-05,2024-08,OpenShift Data Foundation Request For Enhancement,1,0,0.000000
JIRA,jira,project,2024-05_to_2024-08,2024-05,2024-08,OpenShift Edge,14,0,0.000000
JIRA,jira,project,2024-05_to_2024-08,2024-05,2024-08,OpenShift Etcd,67,1,0.014925
JIRA,jira,project,2024-05_to_2024-08,2024-05,2024-08,OpenShift GitOps,558,63,0.112903
JIRA,jira,project,2024-05_to_2024-08,2024-05,2024-08,OpenShift Hive,89,13,0.146067
JIRA,jira,project,2024-05_to_2024-08,2024-05,2024-08,OpenShift Hosted Control Plane,239,19,0.079498
JIRA,jira,project,2024-05_to_2024-08,2024-05,2024-08,OpenShift Image Registry,11,0,0.000000
JIRA,jira,project,2024-05_to_2024-08,2024-05,2024-08,OpenShift Installer,185,14,0.075676
JIRA,jira,project,2024-05_to_2024-08,2024-05,2024-08,OpenShift Jenkins,49,10,0.204082
JIRA,jira,project,2024-05_to_2024-08,2024-05,2024-08,OpenShift Logging,432,84,0.194444
JIRA,jira,project,2024-05_to_2024-08,2024-05,2024-08,OpenShift Migration Toolkit for Containers,39,8,0.205128
JIRA,jira,project,2024-05_to_2024-08,2024-05,2024-08,OpenShift Monitoring,121,2,0.016529
JIRA,jira,project,2024-05_to_2024-08,2024-05,2024-08,OpenShift Node,204,7,0.034314
JIRA,jira,project,2024-05_to_2024-08,2024-05,2024-08,OpenShift Over the Air,47,8,0.170213
JIRA,jira,project,2024-05_to_2024-08,2024-05,2024-08,OpenShift Pipelines,1277,27,0.021143
JIRA,jira,project,2024-05_to_2024-08,2024-05,2024-08,OpenShift Pod Autoscaling,37,2,0.054054
JIRA,jira,project,2024-05_to_2024-08,2024-05,2024-08,OpenShift Request For Enhancement,376,5,0.013298
JIRA,jira,project,2024-05_to_2024-08,2024-05,2024-08,OpenShift Service Mesh,1452,45,0.030992
JIRA,jira,project,2024-05_to_2024-08,2024-05,2024-08,OpenShift Specialist Platform Team,138,9,0.065217
JIRA,jira,project,2024-05_to_2024-08,2024-05,2024-08,OpenShift Storage,211,7,0.033175
JIRA,jira,project,2024-05_to_2024-08,2024-05,2024-08,OpenShift Top Level Product Strategy,6,0,0.000000
JIRA,jira,project,2024-05_to_2024-08,2024-05,2024-08,OpenShift UX Product Design,1,0,0.000000
JIRA,jira,project,2024-05_to_2024-08,2024-05,2024-08,OpenShift Virtualization,3456,150,0.043403
JIRA,jira,project,2024-05_to_2024-08,2024-05,2024-08,OpenShift Windows Containers,46,2,0.043478
JIRA,jira,project,2024-05_to_2024-08,2024-05,2024-08,OpenShift Workloads,119,4,0.033613
JIRA,jira,project,2024-05_to_2024-08,2024-05,2024-08,OpenStack Strategy,11,0,0.000000
JIRA,jira,project,2024-05_to_2024-08,2024-05,2024-08,OpenStack as Infra,132,3,0.022727
JIRA,jira,project,2024-05_to_2024-08,2024-05,2024-08,OpenWebBeans,4,1,0.250000
JIRA,jira,project,2024-05_to_2024-08,2024-05,2024-08,Openmeetings,1,0,0.000000
JIRA,jira,project,2024-05_to_2024-08,2024-05,2024-08,Openshift sandboxed containers,230,31,0.134783
JIRA,jira,project,2024-05_to_2024-08,2024-05,2024-08,Operator Ecosystem,26,0,0.000000
JIRA,jira,project,2024-05_to_2024-08,2024-05,2024-08,Operator Runtime,188,1,0.005319
JIRA,jira,project,2024-05_to_2024-08,2024-05,2024-08,Opsgenie,207,4,0.019324
JIRA,jira,project,2024-05_to_2024-08,2024-05,2024-08,OptaPlanner,1,0,0.000000
JIRA,jira,project,2024-05_to_2024-08,2024-05,2024-08,Origin Community Distribution of Kubernetes,15,0,0.000000
JIRA,jira,project,2024-05_to_2024-08,2024-05,2024-08,PDFBox,65,22,0.338462
JIRA,jira,project,2024-05_to_2024-08,2024-05,2024-08,PHP Driver: Extension,55,4,0.072727
JIRA,jira,project,2024-05_to_2024-08,2024-05,2024-08,PHP Driver: Library,22,1,0.045455
JIRA,jira,project,2024-05_to_2024-08,2024-05,2024-08,PHP ORMs,51,2,0.039216
JIRA,jira,project,2024-05_to_2024-08,2024-05,2024-08,Parquet,39,2,0.051282
JIRA,jira,project,2024-05_to_2024-08,2024-05,2024-08,Performance and Scale for AI Platforms,82,3,0.036585
JIRA,jira,project,2024-05_to_2024-08,2024-05,2024-08,Phoenix,89,8,0.089888
JIRA,jira,project,2024-05_to_2024-08,2024-05,2024-08,Pig,8,3,0.375000
JIRA,jira,project,2024-05_to_2024-08,2024-05,2024-08,Podling Suitable Names Search,2,0,0.000000
JIRA,jira,project,2024-05_to_2024-08,2024-05,2024-08,Product Technical Learning,583,30,0.051458
JIRA,jira,project,2024-05_to_2024-08,2024-05,2024-08,Proforma Server & Data Centre,13,1,0.076923
JIRA,jira,project,2024-05_to_2024-08,2024-05,2024-08,Project Quay,362,65,0.179558
JIRA,jira,project,2024-05_to_2024-08,2024-05,2024-08,Python Driver,228,58,0.254386
JIRA,jira,project,2024-05_to_2024-08,2024-05,2024-08,Python Integrations,59,9,0.152542
JIRA,jira,project,2024-05_to_2024-08,2024-05,2024-08,"Qbs (""Cubes"")",16,6,0.375000
JIRA,jira,project,2024-05_to_2024-08,2024-05,2024-08,Qpid,5,1,0.200000
JIRA,jira,project,2024-05_to_2024-08,2024-05,2024-08,Qpid Proton,27,3,0.111111
JIRA,jira,project,2024-05_to_2024-08,2024-05,2024-08,Qt,2819,730,0.258957
JIRA,jira,project,2024-05_to_2024-08,2024-05,2024-08,Qt 3D Studio,2,0,0.000000
JIRA,jira,project,2024-05_to_2024-08,2024-05,2024-08,Qt Creator,568,67,0.117958
JIRA,jira,project,2024-05_to_2024-08,2024-05,2024-08,Qt Design Studio,697,28,0.040172
JIRA,jira,project,2024-05_to_2024-08,2024-05,2024-08,Qt Installer Framework,116,7,0.060345
JIRA,jira,project,2024-05_to_2024-08,2024-05,2024-08,Qt Project Website,16,2,0.125000
JIRA,jira,project,2024-05_to_2024-08,2024-05,2024-08,Qt Quality Assurance Infrastructure,201,27,0.134328
JIRA,jira,project,2024-05_to_2024-08,2024-05,2024-08,Qt Tools for Android,99,9,0.090909
JIRA,jira,project,2024-05_to_2024-08,2024-05,2024-08,Qt Visual Studio Tools,19,2,0.105263
JIRA,jira,project,2024-05_to_2024-08,2024-05,2024-08,Qt WebBrowser,1,0,0.000000
JIRA,jira,project,2024-05_to_2024-08,2024-05,2024-08,Qt for Python,132,50,0.378788
JIRA,jira,project,2024-05_to_2024-08,2024-05,2024-08,Quarkus,148,13,0.087838
JIRA,jira,project,2024-05_to_2024-08,2024-05,2024-08,Quarkus Documentation,159,0,0.000000
JIRA,jira,project,2024-05_to_2024-08,2024-05,2024-08,Quick Reload,2,0,0.000000
JIRA,jira,project,2024-05_to_2024-08,2024-05,2024-08,RDO Project,56,4,0.071429
JIRA,jira,project,2024-05_to_2024-08,2024-05,2024-08,RESTEasy,41,5,0.121951
JIRA,jira,project,2024-05_to_2024-08,2024-05,2024-08,RH,11,1,0.090909
JIRA,jira,project,2024-05_to_2024-08,2024-05,2024-08,RH Developer Hub Planning,39,0,0.000000
JIRA,jira,project,2024-05_to_2024-08,2024-05,2024-08,RHEL,3303,1128,0.341508
JIRA,jira,project,2024-05_to_2024-08,2024-05,2024-08,RHEL Conversions,70,31,0.442857
JIRA,jira,project,2024-05_to_2024-08,2024-05,2024-08,RHEL Documentation,58,6,0.103448
JIRA,jira,project,2024-05_to_2024-08,2024-05,2024-08,RHEL Performance,1,0,0.000000
JIRA,jira,project,2024-05_to_2024-08,2024-05,2024-08,RHOS Request for Features,3,1,0.333333
JIRA,jira,project,2024-05_to_2024-08,2024-05,2024-08,Rampart,1,0,0.000000
JIRA,jira,project,2024-05_to_2024-08,2024-05,2024-08,Ranger,138,23,0.166667
JIRA,jira,project,2024-05_to_2024-08,2024-05,2024-08,Ratis,78,21,0.269231
JIRA,jira,project,2024-05_to_2024-08,2024-05,2024-08,Red Hat 3scale API Management,132,17,0.128788
JIRA,jira,project,2024-05_to_2024-08,2024-05,2024-08,Red Hat Advanced Cluster Management,1367,119,0.087052
JIRA,jira,project,2024-05_to_2024-08,2024-05,2024-08,Red Hat Advanced Cluster Security,5,0,0.000000
JIRA,jira,project,2024-05_to_2024-08,2024-05,2024-08,Red Hat Build of Apache Camel for Quarkus,35,0,0.000000
JIRA,jira,project,2024-05_to_2024-08,2024-05,2024-08,Red Hat Data Grid,93,13,0.139785
JIRA,jira,project,2024-05_to_2024-08,2024-05,2024-08,Red Hat Decision Manager,4,0,0.000000
JIRA,jira,project,2024-05_to_2024-08,2024-05,2024-08,Red Hat Developer Hub Bugs,253,58,0.229249
JIRA,jira,project,2024-05_to_2024-08,2024-05,2024-08,Red Hat Directory Server,12,4,0.333333
JIRA,jira,project,2024-05_to_2024-08,2024-05,2024-08,Red Hat Fuse,217,3,0.013825
JIRA,jira,project,2024-05_to_2024-08,2024-05,2024-08,Red Hat Insights Engineering,34,4,0.117647
JIRA,jira,project,2024-05_to_2024-08,2024-05,2024-08,Red Hat Insights Strategy,7,0,0.000000
JIRA,jira,project,2024-05_to_2024-08,2024-05,2024-08,Red Hat Internal Developer Platform,687,19,0.027656
JIRA,jira,project,2024-05_to_2024-08,2024-05,2024-08,Red Hat Offline Knowledge Portal,1,0,0.000000
JIRA,jira,project,2024-05_to_2024-08,2024-05,2024-08,Red Hat OpenShift Control Planes,1,0,0.000000
JIRA,jira,project,2024-05_to_2024-08,2024-05,2024-08,Red Hat OpenShift Data Science,5,0,0.000000
JIRA,jira,project,2024-05_to_2024-08,2024-05,2024-08,Red Hat OpenShift Dev Spaces (formerly CodeReady Workspaces),182,26,0.142857
JIRA,jira,project,2024-05_to_2024-08,2024-05,2024-08,Red Hat OpenStack Services on OpenShift,1324,199,0.150302
JIRA,jira,project,2024-05_to_2024-08,2024-05,2024-08,Red Hat Process Automation Manager,16,1,0.062500
JIRA,jira,project,2024-05_to_2024-08,2024-05,2024-08,Red Hat Service Interconnect (Skupper),86,8,0.093023
JIRA,jira,project,2024-05_to_2024-08,2024-05,2024-08,Red Hat Workload Availability,5,2,0.400000
JIRA,jira,project,2024-05_to_2024-08,2024-05,2024-08,Red Hat build of Apache Camel,7,1,0.142857
JIRA,jira,project,2024-05_to_2024-08,2024-05,2024-08,Red Hat build of Apache Camel for Spring Boot,79,3,0.037975
JIRA,jira,project,2024-05_to_2024-08,2024-05,2024-08,Red Hat build of Keycloak,73,0,0.000000
JIRA,jira,project,2024-05_to_2024-08,2024-05,2024-08,Rovo,4,1,0.250000
JIRA,jira,project,2024-05_to_2024-08,2024-05,2024-08,Ruby Driver,53,5,0.094340
JIRA,jira,project,2024-05_to_2024-08,2024-05,2024-08,Rust Driver,82,0,0.000000
JIRA,jira,project,2024-05_to_2024-08,2024-05,2024-08,S2U UNIDIGITAL 2023,2,0,0.000000
JIRA,jira,project,2024-05_to_2024-08,2024-05,2024-08,SAML for Atlassian Data Center,2,0,0.000000
JIRA,jira,project,2024-05_to_2024-08,2024-05,2024-08,Sakai,390,56,0.143590
JIRA,jira,project,2024-05_to_2024-08,2024-05,2024-08,Samza,2,0,0.000000
JIRA,jira,project,2024-05_to_2024-08,2024-05,2024-08,Santuario,4,1,0.250000
JIRA,jira,project,2024-05_to_2024-08,2024-05,2024-08,Satellite,1322,194,0.146747
JIRA,jira,project,2024-05_to_2024-08,2024-05,2024-08,Security Data,5,0,0.000000
JIRA,jira,project,2024-05_to_2024-08,2024-05,2024-08,Server Deployments and Scale,8,1,0.125000
JIRA,jira,project,2024-05_to_2024-08,2024-05,2024-08,Server Platform Frontend,4,2,0.500000
JIRA,jira,project,2024-05_to_2024-08,2024-05,2024-08,Serverless logic,80,10,0.125000
JIRA,jira,project,2024-05_to_2024-08,2024-05,2024-08,ServiceMix,43,1,0.023256
JIRA,jira,project,2024-05_to_2024-08,2024-05,2024-08,ShrinkWrap,19,0,0.000000
JIRA,jira,project,2024-05_to_2024-08,2024-05,2024-08,ShrinkWrap Resolvers,11,0,0.000000
JIRA,jira,project,2024-05_to_2024-08,2024-05,2024-08,Sidecar for Apache Cassandra,18,1,0.055556
JIRA,jira,project,2024-05_to_2024-08,2024-05,2024-08,Sling,107,8,0.074766
JIRA,jira,project,2024-05_to_2024-08,2024-05,2024-08,Solr,170,29,0.170588
JIRA,jira,project,2024-05_to_2024-08,2024-05,2024-08,Sourcetree For Mac,33,4,0.121212
JIRA,jira,project,2024-05_to_2024-08,2024-05,2024-08,Sourcetree for Windows,29,7,0.241379
JIRA,jira,project,2024-05_to_2024-08,2024-05,2024-08,Spark,1413,81,0.057325
JIRA,jira,project,2024-05_to_2024-08,2024-05,2024-08,Spark Connector,8,3,0.375000
JIRA,jira,project,2024-05_to_2024-08,2024-05,2024-08,Spatial Information Systems,4,0,0.000000
JIRA,jira,project,2024-05_to_2024-08,2024-05,2024-08,Statuspage,28,2,0.071429
JIRA,jira,project,2024-05_to_2024-08,2024-05,2024-08,Streams for Apache Kafka Console,20,0,0.000000
JIRA,jira,project,2024-05_to_2024-08,2024-05,2024-08,Struts 2,36,6,0.166667
JIRA,jira,project,2024-05_to_2024-08,2024-05,2024-08,Subscription Watch,107,7,0.065421
JIRA,jira,project,2024-05_to_2024-08,2024-05,2024-08,Syncope,9,0,0.000000
JIRA,jira,project,2024-05_to_2024-08,2024-05,2024-08,SystemDS,42,9,0.214286
JIRA,jira,project,2024-05_to_2024-08,2024-05,2024-08,TEST Defect Tracking Project,30,5,0.166667
JIRA,jira,project,2024-05_to_2024-08,2024-05,2024-08,TRELLO,344,3,0.008721
JIRA,jira,project,2024-05_to_2024-08,2024-05,2024-08,Tapestry 5,11,8,0.727273
JIRA,jira,project,2024-05_to_2024-08,2024-05,2024-08,Thrift,32,6,0.187500
JIRA,jira,project,2024-05_to_2024-08,2024-05,2024-08,Tika,55,7,0.127273
JIRA,jira,project,2024-05_to_2024-08,2024-05,2024-08,TinkerPop,32,7,0.218750
JIRA,jira,project,2024-05_to_2024-08,2024-05,2024-08,TomEE,59,6,0.101695
JIRA,jira,project,2024-05_to_2024-08,2024-05,2024-08,Tools (JBoss Tools),37,2,0.054054
JIRA,jira,project,2024-05_to_2024-08,2024-05,2024-08,Undertow,41,7,0.170732
JIRA,jira,project,2024-05_to_2024-08,2024-05,2024-08,VS Code Extension,69,2,0.028986
JIRA,jira,project,2024-05_to_2024-08,2024-05,2024-08,Velocity,3,0,0.000000
JIRA,jira,project,2024-05_to_2024-08,2024-05,2024-08,Velocity Tools,1,0,0.000000
JIRA,jira,project,2024-05_to_2024-08,2024-05,2024-08,Virtualization Strategy,11,0,0.000000
JIRA,jira,project,2024-05_to_2024-08,2024-05,2024-08,Visual Design,16,0,0.000000
JIRA,jira,project,2024-05_to_2024-08,2024-05,2024-08,Visual Studio,28,1,0.035714
JIRA,jira,project,2024-05_to_2024-08,2024-05,2024-08,WINDUP ,22,4,0.181818
JIRA,jira,project,2024-05_to_2024-08,2024-05,2024-08,WINDUPRULE ,2,0,0.000000
JIRA,jira,project,2024-05_to_2024-08,2024-05,2024-08,WSS4J,2,0,0.000000
JIRA,jira,project,2024-05_to_2024-08,2024-05,2024-08,Web Terminal for OpenShift,19,1,0.052632
JIRA,jira,project,2024-05_to_2024-08,2024-05,2024-08,Weld,9,3,0.333333
JIRA,jira,project,2024-05_to_2024-08,2024-05,2024-08,Whimsy,4,1,0.250000
JIRA,jira,project,2024-05_to_2024-08,2024-05,2024-08,Wicket,13,2,0.153846
JIRA,jira,project,2024-05_to_2024-08,2024-05,2024-08,WildFly,366,34,0.092896
JIRA,jira,project,2024-05_to_2024-08,2024-05,2024-08,WildFly Arquillian,16,1,0.062500
JIRA,jira,project,2024-05_to_2024-08,2024-05,2024-08,WildFly Core,150,4,0.026667
JIRA,jira,project,2024-05_to_2024-08,2024-05,2024-08,WildFly EJB HTTP Client,6,0,0.000000
JIRA,jira,project,2024-05_to_2024-08,2024-05,2024-08,WildFly Elytron,41,3,0.073171
JIRA,jira,project,2024-05_to_2024-08,2024-05,2024-08,WildFly Maven Plugin,15,1,0.066667
JIRA,jira,project,2024-05_to_2024-08,2024-05,2024-08,WildFly OpenSSL,2,0,0.000000
JIRA,jira,project,2024-05_to_2024-08,2024-05,2024-08,WildFly OpenSSL Natives,2,0,0.000000
JIRA,jira,project,2024-05_to_2024-08,2024-05,2024-08,WiredTiger,551,135,0.245009
JIRA,jira,project,2024-05_to_2024-08,2024-05,2024-08,XBean,1,0,0.000000
JIRA,jira,project,2024-05_to_2024-08,2024-05,2024-08,XMLBeans,4,0,0.000000
JIRA,jira,project,2024-05_to_2024-08,2024-05,2024-08,XMLGraphicsCommons,1,0,0.000000
JIRA,jira,project,2024-05_to_2024-08,2024-05,2024-08,XNIO,3,0,0.000000
JIRA,jira,project,2024-05_to_2024-08,2024-05,2024-08,Xerces,4,1,0.250000
JIRA,jira,project,2024-05_to_2024-08,2024-05,2024-08,Xerces2,2,1,0.500000
JIRA,jira,project,2024-05_to_2024-08,2024-05,2024-08,Zeppelin,52,6,0.115385
JIRA,jira,project,2024-05_to_2024-08,2024-05,2024-08,ZooKeeper,22,7,0.318182
JIRA,jira,project,2024-05_to_2024-08,2024-05,2024-08,anaconda installer,47,2,0.042553
JIRA,jira,project,2024-05_to_2024-08,2024-05,2024-08,atlassian,1,0,0.000000
JIRA,jira,project,2024-05_to_2024-08,2024-05,2024-08,jBPM,11,1,0.090909
JIRA,jira,project,2024-05_to_2024-08,2024-05,2024-08,jclouds (Retired) (Retired),1,1,1.000000
JIRA,jira,project,2024-05_to_2024-08,2024-05,2024-08,mod_cluster,10,0,0.000000
JIRA,jira,project,2024-05_to_2024-08,2024-05,2024-08,repository.jboss.org/nexus,15,1,0.066667
JIRA,jira,project,2024-09_to_2024-12,2024-09,2024-12,AI Platform Core Components,40,4,0.100000
JIRA,jira,project,2024-09_to_2024-12,2024-09,2024-12,AMQ Broker,123,11,0.089431
JIRA,jira,project,2024-09_to_2024-12,2024-09,2024-12,AMQ Clients,4,0,0.000000
JIRA,jira,project,2024-09_to_2024-12,2024-09,2024-12,AMQ Documentation,4,0,0.000000
JIRA,jira,project,2024-09_to_2024-12,2024-09,2024-12,AMQ Streams,90,7,0.077778
JIRA,jira,project,2024-09_to_2024-12,2024-09,2024-12,AMQ Streams Flink,111,12,0.108108
JIRA,jira,project,2024-09_to_2024-12,2024-09,2024-12,AMQ Streams Kafka Proxy,2,0,0.000000
JIRA,jira,project,2024-09_to_2024-12,2024-09,2024-12,APISIX,1,0,0.000000
JIRA,jira,project,2024-09_to_2024-12,2024-09,2024-12,ActiveMQ (Read,72,9,0.125000
JIRA,jira,project,2024-09_to_2024-12,2024-09,2024-12,ActiveMQ .Net,1,0,0.000000
JIRA,jira,project,2024-09_to_2024-12,2024-09,2024-12,ActiveMQ C++ Client,1,0,0.000000
JIRA,jira,project,2024-09_to_2024-12,2024-09,2024-12,ActiveObjects,2,0,0.000000
JIRA,jira,project,2024-09_to_2024-12,2024-09,2024-12,Admin Experience,102,1,0.009804
JIRA,jira,project,2024-09_to_2024-12,2024-09,2024-12,AeroGear,1,0,0.000000
JIRA,jira,project,2024-09_to_2024-12,2024-09,2024-12,Agent,97,1,0.010309
JIRA,jira,project,2024-09_to_2024-12,2024-09,2024-12,Airavata,2,0,0.000000
JIRA,jira,project,2024-09_to_2024-12,2024-09,2024-12,Ambari,151,6,0.039735
JIRA,jira,project,2024-09_to_2024-12,2024-09,2024-12,Analytics,58,1,0.017241
JIRA,jira,project,2024-09_to_2024-12,2024-09,2024-12,Ansible Automation Platform RFEs,202,0,0.000000
JIRA,jira,project,2024-09_to_2024-12,2024-09,2024-12,Ansible Strategy,3,0,0.000000
JIRA,jira,project,2024-09_to_2024-12,2024-09,2024-12,Apache AsterixDB,45,2,0.044444
JIRA,jira,project,2024-09_to_2024-12,2024-09,2024-12,Apache Avro,59,13,0.220339
JIRA,jira,project,2024-09_to_2024-12,2024-09,2024-12,Apache Cassandra,267,78,0.292135
JIRA,jira,project,2024-09_to_2024-12,2024-09,2024-12,Apache Cassandra Analytics,4,0,0.000000
JIRA,jira,project,2024-09_to_2024-12,2024-09,2024-12,Apache Cassandra Go driver,39,1,0.025641
JIRA,jira,project,2024-09_to_2024-12,2024-09,2024-12,Apache Cassandra Java driver,29,5,0.172414
JIRA,jira,project,2024-09_to_2024-12,2024-09,2024-12,Apache Celeborn,231,16,0.069264
JIRA,jira,project,2024-09_to_2024-12,2024-09,2024-12,Apache Cloudberry,1,0,0.000000
JIRA,jira,project,2024-09_to_2024-12,2024-09,2024-12,Apache Curator,13,5,0.384615
JIRA,jira,project,2024-09_to_2024-12,2024-09,2024-12,Apache Drill,7,4,0.571429
JIRA,jira,project,2024-09_to_2024-12,2024-09,2024-12,Apache Fineract,32,2,0.062500
JIRA,jira,project,2024-09_to_2024-12,2024-09,2024-12,Apache Freemarker,1,0,0.000000
JIRA,jira,project,2024-09_to_2024-12,2024-09,2024-12,Apache Gluten (incubating),2,0,0.000000
JIRA,jira,project,2024-09_to_2024-12,2024-09,2024-12,Apache Gobblin,39,1,0.025641
JIRA,jira,project,2024-09_to_2024-12,2024-09,2024-12,Apache Hudi,644,33,0.051242
JIRA,jira,project,2024-09_to_2024-12,2024-09,2024-12,Apache IoTDB,5,0,0.000000
JIRA,jira,project,2024-09_to_2024-12,2024-09,2024-12,Apache Jena,2,2,1.000000
JIRA,jira,project,2024-09_to_2024-12,2024-09,2024-12,Apache Knox,16,1,0.062500
JIRA,jira,project,2024-09_to_2024-12,2024-09,2024-12,Apache NiFi,424,39,0.091981
JIRA,jira,project,2024-09_to_2024-12,2024-09,2024-12,Apache NiFi MiNiFi C++,56,0,0.000000
JIRA,jira,project,2024-09_to_2024-12,2024-09,2024-12,Apache Otava (incubating),2,0,0.000000
JIRA,jira,project,2024-09_to_2024-12,2024-09,2024-12,Apache Ozone,599,48,0.080134
JIRA,jira,project,2024-09_to_2024-12,2024-09,2024-12,Apache RAT,74,2,0.027027
JIRA,jira,project,2024-09_to_2024-12,2024-09,2024-12,Apache Science Data Analytics Platform,7,0,0.000000
JIRA,jira,project,2024-09_to_2024-12,2024-09,2024-12,Apache Sedona,40,1,0.025000
JIRA,jira,project,2024-09_to_2024-12,2024-09,2024-12,Apache ServiceComb,3,0,0.000000
JIRA,jira,project,2024-09_to_2024-12,2024-09,2024-12,Apache Storm,63,1,0.015873
JIRA,jira,project,2024-09_to_2024-12,2024-09,2024-12,Apache Tentacles,1,1,1.000000
JIRA,jira,project,2024-09_to_2024-12,2024-09,2024-12,Apache Tez,20,2,0.100000
JIRA,jira,project,2024-09_to_2024-12,2024-09,2024-12,Apache Unomi,18,1,0.055556
JIRA,jira,project,2024-09_to_2024-12,2024-09,2024-12,Apache Wayang,1,0,0.000000
JIRA,jira,project,2024-09_to_2024-12,2024-09,2024-12,Apache Whisker,3,2,0.666667
JIRA,jira,project,2024-09_to_2024-12,2024-09,2024-12,Apache YuniKorn,156,10,0.064103
JIRA,jira,project,2024-09_to_2024-12,2024-09,2024-12,Apicurio Product Team,1,0,0.000000
JIRA,jira,project,2024-09_to_2024-12,2024-09,2024-12,Application Links,1,0,0.000000
JIRA,jira,project,2024-09_to_2024-12,2024-09,2024-12,Aries,4,0,0.000000
JIRA,jira,project,2024-09_to_2024-12,2024-09,2024-12,Artemis,200,24,0.120000
JIRA,jira,project,2024-09_to_2024-12,2024-09,2024-12,Atlas,83,9,0.108434
JIRA,jira,project,2024-09_to_2024-12,2024-09,2024-12,Atlas SQL,8,1,0.125000
JIRA,jira,project,2024-09_to_2024-12,2024-09,2024-12,Atlassian Cloud,127,7,0.055118
JIRA,jira,project,2024-09_to_2024-12,2024-09,2024-12,Atlassian Connect in Jira Cloud,3,2,0.666667
JIRA,jira,project,2024-09_to_2024-12,2024-09,2024-12,Atlassian Dark Feature Plugin,2,0,0.000000
JIRA,jira,project,2024-09_to_2024-12,2024-09,2024-12,Atlassian Developer Toolbox,1,0,0.000000
JIRA,jira,project,2024-09_to_2024-12,2024-09,2024-12,Atlassian Ecosystem,155,4,0.025806
JIRA,jira,project,2024-09_to_2024-12,2024-09,2024-12,Atlassian Guard,85,2,0.023529
JIRA,jira,project,2024-09_to_2024-12,2024-09,2024-12,Atlassian Intelligence,61,2,0.032787
JIRA,jira,project,2024-09_to_2024-12,2024-09,2024-12,Atlassian Internationalization,42,1,0.023810
JIRA,jira,project,2024-09_to_2024-12,2024-09,2024-12,Atlassian Marketplace,29,0,0.000000
JIRA,jira,project,2024-09_to_2024-12,2024-09,2024-12,Atlassian Maven Plugin Suite,10,0,0.000000
JIRA,jira,project,2024-09_to_2024-12,2024-09,2024-12,Atlassian OAuth 2.0,1,0,0.000000
JIRA,jira,project,2024-09_to_2024-12,2024-09,2024-12,Atlassian Plugin SDK,1,0,0.000000
JIRA,jira,project,2024-09_to_2024-12,2024-09,2024-12,Atlassian Product Integrations,15,1,0.066667
JIRA,jira,project,2024-09_to_2024-12,2024-09,2024-12,Atlassian Troubleshooting & Support Tools Plugin,5,0,0.000000
JIRA,jira,project,2024-09_to_2024-12,2024-09,2024-12,Atlassian User Interface,5,0,0.000000
JIRA,jira,project,2024-09_to_2024-12,2024-09,2024-12,Attic,1,0,0.000000
JIRA,jira,project,2024-09_to_2024-12,2024-09,2024-12,Automation for Cloud,137,8,0.058394
JIRA,jira,project,2024-09_to_2024-12,2024-09,2024-12,Automation for Jira Server,29,2,0.068966
JIRA,jira,project,2024-09_to_2024-12,2024-09,2024-12,Axiom,1,0,0.000000
JIRA,jira,project,2024-09_to_2024-12,2024-09,2024-12,Axis2,4,2,0.500000
JIRA,jira,project,2024-09_to_2024-12,2024-09,2024-12,Bamboo Data Center,92,7,0.076087
JIRA,jira,project,2024-09_to_2024-12,2024-09,2024-12,Batik,7,1,0.142857
JIRA,jira,project,2024-09_to_2024-12,2024-09,2024-12,Bigtop,102,5,0.049020
JIRA,jira,project,2024-09_to_2024-12,2024-09,2024-12,Bitbucket Cloud,141,5,0.035461
JIRA,jira,project,2024-09_to_2024-12,2024-09,2024-12,Bitbucket Data Center,180,6,0.033333
JIRA,jira,project,2024-09_to_2024-12,2024-09,2024-12,Byteman,2,1,0.500000
JIRA,jira,project,2024-09_to_2024-12,2024-09,2024-12,C Driver,141,8,0.056738
JIRA,jira,project,2024-09_to_2024-12,2024-09,2024-12,C# Driver,190,22,0.115789
JIRA,jira,project,2024-09_to_2024-12,2024-09,2024-12,C++ Driver,100,2,0.020000
JIRA,jira,project,2024-09_to_2024-12,2024-09,2024-12,CCS documentation feedback,4,1,0.250000
JIRA,jira,project,2024-09_to_2024-12,2024-09,2024-12,CPE Infrastructure,381,0,0.000000
JIRA,jira,project,2024-09_to_2024-12,2024-09,2024-12,CXF,43,15,0.348837
JIRA,jira,project,2024-09_to_2024-12,2024-09,2024-12,CXF XJC Utils,1,0,0.000000
JIRA,jira,project,2024-09_to_2024-12,2024-09,2024-12,Calcite,200,33,0.165000
JIRA,jira,project,2024-09_to_2024-12,2024-09,2024-12,Camel,431,69,0.160093
JIRA,jira,project,2024-09_to_2024-12,2024-09,2024-12,Causeway,30,1,0.033333
JIRA,jira,project,2024-09_to_2024-12,2024-09,2024-12,Cayenne,6,0,0.000000
JIRA,jira,project,2024-09_to_2024-12,2024-09,2024-12,CentOS Stream Pipeline,101,19,0.188119
JIRA,jira,project,2024-09_to_2024-12,2024-09,2024-12,Cert Manager support for Red Hat OpenShift,27,4,0.148148
JIRA,jira,project,2024-09_to_2024-12,2024-09,2024-12,Certification Partner Experience Public,20,0,0.000000
JIRA,jira,project,2024-09_to_2024-12,2024-09,2024-12,Clair,27,3,0.111111
JIRA,jira,project,2024-09_to_2024-12,2024-09,2024-12,Cloud Enablement,10,0,0.000000
JIRA,jira,project,2024-09_to_2024-12,2024-09,2024-12,Cloud Infrastructure Security & Compliance,96,3,0.031250
JIRA,jira,project,2024-09_to_2024-12,2024-09,2024-12,Cluster Integration and Delivery,62,1,0.016129
JIRA,jira,project,2024-09_to_2024-12,2024-09,2024-12,Cluster Observability Operator,203,23,0.113300
JIRA,jira,project,2024-09_to_2024-12,2024-09,2024-12,Cockpit,40,1,0.025000
JIRA,jira,project,2024-09_to_2024-12,2024-09,2024-12,Coin,27,4,0.148148
JIRA,jira,project,2024-09_to_2024-12,2024-09,2024-12,Commerce,14,0,0.000000
JIRA,jira,project,2024-09_to_2024-12,2024-09,2024-12,Commons BCEL,2,2,1.000000
JIRA,jira,project,2024-09_to_2024-12,2024-09,2024-12,Commons BeanUtils,4,0,0.000000
JIRA,jira,project,2024-09_to_2024-12,2024-09,2024-12,Commons CLI,3,0,0.000000
JIRA,jira,project,2024-09_to_2024-12,2024-09,2024-12,Commons CSV,4,3,0.750000
JIRA,jira,project,2024-09_to_2024-12,2024-09,2024-12,Commons Codec,1,1,1.000000
JIRA,jira,project,2024-09_to_2024-12,2024-09,2024-12,Commons Collections,8,0,0.000000
JIRA,jira,project,2024-09_to_2024-12,2024-09,2024-12,Commons Compress,5,1,0.200000
JIRA,jira,project,2024-09_to_2024-12,2024-09,2024-12,Commons DBCP,1,1,1.000000
JIRA,jira,project,2024-09_to_2024-12,2024-09,2024-12,Commons Daemon,2,2,1.000000
JIRA,jira,project,2024-09_to_2024-12,2024-09,2024-12,Commons Exec,1,0,0.000000
JIRA,jira,project,2024-09_to_2024-12,2024-09,2024-12,Commons FileUpload,2,0,0.000000
JIRA,jira,project,2024-09_to_2024-12,2024-09,2024-12,Commons IO,6,2,0.333333
JIRA,jira,project,2024-09_to_2024-12,2024-09,2024-12,Commons Imaging,1,1,1.000000
JIRA,jira,project,2024-09_to_2024-12,2024-09,2024-12,Commons JEXL,8,3,0.375000
JIRA,jira,project,2024-09_to_2024-12,2024-09,2024-12,Commons Lang,10,3,0.300000
JIRA,jira,project,2024-09_to_2024-12,2024-09,2024-12,Commons Logging,1,0,0.000000
JIRA,jira,project,2024-09_to_2024-12,2024-09,2024-12,Commons Math,5,0,0.000000
JIRA,jira,project,2024-09_to_2024-12,2024-09,2024-12,Commons Net,2,0,0.000000
JIRA,jira,project,2024-09_to_2024-12,2024-09,2024-12,Commons Pool,2,1,0.500000
JIRA,jira,project,2024-09_to_2024-12,2024-09,2024-12,Commons Validator,4,0,0.000000
JIRA,jira,project,2024-09_to_2024-12,2024-09,2024-12,Community Development,10,0,0.000000
JIRA,jira,project,2024-09_to_2024-12,2024-09,2024-12,Community Linux Engineering,1,0,0.000000
JIRA,jira,project,2024-09_to_2024-12,2024-09,2024-12,Compass,393,106,0.269720
JIRA,jira,project,2024-09_to_2024-12,2024-09,2024-12,Confluence Cloud,825,24,0.029091
JIRA,jira,project,2024-09_to_2024-12,2024-09,2024-12,Confluence Data Center,451,27,0.059867
JIRA,jira,project,2024-09_to_2024-12,2024-09,2024-12,Connectivity Link,4,0,0.000000
JIRA,jira,project,2024-09_to_2024-12,2024-09,2024-12,Container Tools,133,19,0.142857
JIRA,jira,project,2024-09_to_2024-12,2024-09,2024-12,Content Gateway,14,0,0.000000
JIRA,jira,project,2024-09_to_2024-12,2024-09,2024-12,Contrib: Evaluation System,1,0,0.000000
JIRA,jira,project,2024-09_to_2024-12,2024-09,2024-12,Core Server,4395,384,0.087372
JIRA,jira,project,2024-09_to_2024-12,2024-09,2024-12,CoreOS OCP,188,20,0.106383
JIRA,jira,project,2024-09_to_2024-12,2024-09,2024-12,Cost Management,21,0,0.000000
JIRA,jira,project,2024-09_to_2024-12,2024-09,2024-12,Crowd Data Center,25,0,0.000000
JIRA,jira,project,2024-09_to_2024-12,2024-09,2024-12,Crucible,7,1,0.142857
JIRA,jira,project,2024-09_to_2024-12,2024-09,2024-12,Daffodil,42,11,0.261905
JIRA,jira,project,2024-09_to_2024-12,2024-09,2024-12,Data Foundation Bugs,222,88,0.396396
JIRA,jira,project,2024-09_to_2024-12,2024-09,2024-12,DataFu,3,0,0.000000
JIRA,jira,project,2024-09_to_2024-12,2024-09,2024-12,Debezium,338,89,0.263314
JIRA,jira,project,2024-09_to_2024-12,2024-09,2024-12,Derby (Retired),5,3,0.600000
JIRA,jira,project,2024-09_to_2024-12,2024-09,2024-12,Directory ApacheDS,5,1,0.200000
JIRA,jira,project,2024-09_to_2024-12,2024-09,2024-12,Directory Client API,15,0,0.000000
JIRA,jira,project,2024-09_to_2024-12,2024-09,2024-12,Directory Kerberos,1,0,0.000000
JIRA,jira,project,2024-09_to_2024-12,2024-09,2024-12,Directory Studio,2,0,0.000000
JIRA,jira,project,2024-09_to_2024-12,2024-09,2024-12,Distributed Tracing,228,20,0.087719
JIRA,jira,project,2024-09_to_2024-12,2024-09,2024-12,Docs for Red Hat Developers,69,0,0.000000
JIRA,jira,project,2024-09_to_2024-12,2024-09,2024-12,Drivers,76,9,0.118421
JIRA,jira,project,2024-09_to_2024-12,2024-09,2024-12,Drools,13,3,0.230769
JIRA,jira,project,2024-09_to_2024-12,2024-09,2024-12,EAP Documentation,29,0,0.000000
JIRA,jira,project,2024-09_to_2024-12,2024-09,2024-12,EJB Client Library (AS7+),2,1,0.500000
JIRA,jira,project,2024-09_to_2024-12,2024-09,2024-12,Elytron Web,1,0,0.000000
JIRA,jira,project,2024-09_to_2024-12,2024-09,2024-12,Empire,17,0,0.000000
JIRA,jira,project,2024-09_to_2024-12,2024-09,2024-12,Entity Framework,21,5,0.238095
JIRA,jira,project,2024-09_to_2024-12,2024-09,2024-12,Extension for Hibernate ORM,36,1,0.027778
JIRA,jira,project,2024-09_to_2024-12,2024-09,2024-12,External Secrets Operator for Red Hat OpenShift,9,0,0.000000
JIRA,jira,project,2024-09_to_2024-12,2024-09,2024-12,FOP,23,4,0.173913
JIRA,jira,project,2024-09_to_2024-12,2024-09,2024-12,Fake Leaks,1,0,0.000000
JIRA,jira,project,2024-09_to_2024-12,2024-09,2024-12,Fast Datapath Product,203,38,0.187192
JIRA,jira,project,2024-09_to_2024-12,2024-09,2024-12,Fedora,104,46,0.442308
JIRA,jira,project,2024-09_to_2024-12,2024-09,2024-12,Felix,24,8,0.333333
JIRA,jira,project,2024-09_to_2024-12,2024-09,2024-12,FishEye,7,0,0.000000
JIRA,jira,project,2024-09_to_2024-12,2024-09,2024-12,FlightPath,330,25,0.075758
JIRA,jira,project,2024-09_to_2024-12,2024-09,2024-12,Flink,791,102,0.128951
JIRA,jira,project,2024-09_to_2024-12,2024-09,2024-12,Forge,116,4,0.034483
JIRA,jira,project,2024-09_to_2024-12,2024-09,2024-12,Gav Testing,1,0,0.000000
JIRA,jira,project,2024-09_to_2024-12,2024-09,2024-12,Geode,2,0,0.000000
JIRA,jira,project,2024-09_to_2024-12,2024-09,2024-12,Go Driver,114,15,0.131579
JIRA,jira,project,2024-09_to_2024-12,2024-09,2024-12,Groovy,82,18,0.219512
JIRA,jira,project,2024-09_to_2024-12,2024-09,2024-12,Guacamole,31,4,0.129032
JIRA,jira,project,2024-09_to_2024-12,2024-09,2024-12,HAL,11,0,0.000000
JIRA,jira,project,2024-09_to_2024-12,2024-09,2024-12,HBase,236,44,0.186441
JIRA,jira,project,2024-09_to_2024-12,2024-09,2024-12,Hadoop Common,119,79,0.663866
JIRA,jira,project,2024-09_to_2024-12,2024-09,2024-12,Hadoop HDFS,86,48,0.558140
JIRA,jira,project,2024-09_to_2024-12,2024-09,2024-12,Hadoop Map/Reduce,12,2,0.166667
JIRA,jira,project,2024-09_to_2024-12,2024-09,2024-12,Hadoop YARN,32,16,0.500000
JIRA,jira,project,2024-09_to_2024-12,2024-09,2024-12,HawtIO,28,1,0.035714
JIRA,jira,project,2024-09_to_2024-12,2024-09,2024-12,Hive,194,44,0.226804
JIRA,jira,project,2024-09_to_2024-12,2024-09,2024-12,HttpComponents HttpClient,11,5,0.454545
JIRA,jira,project,2024-09_to_2024-12,2024-09,2024-12,HttpComponents HttpCore,6,3,0.500000
JIRA,jira,project,2024-09_to_2024-12,2024-09,2024-12,Hybrid Cloud Console,837,22,0.026284
JIRA,jira,project,2024-09_to_2024-12,2024-09,2024-12,Hybrid Cloud Console Docs Feedback,7,0,0.000000
JIRA,jira,project,2024-09_to_2024-12,2024-09,2024-12,Hybrid Cloud Infrastructure Documentation,134,1,0.007463
JIRA,jira,project,2024-09_to_2024-12,2024-09,2024-12,IMPALA,289,64,0.221453
JIRA,jira,project,2024-09_to_2024-12,2024-09,2024-12,Identity,33,1,0.030303
JIRA,jira,project,2024-09_to_2024-12,2024-09,2024-12,Ignite,1028,160,0.155642
JIRA,jira,project,2024-09_to_2024-12,2024-09,2024-12,Incubator,1,0,0.000000
JIRA,jira,project,2024-09_to_2024-12,2024-09,2024-12,Infra Testy 33,1,0,0.000000
JIRA,jira,project,2024-09_to_2024-12,2024-09,2024-12,Insights Experiences,496,15,0.030242
JIRA,jira,project,2024-09_to_2024-12,2024-09,2024-12,Insights Rule Analysis Tool,3,1,0.333333
JIRA,jira,project,2024-09_to_2024-12,2024-09,2024-12,Intel IPU Collaboration,5,0,0.000000
JIRA,jira,project,2024-09_to_2024-12,2024-09,2024-12,IronJacamar,8,0,0.000000
JIRA,jira,project,2024-09_to_2024-12,2024-09,2024-12,Ivy,1,1,1.000000
JIRA,jira,project,2024-09_to_2024-12,2024-09,2024-12,JBeret,5,0,0.000000
JIRA,jira,project,2024-09_to_2024-12,2024-09,2024-12,JBoss A,1,0,0.000000
JIRA,jira,project,2024-09_to_2024-12,2024-09,2024-12,JBoss Core Services,25,2,0.080000
JIRA,jira,project,2024-09_to_2024-12,2024-09,2024-12,JBoss Enterprise Application Platform,316,58,0.183544
JIRA,jira,project,2024-09_to_2024-12,2024-09,2024-12,JBoss Log Manager,2,0,0.000000
JIRA,jira,project,2024-09_to_2024-12,2024-09,2024-12,JBoss Logging,2,0,0.000000
JIRA,jira,project,2024-09_to_2024-12,2024-09,2024-12,JBoss Marshalling,1,0,0.000000
JIRA,jira,project,2024-09_to_2024-12,2024-09,2024-12,JBoss Remoting (3+),4,0,0.000000
JIRA,jira,project,2024-09_to_2024-12,2024-09,2024-12,JBoss Server Migration Tool,4,0,0.000000
JIRA,jira,project,2024-09_to_2024-12,2024-09,2024-12,JBoss Transaction Manager,52,3,0.057692
JIRA,jira,project,2024-09_to_2024-12,2024-09,2024-12,JBoss VFS,1,0,0.000000
JIRA,jira,project,2024-09_to_2024-12,2024-09,2024-12,JBoss Web Server,30,0,0.000000
JIRA,jira,project,2024-09_to_2024-12,2024-09,2024-12,JBoss Web Services,8,0,0.000000
JIRA,jira,project,2024-09_to_2024-12,2024-09,2024-12,JDO,5,1,0.200000
JIRA,jira,project,2024-09_to_2024-12,2024-09,2024-12,JGroups,27,4,0.148148
JIRA,jira,project,2024-09_to_2024-12,2024-09,2024-12,JIRA Calendar Plugin,1,0,0.000000
JIRA,jira,project,2024-09_to_2024-12,2024-09,2024-12,JSPWiki,6,1,0.166667
JIRA,jira,project,2024-09_to_2024-12,2024-09,2024-12,Jackrabbit Content Repository,23,1,0.043478
JIRA,jira,project,2024-09_to_2024-12,2024-09,2024-12,Jackrabbit FileVault,11,2,0.181818
JIRA,jira,project,2024-09_to_2024-12,2024-09,2024-12,Jackrabbit Oak,265,43,0.162264
JIRA,jira,project,2024-09_to_2024-12,2024-09,2024-12,James Mime4j,1,1,1.000000
JIRA,jira,project,2024-09_to_2024-12,2024-09,2024-12,James Server,31,1,0.032258
JIRA,jira,project,2024-09_to_2024-12,2024-09,2024-12,James jSPF,1,0,0.000000
JIRA,jira,project,2024-09_to_2024-12,2024-09,2024-12,Java Driver,132,11,0.083333
JIRA,jira,project,2024-09_to_2024-12,2024-09,2024-12,Java Integrations & Frameworks,1,0,0.000000
JIRA,jira,project,2024-09_to_2024-12,2024-09,2024-12,Jira Align,391,8,0.020460
JIRA,jira,project,2024-09_to_2024-12,2024-09,2024-12,Jira Cloud,12,0,0.000000
JIRA,jira,project,2024-09_to_2024-12,2024-09,2024-12,Jira Data Center,293,20,0.068259
JIRA,jira,project,2024-09_to_2024-12,2024-09,2024-12,Jira Platform Cloud,1295,32,0.024710
JIRA,jira,project,2024-09_to_2024-12,2024-09,2024-12,Jira Service Management Cloud,758,28,0.036939
JIRA,jira,project,2024-09_to_2024-12,2024-09,2024-12,Jira Service Management Data Center,380,8,0.021053
JIRA,jira,project,2024-09_to_2024-12,2024-09,2024-12,Jira Software Data Center,92,3,0.032609
JIRA,jira,project,2024-09_to_2024-12,2024-09,2024-12,Jira Work Management Cloud,39,2,0.051282
JIRA,jira,project,2024-09_to_2024-12,2024-09,2024-12,Kafka,926,104,0.112311
JIRA,jira,project,2024-09_to_2024-12,2024-09,2024-12,Kafka Connector,8,2,0.250000
JIRA,jira,project,2024-09_to_2024-12,2024-09,2024-12,Karaf,40,5,0.125000
JIRA,jira,project,2024-09_to_2024-12,2024-09,2024-12,Knative Serving,39,1,0.025641
JIRA,jira,project,2024-09_to_2024-12,2024-09,2024-12,Kogito,1,0,0.000000
JIRA,jira,project,2024-09_to_2024-12,2024-09,2024-12,Konflux UI,147,2,0.013605
JIRA,jira,project,2024-09_to_2024-12,2024-09,2024-12,Kotlin BSON,1,0,0.000000
JIRA,jira,project,2024-09_to_2024-12,2024-09,2024-12,Kudu,23,9,0.391304
JIRA,jira,project,2024-09_to_2024-12,2024-09,2024-12,Kylin,25,1,0.040000
JIRA,jira,project,2024-09_to_2024-12,2024-09,2024-12,Legal Discuss,15,0,0.000000
JIRA,jira,project,2024-09_to_2024-12,2024-09,2024-12,Libmongocrypt,32,4,0.125000
JIRA,jira,project,2024-09_to_2024-12,2024-09,2024-12,Log4j 2,5,0,0.000000
JIRA,jira,project,2024-09_to_2024-12,2024-09,2024-12,Loom,1,0,0.000000
JIRA,jira,project,2024-09_to_2024-12,2024-09,2024-12,MINA,6,4,0.666667
JIRA,jira,project,2024-09_to_2024-12,2024-09,2024-12,Machine Config Operator,193,2,0.010363
JIRA,jira,project,2024-09_to_2024-12,2024-09,2024-12,Maistra,1,0,0.000000
JIRA,jira,project,2024-09_to_2024-12,2024-09,2024-12,Managed Service ,23,0,0.000000
JIRA,jira,project,2024-09_to_2024-12,2024-09,2024-12,ManifoldCF,6,1,0.166667
JIRA,jira,project,2024-09_to_2024-12,2024-09,2024-12,MariaDB ColumnStore,81,11,0.135802
JIRA,jira,project,2024-09_to_2024-12,2024-09,2024-12,MariaDB Connector/C,27,12,0.444444
JIRA,jira,project,2024-09_to_2024-12,2024-09,2024-12,MariaDB Connector/C++,2,1,0.500000
JIRA,jira,project,2024-09_to_2024-12,2024-09,2024-12,MariaDB Connector/J,24,8,0.333333
JIRA,jira,project,2024-09_to_2024-12,2024-09,2024-12,MariaDB Connector/ODBC,12,4,0.333333
JIRA,jira,project,2024-09_to_2024-12,2024-09,2024-12,MariaDB Connector/Python,7,4,0.571429
JIRA,jira,project,2024-09_to_2024-12,2024-09,2024-12,MariaDB Connector/R2DBC,5,0,0.000000
JIRA,jira,project,2024-09_to_2024-12,2024-09,2024-12,MariaDB Connector/node.js,7,0,0.000000
JIRA,jira,project,2024-09_to_2024-12,2024-09,2024-12,MariaDB Foundation Development,87,9,0.103448
JIRA,jira,project,2024-09_to_2024-12,2024-09,2024-12,MariaDB MaxScale,206,19,0.092233
JIRA,jira,project,2024-09_to_2024-12,2024-09,2024-12,MariaDB Server,874,408,0.466819
JIRA,jira,project,2024-09_to_2024-12,2024-09,2024-12,Marketplace Growth and Experiences,14,0,0.000000
JIRA,jira,project,2024-09_to_2024-12,2024-09,2024-12,Marvell DPU Collaboration,7,0,0.000000
JIRA,jira,project,2024-09_to_2024-12,2024-09,2024-12,Maven (Moved to GitHub Issues),234,58,0.247863
JIRA,jira,project,2024-09_to_2024-12,2024-09,2024-12,Maven Antrun Plugin (Moved to GitHub Issues),1,1,1.000000
JIRA,jira,project,2024-09_to_2024-12,2024-09,2024-12,Maven Archetype (Moved to GitHub Issues),19,8,0.421053
JIRA,jira,project,2024-09_to_2024-12,2024-09,2024-12,Maven Archetype Bundles (Moved to GitHub Issues),1,1,1.000000
JIRA,jira,project,2024-09_to_2024-12,2024-09,2024-12,Maven Artifact Plugin (Moved to GitHub Issues),12,3,0.250000
JIRA,jira,project,2024-09_to_2024-12,2024-09,2024-12,Maven Build Cache Extension (Moved to GitHub Issues),4,0,0.000000
JIRA,jira,project,2024-09_to_2024-12,2024-09,2024-12,Maven Changelog Plugin (Moved to GitHub Issues),3,0,0.000000
JIRA,jira,project,2024-09_to_2024-12,2024-09,2024-12,Maven Changes Plugin (Moved to GitHub Issues),41,6,0.146341
JIRA,jira,project,2024-09_to_2024-12,2024-09,2024-12,Maven Checkstyle Plugin (Moved to GitHub Issues),2,0,0.000000
JIRA,jira,project,2024-09_to_2024-12,2024-09,2024-12,Maven Clean Plugin (Moved to GitHub Issues),7,1,0.142857
JIRA,jira,project,2024-09_to_2024-12,2024-09,2024-12,Maven Compiler Plugin (Moved to GitHub Issues),6,2,0.333333
JIRA,jira,project,2024-09_to_2024-12,2024-09,2024-12,Maven DOAP Plugin (Moved to GitHub Issues),2,0,0.000000
JIRA,jira,project,2024-09_to_2024-12,2024-09,2024-12,Maven Dependency Plugin (Moved to GitHub Issues),19,6,0.315789
JIRA,jira,project,2024-09_to_2024-12,2024-09,2024-12,Maven Deploy Plugin (Moved to GitHub Issues),2,1,0.500000
JIRA,jira,project,2024-09_to_2024-12,2024-09,2024-12,Maven Doxia (Moved to GitHub Issues),27,3,0.111111
JIRA,jira,project,2024-09_to_2024-12,2024-09,2024-12,Maven Doxia Sitetools (Moved to GitHub Issues),10,1,0.100000
JIRA,jira,project,2024-09_to_2024-12,2024-09,2024-12,Maven Doxia Tools (Moved to GitHub Issues),5,2,0.400000
JIRA,jira,project,2024-09_to_2024-12,2024-09,2024-12,Maven EAR Plugin (Moved to GitHub Issues),2,1,0.500000
JIRA,jira,project,2024-09_to_2024-12,2024-09,2024-12,Maven Enforcer Plugin (Moved to GitHub Issues),6,2,0.333333
JIRA,jira,project,2024-09_to_2024-12,2024-09,2024-12,Maven GPG Plugin (Moved to GitHub Issues),9,0,0.000000
JIRA,jira,project,2024-09_to_2024-12,2024-09,2024-12,Maven Help Plugin (Moved to GitHub Issues),6,0,0.000000
JIRA,jira,project,2024-09_to_2024-12,2024-09,2024-12,Maven Indexer (Moved to GitHub Issues),4,1,0.250000
JIRA,jira,project,2024-09_to_2024-12,2024-09,2024-12,Maven Install Plugin (Moved to GitHub Issues),4,2,0.500000
JIRA,jira,project,2024-09_to_2024-12,2024-09,2024-12,Maven Invoker Plugin (Moved to GitHub Issues),6,1,0.166667
JIRA,jira,project,2024-09_to_2024-12,2024-09,2024-12,Maven JAR Plugin (Moved to GitHub Issues),9,2,0.222222
JIRA,jira,project,2024-09_to_2024-12,2024-09,2024-12,Maven JDeprScan Plugin (Moved to GitHub Issues),1,1,1.000000
JIRA,jira,project,2024-09_to_2024-12,2024-09,2024-12,Maven JLink Plugin (Moved to GitHub Issues),5,1,0.200000
JIRA,jira,project,2024-09_to_2024-12,2024-09,2024-12,Maven JXR (Moved to GitHub Issues),4,0,0.000000
JIRA,jira,project,2024-09_to_2024-12,2024-09,2024-12,Maven Jar Signer Plugin (Moved to GitHub Issues),1,0,0.000000
JIRA,jira,project,2024-09_to_2024-12,2024-09,2024-12,Maven Javadoc Plugin (Moved to GitHub Issues),15,4,0.266667
JIRA,jira,project,2024-09_to_2024-12,2024-09,2024-12,Maven PDF Plugin (RETIRED),3,1,0.333333
JIRA,jira,project,2024-09_to_2024-12,2024-09,2024-12,Maven PMD Plugin (Moved to GitHub Issues),10,4,0.400000
JIRA,jira,project,2024-09_to_2024-12,2024-09,2024-12,Maven Patch Plugin (RETIRED),1,0,0.000000
JIRA,jira,project,2024-09_to_2024-12,2024-09,2024-12,Maven Plugin Testing  (Moved to GitHub Issues),3,0,0.000000
JIRA,jira,project,2024-09_to_2024-12,2024-09,2024-12,Maven Plugin Tools (Moved to GitHub Issues),6,1,0.166667
JIRA,jira,project,2024-09_to_2024-12,2024-09,2024-12,Maven Project Info Reports Plugin (Moved to GitHub Issues),6,3,0.500000
JIRA,jira,project,2024-09_to_2024-12,2024-09,2024-12,Maven Project Web Site (Moved to GitHub Issues),8,1,0.125000
JIRA,jira,project,2024-09_to_2024-12,2024-09,2024-12,Maven RAR Plugin (Moved to GitHub Issues),1,0,0.000000
JIRA,jira,project,2024-09_to_2024-12,2024-09,2024-12,Maven Release Plugin (Moved to GitHub Issues),4,0,0.000000
JIRA,jira,project,2024-09_to_2024-12,2024-09,2024-12,Maven Remote Resources Plugin (Moved to GitHub Issues),10,1,0.100000
JIRA,jira,project,2024-09_to_2024-12,2024-09,2024-12,Maven Resolver (Moved to GitHub Issues),51,4,0.078431
JIRA,jira,project,2024-09_to_2024-12,2024-09,2024-12,Maven Resources Plugin (Moved to GitHub Issues),3,2,0.666667
JIRA,jira,project,2024-09_to_2024-12,2024-09,2024-12,Maven SCM (Moved to GitHub Issues),1,1,1.000000
JIRA,jira,project,2024-09_to_2024-12,2024-09,2024-12,Maven SCM Publish Plugin (Moved to GitHub Issues),1,0,0.000000
JIRA,jira,project,2024-09_to_2024-12,2024-09,2024-12,Maven Shade Plugin (Moved to GitHub Issues),2,0,0.000000
JIRA,jira,project,2024-09_to_2024-12,2024-09,2024-12,Maven Shared Components,33,1,0.030303
JIRA,jira,project,2024-09_to_2024-12,2024-09,2024-12,Maven Site Plugin (Moved to GitHub Issues),13,3,0.230769
JIRA,jira,project,2024-09_to_2024-12,2024-09,2024-12,Maven Skins (Moved to GitHub Issues),10,1,0.100000
JIRA,jira,project,2024-09_to_2024-12,2024-09,2024-12,Maven Stage Plugin (Moved to GitHub Issues),1,0,0.000000
JIRA,jira,project,2024-09_to_2024-12,2024-09,2024-12,Maven Surefire (Moved to GitHub Issues),32,12,0.375000
JIRA,jira,project,2024-09_to_2024-12,2024-09,2024-12,Maven Toolchains Plugin (Moved to GitHub Issues),1,0,0.000000
JIRA,jira,project,2024-09_to_2024-12,2024-09,2024-12,Maven WAR Plugin (Moved to GitHub Issues),1,1,1.000000
JIRA,jira,project,2024-09_to_2024-12,2024-09,2024-12,Maven Wagon (Moved to GitHub Issues),7,0,0.000000
JIRA,jira,project,2024-09_to_2024-12,2024-09,2024-12,Maven Wrapper (Moved to GitHub Issues),9,4,0.444444
JIRA,jira,project,2024-09_to_2024-12,2024-09,2024-12,Meecrowave,4,0,0.000000
JIRA,jira,project,2024-09_to_2024-12,2024-09,2024-12,Mesos (Retired),2,0,0.000000
JIRA,jira,project,2024-09_to_2024-12,2024-09,2024-12,MicroShift,301,5,0.016611
JIRA,jira,project,2024-09_to_2024-12,2024-09,2024-12,Migration Platform,129,19,0.147287
JIRA,jira,project,2024-09_to_2024-12,2024-09,2024-12,Migration Toolkit for Applications,382,106,0.277487
JIRA,jira,project,2024-09_to_2024-12,2024-09,2024-12,Migration Toolkit for Virtualization,324,61,0.188272
JIRA,jira,project,2024-09_to_2024-12,2024-09,2024-12,ModeShape,13,0,0.000000
JIRA,jira,project,2024-09_to_2024-12,2024-09,2024-12,Modular Service Container,1,0,0.000000
JIRA,jira,project,2024-09_to_2024-12,2024-09,2024-12,MongoDB Database Tools,53,3,0.056604
JIRA,jira,project,2024-09_to_2024-12,2024-09,2024-12,MongoDB Shell,87,8,0.091954
JIRA,jira,project,2024-09_to_2024-12,2024-09,2024-12,MongoDB for IntelliJ Plugin,96,2,0.020833
JIRA,jira,project,2024-09_to_2024-12,2024-09,2024-12,Mongoid,21,5,0.238095
JIRA,jira,project,2024-09_to_2024-12,2024-09,2024-12,Motor,56,3,0.053571
JIRA,jira,project,2024-09_to_2024-12,2024-09,2024-12,Multiple Architecture Enablement,89,1,0.011236
JIRA,jira,project,2024-09_to_2024-12,2024-09,2024-12,MyFaces Core,25,10,0.400000
JIRA,jira,project,2024-09_to_2024-12,2024-09,2024-12,MyFaces Tobago,34,0,0.000000
JIRA,jira,project,2024-09_to_2024-12,2024-09,2024-12,Neethi,1,0,0.000000
JIRA,jira,project,2024-09_to_2024-12,2024-09,2024-12,Network Edge,112,0,0.000000
JIRA,jira,project,2024-09_to_2024-12,2024-09,2024-12,Network Hardware Enablement,40,1,0.025000
JIRA,jira,project,2024-09_to_2024-12,2024-09,2024-12,Network Observability,170,17,0.100000
JIRA,jira,project,2024-09_to_2024-12,2024-09,2024-12,NiFi Improvement Proposal,4,0,0.000000
JIRA,jira,project,2024-09_to_2024-12,2024-09,2024-12,Node.js Driver,270,12,0.044444
JIRA,jira,project,2024-09_to_2024-12,2024-09,2024-12,Nutch,37,16,0.432432
JIRA,jira,project,2024-09_to_2024-12,2024-09,2024-12,OCMUI ,548,16,0.029197
JIRA,jira,project,2024-09_to_2024-12,2024-09,2024-12,OCP Technical Release Team,120,5,0.041667
JIRA,jira,project,2024-09_to_2024-12,2024-09,2024-12,ODATA,4,0,0.000000
JIRA,jira,project,2024-09_to_2024-12,2024-09,2024-12,OFBiz,65,16,0.246154
JIRA,jira,project,2024-09_to_2024-12,2024-09,2024-12,OPCT ,4,1,0.250000
JIRA,jira,project,2024-09_to_2024-12,2024-09,2024-12,ORC,55,1,0.018182
JIRA,jira,project,2024-09_to_2024-12,2024-09,2024-12,Observability Documentation,228,5,0.021930
JIRA,jira,project,2024-09_to_2024-12,2024-09,2024-12,Observability UI,77,2,0.025974
JIRA,jira,project,2024-09_to_2024-12,2024-09,2024-12,Observability and Data Analysis Program,114,2,0.017544
JIRA,jira,project,2024-09_to_2024-12,2024-09,2024-12,Olingo,3,0,0.000000
JIRA,jira,project,2024-09_to_2024-12,2024-09,2024-12,On Prem Networking,51,3,0.058824
JIRA,jira,project,2024-09_to_2024-12,2024-09,2024-12,Oozie (Retired),3,2,0.666667
JIRA,jira,project,2024-09_to_2024-12,2024-09,2024-12,Open Education IIIT Bangalore,22,0,0.000000
JIRA,jira,project,2024-09_to_2024-12,2024-09,2024-12,OpenJDK,67,1,0.014925
JIRA,jira,project,2024-09_to_2024-12,2024-09,2024-12,OpenJPA,5,2,0.400000
JIRA,jira,project,2024-09_to_2024-12,2024-09,2024-12,OpenNLP,81,2,0.024691
JIRA,jira,project,2024-09_to_2024-12,2024-09,2024-12,OpenShift API Server,40,1,0.025000
JIRA,jira,project,2024-09_to_2024-12,2024-09,2024-12,OpenShift API for Data Protection,512,106,0.207031
JIRA,jira,project,2024-09_to_2024-12,2024-09,2024-12,OpenShift Application Platform Engineering,27,1,0.037037
JIRA,jira,project,2024-09_to_2024-12,2024-09,2024-12,OpenShift Authentication,17,1,0.058824
JIRA,jira,project,2024-09_to_2024-12,2024-09,2024-12,OpenShift Autoscaling,34,1,0.029412
JIRA,jira,project,2024-09_to_2024-12,2024-09,2024-12,OpenShift Bugs,3561,1303,0.365908
JIRA,jira,project,2024-09_to_2024-12,2024-09,2024-12,OpenShift BuildConfig,6,0,0.000000
JIRA,jira,project,2024-09_to_2024-12,2024-09,2024-12,OpenShift Builds,87,8,0.091954
JIRA,jira,project,2024-09_to_2024-12,2024-09,2024-12,OpenShift CFE,22,0,0.000000
JIRA,jira,project,2024-09_to_2024-12,2024-09,2024-12,OpenShift Cloud,120,19,0.158333
JIRA,jira,project,2024-09_to_2024-12,2024-09,2024-12,OpenShift Cloud Credential Operator,28,3,0.107143
JIRA,jira,project,2024-09_to_2024-12,2024-09,2024-12,OpenShift Console,138,0,0.000000
JIRA,jira,project,2024-09_to_2024-12,2024-09,2024-12,OpenShift Container Platform (OCP) Strategy,197,1,0.005076
JIRA,jira,project,2024-09_to_2024-12,2024-09,2024-12,OpenShift Core Networking,332,4,0.012048
JIRA,jira,project,2024-09_to_2024-12,2024-09,2024-12,OpenShift Data Foundation Request For Enhancement,2,0,0.000000
JIRA,jira,project,2024-09_to_2024-12,2024-09,2024-12,OpenShift Edge,21,0,0.000000
JIRA,jira,project,2024-09_to_2024-12,2024-09,2024-12,OpenShift Etcd,38,1,0.026316
JIRA,jira,project,2024-09_to_2024-12,2024-09,2024-12,OpenShift GitOps,395,40,0.101266
JIRA,jira,project,2024-09_to_2024-12,2024-09,2024-12,OpenShift Hive,91,8,0.087912
JIRA,jira,project,2024-09_to_2024-12,2024-09,2024-12,OpenShift Hosted Control Plane,101,1,0.009901
JIRA,jira,project,2024-09_to_2024-12,2024-09,2024-12,OpenShift Image Registry,18,0,0.000000
JIRA,jira,project,2024-09_to_2024-12,2024-09,2024-12,OpenShift Installer,130,2,0.015385
JIRA,jira,project,2024-09_to_2024-12,2024-09,2024-12,OpenShift Jenkins,11,3,0.272727
JIRA,jira,project,2024-09_to_2024-12,2024-09,2024-12,OpenShift Kueue,15,0,0.000000
JIRA,jira,project,2024-09_to_2024-12,2024-09,2024-12,OpenShift Logging,348,45,0.129310
JIRA,jira,project,2024-09_to_2024-12,2024-09,2024-12,OpenShift Migration Toolkit for Containers,23,2,0.086957
JIRA,jira,project,2024-09_to_2024-12,2024-09,2024-12,OpenShift Monitoring,94,1,0.010638
JIRA,jira,project,2024-09_to_2024-12,2024-09,2024-12,OpenShift Node,185,0,0.000000
JIRA,jira,project,2024-09_to_2024-12,2024-09,2024-12,OpenShift Over the Air,58,2,0.034483
JIRA,jira,project,2024-09_to_2024-12,2024-09,2024-12,OpenShift Pipelines,382,20,0.052356
JIRA,jira,project,2024-09_to_2024-12,2024-09,2024-12,OpenShift Pod Autoscaling,18,3,0.166667
JIRA,jira,project,2024-09_to_2024-12,2024-09,2024-12,OpenShift Request For Enhancement,376,5,0.013298
JIRA,jira,project,2024-09_to_2024-12,2024-09,2024-12,OpenShift Service Mesh,447,33,0.073826
JIRA,jira,project,2024-09_to_2024-12,2024-09,2024-12,OpenShift Specialist Platform Team,154,6,0.038961
JIRA,jira,project,2024-09_to_2024-12,2024-09,2024-12,OpenShift Storage,109,1,0.009174
JIRA,jira,project,2024-09_to_2024-12,2024-09,2024-12,OpenShift Virtualization,4575,160,0.034973
JIRA,jira,project,2024-09_to_2024-12,2024-09,2024-12,OpenShift Windows Containers,20,2,0.100000
JIRA,jira,project,2024-09_to_2024-12,2024-09,2024-12,OpenShift Workloads,46,3,0.065217
JIRA,jira,project,2024-09_to_2024-12,2024-09,2024-12,OpenStack Strategy,12,0,0.000000
JIRA,jira,project,2024-09_to_2024-12,2024-09,2024-12,OpenStack as Infra,97,1,0.010309
JIRA,jira,project,2024-09_to_2024-12,2024-09,2024-12,OpenWebBeans,5,0,0.000000
JIRA,jira,project,2024-09_to_2024-12,2024-09,2024-12,Openmeetings,3,0,0.000000
JIRA,jira,project,2024-09_to_2024-12,2024-09,2024-12,Openshift sandboxed containers,188,9,0.047872
JIRA,jira,project,2024-09_to_2024-12,2024-09,2024-12,Operator Ecosystem,1,0,0.000000
JIRA,jira,project,2024-09_to_2024-12,2024-09,2024-12,Operator Runtime,126,0,0.000000
JIRA,jira,project,2024-09_to_2024-12,2024-09,2024-12,Opsgenie,144,2,0.013889
JIRA,jira,project,2024-09_to_2024-12,2024-09,2024-12,Origin Community Distribution of Kubernetes,5,2,0.400000
JIRA,jira,project,2024-09_to_2024-12,2024-09,2024-12,PDFBox,57,14,0.245614
JIRA,jira,project,2024-09_to_2024-12,2024-09,2024-12,PHP Driver: Extension,56,3,0.053571
JIRA,jira,project,2024-09_to_2024-12,2024-09,2024-12,PHP Driver: Library,95,0,0.000000
JIRA,jira,project,2024-09_to_2024-12,2024-09,2024-12,PHP ORMs,43,0,0.000000
JIRA,jira,project,2024-09_to_2024-12,2024-09,2024-12,Performance and Scale for AI Platforms,31,2,0.064516
JIRA,jira,project,2024-09_to_2024-12,2024-09,2024-12,Phoenix,96,16,0.166667
JIRA,jira,project,2024-09_to_2024-12,2024-09,2024-12,Phoenix Omid,6,1,0.166667
JIRA,jira,project,2024-09_to_2024-12,2024-09,2024-12,Pig,5,1,0.200000
JIRA,jira,project,2024-09_to_2024-12,2024-09,2024-12,Podling Suitable Names Search,7,0,0.000000
JIRA,jira,project,2024-09_to_2024-12,2024-09,2024-12,Product Technical Learning,342,23,0.067251
JIRA,jira,project,2024-09_to_2024-12,2024-09,2024-12,Proforma Server & Data Centre,21,0,0.000000
JIRA,jira,project,2024-09_to_2024-12,2024-09,2024-12,Project Quay,241,48,0.199170
JIRA,jira,project,2024-09_to_2024-12,2024-09,2024-12,Python Driver,257,58,0.225681
JIRA,jira,project,2024-09_to_2024-12,2024-09,2024-12,Python Integrations,124,12,0.096774
JIRA,jira,project,2024-09_to_2024-12,2024-09,2024-12,"Qbs (""Cubes"")",20,9,0.450000
JIRA,jira,project,2024-09_to_2024-12,2024-09,2024-12,Qpid,4,2,0.500000
JIRA,jira,project,2024-09_to_2024-12,2024-09,2024-12,Qpid Dispatch,6,3,0.500000
JIRA,jira,project,2024-09_to_2024-12,2024-09,2024-12,Qpid JMS,3,0,0.000000
JIRA,jira,project,2024-09_to_2024-12,2024-09,2024-12,Qpid Proton,19,0,0.000000
JIRA,jira,project,2024-09_to_2024-12,2024-09,2024-12,Qt,3048,757,0.248360
JIRA,jira,project,2024-09_to_2024-12,2024-09,2024-12,Qt Creator,619,109,0.176090
JIRA,jira,project,2024-09_to_2024-12,2024-09,2024-12,Qt Design Studio,731,24,0.032832
JIRA,jira,project,2024-09_to_2024-12,2024-09,2024-12,Qt Installer Framework,143,7,0.048951
JIRA,jira,project,2024-09_to_2024-12,2024-09,2024-12,Qt Project Website,24,1,0.041667
JIRA,jira,project,2024-09_to_2024-12,2024-09,2024-12,Qt Quality Assurance Infrastructure,214,26,0.121495
JIRA,jira,project,2024-09_to_2024-12,2024-09,2024-12,Qt Tools for Android,91,12,0.131868
JIRA,jira,project,2024-09_to_2024-12,2024-09,2024-12,Qt Visual Studio Tools,67,19,0.283582
JIRA,jira,project,2024-09_to_2024-12,2024-09,2024-12,Qt WebBrowser,1,0,0.000000
JIRA,jira,project,2024-09_to_2024-12,2024-09,2024-12,Qt for Python,120,45,0.375000
JIRA,jira,project,2024-09_to_2024-12,2024-09,2024-12,Quarkus,281,30,0.106762
JIRA,jira,project,2024-09_to_2024-12,2024-09,2024-12,Quarkus Documentation,131,1,0.007634
JIRA,jira,project,2024-09_to_2024-12,2024-09,2024-12,RDO Project,88,5,0.056818
JIRA,jira,project,2024-09_to_2024-12,2024-09,2024-12,RESTEasy,35,1,0.028571
JIRA,jira,project,2024-09_to_2024-12,2024-09,2024-12,RH,6,1,0.166667
JIRA,jira,project,2024-09_to_2024-12,2024-09,2024-12,RH Developer Hub Planning,88,0,0.000000
JIRA,jira,project,2024-09_to_2024-12,2024-09,2024-12,RHEL,2695,917,0.340260
JIRA,jira,project,2024-09_to_2024-12,2024-09,2024-12,RHEL Conversions,31,9,0.290323
JIRA,jira,project,2024-09_to_2024-12,2024-09,2024-12,RHEL Documentation,63,8,0.126984
JIRA,jira,project,2024-09_to_2024-12,2024-09,2024-12,RHEL Performance,1,0,0.000000
JIRA,jira,project,2024-09_to_2024-12,2024-09,2024-12,RHEL Testing,289,241,0.833910
JIRA,jira,project,2024-09_to_2024-12,2024-09,2024-12,RHEL in Cloud,12,0,0.000000
JIRA,jira,project,2024-09_to_2024-12,2024-09,2024-12,RHOS Request for Features,6,1,0.166667
JIRA,jira,project,2024-09_to_2024-12,2024-09,2024-12,RHTAP UI,11,0,0.000000
JIRA,jira,project,2024-09_to_2024-12,2024-09,2024-12,Ranger,159,25,0.157233
JIRA,jira,project,2024-09_to_2024-12,2024-09,2024-12,Ratis,84,18,0.214286
JIRA,jira,project,2024-09_to_2024-12,2024-09,2024-12,Red Hat 3scale API Management,121,9,0.074380
JIRA,jira,project,2024-09_to_2024-12,2024-09,2024-12,Red Hat Advanced Cluster Management,1289,82,0.063615
JIRA,jira,project,2024-09_to_2024-12,2024-09,2024-12,Red Hat Advanced Cluster Security,16,0,0.000000
JIRA,jira,project,2024-09_to_2024-12,2024-09,2024-12,Red Hat Build of Apache Camel for Quarkus,57,0,0.000000
JIRA,jira,project,2024-09_to_2024-12,2024-09,2024-12,Red Hat Data Grid,124,7,0.056452
JIRA,jira,project,2024-09_to_2024-12,2024-09,2024-12,Red Hat Decision Manager,1,0,0.000000
JIRA,jira,project,2024-09_to_2024-12,2024-09,2024-12,Red Hat Developer Hub Bugs,311,49,0.157556
JIRA,jira,project,2024-09_to_2024-12,2024-09,2024-12,Red Hat Directory Server,40,11,0.275000
JIRA,jira,project,2024-09_to_2024-12,2024-09,2024-12,Red Hat Enterprise Linux AI,351,55,0.156695
JIRA,jira,project,2024-09_to_2024-12,2024-09,2024-12,Red Hat Fuse,1,0,0.000000
JIRA,jira,project,2024-09_to_2024-12,2024-09,2024-12,Red Hat Insights Engineering,26,2,0.076923
JIRA,jira,project,2024-09_to_2024-12,2024-09,2024-12,Red Hat Insights Strategy,7,0,0.000000
JIRA,jira,project,2024-09_to_2024-12,2024-09,2024-12,Red Hat Internal Developer Platform,996,24,0.024096
JIRA,jira,project,2024-09_to_2024-12,2024-09,2024-12,Red Hat OpenShift Control Planes,6,0,0.000000
JIRA,jira,project,2024-09_to_2024-12,2024-09,2024-12,Red Hat OpenShift Data Science,1,0,0.000000
JIRA,jira,project,2024-09_to_2024-12,2024-09,2024-12,Red Hat OpenShift Dev Spaces (formerly CodeReady Workspaces),136,17,0.125000
JIRA,jira,project,2024-09_to_2024-12,2024-09,2024-12,Red Hat OpenStack Services on OpenShift,1682,199,0.118312
JIRA,jira,project,2024-09_to_2024-12,2024-09,2024-12,Red Hat Process Automation Manager,4,0,0.000000
JIRA,jira,project,2024-09_to_2024-12,2024-09,2024-12,Red Hat Service Interconnect (Skupper),44,2,0.045455
JIRA,jira,project,2024-09_to_2024-12,2024-09,2024-12,Red Hat Workload Availability,7,1,0.142857
JIRA,jira,project,2024-09_to_2024-12,2024-09,2024-12,Red Hat build of Apache Camel,6,0,0.000000
JIRA,jira,project,2024-09_to_2024-12,2024-09,2024-12,Red Hat build of Apache Camel for Spring Boot,150,0,0.000000
JIRA,jira,project,2024-09_to_2024-12,2024-09,2024-12,Red Hat build of Keycloak,126,30,0.238095
JIRA,jira,project,2024-09_to_2024-12,2024-09,2024-12,Rovo,21,2,0.095238
JIRA,jira,project,2024-09_to_2024-12,2024-09,2024-12,Ruby Driver,65,4,0.061538
JIRA,jira,project,2024-09_to_2024-12,2024-09,2024-12,Rust Driver,96,0,0.000000
JIRA,jira,project,2024-09_to_2024-12,2024-09,2024-12,SAML for Atlassian Data Center,2,0,0.000000
JIRA,jira,project,2024-09_to_2024-12,2024-09,2024-12,Sakai,335,49,0.146269
JIRA,jira,project,2024-09_to_2024-12,2024-09,2024-12,Samza,1,0,0.000000
JIRA,jira,project,2024-09_to_2024-12,2024-09,2024-12,Santuario,1,0,0.000000
JIRA,jira,project,2024-09_to_2024-12,2024-09,2024-12,Satellite,1506,192,0.127490
JIRA,jira,project,2024-09_to_2024-12,2024-09,2024-12,Secret Store CSI for Red Hat OpenShift,4,0,0.000000
JIRA,jira,project,2024-09_to_2024-12,2024-09,2024-12,Security Data,21,0,0.000000
JIRA,jira,project,2024-09_to_2024-12,2024-09,2024-12,Server Deployments and Scale,8,2,0.250000
JIRA,jira,project,2024-09_to_2024-12,2024-09,2024-12,Serverless logic,108,4,0.037037
JIRA,jira,project,2024-09_to_2024-12,2024-09,2024-12,ServiceMix,48,0,0.000000
JIRA,jira,project,2024-09_to_2024-12,2024-09,2024-12,ShrinkWrap,2,0,0.000000
JIRA,jira,project,2024-09_to_2024-12,2024-09,2024-12,ShrinkWrap Resolvers,5,0,0.000000
JIRA,jira,project,2024-09_to_2024-12,2024-09,2024-12,Sidecar for Apache Cassandra,39,2,0.051282
JIRA,jira,project,2024-09_to_2024-12,2024-09,2024-12,Sling,180,10,0.055556
JIRA,jira,project,2024-09_to_2024-12,2024-09,2024-12,Solr,175,27,0.154286
JIRA,jira,project,2024-09_to_2024-12,2024-09,2024-12,Sourcetree For Mac,26,4,0.153846
JIRA,jira,project,2024-09_to_2024-12,2024-09,2024-12,Sourcetree for Windows,34,4,0.117647
JIRA,jira,project,2024-09_to_2024-12,2024-09,2024-12,Spark,1227,77,0.062755
JIRA,jira,project,2024-09_to_2024-12,2024-09,2024-12,Spark Connector,3,0,0.000000
JIRA,jira,project,2024-09_to_2024-12,2024-09,2024-12,Spatial Information Systems,3,0,0.000000
JIRA,jira,project,2024-09_to_2024-12,2024-09,2024-12,Statuspage,28,2,0.071429
JIRA,jira,project,2024-09_to_2024-12,2024-09,2024-12,Streams (Retired) (Retired),1,0,0.000000
JIRA,jira,project,2024-09_to_2024-12,2024-09,2024-12,Streams for Apache Kafka Console,38,0,0.000000
JIRA,jira,project,2024-09_to_2024-12,2024-09,2024-12,Struts 2,49,6,0.122449
JIRA,jira,project,2024-09_to_2024-12,2024-09,2024-12,Subscription Watch,151,10,0.066225
JIRA,jira,project,2024-09_to_2024-12,2024-09,2024-12,Syncope,23,3,0.130435
JIRA,jira,project,2024-09_to_2024-12,2024-09,2024-12,SystemDS,71,4,0.056338
JIRA,jira,project,2024-09_to_2024-12,2024-09,2024-12,TEST Defect Tracking Project,23,6,0.260870
JIRA,jira,project,2024-09_to_2024-12,2024-09,2024-12,TOREE,4,0,0.000000
JIRA,jira,project,2024-09_to_2024-12,2024-09,2024-12,TRELLO,258,7,0.027132
JIRA,jira,project,2024-09_to_2024-12,2024-09,2024-12,Tapestry 5,13,8,0.615385
JIRA,jira,project,2024-09_to_2024-12,2024-09,2024-12,Thrift,28,3,0.107143
JIRA,jira,project,2024-09_to_2024-12,2024-09,2024-12,Tika,60,7,0.116667
JIRA,jira,project,2024-09_to_2024-12,2024-09,2024-12,TinkerPop,14,5,0.357143
JIRA,jira,project,2024-09_to_2024-12,2024-09,2024-12,TomEE,50,3,0.060000
JIRA,jira,project,2024-09_to_2024-12,2024-09,2024-12,Tools (JBoss Tools),8,0,0.000000
JIRA,jira,project,2024-09_to_2024-12,2024-09,2024-12,Torque,2,0,0.000000
JIRA,jira,project,2024-09_to_2024-12,2024-09,2024-12,Undertow,82,4,0.048780
JIRA,jira,project,2024-09_to_2024-12,2024-09,2024-12,VS Code Extension,96,5,0.052083
JIRA,jira,project,2024-09_to_2024-12,2024-09,2024-12,Velocity,5,1,0.200000
JIRA,jira,project,2024-09_to_2024-12,2024-09,2024-12,Velocity Tools,1,0,0.000000
JIRA,jira,project,2024-09_to_2024-12,2024-09,2024-12,Virtualization Strategy,95,0,0.000000
JIRA,jira,project,2024-09_to_2024-12,2024-09,2024-12,Visual Design,19,0,0.000000
JIRA,jira,project,2024-09_to_2024-12,2024-09,2024-12,Visual Studio,2,0,0.000000
JIRA,jira,project,2024-09_to_2024-12,2024-09,2024-12,WINDUP ,3,0,0.000000
JIRA,jira,project,2024-09_to_2024-12,2024-09,2024-12,WINDUPRULE ,2,0,0.000000
JIRA,jira,project,2024-09_to_2024-12,2024-09,2024-12,WSS4J,2,1,0.500000
JIRA,jira,project,2024-09_to_2024-12,2024-09,2024-12,Web Terminal for OpenShift,12,2,0.166667
JIRA,jira,project,2024-09_to_2024-12,2024-09,2024-12,Weld,9,3,0.333333
JIRA,jira,project,2024-09_to_2024-12,2024-09,2024-12,Whimsy,4,1,0.250000
JIRA,jira,project,2024-09_to_2024-12,2024-09,2024-12,Wicket,16,5,0.312500
JIRA,jira,project,2024-09_to_2024-12,2024-09,2024-12,WildFly,485,46,0.094845
JIRA,jira,project,2024-09_to_2024-12,2024-09,2024-12,WildFly Arquillian,11,0,0.000000
JIRA,jira,project,2024-09_to_2024-12,2024-09,2024-12,WildFly Core,134,4,0.029851
JIRA,jira,project,2024-09_to_2024-12,2024-09,2024-12,WildFly EJB HTTP Client,5,0,0.000000
JIRA,jira,project,2024-09_to_2024-12,2024-09,2024-12,WildFly Elytron,70,3,0.042857
JIRA,jira,project,2024-09_to_2024-12,2024-09,2024-12,WildFly Elytron EE,14,0,0.000000
JIRA,jira,project,2024-09_to_2024-12,2024-09,2024-12,WildFly Maven Plugin,19,3,0.157895
JIRA,jira,project,2024-09_to_2024-12,2024-09,2024-12,WildFly WIP,8,1,0.125000
JIRA,jira,project,2024-09_to_2024-12,2024-09,2024-12,WiredTiger,454,80,0.176211
JIRA,jira,project,2024-09_to_2024-12,2024-09,2024-12,XBean,1,0,0.000000
JIRA,jira,project,2024-09_to_2024-12,2024-09,2024-12,XML Commons,3,1,0.333333
JIRA,jira,project,2024-09_to_2024-12,2024-09,2024-12,XMLBeans,3,0,0.000000
JIRA,jira,project,2024-09_to_2024-12,2024-09,2024-12,XMLGraphicsCommons,3,1,0.333333
JIRA,jira,project,2024-09_to_2024-12,2024-09,2024-12,XNIO,6,1,0.166667
JIRA,jira,project,2024-09_to_2024-12,2024-09,2024-12,Xerces,6,1,0.166667
JIRA,jira,project,2024-09_to_2024-12,2024-09,2024-12,Xerces2,3,1,0.333333
JIRA,jira,project,2024-09_to_2024-12,2024-09,2024-12,Yetus,5,1,0.200000
JIRA,jira,project,2024-09_to_2024-12,2024-09,2024-12,Zeppelin,88,9,0.102273
JIRA,jira,project,2024-09_to_2024-12,2024-09,2024-12,ZooKeeper,37,7,0.189189
JIRA,jira,project,2024-09_to_2024-12,2024-09,2024-12,anaconda installer,62,5,0.080645
JIRA,jira,project,2024-09_to_2024-12,2024-09,2024-12,jBPM,4,0,0.000000
JIRA,jira,project,2024-09_to_2024-12,2024-09,2024-12,jclouds (Retired) (Retired),5,1,0.200000
JIRA,jira,project,2024-09_to_2024-12,2024-09,2024-12,mod_cluster,17,1,0.058824
JIRA,jira,project,2024-09_to_2024-12,2024-09,2024-12,repository.jboss.org/nexus,22,0,0.000000
JIRA,jira,project,2025-01_to_2025-04,2025-01,2025-04,AI Platform Core Components,700,39,0.055714
JIRA,jira,project,2025-01_to_2025-04,2025-01,2025-04,AMQ Broker,105,9,0.085714
JIRA,jira,project,2025-01_to_2025-04,2025-01,2025-04,AMQ Clients,2,0,0.000000
JIRA,jira,project,2025-01_to_2025-04,2025-01,2025-04,AMQ Streams,86,7,0.081395
JIRA,jira,project,2025-01_to_2025-04,2025-01,2025-04,AMQ Streams Flink,9,0,0.000000
JIRA,jira,project,2025-01_to_2025-04,2025-01,2025-04,AMQ Streams Kafka Proxy,8,1,0.125000
JIRA,jira,project,2025-01_to_2025-04,2025-01,2025-04,ActiveMQ (Read,57,9,0.157895
JIRA,jira,project,2025-01_to_2025-04,2025-01,2025-04,ActiveMQ .Net,2,0,0.000000
JIRA,jira,project,2025-01_to_2025-04,2025-01,2025-04,ActiveMQ C++ Client,4,0,0.000000
JIRA,jira,project,2025-01_to_2025-04,2025-01,2025-04,ActiveMQ OpenWire,1,0,0.000000
JIRA,jira,project,2025-01_to_2025-04,2025-01,2025-04,ActiveMQ Website,2,0,0.000000
JIRA,jira,project,2025-01_to_2025-04,2025-01,2025-04,ActiveObjects,278,0,0.000000
JIRA,jira,project,2025-01_to_2025-04,2025-01,2025-04,Admin Experience,118,5,0.042373
JIRA,jira,project,2025-01_to_2025-04,2025-01,2025-04,AeroGear,1,0,0.000000
JIRA,jira,project,2025-01_to_2025-04,2025-01,2025-04,Aesh,2,0,0.000000
JIRA,jira,project,2025-01_to_2025-04,2025-01,2025-04,Agent,125,3,0.024000
JIRA,jira,project,2025-01_to_2025-04,2025-01,2025-04,Agroal,10,0,0.000000
JIRA,jira,project,2025-01_to_2025-04,2025-01,2025-04,Airavata,18,0,0.000000
JIRA,jira,project,2025-01_to_2025-04,2025-01,2025-04,Ambari,222,23,0.103604
JIRA,jira,project,2025-01_to_2025-04,2025-01,2025-04,Analytics,64,1,0.015625
JIRA,jira,project,2025-01_to_2025-04,2025-01,2025-04,Ansible Automation Platform RFEs,219,0,0.000000
JIRA,jira,project,2025-01_to_2025-04,2025-01,2025-04,Apache AsterixDB,64,5,0.078125
JIRA,jira,project,2025-01_to_2025-04,2025-01,2025-04,Apache Avro,27,2,0.074074
JIRA,jira,project,2025-01_to_2025-04,2025-01,2025-04,Apache Cassandra,430,133,0.309302
JIRA,jira,project,2025-01_to_2025-04,2025-01,2025-04,Apache Cassandra Analytics,40,2,0.050000
JIRA,jira,project,2025-01_to_2025-04,2025-01,2025-04,Apache Cassandra Go driver,23,0,0.000000
JIRA,jira,project,2025-01_to_2025-04,2025-01,2025-04,Apache Cassandra Java driver,31,4,0.129032
JIRA,jira,project,2025-01_to_2025-04,2025-01,2025-04,Apache Cassandra Python driver,1,0,0.000000
JIRA,jira,project,2025-01_to_2025-04,2025-01,2025-04,Apache Celeborn,175,10,0.057143
JIRA,jira,project,2025-01_to_2025-04,2025-01,2025-04,Apache Commons All,2,0,0.000000
JIRA,jira,project,2025-01_to_2025-04,2025-01,2025-04,Apache Curator,2,1,0.500000
JIRA,jira,project,2025-01_to_2025-04,2025-01,2025-04,Apache Drill,7,0,0.000000
JIRA,jira,project,2025-01_to_2025-04,2025-01,2025-04,Apache Dubbo,6,0,0.000000
JIRA,jira,project,2025-01_to_2025-04,2025-01,2025-04,Apache Fineract,107,4,0.037383
JIRA,jira,project,2025-01_to_2025-04,2025-01,2025-04,Apache Flex,1,0,0.000000
JIRA,jira,project,2025-01_to_2025-04,2025-01,2025-04,Apache Freemarker,4,2,0.500000
JIRA,jira,project,2025-01_to_2025-04,2025-01,2025-04,Apache Gobblin,21,0,0.000000
JIRA,jira,project,2025-01_to_2025-04,2025-01,2025-04,Apache Hudi,554,37,0.066787
JIRA,jira,project,2025-01_to_2025-04,2025-01,2025-04,Apache IoTDB,1,0,0.000000
JIRA,jira,project,2025-01_to_2025-04,2025-01,2025-04,Apache Knox,62,0,0.000000
JIRA,jira,project,2025-01_to_2025-04,2025-01,2025-04,Apache MADlib,1,0,0.000000
JIRA,jira,project,2025-01_to_2025-04,2025-01,2025-04,Apache ManifoldCF SDK,1,0,0.000000
JIRA,jira,project,2025-01_to_2025-04,2025-01,2025-04,Apache Nemo (Retired),1,0,0.000000
JIRA,jira,project,2025-01_to_2025-04,2025-01,2025-04,Apache NetBeans Infra,1,0,0.000000
JIRA,jira,project,2025-01_to_2025-04,2025-01,2025-04,Apache NiFi,381,66,0.173228
JIRA,jira,project,2025-01_to_2025-04,2025-01,2025-04,Apache NiFi MiNiFi C++,58,0,0.000000
JIRA,jira,project,2025-01_to_2025-04,2025-01,2025-04,Apache NuttX,3,0,0.000000
JIRA,jira,project,2025-01_to_2025-04,2025-01,2025-04,Apache Otava (incubating),1,0,0.000000
JIRA,jira,project,2025-01_to_2025-04,2025-01,2025-04,Apache Ozone,942,56,0.059448
JIRA,jira,project,2025-01_to_2025-04,2025-01,2025-04,Apache Pinot,1,0,0.000000
JIRA,jira,project,2025-01_to_2025-04,2025-01,2025-04,Apache RAT,3,1,0.333333
JIRA,jira,project,2025-01_to_2025-04,2025-01,2025-04,Apache SCIMple,1,0,0.000000
JIRA,jira,project,2025-01_to_2025-04,2025-01,2025-04,Apache Science Data Analytics Platform,4,0,0.000000
JIRA,jira,project,2025-01_to_2025-04,2025-01,2025-04,Apache Sedona,44,0,0.000000
JIRA,jira,project,2025-01_to_2025-04,2025-01,2025-04,Apache ServiceComb,3,0,0.000000
JIRA,jira,project,2025-01_to_2025-04,2025-01,2025-04,Apache Storm,12,3,0.250000
JIRA,jira,project,2025-01_to_2025-04,2025-01,2025-04,Apache Tentacles,1,0,0.000000
JIRA,jira,project,2025-01_to_2025-04,2025-01,2025-04,Apache Tez,28,9,0.321429
JIRA,jira,project,2025-01_to_2025-04,2025-01,2025-04,Apache Unomi,26,0,0.000000
JIRA,jira,project,2025-01_to_2025-04,2025-01,2025-04,Apache Wayang,2,0,0.000000
JIRA,jira,project,2025-01_to_2025-04,2025-01,2025-04,Apache Whisker,1,0,0.000000
JIRA,jira,project,2025-01_to_2025-04,2025-01,2025-04,Apache YuniKorn,67,3,0.044776
JIRA,jira,project,2025-01_to_2025-04,2025-01,2025-04,Aries,15,0,0.000000
JIRA,jira,project,2025-01_to_2025-04,2025-01,2025-04,Artemis,229,18,0.078603
JIRA,jira,project,2025-01_to_2025-04,2025-01,2025-04,Atlas,158,8,0.050633
JIRA,jira,project,2025-01_to_2025-04,2025-01,2025-04,Atlas SQL,16,0,0.000000
JIRA,jira,project,2025-01_to_2025-04,2025-01,2025-04,Atlassian Browser DevTools,4,0,0.000000
JIRA,jira,project,2025-01_to_2025-04,2025-01,2025-04,Atlassian Cloud,139,5,0.035971
JIRA,jira,project,2025-01_to_2025-04,2025-01,2025-04,Atlassian Connect Spring Boot,1,0,0.000000
JIRA,jira,project,2025-01_to_2025-04,2025-01,2025-04,Atlassian Ecosystem,179,10,0.055866
JIRA,jira,project,2025-01_to_2025-04,2025-01,2025-04,Atlassian Guard,90,2,0.022222
JIRA,jira,project,2025-01_to_2025-04,2025-01,2025-04,Atlassian Intelligence,41,1,0.024390
JIRA,jira,project,2025-01_to_2025-04,2025-01,2025-04,Atlassian Internationalization,42,0,0.000000
JIRA,jira,project,2025-01_to_2025-04,2025-01,2025-04,Atlassian Marketplace,62,3,0.048387
JIRA,jira,project,2025-01_to_2025-04,2025-01,2025-04,Atlassian Maven Plugin Suite,16,1,0.062500
JIRA,jira,project,2025-01_to_2025-04,2025-01,2025-04,Atlassian OAuth 2.0,2,0,0.000000
JIRA,jira,project,2025-01_to_2025-04,2025-01,2025-04,Atlassian Plugins,2,0,0.000000
JIRA,jira,project,2025-01_to_2025-04,2025-01,2025-04,Atlassian Plugins TestRunner,1,0,0.000000
JIRA,jira,project,2025-01_to_2025-04,2025-01,2025-04,Atlassian Plugins Webresources,1,0,0.000000
JIRA,jira,project,2025-01_to_2025-04,2025-01,2025-04,Atlassian Product Integrations,18,0,0.000000
JIRA,jira,project,2025-01_to_2025-04,2025-01,2025-04,Atlassian Soy Templates,1,0,0.000000
JIRA,jira,project,2025-01_to_2025-04,2025-01,2025-04,Atlassian Threadlocal,1,0,0.000000
JIRA,jira,project,2025-01_to_2025-04,2025-01,2025-04,Atlassian Troubleshooting & Support Tools Plugin,6,0,0.000000
JIRA,jira,project,2025-01_to_2025-04,2025-01,2025-04,Atlassian User Interface,14,0,0.000000
JIRA,jira,project,2025-01_to_2025-04,2025-01,2025-04,Attic,15,1,0.066667
JIRA,jira,project,2025-01_to_2025-04,2025-01,2025-04,Automation for Cloud,140,3,0.021429
JIRA,jira,project,2025-01_to_2025-04,2025-01,2025-04,Automation for Jira Server,33,1,0.030303
JIRA,jira,project,2025-01_to_2025-04,2025-01,2025-04,Axiom,1,0,0.000000
JIRA,jira,project,2025-01_to_2025-04,2025-01,2025-04,Axis2,16,4,0.250000
JIRA,jira,project,2025-01_to_2025-04,2025-01,2025-04,BVal,2,0,0.000000
JIRA,jira,project,2025-01_to_2025-04,2025-01,2025-04,Bamboo Data Center,92,9,0.097826
JIRA,jira,project,2025-01_to_2025-04,2025-01,2025-04,Batik,5,0,0.000000
JIRA,jira,project,2025-01_to_2025-04,2025-01,2025-04,Bigtop,100,1,0.010000
JIRA,jira,project,2025-01_to_2025-04,2025-01,2025-04,Bitbucket Cloud,151,0,0.000000
JIRA,jira,project,2025-01_to_2025-04,2025-01,2025-04,Bitbucket Data Center,244,7,0.028689
JIRA,jira,project,2025-01_to_2025-04,2025-01,2025-04,Brooklyn,2,0,0.000000
JIRA,jira,project,2025-01_to_2025-04,2025-01,2025-04,Byteman,1,0,0.000000
JIRA,jira,project,2025-01_to_2025-04,2025-01,2025-04,C Driver,150,5,0.033333
JIRA,jira,project,2025-01_to_2025-04,2025-01,2025-04,C# Driver,127,13,0.102362
JIRA,jira,project,2025-01_to_2025-04,2025-01,2025-04,C++ Driver,70,3,0.042857
JIRA,jira,project,2025-01_to_2025-04,2025-01,2025-04,CCS documentation feedback,2,0,0.000000
JIRA,jira,project,2025-01_to_2025-04,2025-01,2025-04,CKI Project,2,0,0.000000
JIRA,jira,project,2025-01_to_2025-04,2025-01,2025-04,CPE Infrastructure,840,0,0.000000
JIRA,jira,project,2025-01_to_2025-04,2025-01,2025-04,CXF,40,13,0.325000
JIRA,jira,project,2025-01_to_2025-04,2025-01,2025-04,Calcite,238,55,0.231092
JIRA,jira,project,2025-01_to_2025-04,2025-01,2025-04,Camel,468,70,0.149573
JIRA,jira,project,2025-01_to_2025-04,2025-01,2025-04,Causeway,47,4,0.085106
JIRA,jira,project,2025-01_to_2025-04,2025-01,2025-04,Cayenne,12,1,0.083333
JIRA,jira,project,2025-01_to_2025-04,2025-01,2025-04,CentOS Stream Pipeline,101,16,0.158416
JIRA,jira,project,2025-01_to_2025-04,2025-01,2025-04,Cert Manager support for Red Hat OpenShift,30,1,0.033333
JIRA,jira,project,2025-01_to_2025-04,2025-01,2025-04,Certification Partner Experience Public,23,1,0.043478
JIRA,jira,project,2025-01_to_2025-04,2025-01,2025-04,Clair,15,1,0.066667
JIRA,jira,project,2025-01_to_2025-04,2025-01,2025-04,Cloud Enablement,11,0,0.000000
JIRA,jira,project,2025-01_to_2025-04,2025-01,2025-04,Cloud Infrastructure Security & Compliance,201,15,0.074627
JIRA,jira,project,2025-01_to_2025-04,2025-01,2025-04,Cluster Integration and Delivery,70,1,0.014286
JIRA,jira,project,2025-01_to_2025-04,2025-01,2025-04,Cluster Observability Operator,169,16,0.094675
JIRA,jira,project,2025-01_to_2025-04,2025-01,2025-04,Cockpit,57,2,0.035088
JIRA,jira,project,2025-01_to_2025-04,2025-01,2025-04,Cocoon (Retired),1,0,0.000000
JIRA,jira,project,2025-01_to_2025-04,2025-01,2025-04,Coin,20,1,0.050000
JIRA,jira,project,2025-01_to_2025-04,2025-01,2025-04,Comdev GSOC,29,0,0.000000
JIRA,jira,project,2025-01_to_2025-04,2025-01,2025-04,Commerce,15,3,0.200000
JIRA,jira,project,2025-01_to_2025-04,2025-01,2025-04,Commons BCEL,2,2,1.000000
JIRA,jira,project,2025-01_to_2025-04,2025-01,2025-04,Commons BeanUtils,2,0,0.000000
JIRA,jira,project,2025-01_to_2025-04,2025-01,2025-04,Commons CSV,1,0,0.000000
JIRA,jira,project,2025-01_to_2025-04,2025-01,2025-04,Commons Codec,3,0,0.000000
JIRA,jira,project,2025-01_to_2025-04,2025-01,2025-04,Commons Compress,6,1,0.166667
JIRA,jira,project,2025-01_to_2025-04,2025-01,2025-04,Commons Configuration,2,0,0.000000
JIRA,jira,project,2025-01_to_2025-04,2025-01,2025-04,Commons Daemon,3,1,0.333333
JIRA,jira,project,2025-01_to_2025-04,2025-01,2025-04,Commons DbUtils,1,0,0.000000
JIRA,jira,project,2025-01_to_2025-04,2025-01,2025-04,Commons Email,1,0,0.000000
JIRA,jira,project,2025-01_to_2025-04,2025-01,2025-04,Commons FileUpload,1,0,0.000000
JIRA,jira,project,2025-01_to_2025-04,2025-01,2025-04,Commons IO,8,1,0.125000
JIRA,jira,project,2025-01_to_2025-04,2025-01,2025-04,Commons Imaging,1,0,0.000000
JIRA,jira,project,2025-01_to_2025-04,2025-01,2025-04,Commons JCS,1,1,1.000000
JIRA,jira,project,2025-01_to_2025-04,2025-01,2025-04,Commons JEXL,3,1,0.333333
JIRA,jira,project,2025-01_to_2025-04,2025-01,2025-04,Commons JXPath,1,0,0.000000
JIRA,jira,project,2025-01_to_2025-04,2025-01,2025-04,Commons Lang,9,1,0.111111
JIRA,jira,project,2025-01_to_2025-04,2025-01,2025-04,Commons Logging,1,1,1.000000
JIRA,jira,project,2025-01_to_2025-04,2025-01,2025-04,Commons Math,1,0,0.000000
JIRA,jira,project,2025-01_to_2025-04,2025-01,2025-04,Commons Net,1,0,0.000000
JIRA,jira,project,2025-01_to_2025-04,2025-01,2025-04,Commons Numbers,1,0,0.000000
JIRA,jira,project,2025-01_to_2025-04,2025-01,2025-04,Commons Pool,1,0,0.000000
JIRA,jira,project,2025-01_to_2025-04,2025-01,2025-04,Commons Statistics,2,0,0.000000
JIRA,jira,project,2025-01_to_2025-04,2025-01,2025-04,Commons VFS,4,3,0.750000
JIRA,jira,project,2025-01_to_2025-04,2025-01,2025-04,Commons Validator,2,0,0.000000
JIRA,jira,project,2025-01_to_2025-04,2025-01,2025-04,Community Development,2,0,0.000000
JIRA,jira,project,2025-01_to_2025-04,2025-01,2025-04,Compass,534,215,0.402622
JIRA,jira,project,2025-01_to_2025-04,2025-01,2025-04,Confluence Cloud,968,29,0.029959
JIRA,jira,project,2025-01_to_2025-04,2025-01,2025-04,Confluence Data Center,244,30,0.122951
JIRA,jira,project,2025-01_to_2025-04,2025-01,2025-04,Connectivity Link,37,1,0.027027
JIRA,jira,project,2025-01_to_2025-04,2025-01,2025-04,Container Tools,591,55,0.093063
JIRA,jira,project,2025-01_to_2025-04,2025-01,2025-04,Content Gateway,7,0,0.000000
JIRA,jira,project,2025-01_to_2025-04,2025-01,2025-04,Contrib: Clog,8,0,0.000000
JIRA,jira,project,2025-01_to_2025-04,2025-01,2025-04,Core Server,4894,488,0.099714
JIRA,jira,project,2025-01_to_2025-04,2025-01,2025-04,CoreOS OCP,160,17,0.106250
JIRA,jira,project,2025-01_to_2025-04,2025-01,2025-04,Cost Management,20,0,0.000000
JIRA,jira,project,2025-01_to_2025-04,2025-01,2025-04,Crowd Data Center,30,4,0.133333
JIRA,jira,project,2025-01_to_2025-04,2025-01,2025-04,Crucible,4,0,0.000000
JIRA,jira,project,2025-01_to_2025-04,2025-01,2025-04,Daffodil,27,5,0.185185
JIRA,jira,project,2025-01_to_2025-04,2025-01,2025-04,Data Foundation Bugs,73,31,0.424658
JIRA,jira,project,2025-01_to_2025-04,2025-01,2025-04,DataFu,1,0,0.000000
JIRA,jira,project,2025-01_to_2025-04,2025-01,2025-04,Debezium,391,91,0.232737
JIRA,jira,project,2025-01_to_2025-04,2025-01,2025-04,Derby (Retired),4,1,0.250000
JIRA,jira,project,2025-01_to_2025-04,2025-01,2025-04,Directory ApacheDS,3,0,0.000000
JIRA,jira,project,2025-01_to_2025-04,2025-01,2025-04,Directory Client API,2,0,0.000000
JIRA,jira,project,2025-01_to_2025-04,2025-01,2025-04,Directory Kerberos,2,1,0.500000
JIRA,jira,project,2025-01_to_2025-04,2025-01,2025-04,Directory Studio,5,1,0.200000
JIRA,jira,project,2025-01_to_2025-04,2025-01,2025-04,Distributed Tracing,148,13,0.087838
JIRA,jira,project,2025-01_to_2025-04,2025-01,2025-04,Docs for Red Hat Developers,78,1,0.012821
JIRA,jira,project,2025-01_to_2025-04,2025-01,2025-04,Dogtag PKI,1,1,1.000000
JIRA,jira,project,2025-01_to_2025-04,2025-01,2025-04,Drivers,62,9,0.145161
JIRA,jira,project,2025-01_to_2025-04,2025-01,2025-04,Drools,5,0,0.000000
JIRA,jira,project,2025-01_to_2025-04,2025-01,2025-04,EAP Documentation,49,0,0.000000
JIRA,jira,project,2025-01_to_2025-04,2025-01,2025-04,Elytron Web,25,1,0.040000
JIRA,jira,project,2025-01_to_2025-04,2025-01,2025-04,Empire,11,0,0.000000
JIRA,jira,project,2025-01_to_2025-04,2025-01,2025-04,Entity Framework,23,5,0.217391
JIRA,jira,project,2025-01_to_2025-04,2025-01,2025-04,Extension for Hibernate ORM,36,0,0.000000
JIRA,jira,project,2025-01_to_2025-04,2025-01,2025-04,External Secrets Operator for Red Hat OpenShift,54,1,0.018519
JIRA,jira,project,2025-01_to_2025-04,2025-01,2025-04,FOP,26,1,0.038462
JIRA,jira,project,2025-01_to_2025-04,2025-01,2025-04,FORTRESS,1,0,0.000000
JIRA,jira,project,2025-01_to_2025-04,2025-01,2025-04,Fake Leaks,1,0,0.000000
JIRA,jira,project,2025-01_to_2025-04,2025-01,2025-04,Fast Datapath Product,237,84,0.354430
JIRA,jira,project,2025-01_to_2025-04,2025-01,2025-04,Fedora,246,89,0.361789
JIRA,jira,project,2025-01_to_2025-04,2025-01,2025-04,Felix,27,5,0.185185
JIRA,jira,project,2025-01_to_2025-04,2025-01,2025-04,FishEye,8,1,0.125000
JIRA,jira,project,2025-01_to_2025-04,2025-01,2025-04,FlightPath,323,33,0.102167
JIRA,jira,project,2025-01_to_2025-04,2025-01,2025-04,Flink,767,103,0.134289
JIRA,jira,project,2025-01_to_2025-04,2025-01,2025-04,Focus,13,0,0.000000
JIRA,jira,project,2025-01_to_2025-04,2025-01,2025-04,Forge,141,11,0.078014
JIRA,jira,project,2025-01_to_2025-04,2025-01,2025-04,Geode,1,0,0.000000
JIRA,jira,project,2025-01_to_2025-04,2025-01,2025-04,Go Driver,95,7,0.073684
JIRA,jira,project,2025-01_to_2025-04,2025-01,2025-04,Griffin (Retired),2,0,0.000000
JIRA,jira,project,2025-01_to_2025-04,2025-01,2025-04,Groovy,107,31,0.289720
JIRA,jira,project,2025-01_to_2025-04,2025-01,2025-04,Guacamole,49,11,0.224490
JIRA,jira,project,2025-01_to_2025-04,2025-01,2025-04,HAL,14,1,0.071429
JIRA,jira,project,2025-01_to_2025-04,2025-01,2025-04,HBase,236,40,0.169492
JIRA,jira,project,2025-01_to_2025-04,2025-01,2025-04,Hadoop Common,173,130,0.751445
JIRA,jira,project,2025-01_to_2025-04,2025-01,2025-04,Hadoop HDFS,74,53,0.716216
JIRA,jira,project,2025-01_to_2025-04,2025-01,2025-04,Hadoop Map/Reduce,9,5,0.555556
JIRA,jira,project,2025-01_to_2025-04,2025-01,2025-04,Hadoop YARN,66,39,0.590909
JIRA,jira,project,2025-01_to_2025-04,2025-01,2025-04,HawtIO,17,0,0.000000
JIRA,jira,project,2025-01_to_2025-04,2025-01,2025-04,Hive,250,42,0.168000
JIRA,jira,project,2025-01_to_2025-04,2025-01,2025-04,HttpComponents HttpClient,15,7,0.466667
JIRA,jira,project,2025-01_to_2025-04,2025-01,2025-04,HttpComponents HttpCore,6,2,0.333333
JIRA,jira,project,2025-01_to_2025-04,2025-01,2025-04,Hybrid Cloud Console,1022,31,0.030333
JIRA,jira,project,2025-01_to_2025-04,2025-01,2025-04,Hybrid Cloud Console Docs Feedback,9,2,0.222222
JIRA,jira,project,2025-01_to_2025-04,2025-01,2025-04,Hybrid Cloud Infrastructure Documentation,56,1,0.017857
JIRA,jira,project,2025-01_to_2025-04,2025-01,2025-04,IMPALA,392,107,0.272959
JIRA,jira,project,2025-01_to_2025-04,2025-01,2025-04,Identity,39,3,0.076923
JIRA,jira,project,2025-01_to_2025-04,2025-01,2025-04,Ignite,1127,152,0.134871
JIRA,jira,project,2025-01_to_2025-04,2025-01,2025-04,Incubator,1,0,0.000000
JIRA,jira,project,2025-01_to_2025-04,2025-01,2025-04,Insights Experiences,634,19,0.029968
JIRA,jira,project,2025-01_to_2025-04,2025-01,2025-04,Insights Rule Analysis Tool,3,1,0.333333
JIRA,jira,project,2025-01_to_2025-04,2025-01,2025-04,Intel IPU Collaboration,1,0,0.000000
JIRA,jira,project,2025-01_to_2025-04,2025-01,2025-04,IronJacamar,4,0,0.000000
JIRA,jira,project,2025-01_to_2025-04,2025-01,2025-04,Ivy,6,0,0.000000
JIRA,jira,project,2025-01_to_2025-04,2025-01,2025-04,JBoss Core Services,13,2,0.153846
JIRA,jira,project,2025-01_to_2025-04,2025-01,2025-04,JBoss Enterprise Application Platform,605,104,0.171901
JIRA,jira,project,2025-01_to_2025-04,2025-01,2025-04,JBoss Log Manager,2,2,1.000000
JIRA,jira,project,2025-01_to_2025-04,2025-01,2025-04,JBoss Logging,1,1,1.000000
JIRA,jira,project,2025-01_to_2025-04,2025-01,2025-04,JBoss Marshalling,3,0,0.000000
JIRA,jira,project,2025-01_to_2025-04,2025-01,2025-04,JBoss Metadata,5,0,0.000000
JIRA,jira,project,2025-01_to_2025-04,2025-01,2025-04,JBoss Remoting (3+),2,0,0.000000
JIRA,jira,project,2025-01_to_2025-04,2025-01,2025-04,JBoss Server Migration Tool,8,1,0.125000
JIRA,jira,project,2025-01_to_2025-04,2025-01,2025-04,JBoss Transaction Manager,20,1,0.050000
JIRA,jira,project,2025-01_to_2025-04,2025-01,2025-04,JBoss Web Server,29,1,0.034483
JIRA,jira,project,2025-01_to_2025-04,2025-01,2025-04,JBoss Web Services,6,0,0.000000
JIRA,jira,project,2025-01_to_2025-04,2025-01,2025-04,JDO,4,0,0.000000
JIRA,jira,project,2025-01_to_2025-04,2025-01,2025-04,JGroups,18,7,0.388889
JIRA,jira,project,2025-01_to_2025-04,2025-01,2025-04,Jackrabbit Content Repository,19,0,0.000000
JIRA,jira,project,2025-01_to_2025-04,2025-01,2025-04,Jackrabbit FileVault,13,3,0.230769
JIRA,jira,project,2025-01_to_2025-04,2025-01,2025-04,Jackrabbit Oak,350,37,0.105714
JIRA,jira,project,2025-01_to_2025-04,2025-01,2025-04,James Mailet,1,0,0.000000
JIRA,jira,project,2025-01_to_2025-04,2025-01,2025-04,James Mime4j,1,0,0.000000
JIRA,jira,project,2025-01_to_2025-04,2025-01,2025-04,James Server,31,4,0.129032
JIRA,jira,project,2025-01_to_2025-04,2025-01,2025-04,James jSPF,2,0,0.000000
JIRA,jira,project,2025-01_to_2025-04,2025-01,2025-04,Java Driver,127,11,0.086614
JIRA,jira,project,2025-01_to_2025-04,2025-01,2025-04,Jira Admin Support,1,0,0.000000
JIRA,jira,project,2025-01_to_2025-04,2025-01,2025-04,Jira Align,287,4,0.013937
JIRA,jira,project,2025-01_to_2025-04,2025-01,2025-04,Jira Cloud,3,0,0.000000
JIRA,jira,project,2025-01_to_2025-04,2025-01,2025-04,Jira Data Center,369,21,0.056911
JIRA,jira,project,2025-01_to_2025-04,2025-01,2025-04,Jira Performance Testing Tools,10,0,0.000000
JIRA,jira,project,2025-01_to_2025-04,2025-01,2025-04,Jira Platform Cloud,1495,32,0.021405
JIRA,jira,project,2025-01_to_2025-04,2025-01,2025-04,Jira Service Management Cloud,804,23,0.028607
JIRA,jira,project,2025-01_to_2025-04,2025-01,2025-04,Jira Service Management Data Center,194,12,0.061856
JIRA,jira,project,2025-01_to_2025-04,2025-01,2025-04,Jira Software Data Center,96,3,0.031250
JIRA,jira,project,2025-01_to_2025-04,2025-01,2025-04,Jira Work Management Cloud,43,2,0.046512
JIRA,jira,project,2025-01_to_2025-04,2025-01,2025-04,Johnzon,2,1,0.500000
JIRA,jira,project,2025-01_to_2025-04,2025-01,2025-04,Juneau,1,0,0.000000
JIRA,jira,project,2025-01_to_2025-04,2025-01,2025-04,Kafka,839,85,0.101311
JIRA,jira,project,2025-01_to_2025-04,2025-01,2025-04,Kafka Connector,7,1,0.142857
JIRA,jira,project,2025-01_to_2025-04,2025-01,2025-04,Kaoto,2,0,0.000000
JIRA,jira,project,2025-01_to_2025-04,2025-01,2025-04,Karaf,55,4,0.072727
JIRA,jira,project,2025-01_to_2025-04,2025-01,2025-04,Knative Serving,4,2,0.500000
JIRA,jira,project,2025-01_to_2025-04,2025-01,2025-04,Kogito,2,1,0.500000
JIRA,jira,project,2025-01_to_2025-04,2025-01,2025-04,Konflux UI,168,3,0.017857
JIRA,jira,project,2025-01_to_2025-04,2025-01,2025-04,Kudu,27,12,0.444444
JIRA,jira,project,2025-01_to_2025-04,2025-01,2025-04,Kylin,86,8,0.093023
JIRA,jira,project,2025-01_to_2025-04,2025-01,2025-04,Legal Discuss,8,0,0.000000
JIRA,jira,project,2025-01_to_2025-04,2025-01,2025-04,Libmongocrypt,43,4,0.093023
JIRA,jira,project,2025-01_to_2025-04,2025-01,2025-04,Livy,4,2,0.500000
JIRA,jira,project,2025-01_to_2025-04,2025-01,2025-04,Log4j 2,4,0,0.000000
JIRA,jira,project,2025-01_to_2025-04,2025-01,2025-04,Loom,2,0,0.000000
JIRA,jira,project,2025-01_to_2025-04,2025-01,2025-04,MINA,3,2,0.666667
JIRA,jira,project,2025-01_to_2025-04,2025-01,2025-04,MINA SSHD,3,0,0.000000
JIRA,jira,project,2025-01_to_2025-04,2025-01,2025-04,Machine Config Operator,173,3,0.017341
JIRA,jira,project,2025-01_to_2025-04,2025-01,2025-04,Mahout,3,0,0.000000
JIRA,jira,project,2025-01_to_2025-04,2025-01,2025-04,Managed Service ,50,0,0.000000
JIRA,jira,project,2025-01_to_2025-04,2025-01,2025-04,ManifoldCF,5,1,0.200000
JIRA,jira,project,2025-01_to_2025-04,2025-01,2025-04,MariaDB ColumnStore,110,13,0.118182
JIRA,jira,project,2025-01_to_2025-04,2025-01,2025-04,MariaDB Connector/C,16,8,0.500000
JIRA,jira,project,2025-01_to_2025-04,2025-01,2025-04,MariaDB Connector/C++,5,0,0.000000
JIRA,jira,project,2025-01_to_2025-04,2025-01,2025-04,MariaDB Connector/J,21,6,0.285714
JIRA,jira,project,2025-01_to_2025-04,2025-01,2025-04,MariaDB Connector/ODBC,14,5,0.357143
JIRA,jira,project,2025-01_to_2025-04,2025-01,2025-04,MariaDB Connector/Python,12,4,0.333333
JIRA,jira,project,2025-01_to_2025-04,2025-01,2025-04,MariaDB Connector/node.js,10,1,0.100000
JIRA,jira,project,2025-01_to_2025-04,2025-01,2025-04,MariaDB Foundation Development,172,24,0.139535
JIRA,jira,project,2025-01_to_2025-04,2025-01,2025-04,MariaDB MaxScale,154,17,0.110390
JIRA,jira,project,2025-01_to_2025-04,2025-01,2025-04,MariaDB Server,963,450,0.467290
JIRA,jira,project,2025-01_to_2025-04,2025-01,2025-04,Marketplace Growth and Experiences,4,0,0.000000
JIRA,jira,project,2025-01_to_2025-04,2025-01,2025-04,Marvell DPU Collaboration,24,0,0.000000
JIRA,jira,project,2025-01_to_2025-04,2025-01,2025-04,Maven (Moved to GitHub Issues),239,39,0.163180
JIRA,jira,project,2025-01_to_2025-04,2025-01,2025-04,Maven Antrun Plugin (Moved to GitHub Issues),2,0,0.000000
JIRA,jira,project,2025-01_to_2025-04,2025-01,2025-04,Maven Archetype Bundles (Moved to GitHub Issues),1,1,1.000000
JIRA,jira,project,2025-01_to_2025-04,2025-01,2025-04,Maven Artifact Plugin (Moved to GitHub Issues),3,0,0.000000
JIRA,jira,project,2025-01_to_2025-04,2025-01,2025-04,Maven Assembly Plugin (Moved to GitHub Issues),1,0,0.000000
JIRA,jira,project,2025-01_to_2025-04,2025-01,2025-04,Maven Build Cache Extension (Moved to GitHub Issues),15,4,0.266667
JIRA,jira,project,2025-01_to_2025-04,2025-01,2025-04,Maven Changes Plugin (Moved to GitHub Issues),4,1,0.250000
JIRA,jira,project,2025-01_to_2025-04,2025-01,2025-04,Maven Checkstyle Plugin (Moved to GitHub Issues),4,2,0.500000
JIRA,jira,project,2025-01_to_2025-04,2025-01,2025-04,Maven Compiler Plugin (Moved to GitHub Issues),4,2,0.500000
JIRA,jira,project,2025-01_to_2025-04,2025-01,2025-04,Maven DOAP Plugin (Moved to GitHub Issues),2,0,0.000000
JIRA,jira,project,2025-01_to_2025-04,2025-01,2025-04,Maven Dependency Plugin (Moved to GitHub Issues),10,4,0.400000
JIRA,jira,project,2025-01_to_2025-04,2025-01,2025-04,Maven Deploy Plugin (Moved to GitHub Issues),2,0,0.000000
JIRA,jira,project,2025-01_to_2025-04,2025-01,2025-04,Maven Doxia (Moved to GitHub Issues),4,0,0.000000
JIRA,jira,project,2025-01_to_2025-04,2025-01,2025-04,Maven Doxia Sitetools (Moved to GitHub Issues),6,1,0.166667
JIRA,jira,project,2025-01_to_2025-04,2025-01,2025-04,Maven Enforcer Plugin (Moved to GitHub Issues),5,2,0.400000
JIRA,jira,project,2025-01_to_2025-04,2025-01,2025-04,Maven Help Plugin (Moved to GitHub Issues),1,1,1.000000
JIRA,jira,project,2025-01_to_2025-04,2025-01,2025-04,Maven Install Plugin (Moved to GitHub Issues),1,0,0.000000
JIRA,jira,project,2025-01_to_2025-04,2025-01,2025-04,Maven Invoker Plugin (Moved to GitHub Issues),1,0,0.000000
JIRA,jira,project,2025-01_to_2025-04,2025-01,2025-04,Maven JAR Plugin (Moved to GitHub Issues),3,0,0.000000
JIRA,jira,project,2025-01_to_2025-04,2025-01,2025-04,Maven JDeprScan Plugin (Moved to GitHub Issues),2,0,0.000000
JIRA,jira,project,2025-01_to_2025-04,2025-01,2025-04,Maven JLink Plugin (Moved to GitHub Issues),1,0,0.000000
JIRA,jira,project,2025-01_to_2025-04,2025-01,2025-04,Maven Javadoc Plugin (Moved to GitHub Issues),2,1,0.500000
JIRA,jira,project,2025-01_to_2025-04,2025-01,2025-04,Maven PMD Plugin (Moved to GitHub Issues),2,1,0.500000
JIRA,jira,project,2025-01_to_2025-04,2025-01,2025-04,Maven Plugin Tools (Moved to GitHub Issues),4,1,0.250000
JIRA,jira,project,2025-01_to_2025-04,2025-01,2025-04,Maven Project Info Reports Plugin (Moved to GitHub Issues),8,0,0.000000
JIRA,jira,project,2025-01_to_2025-04,2025-01,2025-04,Maven Release Plugin (Moved to GitHub Issues),4,2,0.500000
JIRA,jira,project,2025-01_to_2025-04,2025-01,2025-04,Maven Resolver (Moved to GitHub Issues),67,2,0.029851
JIRA,jira,project,2025-01_to_2025-04,2025-01,2025-04,Maven Resources Plugin (Moved to GitHub Issues),2,1,0.500000
JIRA,jira,project,2025-01_to_2025-04,2025-01,2025-04,Maven SCM (Moved to GitHub Issues),4,1,0.250000
JIRA,jira,project,2025-01_to_2025-04,2025-01,2025-04,Maven SCM Publish Plugin (Moved to GitHub Issues),2,0,0.000000
JIRA,jira,project,2025-01_to_2025-04,2025-01,2025-04,Maven Shade Plugin (Moved to GitHub Issues),2,0,0.000000
JIRA,jira,project,2025-01_to_2025-04,2025-01,2025-04,Maven Shared Components,16,1,0.062500
JIRA,jira,project,2025-01_to_2025-04,2025-01,2025-04,Maven Site Plugin (Moved to GitHub Issues),7,1,0.142857
JIRA,jira,project,2025-01_to_2025-04,2025-01,2025-04,Maven Skins (Moved to GitHub Issues),2,0,0.000000
JIRA,jira,project,2025-01_to_2025-04,2025-01,2025-04,Maven Source Plugin (Moved to GitHub Issues),1,0,0.000000
JIRA,jira,project,2025-01_to_2025-04,2025-01,2025-04,Maven Stage Plugin (Moved to GitHub Issues),1,0,0.000000
JIRA,jira,project,2025-01_to_2025-04,2025-01,2025-04,Maven Surefire (Moved to GitHub Issues),9,5,0.555556
JIRA,jira,project,2025-01_to_2025-04,2025-01,2025-04,Maven Toolchains Plugin (Moved to GitHub Issues),8,3,0.375000
JIRA,jira,project,2025-01_to_2025-04,2025-01,2025-04,Maven Verifier Plugin (Moved to GitHub Issues),2,0,0.000000
JIRA,jira,project,2025-01_to_2025-04,2025-01,2025-04,Maven Wrapper (Moved to GitHub Issues),5,2,0.400000
JIRA,jira,project,2025-01_to_2025-04,2025-01,2025-04,MicroShift,213,4,0.018779
JIRA,jira,project,2025-01_to_2025-04,2025-01,2025-04,Migration Platform,75,6,0.080000
JIRA,jira,project,2025-01_to_2025-04,2025-01,2025-04,Migration Toolkit for Applications,596,112,0.187919
JIRA,jira,project,2025-01_to_2025-04,2025-01,2025-04,Migration Toolkit for Virtualization,502,58,0.115538
JIRA,jira,project,2025-01_to_2025-04,2025-01,2025-04,ModeShape,19,0,0.000000
JIRA,jira,project,2025-01_to_2025-04,2025-01,2025-04,Modular Service Container,3,0,0.000000
JIRA,jira,project,2025-01_to_2025-04,2025-01,2025-04,MongoDB Database Tools,73,2,0.027397
JIRA,jira,project,2025-01_to_2025-04,2025-01,2025-04,MongoDB Shell,197,55,0.279188
JIRA,jira,project,2025-01_to_2025-04,2025-01,2025-04,MongoDB for IntelliJ Plugin,121,1,0.008264
JIRA,jira,project,2025-01_to_2025-04,2025-01,2025-04,Mongoid,27,5,0.185185
JIRA,jira,project,2025-01_to_2025-04,2025-01,2025-04,Motor,39,2,0.051282
JIRA,jira,project,2025-01_to_2025-04,2025-01,2025-04,Multiple Architecture Enablement,118,2,0.016949
JIRA,jira,project,2025-01_to_2025-04,2025-01,2025-04,MyFaces Core,17,5,0.294118
JIRA,jira,project,2025-01_to_2025-04,2025-01,2025-04,MyFaces Tobago,34,0,0.000000
JIRA,jira,project,2025-01_to_2025-04,2025-01,2025-04,NLPCraft (Retired),1,0,0.000000
JIRA,jira,project,2025-01_to_2025-04,2025-01,2025-04,Network Edge,94,0,0.000000
JIRA,jira,project,2025-01_to_2025-04,2025-01,2025-04,Network Hardware Enablement,134,1,0.007463
JIRA,jira,project,2025-01_to_2025-04,2025-01,2025-04,Network Observability,181,7,0.038674
JIRA,jira,project,2025-01_to_2025-04,2025-01,2025-04,NiFi Improvement Proposal,3,0,0.000000
JIRA,jira,project,2025-01_to_2025-04,2025-01,2025-04,Node.js Driver,306,15,0.049020
JIRA,jira,project,2025-01_to_2025-04,2025-01,2025-04,Nutch,9,5,0.555556
JIRA,jira,project,2025-01_to_2025-04,2025-01,2025-04,OCMUI ,519,11,0.021195
JIRA,jira,project,2025-01_to_2025-04,2025-01,2025-04,OCP Technical Release Team,163,6,0.036810
JIRA,jira,project,2025-01_to_2025-04,2025-01,2025-04,ODATA,1,0,0.000000
JIRA,jira,project,2025-01_to_2025-04,2025-01,2025-04,OFBiz,32,9,0.281250
JIRA,jira,project,2025-01_to_2025-04,2025-01,2025-04,OPCT ,37,5,0.135135
JIRA,jira,project,2025-01_to_2025-04,2025-01,2025-04,ORC,66,1,0.015152
JIRA,jira,project,2025-01_to_2025-04,2025-01,2025-04,Observability Documentation,165,3,0.018182
JIRA,jira,project,2025-01_to_2025-04,2025-01,2025-04,Observability UI,141,3,0.021277
JIRA,jira,project,2025-01_to_2025-04,2025-01,2025-04,Observability and Data Analysis Program,52,0,0.000000
JIRA,jira,project,2025-01_to_2025-04,2025-01,2025-04,Olingo,7,0,0.000000
JIRA,jira,project,2025-01_to_2025-04,2025-01,2025-04,On Prem Networking,41,1,0.024390
JIRA,jira,project,2025-01_to_2025-04,2025-01,2025-04,Oozie (Retired),3,1,0.333333
JIRA,jira,project,2025-01_to_2025-04,2025-01,2025-04,OpenJDK,89,3,0.033708
JIRA,jira,project,2025-01_to_2025-04,2025-01,2025-04,OpenJPA,5,0,0.000000
JIRA,jira,project,2025-01_to_2025-04,2025-01,2025-04,OpenNLP,44,0,0.000000
JIRA,jira,project,2025-01_to_2025-04,2025-01,2025-04,OpenShift API Server,10,1,0.100000
JIRA,jira,project,2025-01_to_2025-04,2025-01,2025-04,OpenShift API for Data Protection,530,119,0.224528
JIRA,jira,project,2025-01_to_2025-04,2025-01,2025-04,OpenShift Application Platform Engineering,104,1,0.009615
JIRA,jira,project,2025-01_to_2025-04,2025-01,2025-04,OpenShift Authentication,4,0,0.000000
JIRA,jira,project,2025-01_to_2025-04,2025-01,2025-04,OpenShift Autoscaling,104,2,0.019231
JIRA,jira,project,2025-01_to_2025-04,2025-01,2025-04,OpenShift Bugs,3157,1237,0.391828
JIRA,jira,project,2025-01_to_2025-04,2025-01,2025-04,OpenShift BuildConfig,1,0,0.000000
JIRA,jira,project,2025-01_to_2025-04,2025-01,2025-04,OpenShift Builds,67,6,0.089552
JIRA,jira,project,2025-01_to_2025-04,2025-01,2025-04,OpenShift Cloud,142,14,0.098592
JIRA,jira,project,2025-01_to_2025-04,2025-01,2025-04,OpenShift Cloud Credential Operator,29,3,0.103448
JIRA,jira,project,2025-01_to_2025-04,2025-01,2025-04,OpenShift Console,136,2,0.014706
JIRA,jira,project,2025-01_to_2025-04,2025-01,2025-04,OpenShift Container Platform (OCP) Strategy,240,4,0.016667
JIRA,jira,project,2025-01_to_2025-04,2025-01,2025-04,OpenShift Core Networking,392,11,0.028061
JIRA,jira,project,2025-01_to_2025-04,2025-01,2025-04,OpenShift Data Foundation Request For Enhancement,25,0,0.000000
JIRA,jira,project,2025-01_to_2025-04,2025-01,2025-04,OpenShift Edge,37,0,0.000000
JIRA,jira,project,2025-01_to_2025-04,2025-01,2025-04,OpenShift Etcd,20,0,0.000000
JIRA,jira,project,2025-01_to_2025-04,2025-01,2025-04,OpenShift GitOps,421,33,0.078385
JIRA,jira,project,2025-01_to_2025-04,2025-01,2025-04,OpenShift Hive,88,9,0.102273
JIRA,jira,project,2025-01_to_2025-04,2025-01,2025-04,OpenShift Hosted Control Plane,12,1,0.083333
JIRA,jira,project,2025-01_to_2025-04,2025-01,2025-04,OpenShift Image Registry,11,1,0.090909
JIRA,jira,project,2025-01_to_2025-04,2025-01,2025-04,OpenShift Installer,181,12,0.066298
JIRA,jira,project,2025-01_to_2025-04,2025-01,2025-04,OpenShift Jenkins,20,4,0.200000
JIRA,jira,project,2025-01_to_2025-04,2025-01,2025-04,OpenShift Kueue,123,3,0.024390
JIRA,jira,project,2025-01_to_2025-04,2025-01,2025-04,OpenShift Logging,450,53,0.117778
JIRA,jira,project,2025-01_to_2025-04,2025-01,2025-04,OpenShift Migration Toolkit for Containers,29,7,0.241379
JIRA,jira,project,2025-01_to_2025-04,2025-01,2025-04,OpenShift Monitoring,86,6,0.069767
JIRA,jira,project,2025-01_to_2025-04,2025-01,2025-04,OpenShift Node,254,7,0.027559
JIRA,jira,project,2025-01_to_2025-04,2025-01,2025-04,OpenShift Over the Air,99,9,0.090909
JIRA,jira,project,2025-01_to_2025-04,2025-01,2025-04,OpenShift Pipelines,487,25,0.051335
JIRA,jira,project,2025-01_to_2025-04,2025-01,2025-04,OpenShift Pod Autoscaling,2,1,0.500000
JIRA,jira,project,2025-01_to_2025-04,2025-01,2025-04,OpenShift Request For Enhancement,376,7,0.018617
JIRA,jira,project,2025-01_to_2025-04,2025-01,2025-04,OpenShift Service Mesh,799,20,0.025031
JIRA,jira,project,2025-01_to_2025-04,2025-01,2025-04,OpenShift Specialist Platform Team,217,8,0.036866
JIRA,jira,project,2025-01_to_2025-04,2025-01,2025-04,OpenShift Storage,155,3,0.019355
JIRA,jira,project,2025-01_to_2025-04,2025-01,2025-04,OpenShift Virtualization,4963,178,0.035865
JIRA,jira,project,2025-01_to_2025-04,2025-01,2025-04,OpenShift Windows Containers,31,3,0.096774
JIRA,jira,project,2025-01_to_2025-04,2025-01,2025-04,OpenShift Workloads,15,1,0.066667
JIRA,jira,project,2025-01_to_2025-04,2025-01,2025-04,OpenStack Strategy,128,2,0.015625
JIRA,jira,project,2025-01_to_2025-04,2025-01,2025-04,OpenStack as Infra,88,1,0.011364
JIRA,jira,project,2025-01_to_2025-04,2025-01,2025-04,OpenWebBeans,2,0,0.000000
JIRA,jira,project,2025-01_to_2025-04,2025-01,2025-04,Openmeetings,5,0,0.000000
JIRA,jira,project,2025-01_to_2025-04,2025-01,2025-04,Openshift sandboxed containers,202,12,0.059406
JIRA,jira,project,2025-01_to_2025-04,2025-01,2025-04,Operator Ecosystem,2,1,0.500000
JIRA,jira,project,2025-01_to_2025-04,2025-01,2025-04,Operator Runtime,202,6,0.029703
JIRA,jira,project,2025-01_to_2025-04,2025-01,2025-04,Opsgenie,82,1,0.012195
JIRA,jira,project,2025-01_to_2025-04,2025-01,2025-04,Origin Community Distribution of Kubernetes,11,0,0.000000
JIRA,jira,project,2025-01_to_2025-04,2025-01,2025-04,PDFBox,65,21,0.323077
JIRA,jira,project,2025-01_to_2025-04,2025-01,2025-04,PHP Driver: Extension,61,4,0.065574
JIRA,jira,project,2025-01_to_2025-04,2025-01,2025-04,PHP Driver: Library,63,2,0.031746
JIRA,jira,project,2025-01_to_2025-04,2025-01,2025-04,PHP ORMs,45,5,0.111111
JIRA,jira,project,2025-01_to_2025-04,2025-01,2025-04,Performance and Scale for AI Platforms,1,0,0.000000
JIRA,jira,project,2025-01_to_2025-04,2025-01,2025-04,Phoenix,101,8,0.079208
JIRA,jira,project,2025-01_to_2025-04,2025-01,2025-04,Phoenix Omid,14,0,0.000000
JIRA,jira,project,2025-01_to_2025-04,2025-01,2025-04,Pig,1,1,1.000000
JIRA,jira,project,2025-01_to_2025-04,2025-01,2025-04,Pivot (Retired),1,0,0.000000
JIRA,jira,project,2025-01_to_2025-04,2025-01,2025-04,Pluto (Retired),2,0,0.000000
JIRA,jira,project,2025-01_to_2025-04,2025-01,2025-04,Podling Suitable Names Search,7,0,0.000000
JIRA,jira,project,2025-01_to_2025-04,2025-01,2025-04,Product Technical Learning,477,32,0.067086
JIRA,jira,project,2025-01_to_2025-04,2025-01,2025-04,Proforma Server & Data Centre,16,0,0.000000
JIRA,jira,project,2025-01_to_2025-04,2025-01,2025-04,Project Quay,242,19,0.078512
JIRA,jira,project,2025-01_to_2025-04,2025-01,2025-04,Python Driver,334,77,0.230539
JIRA,jira,project,2025-01_to_2025-04,2025-01,2025-04,Python Integrations,146,13,0.089041
JIRA,jira,project,2025-01_to_2025-04,2025-01,2025-04,"Qbs (""Cubes"")",15,7,0.466667
JIRA,jira,project,2025-01_to_2025-04,2025-01,2025-04,Qpid,14,2,0.142857
JIRA,jira,project,2025-01_to_2025-04,2025-01,2025-04,Qpid Dispatch,5,3,0.600000
JIRA,jira,project,2025-01_to_2025-04,2025-01,2025-04,Qpid JMS,4,0,0.000000
JIRA,jira,project,2025-01_to_2025-04,2025-01,2025-04,Qpid Proton,28,2,0.071429
JIRA,jira,project,2025-01_to_2025-04,2025-01,2025-04,Qt,2938,693,0.235875
JIRA,jira,project,2025-01_to_2025-04,2025-01,2025-04,Qt 3D Studio,1,0,0.000000
JIRA,jira,project,2025-01_to_2025-04,2025-01,2025-04,Qt Bridges,14,1,0.071429
JIRA,jira,project,2025-01_to_2025-04,2025-01,2025-04,Qt Creator,478,86,0.179916
JIRA,jira,project,2025-01_to_2025-04,2025-01,2025-04,Qt Design Studio,738,47,0.063686
JIRA,jira,project,2025-01_to_2025-04,2025-01,2025-04,Qt Installer Framework,124,12,0.096774
JIRA,jira,project,2025-01_to_2025-04,2025-01,2025-04,Qt Playground Projects,1,0,0.000000
JIRA,jira,project,2025-01_to_2025-04,2025-01,2025-04,Qt Project Website,26,0,0.000000
JIRA,jira,project,2025-01_to_2025-04,2025-01,2025-04,Qt Quality Assurance Infrastructure,190,12,0.063158
JIRA,jira,project,2025-01_to_2025-04,2025-01,2025-04,Qt Tools for Android,104,19,0.182692
JIRA,jira,project,2025-01_to_2025-04,2025-01,2025-04,Qt Visual Studio Tools,27,9,0.333333
JIRA,jira,project,2025-01_to_2025-04,2025-01,2025-04,Qt WebBrowser,1,0,0.000000
JIRA,jira,project,2025-01_to_2025-04,2025-01,2025-04,Qt for Python,110,41,0.372727
JIRA,jira,project,2025-01_to_2025-04,2025-01,2025-04,Quarkus,173,7,0.040462
JIRA,jira,project,2025-01_to_2025-04,2025-01,2025-04,Quarkus Documentation,121,1,0.008264
JIRA,jira,project,2025-01_to_2025-04,2025-01,2025-04,Quick Reload,8,0,0.000000
JIRA,jira,project,2025-01_to_2025-04,2025-01,2025-04,RDO Project,54,3,0.055556
JIRA,jira,project,2025-01_to_2025-04,2025-01,2025-04,REST API Browser,1,0,0.000000
JIRA,jira,project,2025-01_to_2025-04,2025-01,2025-04,RESTEasy,21,2,0.095238
JIRA,jira,project,2025-01_to_2025-04,2025-01,2025-04,RH,2,0,0.000000
JIRA,jira,project,2025-01_to_2025-04,2025-01,2025-04,RH Developer Hub Planning,98,0,0.000000
JIRA,jira,project,2025-01_to_2025-04,2025-01,2025-04,RHEL,3040,892,0.293421
JIRA,jira,project,2025-01_to_2025-04,2025-01,2025-04,RHEL Conversions,6,2,0.333333
JIRA,jira,project,2025-01_to_2025-04,2025-01,2025-04,RHEL Documentation,63,4,0.063492
JIRA,jira,project,2025-01_to_2025-04,2025-01,2025-04,RHEL Performance,5,0,0.000000
JIRA,jira,project,2025-01_to_2025-04,2025-01,2025-04,RHEL Testing,150,64,0.426667
JIRA,jira,project,2025-01_to_2025-04,2025-01,2025-04,RHEL in Cloud,6,0,0.000000
JIRA,jira,project,2025-01_to_2025-04,2025-01,2025-04,RHOS Request for Features,18,0,0.000000
JIRA,jira,project,2025-01_to_2025-04,2025-01,2025-04,RHTAP UI,31,0,0.000000
JIRA,jira,project,2025-01_to_2025-04,2025-01,2025-04,Rampart,1,0,0.000000
JIRA,jira,project,2025-01_to_2025-04,2025-01,2025-04,Ranger,120,17,0.141667
JIRA,jira,project,2025-01_to_2025-04,2025-01,2025-04,Ratis,53,10,0.188679
JIRA,jira,project,2025-01_to_2025-04,2025-01,2025-04,Red Hat 3scale API Management,149,11,0.073826
JIRA,jira,project,2025-01_to_2025-04,2025-01,2025-04,Red Hat Advanced Cluster Management,1628,126,0.077396
JIRA,jira,project,2025-01_to_2025-04,2025-01,2025-04,Red Hat Advanced Cluster Security,813,6,0.007380
JIRA,jira,project,2025-01_to_2025-04,2025-01,2025-04,Red Hat Build of Apache Camel for Quarkus,42,1,0.023810
JIRA,jira,project,2025-01_to_2025-04,2025-01,2025-04,Red Hat Data Grid,34,1,0.029412
JIRA,jira,project,2025-01_to_2025-04,2025-01,2025-04,Red Hat Developer Hub Bugs,408,38,0.093137
JIRA,jira,project,2025-01_to_2025-04,2025-01,2025-04,Red Hat Directory Server,32,3,0.093750
JIRA,jira,project,2025-01_to_2025-04,2025-01,2025-04,Red Hat Enterprise Linux AI,563,41,0.072824
JIRA,jira,project,2025-01_to_2025-04,2025-01,2025-04,Red Hat Fuse,2,2,1.000000
JIRA,jira,project,2025-01_to_2025-04,2025-01,2025-04,Red Hat Insights Engineering,27,2,0.074074
JIRA,jira,project,2025-01_to_2025-04,2025-01,2025-04,Red Hat Insights Strategy,3,0,0.000000
JIRA,jira,project,2025-01_to_2025-04,2025-01,2025-04,Red Hat Internal Developer Platform,1099,24,0.021838
JIRA,jira,project,2025-01_to_2025-04,2025-01,2025-04,Red Hat Offline Knowledge Portal,3,0,0.000000
JIRA,jira,project,2025-01_to_2025-04,2025-01,2025-04,Red Hat OpenShift Control Planes,1,0,0.000000
JIRA,jira,project,2025-01_to_2025-04,2025-01,2025-04,Red Hat OpenShift Data Science,35,1,0.028571
JIRA,jira,project,2025-01_to_2025-04,2025-01,2025-04,Red Hat OpenShift Dev Spaces (formerly CodeReady Workspaces),143,30,0.209790
JIRA,jira,project,2025-01_to_2025-04,2025-01,2025-04,Red Hat OpenStack Services on OpenShift,1880,230,0.122340
JIRA,jira,project,2025-01_to_2025-04,2025-01,2025-04,Red Hat Process Automation Manager,4,0,0.000000
JIRA,jira,project,2025-01_to_2025-04,2025-01,2025-04,Red Hat Service Interconnect (Skupper),48,2,0.041667
JIRA,jira,project,2025-01_to_2025-04,2025-01,2025-04,Red Hat Update Infrastructure for Cloud Providers,1,0,0.000000
JIRA,jira,project,2025-01_to_2025-04,2025-01,2025-04,Red Hat Workload Availability,17,2,0.117647
JIRA,jira,project,2025-01_to_2025-04,2025-01,2025-04,Red Hat build of Apache Camel,25,3,0.120000
JIRA,jira,project,2025-01_to_2025-04,2025-01,2025-04,Red Hat build of Apache Camel for Spring Boot,36,0,0.000000
JIRA,jira,project,2025-01_to_2025-04,2025-01,2025-04,Red Hat build of Keycloak,99,19,0.191919
JIRA,jira,project,2025-01_to_2025-04,2025-01,2025-04,Rovo,36,1,0.027778
JIRA,jira,project,2025-01_to_2025-04,2025-01,2025-04,Ruby Driver,54,2,0.037037
JIRA,jira,project,2025-01_to_2025-04,2025-01,2025-04,Rust Driver,80,1,0.012500
JIRA,jira,project,2025-01_to_2025-04,2025-01,2025-04,Sakai,612,124,0.202614
JIRA,jira,project,2025-01_to_2025-04,2025-01,2025-04,Samza,1,0,0.000000
JIRA,jira,project,2025-01_to_2025-04,2025-01,2025-04,Santuario,3,1,0.333333
JIRA,jira,project,2025-01_to_2025-04,2025-01,2025-04,Satellite,1801,130,0.072182
JIRA,jira,project,2025-01_to_2025-04,2025-01,2025-04,Secret Store CSI for Red Hat OpenShift,86,2,0.023256
JIRA,jira,project,2025-01_to_2025-04,2025-01,2025-04,Security Data,14,1,0.071429
JIRA,jira,project,2025-01_to_2025-04,2025-01,2025-04,Server Deployments and Scale,7,0,0.000000
JIRA,jira,project,2025-01_to_2025-04,2025-01,2025-04,Server Platform Frontend,1,0,0.000000
JIRA,jira,project,2025-01_to_2025-04,2025-01,2025-04,Serverless logic,73,2,0.027397
JIRA,jira,project,2025-01_to_2025-04,2025-01,2025-04,ServiceMix,31,0,0.000000
JIRA,jira,project,2025-01_to_2025-04,2025-01,2025-04,Sidecar for Apache Cassandra,61,3,0.049180
JIRA,jira,project,2025-01_to_2025-04,2025-01,2025-04,Sling,174,19,0.109195
JIRA,jira,project,2025-01_to_2025-04,2025-01,2025-04,Solr,139,18,0.129496
JIRA,jira,project,2025-01_to_2025-04,2025-01,2025-04,Sourcetree For Mac,12,1,0.083333
JIRA,jira,project,2025-01_to_2025-04,2025-01,2025-04,Sourcetree for Windows,31,8,0.258065
JIRA,jira,project,2025-01_to_2025-04,2025-01,2025-04,Spark,1257,75,0.059666
JIRA,jira,project,2025-01_to_2025-04,2025-01,2025-04,Spark Connector,7,0,0.000000
JIRA,jira,project,2025-01_to_2025-04,2025-01,2025-04,Spatial Information Systems,2,0,0.000000
JIRA,jira,project,2025-01_to_2025-04,2025-01,2025-04,Statuspage,36,3,0.083333
JIRA,jira,project,2025-01_to_2025-04,2025-01,2025-04,Steve,3,0,0.000000
JIRA,jira,project,2025-01_to_2025-04,2025-01,2025-04,Streams for Apache Kafka Console,35,1,0.028571
JIRA,jira,project,2025-01_to_2025-04,2025-01,2025-04,Struts 2,40,3,0.075000
JIRA,jira,project,2025-01_to_2025-04,2025-01,2025-04,Subscription Watch,135,29,0.214815
JIRA,jira,project,2025-01_to_2025-04,2025-01,2025-04,Subversion JIRA plugin,1,0,0.000000
JIRA,jira,project,2025-01_to_2025-04,2025-01,2025-04,Syncope,25,3,0.120000
JIRA,jira,project,2025-01_to_2025-04,2025-01,2025-04,SystemDS,68,2,0.029412
JIRA,jira,project,2025-01_to_2025-04,2025-01,2025-04,TEST Defect Tracking Project,1,0,0.000000
JIRA,jira,project,2025-01_to_2025-04,2025-01,2025-04,TOREE,4,0,0.000000
JIRA,jira,project,2025-01_to_2025-04,2025-01,2025-04,TRELLO,295,5,0.016949
JIRA,jira,project,2025-01_to_2025-04,2025-01,2025-04,Tapestry 5,6,3,0.500000
JIRA,jira,project,2025-01_to_2025-04,2025-01,2025-04,Test Project,1,0,0.000000
JIRA,jira,project,2025-01_to_2025-04,2025-01,2025-04,The Maven Metric Extension,1,0,0.000000
JIRA,jira,project,2025-01_to_2025-04,2025-01,2025-04,Thrift,22,4,0.181818
JIRA,jira,project,2025-01_to_2025-04,2025-01,2025-04,Tika,45,7,0.155556
JIRA,jira,project,2025-01_to_2025-04,2025-01,2025-04,TinkerPop,34,7,0.205882
JIRA,jira,project,2025-01_to_2025-04,2025-01,2025-04,TomEE,42,5,0.119048
JIRA,jira,project,2025-01_to_2025-04,2025-01,2025-04,Tools (JBoss Tools),4,0,0.000000
JIRA,jira,project,2025-01_to_2025-04,2025-01,2025-04,Torque,2,1,0.500000
JIRA,jira,project,2025-01_to_2025-04,2025-01,2025-04,UIMA,1,0,0.000000
JIRA,jira,project,2025-01_to_2025-04,2025-01,2025-04,Undertow,12,1,0.083333
JIRA,jira,project,2025-01_to_2025-04,2025-01,2025-04,VS Code Extension,78,10,0.128205
JIRA,jira,project,2025-01_to_2025-04,2025-01,2025-04,Velocity,2,0,0.000000
JIRA,jira,project,2025-01_to_2025-04,2025-01,2025-04,Virtualization Strategy,19,0,0.000000
JIRA,jira,project,2025-01_to_2025-04,2025-01,2025-04,Visual Design,22,0,0.000000
JIRA,jira,project,2025-01_to_2025-04,2025-01,2025-04,Visual Studio,7,1,0.142857
JIRA,jira,project,2025-01_to_2025-04,2025-01,2025-04,WSS4J,5,0,0.000000
JIRA,jira,project,2025-01_to_2025-04,2025-01,2025-04,Web Terminal for OpenShift,5,0,0.000000
JIRA,jira,project,2025-01_to_2025-04,2025-01,2025-04,Weld,9,0,0.000000
JIRA,jira,project,2025-01_to_2025-04,2025-01,2025-04,Whimsy,6,0,0.000000
JIRA,jira,project,2025-01_to_2025-04,2025-01,2025-04,Wicket,16,2,0.125000
JIRA,jira,project,2025-01_to_2025-04,2025-01,2025-04,WildFly,324,34,0.104938
JIRA,jira,project,2025-01_to_2025-04,2025-01,2025-04,WildFly Arquillian,9,1,0.111111
JIRA,jira,project,2025-01_to_2025-04,2025-01,2025-04,WildFly Core,99,7,0.070707
JIRA,jira,project,2025-01_to_2025-04,2025-01,2025-04,WildFly EJB HTTP Client,1,0,0.000000
JIRA,jira,project,2025-01_to_2025-04,2025-01,2025-04,WildFly Elytron,30,3,0.100000
JIRA,jira,project,2025-01_to_2025-04,2025-01,2025-04,WildFly Elytron EE,10,0,0.000000
JIRA,jira,project,2025-01_to_2025-04,2025-01,2025-04,WildFly Maven Plugin,13,0,0.000000
JIRA,jira,project,2025-01_to_2025-04,2025-01,2025-04,WildFly OpenSSL,1,0,0.000000
JIRA,jira,project,2025-01_to_2025-04,2025-01,2025-04,WildFly Transaction Client,1,0,0.000000
JIRA,jira,project,2025-01_to_2025-04,2025-01,2025-04,WildFly WIP,4,1,0.250000
JIRA,jira,project,2025-01_to_2025-04,2025-01,2025-04,WiredTiger,498,124,0.248996
JIRA,jira,project,2025-01_to_2025-04,2025-01,2025-04,XBean,1,0,0.000000
JIRA,jira,project,2025-01_to_2025-04,2025-01,2025-04,XML Commons,1,0,0.000000
JIRA,jira,project,2025-01_to_2025-04,2025-01,2025-04,Xerces,2,1,0.500000
JIRA,jira,project,2025-01_to_2025-04,2025-01,2025-04,Xerces2,4,2,0.500000
JIRA,jira,project,2025-01_to_2025-04,2025-01,2025-04,Yetus,3,0,0.000000
JIRA,jira,project,2025-01_to_2025-04,2025-01,2025-04,Zeppelin,28,5,0.178571
JIRA,jira,project,2025-01_to_2025-04,2025-01,2025-04,Zero Trust Workload Identity Manager,11,0,0.000000
JIRA,jira,project,2025-01_to_2025-04,2025-01,2025-04,ZooKeeper,35,3,0.085714
JIRA,jira,project,2025-01_to_2025-04,2025-01,2025-04,anaconda installer,91,1,0.010989
JIRA,jira,project,2025-01_to_2025-04,2025-01,2025-04,cTAKES,1,0,0.000000
JIRA,jira,project,2025-01_to_2025-04,2025-01,2025-04,jBPM,3,0,0.000000
JIRA,jira,project,2025-01_to_2025-04,2025-01,2025-04,jclouds (Retired) (Retired),3,2,0.666667
JIRA,jira,project,2025-01_to_2025-04,2025-01,2025-04,mod_cluster,4,0,0.000000
JIRA,jira,project,2025-01_to_2025-04,2025-01,2025-04,repository.jboss.org/nexus,22,0,0.000000
JIRA,jira,project,2025-05_to_2025-08,2025-05,2025-08,AI Platform Core Components,1410,104,0.073759
JIRA,jira,project,2025-05_to_2025-08,2025-05,2025-08,AMQ Broker,95,7,0.073684
JIRA,jira,project,2025-05_to_2025-08,2025-05,2025-08,AMQ Clients,4,0,0.000000
JIRA,jira,project,2025-05_to_2025-08,2025-05,2025-08,AMQ Streams,82,3,0.036585
JIRA,jira,project,2025-05_to_2025-08,2025-05,2025-08,AMQ Streams Flink,19,0,0.000000
JIRA,jira,project,2025-05_to_2025-08,2025-05,2025-08,AMQ Streams Kafka Proxy,12,0,0.000000
JIRA,jira,project,2025-05_to_2025-08,2025-05,2025-08,ActiveMQ (Read,64,3,0.046875
JIRA,jira,project,2025-05_to_2025-08,2025-05,2025-08,ActiveMQ .Net,4,0,0.000000
JIRA,jira,project,2025-05_to_2025-08,2025-05,2025-08,ActiveMQ C++ Client,1,1,1.000000
JIRA,jira,project,2025-05_to_2025-08,2025-05,2025-08,ActiveObjects,45,1,0.022222
JIRA,jira,project,2025-05_to_2025-08,2025-05,2025-08,Admin Experience,146,5,0.034247
JIRA,jira,project,2025-05_to_2025-08,2025-05,2025-08,AeroGear,6,0,0.000000
JIRA,jira,project,2025-05_to_2025-08,2025-05,2025-08,Agent,94,2,0.021277
JIRA,jira,project,2025-05_to_2025-08,2025-05,2025-08,Agroal,15,2,0.133333
JIRA,jira,project,2025-05_to_2025-08,2025-05,2025-08,Airavata,2,1,0.500000
JIRA,jira,project,2025-05_to_2025-08,2025-05,2025-08,Ambari,49,3,0.061224
JIRA,jira,project,2025-05_to_2025-08,2025-05,2025-08,Analytics,88,0,0.000000
JIRA,jira,project,2025-05_to_2025-08,2025-05,2025-08,Ansible Automation Platform RFEs,186,2,0.010753
JIRA,jira,project,2025-05_to_2025-08,2025-05,2025-08,Ansible Strategy,1,0,0.000000
JIRA,jira,project,2025-05_to_2025-08,2025-05,2025-08,Apache AsterixDB,37,2,0.054054
JIRA,jira,project,2025-05_to_2025-08,2025-05,2025-08,Apache Avro,43,3,0.069767
JIRA,jira,project,2025-05_to_2025-08,2025-05,2025-08,Apache Cassandra,260,49,0.188462
JIRA,jira,project,2025-05_to_2025-08,2025-05,2025-08,Apache Cassandra Analytics,35,7,0.200000
JIRA,jira,project,2025-05_to_2025-08,2025-05,2025-08,Apache Cassandra C/C++ driver,1,0,0.000000
JIRA,jira,project,2025-05_to_2025-08,2025-05,2025-08,Apache Cassandra Go driver,15,0,0.000000
JIRA,jira,project,2025-05_to_2025-08,2025-05,2025-08,Apache Cassandra Java driver,10,2,0.200000
JIRA,jira,project,2025-05_to_2025-08,2025-05,2025-08,Apache Cassandra Python driver,1,0,0.000000
JIRA,jira,project,2025-05_to_2025-08,2025-05,2025-08,Apache Celeborn,147,9,0.061224
JIRA,jira,project,2025-05_to_2025-08,2025-05,2025-08,Apache Doris,1,0,0.000000
JIRA,jira,project,2025-05_to_2025-08,2025-05,2025-08,Apache Drill,9,3,0.333333
JIRA,jira,project,2025-05_to_2025-08,2025-05,2025-08,Apache Fineract,86,3,0.034884
JIRA,jira,project,2025-05_to_2025-08,2025-05,2025-08,Apache Freemarker,1,1,1.000000
JIRA,jira,project,2025-05_to_2025-08,2025-05,2025-08,Apache Gluten (incubating),1,0,0.000000
JIRA,jira,project,2025-05_to_2025-08,2025-05,2025-08,Apache Gobblin,18,0,0.000000
JIRA,jira,project,2025-05_to_2025-08,2025-05,2025-08,Apache Hudi,420,10,0.023810
JIRA,jira,project,2025-05_to_2025-08,2025-05,2025-08,Apache Knox,45,6,0.133333
JIRA,jira,project,2025-05_to_2025-08,2025-05,2025-08,Apache NiFi,416,39,0.093750
JIRA,jira,project,2025-05_to_2025-08,2025-05,2025-08,Apache NiFi MiNiFi C++,51,0,0.000000
JIRA,jira,project,2025-05_to_2025-08,2025-05,2025-08,Apache Ozone,687,37,0.053857
JIRA,jira,project,2025-05_to_2025-08,2025-05,2025-08,Apache RAT,9,2,0.222222
JIRA,jira,project,2025-05_to_2025-08,2025-05,2025-08,Apache Science Data Analytics Platform,2,0,0.000000
JIRA,jira,project,2025-05_to_2025-08,2025-05,2025-08,Apache Sedona,10,1,0.100000
JIRA,jira,project,2025-05_to_2025-08,2025-05,2025-08,Apache Tez,19,4,0.210526
JIRA,jira,project,2025-05_to_2025-08,2025-05,2025-08,Apache Training,4,1,0.250000
JIRA,jira,project,2025-05_to_2025-08,2025-05,2025-08,Apache Unomi,9,0,0.000000
JIRA,jira,project,2025-05_to_2025-08,2025-05,2025-08,Apache Whisker,2,0,0.000000
JIRA,jira,project,2025-05_to_2025-08,2025-05,2025-08,Apache YuniKorn,44,3,0.068182
JIRA,jira,project,2025-05_to_2025-08,2025-05,2025-08,Apicurio Product Team,1,0,0.000000
JIRA,jira,project,2025-05_to_2025-08,2025-05,2025-08,AppFormer,1,0,0.000000
JIRA,jira,project,2025-05_to_2025-08,2025-05,2025-08,Aries,15,0,0.000000
JIRA,jira,project,2025-05_to_2025-08,2025-05,2025-08,Artemis,180,19,0.105556
JIRA,jira,project,2025-05_to_2025-08,2025-05,2025-08,Atlas,127,12,0.094488
JIRA,jira,project,2025-05_to_2025-08,2025-05,2025-08,Atlas SQL,11,0,0.000000
JIRA,jira,project,2025-05_to_2025-08,2025-05,2025-08,Atlassian Cache,1,0,0.000000
JIRA,jira,project,2025-05_to_2025-08,2025-05,2025-08,Atlassian Cloud,145,2,0.013793
JIRA,jira,project,2025-05_to_2025-08,2025-05,2025-08,Atlassian Connect Express (Node.js),1,0,0.000000
JIRA,jira,project,2025-05_to_2025-08,2025-05,2025-08,Atlassian Connect Spring Boot,1,0,0.000000
JIRA,jira,project,2025-05_to_2025-08,2025-05,2025-08,Atlassian Ecosystem,183,9,0.049180
JIRA,jira,project,2025-05_to_2025-08,2025-05,2025-08,Atlassian Guard,105,2,0.019048
JIRA,jira,project,2025-05_to_2025-08,2025-05,2025-08,Atlassian Intelligence,74,3,0.040541
JIRA,jira,project,2025-05_to_2025-08,2025-05,2025-08,Atlassian Internationalization,60,1,0.016667
JIRA,jira,project,2025-05_to_2025-08,2025-05,2025-08,Atlassian Marketplace,73,2,0.027397
JIRA,jira,project,2025-05_to_2025-08,2025-05,2025-08,Atlassian Maven Plugin Suite,28,0,0.000000
JIRA,jira,project,2025-05_to_2025-08,2025-05,2025-08,Atlassian OAuth 2.0,3,0,0.000000
JIRA,jira,project,2025-05_to_2025-08,2025-05,2025-08,Atlassian OAuth Plugin,1,0,0.000000
JIRA,jira,project,2025-05_to_2025-08,2025-05,2025-08,Atlassian Plugins Webresources,3,0,0.000000
JIRA,jira,project,2025-05_to_2025-08,2025-05,2025-08,Atlassian Product Integrations,16,0,0.000000
JIRA,jira,project,2025-05_to_2025-08,2025-05,2025-08,Atlassian REST,2,0,0.000000
JIRA,jira,project,2025-05_to_2025-08,2025-05,2025-08,Atlassian Troubleshooting & Support Tools Plugin,5,0,0.000000
JIRA,jira,project,2025-05_to_2025-08,2025-05,2025-08,Atlassian User Interface,4,0,0.000000
JIRA,jira,project,2025-05_to_2025-08,2025-05,2025-08,Atlassian WebHooks Plugin,1,0,0.000000
JIRA,jira,project,2025-05_to_2025-08,2025-05,2025-08,Attic,3,0,0.000000
JIRA,jira,project,2025-05_to_2025-08,2025-05,2025-08,Automation for Cloud,192,9,0.046875
JIRA,jira,project,2025-05_to_2025-08,2025-05,2025-08,Automation for Jira Server,25,0,0.000000
JIRA,jira,project,2025-05_to_2025-08,2025-05,2025-08,Axis2,3,2,0.666667
JIRA,jira,project,2025-05_to_2025-08,2025-05,2025-08,Bamboo Data Center,91,9,0.098901
JIRA,jira,project,2025-05_to_2025-08,2025-05,2025-08,Batik,2,1,0.500000
JIRA,jira,project,2025-05_to_2025-08,2025-05,2025-08,Bigtop,79,13,0.164557
JIRA,jira,project,2025-05_to_2025-08,2025-05,2025-08,Bitbucket Cloud,147,2,0.013605
JIRA,jira,project,2025-05_to_2025-08,2025-05,2025-08,Bitbucket Data Center,106,5,0.047170
JIRA,jira,project,2025-05_to_2025-08,2025-05,2025-08,Byteman,1,1,1.000000
JIRA,jira,project,2025-05_to_2025-08,2025-05,2025-08,C Driver,81,3,0.037037
JIRA,jira,project,2025-05_to_2025-08,2025-05,2025-08,C# Driver,135,7,0.051852
JIRA,jira,project,2025-05_to_2025-08,2025-05,2025-08,C++ Driver,54,2,0.037037
JIRA,jira,project,2025-05_to_2025-08,2025-05,2025-08,CCS documentation feedback,3,0,0.000000
JIRA,jira,project,2025-05_to_2025-08,2025-05,2025-08,CKI Project,1,0,0.000000
JIRA,jira,project,2025-05_to_2025-08,2025-05,2025-08,CPE Infrastructure,408,0,0.000000
JIRA,jira,project,2025-05_to_2025-08,2025-05,2025-08,CXF,31,9,0.290323
JIRA,jira,project,2025-05_to_2025-08,2025-05,2025-08,CXF XJC Utils,1,1,1.000000
JIRA,jira,project,2025-05_to_2025-08,2025-05,2025-08,Calcite,160,45,0.281250
JIRA,jira,project,2025-05_to_2025-08,2025-05,2025-08,Camel,362,60,0.165746
JIRA,jira,project,2025-05_to_2025-08,2025-05,2025-08,Candlepin,2,0,0.000000
JIRA,jira,project,2025-05_to_2025-08,2025-05,2025-08,Causeway,14,2,0.142857
JIRA,jira,project,2025-05_to_2025-08,2025-05,2025-08,Cayenne,6,1,0.166667
JIRA,jira,project,2025-05_to_2025-08,2025-05,2025-08,CentOS Stream Pipeline,86,17,0.197674
JIRA,jira,project,2025-05_to_2025-08,2025-05,2025-08,Cert Manager support for Red Hat OpenShift,50,3,0.060000
JIRA,jira,project,2025-05_to_2025-08,2025-05,2025-08,Certification Partner Experience Public,22,0,0.000000
JIRA,jira,project,2025-05_to_2025-08,2025-05,2025-08,Clair,25,0,0.000000
JIRA,jira,project,2025-05_to_2025-08,2025-05,2025-08,Client,1,0,0.000000
JIRA,jira,project,2025-05_to_2025-08,2025-05,2025-08,Cloud Enablement,7,0,0.000000
JIRA,jira,project,2025-05_to_2025-08,2025-05,2025-08,Cloud Infrastructure Security & Compliance,92,7,0.076087
JIRA,jira,project,2025-05_to_2025-08,2025-05,2025-08,Cloud Native Runtimes (CNR) Documentation,6,0,0.000000
JIRA,jira,project,2025-05_to_2025-08,2025-05,2025-08,Cluster Integration and Delivery,71,2,0.028169
JIRA,jira,project,2025-05_to_2025-08,2025-05,2025-08,Cluster Observability Operator,180,25,0.138889
JIRA,jira,project,2025-05_to_2025-08,2025-05,2025-08,Cockpit,26,1,0.038462
JIRA,jira,project,2025-05_to_2025-08,2025-05,2025-08,Coin,14,4,0.285714
JIRA,jira,project,2025-05_to_2025-08,2025-05,2025-08,Commerce,18,2,0.111111
JIRA,jira,project,2025-05_to_2025-08,2025-05,2025-08,Commons BeanUtils,1,0,0.000000
JIRA,jira,project,2025-05_to_2025-08,2025-05,2025-08,Commons CLI,9,9,1.000000
JIRA,jira,project,2025-05_to_2025-08,2025-05,2025-08,Commons CSV,3,0,0.000000
JIRA,jira,project,2025-05_to_2025-08,2025-05,2025-08,Commons Codec,6,1,0.166667
JIRA,jira,project,2025-05_to_2025-08,2025-05,2025-08,Commons Collections,3,0,0.000000
JIRA,jira,project,2025-05_to_2025-08,2025-05,2025-08,Commons Compress,10,4,0.400000
JIRA,jira,project,2025-05_to_2025-08,2025-05,2025-08,Commons Configuration,2,0,0.000000
JIRA,jira,project,2025-05_to_2025-08,2025-05,2025-08,Commons Daemon,2,1,0.500000
JIRA,jira,project,2025-05_to_2025-08,2025-05,2025-08,Commons Exec,1,1,1.000000
JIRA,jira,project,2025-05_to_2025-08,2025-05,2025-08,Commons FileUpload,6,1,0.166667
JIRA,jira,project,2025-05_to_2025-08,2025-05,2025-08,Commons IO,2,0,0.000000
JIRA,jira,project,2025-05_to_2025-08,2025-05,2025-08,Commons Imaging,1,0,0.000000
JIRA,jira,project,2025-05_to_2025-08,2025-05,2025-08,Commons JCS,2,2,1.000000
JIRA,jira,project,2025-05_to_2025-08,2025-05,2025-08,Commons JEXL,6,2,0.333333
JIRA,jira,project,2025-05_to_2025-08,2025-05,2025-08,Commons Lang,15,2,0.133333
JIRA,jira,project,2025-05_to_2025-08,2025-05,2025-08,Commons Logging,1,0,0.000000
JIRA,jira,project,2025-05_to_2025-08,2025-05,2025-08,Commons Math,10,6,0.600000
JIRA,jira,project,2025-05_to_2025-08,2025-05,2025-08,Commons Net,1,1,1.000000
JIRA,jira,project,2025-05_to_2025-08,2025-05,2025-08,Commons Pool,3,0,0.000000
JIRA,jira,project,2025-05_to_2025-08,2025-05,2025-08,Commons Statistics,1,0,0.000000
JIRA,jira,project,2025-05_to_2025-08,2025-05,2025-08,Commons Text,2,1,0.500000
JIRA,jira,project,2025-05_to_2025-08,2025-05,2025-08,Commons VFS,1,0,0.000000
JIRA,jira,project,2025-05_to_2025-08,2025-05,2025-08,Commons Validator,1,0,0.000000
JIRA,jira,project,2025-05_to_2025-08,2025-05,2025-08,Commons Weaver,1,0,0.000000
JIRA,jira,project,2025-05_to_2025-08,2025-05,2025-08,Community Development,4,0,0.000000
JIRA,jira,project,2025-05_to_2025-08,2025-05,2025-08,Community Linux Engineering,531,14,0.026365
JIRA,jira,project,2025-05_to_2025-08,2025-05,2025-08,Compass,453,88,0.194260
JIRA,jira,project,2025-05_to_2025-08,2025-05,2025-08,Confluence Cloud,974,42,0.043121
JIRA,jira,project,2025-05_to_2025-08,2025-05,2025-08,Confluence Data Center,246,39,0.158537
JIRA,jira,project,2025-05_to_2025-08,2025-05,2025-08,Connectivity Link,52,0,0.000000
JIRA,jira,project,2025-05_to_2025-08,2025-05,2025-08,Container Tools,338,55,0.162722
JIRA,jira,project,2025-05_to_2025-08,2025-05,2025-08,Content Gateway,4,0,0.000000
JIRA,jira,project,2025-05_to_2025-08,2025-05,2025-08,Contrib: Evaluation System,3,0,0.000000
JIRA,jira,project,2025-05_to_2025-08,2025-05,2025-08,Contrib: Gradebook2,1,0,0.000000
JIRA,jira,project,2025-05_to_2025-08,2025-05,2025-08,Core Server,4628,475,0.102636
JIRA,jira,project,2025-05_to_2025-08,2025-05,2025-08,CoreOS OCP,259,13,0.050193
JIRA,jira,project,2025-05_to_2025-08,2025-05,2025-08,Cost Management,15,0,0.000000
JIRA,jira,project,2025-05_to_2025-08,2025-05,2025-08,Crowd Data Center,20,0,0.000000
JIRA,jira,project,2025-05_to_2025-08,2025-05,2025-08,Crucible,2,0,0.000000
JIRA,jira,project,2025-05_to_2025-08,2025-05,2025-08,Daffodil,43,4,0.093023
JIRA,jira,project,2025-05_to_2025-08,2025-05,2025-08,Data Foundation Bugs,77,31,0.402597
JIRA,jira,project,2025-05_to_2025-08,2025-05,2025-08,DataFu,1,0,0.000000
JIRA,jira,project,2025-05_to_2025-08,2025-05,2025-08,Debezium,371,98,0.264151
JIRA,jira,project,2025-05_to_2025-08,2025-05,2025-08,Derby (Retired),1,0,0.000000
JIRA,jira,project,2025-05_to_2025-08,2025-05,2025-08,Directory ApacheDS,2,0,0.000000
JIRA,jira,project,2025-05_to_2025-08,2025-05,2025-08,Directory Kerberos,1,0,0.000000
JIRA,jira,project,2025-05_to_2025-08,2025-05,2025-08,Distributed Tracing,163,10,0.061350
JIRA,jira,project,2025-05_to_2025-08,2025-05,2025-08,Docs for Red Hat Developers,100,0,0.000000
JIRA,jira,project,2025-05_to_2025-08,2025-05,2025-08,Dogtag PKI,130,42,0.323077
JIRA,jira,project,2025-05_to_2025-08,2025-05,2025-08,Drivers,67,6,0.089552
JIRA,jira,project,2025-05_to_2025-08,2025-05,2025-08,Drools,4,0,0.000000
JIRA,jira,project,2025-05_to_2025-08,2025-05,2025-08,EAP Documentation,53,1,0.018868
JIRA,jira,project,2025-05_to_2025-08,2025-05,2025-08,Elytron Web,11,0,0.000000
JIRA,jira,project,2025-05_to_2025-08,2025-05,2025-08,Emerging RHEL,5,0,0.000000
JIRA,jira,project,2025-05_to_2025-08,2025-05,2025-08,Empire,13,0,0.000000
JIRA,jira,project,2025-05_to_2025-08,2025-05,2025-08,Entity Framework,58,8,0.137931
JIRA,jira,project,2025-05_to_2025-08,2025-05,2025-08,Extension for Hibernate ORM,23,2,0.086957
JIRA,jira,project,2025-05_to_2025-08,2025-05,2025-08,External Secrets Operator for Red Hat OpenShift,100,4,0.040000
JIRA,jira,project,2025-05_to_2025-08,2025-05,2025-08,FOP,17,1,0.058824
JIRA,jira,project,2025-05_to_2025-08,2025-05,2025-08,FORTRESS,7,1,0.142857
JIRA,jira,project,2025-05_to_2025-08,2025-05,2025-08,Fast Datapath Product,218,47,0.215596
JIRA,jira,project,2025-05_to_2025-08,2025-05,2025-08,Fedora,474,133,0.280591
JIRA,jira,project,2025-05_to_2025-08,2025-05,2025-08,Felix,29,2,0.068966
JIRA,jira,project,2025-05_to_2025-08,2025-05,2025-08,FishEye,4,0,0.000000
JIRA,jira,project,2025-05_to_2025-08,2025-05,2025-08,FlightPath,343,21,0.061224
JIRA,jira,project,2025-05_to_2025-08,2025-05,2025-08,Flink,555,76,0.136937
JIRA,jira,project,2025-05_to_2025-08,2025-05,2025-08,Focus,22,0,0.000000
JIRA,jira,project,2025-05_to_2025-08,2025-05,2025-08,Forge,112,7,0.062500
JIRA,jira,project,2025-05_to_2025-08,2025-05,2025-08,Geode,4,2,0.500000
JIRA,jira,project,2025-05_to_2025-08,2025-05,2025-08,Go Driver,101,12,0.118812
JIRA,jira,project,2025-05_to_2025-08,2025-05,2025-08,Groovy,104,34,0.326923
JIRA,jira,project,2025-05_to_2025-08,2025-05,2025-08,Guacamole,68,16,0.235294
JIRA,jira,project,2025-05_to_2025-08,2025-05,2025-08,HAL,8,3,0.375000
JIRA,jira,project,2025-05_to_2025-08,2025-05,2025-08,HBase,280,54,0.192857
JIRA,jira,project,2025-05_to_2025-08,2025-05,2025-08,HMS ,3,0,0.000000
JIRA,jira,project,2025-05_to_2025-08,2025-05,2025-08,Hadoop Common,114,69,0.605263
JIRA,jira,project,2025-05_to_2025-08,2025-05,2025-08,Hadoop HDFS,46,26,0.565217
JIRA,jira,project,2025-05_to_2025-08,2025-05,2025-08,Hadoop Map/Reduce,11,3,0.272727
JIRA,jira,project,2025-05_to_2025-08,2025-05,2025-08,Hadoop YARN,40,22,0.550000
JIRA,jira,project,2025-05_to_2025-08,2025-05,2025-08,HawtIO,17,4,0.235294
JIRA,jira,project,2025-05_to_2025-08,2025-05,2025-08,Hive,231,51,0.220779
JIRA,jira,project,2025-05_to_2025-08,2025-05,2025-08,HttpComponents HttpClient,26,7,0.269231
JIRA,jira,project,2025-05_to_2025-08,2025-05,2025-08,HttpComponents HttpCore,2,1,0.500000
JIRA,jira,project,2025-05_to_2025-08,2025-05,2025-08,Hybrid Cloud Console,1026,28,0.027290
JIRA,jira,project,2025-05_to_2025-08,2025-05,2025-08,Hybrid Cloud Infrastructure Documentation,59,0,0.000000
JIRA,jira,project,2025-05_to_2025-08,2025-05,2025-08,IMPALA,349,90,0.257880
JIRA,jira,project,2025-05_to_2025-08,2025-05,2025-08,Identity,48,2,0.041667
JIRA,jira,project,2025-05_to_2025-08,2025-05,2025-08,Ignite,1074,145,0.135009
JIRA,jira,project,2025-05_to_2025-08,2025-05,2025-08,Incubator,3,1,0.333333
JIRA,jira,project,2025-05_to_2025-08,2025-05,2025-08,Insights Experiences,624,13,0.020833
JIRA,jira,project,2025-05_to_2025-08,2025-05,2025-08,Insights Rule Analysis Tool,1,0,0.000000
JIRA,jira,project,2025-05_to_2025-08,2025-05,2025-08,Intel IPU Collaboration,1,0,0.000000
JIRA,jira,project,2025-05_to_2025-08,2025-05,2025-08,IronJacamar,4,1,0.250000
JIRA,jira,project,2025-05_to_2025-08,2025-05,2025-08,Ivy,6,0,0.000000
JIRA,jira,project,2025-05_to_2025-08,2025-05,2025-08,JBoss Core Services,12,1,0.083333
JIRA,jira,project,2025-05_to_2025-08,2025-05,2025-08,JBoss Enterprise Application Platform,436,61,0.139908
JIRA,jira,project,2025-05_to_2025-08,2025-05,2025-08,JBoss Log Manager,3,0,0.000000
JIRA,jira,project,2025-05_to_2025-08,2025-05,2025-08,JBoss Logging,1,0,0.000000
JIRA,jira,project,2025-05_to_2025-08,2025-05,2025-08,JBoss Metadata,4,0,0.000000
JIRA,jira,project,2025-05_to_2025-08,2025-05,2025-08,JBoss Server Migration Tool,2,0,0.000000
JIRA,jira,project,2025-05_to_2025-08,2025-05,2025-08,JBoss Transaction Manager,14,1,0.071429
JIRA,jira,project,2025-05_to_2025-08,2025-05,2025-08,JBoss Web Server,25,0,0.000000
JIRA,jira,project,2025-05_to_2025-08,2025-05,2025-08,JBoss Web Services,4,0,0.000000
JIRA,jira,project,2025-05_to_2025-08,2025-05,2025-08,JDO,1,0,0.000000
JIRA,jira,project,2025-05_to_2025-08,2025-05,2025-08,JGroups,52,6,0.115385
JIRA,jira,project,2025-05_to_2025-08,2025-05,2025-08,JSPWiki,2,0,0.000000
JIRA,jira,project,2025-05_to_2025-08,2025-05,2025-08,Jackrabbit Content Repository,43,0,0.000000
JIRA,jira,project,2025-05_to_2025-08,2025-05,2025-08,Jackrabbit FileVault,12,3,0.250000
JIRA,jira,project,2025-05_to_2025-08,2025-05,2025-08,Jackrabbit Oak,196,21,0.107143
JIRA,jira,project,2025-05_to_2025-08,2025-05,2025-08,James Mime4j,2,1,0.500000
JIRA,jira,project,2025-05_to_2025-08,2025-05,2025-08,James Server,13,0,0.000000
JIRA,jira,project,2025-05_to_2025-08,2025-05,2025-08,James jDKIM,1,0,0.000000
JIRA,jira,project,2025-05_to_2025-08,2025-05,2025-08,Java Driver,85,7,0.082353
JIRA,jira,project,2025-05_to_2025-08,2025-05,2025-08,Jira Admin Support,1,0,0.000000
JIRA,jira,project,2025-05_to_2025-08,2025-05,2025-08,Jira Align,332,4,0.012048
JIRA,jira,project,2025-05_to_2025-08,2025-05,2025-08,Jira Cloud,4,0,0.000000
JIRA,jira,project,2025-05_to_2025-08,2025-05,2025-08,Jira Data Center,235,15,0.063830
JIRA,jira,project,2025-05_to_2025-08,2025-05,2025-08,Jira Performance Testing Tools,1,0,0.000000
JIRA,jira,project,2025-05_to_2025-08,2025-05,2025-08,Jira Platform Cloud,1382,28,0.020260
JIRA,jira,project,2025-05_to_2025-08,2025-05,2025-08,Jira Service Management Cloud,879,32,0.036405
JIRA,jira,project,2025-05_to_2025-08,2025-05,2025-08,Jira Service Management Data Center,174,4,0.022989
JIRA,jira,project,2025-05_to_2025-08,2025-05,2025-08,Jira Software Data Center,104,2,0.019231
JIRA,jira,project,2025-05_to_2025-08,2025-05,2025-08,Jira Work Management Cloud,31,0,0.000000
JIRA,jira,project,2025-05_to_2025-08,2025-05,2025-08,Johnzon,7,1,0.142857
JIRA,jira,project,2025-05_to_2025-08,2025-05,2025-08,Kafka,434,41,0.094470
JIRA,jira,project,2025-05_to_2025-08,2025-05,2025-08,Kafka Connector,8,1,0.125000
JIRA,jira,project,2025-05_to_2025-08,2025-05,2025-08,Kaoto,5,0,0.000000
JIRA,jira,project,2025-05_to_2025-08,2025-05,2025-08,Karaf,48,7,0.145833
JIRA,jira,project,2025-05_to_2025-08,2025-05,2025-08,Knative Serving,12,0,0.000000
JIRA,jira,project,2025-05_to_2025-08,2025-05,2025-08,Konflux UI,258,3,0.011628
JIRA,jira,project,2025-05_to_2025-08,2025-05,2025-08,Kudu,32,6,0.187500
JIRA,jira,project,2025-05_to_2025-08,2025-05,2025-08,Kylin,3,0,0.000000
JIRA,jira,project,2025-05_to_2025-08,2025-05,2025-08,Legal Discuss,10,0,0.000000
JIRA,jira,project,2025-05_to_2025-08,2025-05,2025-08,Libmongocrypt,37,2,0.054054
JIRA,jira,project,2025-05_to_2025-08,2025-05,2025-08,Livy,5,0,0.000000
JIRA,jira,project,2025-05_to_2025-08,2025-05,2025-08,Log4net,1,0,0.000000
JIRA,jira,project,2025-05_to_2025-08,2025-05,2025-08,Loom,202,0,0.000000
JIRA,jira,project,2025-05_to_2025-08,2025-05,2025-08,Lucene4c,1,0,0.000000
JIRA,jira,project,2025-05_to_2025-08,2025-05,2025-08,MINA SSHD,1,0,0.000000
JIRA,jira,project,2025-05_to_2025-08,2025-05,2025-08,Machine Config Operator,183,3,0.016393
JIRA,jira,project,2025-05_to_2025-08,2025-05,2025-08,Managed Service ,10,0,0.000000
JIRA,jira,project,2025-05_to_2025-08,2025-05,2025-08,ManifoldCF,2,0,0.000000
JIRA,jira,project,2025-05_to_2025-08,2025-05,2025-08,MariaDB ColumnStore,166,24,0.144578
JIRA,jira,project,2025-05_to_2025-08,2025-05,2025-08,MariaDB Connector/C,17,7,0.411765
JIRA,jira,project,2025-05_to_2025-08,2025-05,2025-08,MariaDB Connector/C++,1,0,0.000000
JIRA,jira,project,2025-05_to_2025-08,2025-05,2025-08,MariaDB Connector/J,28,7,0.250000
JIRA,jira,project,2025-05_to_2025-08,2025-05,2025-08,MariaDB Connector/ODBC,11,2,0.181818
JIRA,jira,project,2025-05_to_2025-08,2025-05,2025-08,MariaDB Connector/Python,10,2,0.200000
JIRA,jira,project,2025-05_to_2025-08,2025-05,2025-08,MariaDB Connector/node.js,8,0,0.000000
JIRA,jira,project,2025-05_to_2025-08,2025-05,2025-08,MariaDB Foundation Development,56,9,0.160714
JIRA,jira,project,2025-05_to_2025-08,2025-05,2025-08,MariaDB MaxScale,341,7,0.020528
JIRA,jira,project,2025-05_to_2025-08,2025-05,2025-08,MariaDB Server,800,409,0.511250
JIRA,jira,project,2025-05_to_2025-08,2025-05,2025-08,Marvell DPU Collaboration,11,0,0.000000
JIRA,jira,project,2025-05_to_2025-08,2025-05,2025-08,Maven (Moved to GitHub Issues),53,11,0.207547
JIRA,jira,project,2025-05_to_2025-08,2025-05,2025-08,Maven Doxia Tools (Moved to GitHub Issues),1,0,0.000000
JIRA,jira,project,2025-05_to_2025-08,2025-05,2025-08,Maven Indexer (Moved to GitHub Issues),14,0,0.000000
JIRA,jira,project,2025-05_to_2025-08,2025-05,2025-08,Maven Resolver (Moved to GitHub Issues),6,1,0.166667
JIRA,jira,project,2025-05_to_2025-08,2025-05,2025-08,Maven Shared Components,3,1,0.333333
JIRA,jira,project,2025-05_to_2025-08,2025-05,2025-08,Maven Wagon (Moved to GitHub Issues),1,0,0.000000
JIRA,jira,project,2025-05_to_2025-08,2025-05,2025-08,Maven Wrapper (Moved to GitHub Issues),1,0,0.000000
JIRA,jira,project,2025-05_to_2025-08,2025-05,2025-08,MicroShift,157,0,0.000000
JIRA,jira,project,2025-05_to_2025-08,2025-05,2025-08,Migration Platform,92,9,0.097826
JIRA,jira,project,2025-05_to_2025-08,2025-05,2025-08,Migration Toolkit for Applications,789,169,0.214195
JIRA,jira,project,2025-05_to_2025-08,2025-05,2025-08,Migration Toolkit for Virtualization,696,70,0.100575
JIRA,jira,project,2025-05_to_2025-08,2025-05,2025-08,ModeShape,80,0,0.000000
JIRA,jira,project,2025-05_to_2025-08,2025-05,2025-08,MongoDB Database Tools,66,13,0.196970
JIRA,jira,project,2025-05_to_2025-08,2025-05,2025-08,MongoDB MCP Server,152,3,0.019737
JIRA,jira,project,2025-05_to_2025-08,2025-05,2025-08,MongoDB Shell,428,313,0.731308
JIRA,jira,project,2025-05_to_2025-08,2025-05,2025-08,MongoDB for IntelliJ Plugin,47,0,0.000000
JIRA,jira,project,2025-05_to_2025-08,2025-05,2025-08,Mongoid,29,4,0.137931
JIRA,jira,project,2025-05_to_2025-08,2025-05,2025-08,Motor,15,4,0.266667
JIRA,jira,project,2025-05_to_2025-08,2025-05,2025-08,Multiple Architecture Enablement,67,4,0.059701
JIRA,jira,project,2025-05_to_2025-08,2025-05,2025-08,MyFaces Core,9,2,0.222222
JIRA,jira,project,2025-05_to_2025-08,2025-05,2025-08,MyFaces Tobago,26,0,0.000000
JIRA,jira,project,2025-05_to_2025-08,2025-05,2025-08,MyFaces Tomahawk,1,0,0.000000
JIRA,jira,project,2025-05_to_2025-08,2025-05,2025-08,Network Edge,93,1,0.010753
JIRA,jira,project,2025-05_to_2025-08,2025-05,2025-08,Network Hardware Enablement,99,5,0.050505
JIRA,jira,project,2025-05_to_2025-08,2025-05,2025-08,Network Observability,114,12,0.105263
JIRA,jira,project,2025-05_to_2025-08,2025-05,2025-08,NiFi Improvement Proposal,4,0,0.000000
JIRA,jira,project,2025-05_to_2025-08,2025-05,2025-08,Node.js Driver,186,4,0.021505
JIRA,jira,project,2025-05_to_2025-08,2025-05,2025-08,Nutch,14,2,0.142857
JIRA,jira,project,2025-05_to_2025-08,2025-05,2025-08,OCMUI ,322,6,0.018634
JIRA,jira,project,2025-05_to_2025-08,2025-05,2025-08,OCP Technical Release Team,169,12,0.071006
JIRA,jira,project,2025-05_to_2025-08,2025-05,2025-08,ODATA,3,1,0.333333
JIRA,jira,project,2025-05_to_2025-08,2025-05,2025-08,OFBiz,59,8,0.135593
JIRA,jira,project,2025-05_to_2025-08,2025-05,2025-08,OPCT ,4,0,0.000000
JIRA,jira,project,2025-05_to_2025-08,2025-05,2025-08,ORC,96,3,0.031250
JIRA,jira,project,2025-05_to_2025-08,2025-05,2025-08,Observability Documentation,254,1,0.003937
JIRA,jira,project,2025-05_to_2025-08,2025-05,2025-08,Observability UI,177,5,0.028249
JIRA,jira,project,2025-05_to_2025-08,2025-05,2025-08,Observability and Data Analysis Program,44,1,0.022727
JIRA,jira,project,2025-05_to_2025-08,2025-05,2025-08,Olingo,5,0,0.000000
JIRA,jira,project,2025-05_to_2025-08,2025-05,2025-08,On Prem Networking,27,0,0.000000
JIRA,jira,project,2025-05_to_2025-08,2025-05,2025-08,Open Data Hub,1,0,0.000000
JIRA,jira,project,2025-05_to_2025-08,2025-05,2025-08,OpenJDK,75,3,0.040000
JIRA,jira,project,2025-05_to_2025-08,2025-05,2025-08,OpenJPA,6,1,0.166667
JIRA,jira,project,2025-05_to_2025-08,2025-05,2025-08,OpenNLP,38,1,0.026316
JIRA,jira,project,2025-05_to_2025-08,2025-05,2025-08,OpenOffice,1,1,1.000000
JIRA,jira,project,2025-05_to_2025-08,2025-05,2025-08,OpenShift API Server,4,0,0.000000
JIRA,jira,project,2025-05_to_2025-08,2025-05,2025-08,OpenShift API for Data Protection,550,85,0.154545
JIRA,jira,project,2025-05_to_2025-08,2025-05,2025-08,OpenShift Application Platform Engineering,95,0,0.000000
JIRA,jira,project,2025-05_to_2025-08,2025-05,2025-08,OpenShift Authentication,5,1,0.200000
JIRA,jira,project,2025-05_to_2025-08,2025-05,2025-08,OpenShift Autoscaling,71,0,0.000000
JIRA,jira,project,2025-05_to_2025-08,2025-05,2025-08,OpenShift Bugs,2988,1082,0.362115
JIRA,jira,project,2025-05_to_2025-08,2025-05,2025-08,OpenShift Builds,103,0,0.000000
JIRA,jira,project,2025-05_to_2025-08,2025-05,2025-08,OpenShift Cloud,158,2,0.012658
JIRA,jira,project,2025-05_to_2025-08,2025-05,2025-08,OpenShift Cloud Credential Operator,40,0,0.000000
JIRA,jira,project,2025-05_to_2025-08,2025-05,2025-08,OpenShift Console,183,1,0.005464
JIRA,jira,project,2025-05_to_2025-08,2025-05,2025-08,OpenShift Container Platform (OCP) Strategy,231,0,0.000000
JIRA,jira,project,2025-05_to_2025-08,2025-05,2025-08,OpenShift Core Networking,346,3,0.008671
JIRA,jira,project,2025-05_to_2025-08,2025-05,2025-08,OpenShift Data Foundation Request For Enhancement,24,5,0.208333
JIRA,jira,project,2025-05_to_2025-08,2025-05,2025-08,OpenShift Edge,30,0,0.000000
JIRA,jira,project,2025-05_to_2025-08,2025-05,2025-08,OpenShift Etcd,24,0,0.000000
JIRA,jira,project,2025-05_to_2025-08,2025-05,2025-08,OpenShift GitOps,467,23,0.049251
JIRA,jira,project,2025-05_to_2025-08,2025-05,2025-08,OpenShift Hive,60,3,0.050000
JIRA,jira,project,2025-05_to_2025-08,2025-05,2025-08,OpenShift Image Registry,4,0,0.000000
JIRA,jira,project,2025-05_to_2025-08,2025-05,2025-08,OpenShift Installer,198,1,0.005051
JIRA,jira,project,2025-05_to_2025-08,2025-05,2025-08,OpenShift Jenkins,28,1,0.035714
JIRA,jira,project,2025-05_to_2025-08,2025-05,2025-08,OpenShift Kueue,109,1,0.009174
JIRA,jira,project,2025-05_to_2025-08,2025-05,2025-08,OpenShift Logging,521,36,0.069098
JIRA,jira,project,2025-05_to_2025-08,2025-05,2025-08,OpenShift Migration Toolkit for Containers,18,5,0.277778
JIRA,jira,project,2025-05_to_2025-08,2025-05,2025-08,OpenShift Monitoring,116,12,0.103448
JIRA,jira,project,2025-05_to_2025-08,2025-05,2025-08,OpenShift Node,267,7,0.026217
JIRA,jira,project,2025-05_to_2025-08,2025-05,2025-08,OpenShift Over the Air,74,12,0.162162
JIRA,jira,project,2025-05_to_2025-08,2025-05,2025-08,OpenShift Pipelines,535,37,0.069159
JIRA,jira,project,2025-05_to_2025-08,2025-05,2025-08,OpenShift Request For Enhancement,424,3,0.007075
JIRA,jira,project,2025-05_to_2025-08,2025-05,2025-08,OpenShift Service Mesh,896,13,0.014509
JIRA,jira,project,2025-05_to_2025-08,2025-05,2025-08,OpenShift Specialist Platform Team,269,7,0.026022
JIRA,jira,project,2025-05_to_2025-08,2025-05,2025-08,OpenShift Storage,167,5,0.029940
JIRA,jira,project,2025-05_to_2025-08,2025-05,2025-08,OpenShift Virtualization,5435,204,0.037534
JIRA,jira,project,2025-05_to_2025-08,2025-05,2025-08,OpenShift Windows Containers,43,4,0.093023
JIRA,jira,project,2025-05_to_2025-08,2025-05,2025-08,OpenShift Workloads,22,1,0.045455
JIRA,jira,project,2025-05_to_2025-08,2025-05,2025-08,OpenStack Strategy,99,0,0.000000
JIRA,jira,project,2025-05_to_2025-08,2025-05,2025-08,OpenStack as Infra,145,0,0.000000
JIRA,jira,project,2025-05_to_2025-08,2025-05,2025-08,OpenWebBeans,1,0,0.000000
JIRA,jira,project,2025-05_to_2025-08,2025-05,2025-08,Openmeetings,7,0,0.000000
JIRA,jira,project,2025-05_to_2025-08,2025-05,2025-08,Openshift sandboxed containers,220,20,0.090909
JIRA,jira,project,2025-05_to_2025-08,2025-05,2025-08,Operator Ecosystem,2,0,0.000000
JIRA,jira,project,2025-05_to_2025-08,2025-05,2025-08,Operator Runtime,237,4,0.016878
JIRA,jira,project,2025-05_to_2025-08,2025-05,2025-08,Opsgenie,31,1,0.032258
JIRA,jira,project,2025-05_to_2025-08,2025-05,2025-08,Origin Community Distribution of Kubernetes,40,3,0.075000
JIRA,jira,project,2025-05_to_2025-08,2025-05,2025-08,PDFBox,60,15,0.250000
JIRA,jira,project,2025-05_to_2025-08,2025-05,2025-08,PHP Driver: Extension,37,1,0.027027
JIRA,jira,project,2025-05_to_2025-08,2025-05,2025-08,PHP Driver: Library,41,2,0.048780
JIRA,jira,project,2025-05_to_2025-08,2025-05,2025-08,PHP ORMs,49,2,0.040816
JIRA,jira,project,2025-05_to_2025-08,2025-05,2025-08,Performance and Scale for AI Platforms,1,0,0.000000
JIRA,jira,project,2025-05_to_2025-08,2025-05,2025-08,Phoenix,98,9,0.091837
JIRA,jira,project,2025-05_to_2025-08,2025-05,2025-08,Phoenix Omid,5,0,0.000000
JIRA,jira,project,2025-05_to_2025-08,2025-05,2025-08,Pig,4,1,0.250000
JIRA,jira,project,2025-05_to_2025-08,2025-05,2025-08,Podling Suitable Names Search,7,0,0.000000
JIRA,jira,project,2025-05_to_2025-08,2025-05,2025-08,Product Technical Learning,393,15,0.038168
JIRA,jira,project,2025-05_to_2025-08,2025-05,2025-08,Proforma Server & Data Centre,10,0,0.000000
JIRA,jira,project,2025-05_to_2025-08,2025-05,2025-08,Project Quay,244,29,0.118852
JIRA,jira,project,2025-05_to_2025-08,2025-05,2025-08,Python Driver,147,38,0.258503
JIRA,jira,project,2025-05_to_2025-08,2025-05,2025-08,Python Integrations,122,23,0.188525
JIRA,jira,project,2025-05_to_2025-08,2025-05,2025-08,"Qbs (""Cubes"")",12,3,0.250000
JIRA,jira,project,2025-05_to_2025-08,2025-05,2025-08,Qpid,19,4,0.210526
JIRA,jira,project,2025-05_to_2025-08,2025-05,2025-08,Qpid JMS,6,1,0.166667
JIRA,jira,project,2025-05_to_2025-08,2025-05,2025-08,Qpid Proton,9,1,0.111111
JIRA,jira,project,2025-05_to_2025-08,2025-05,2025-08,Qt,2341,572,0.244340
JIRA,jira,project,2025-05_to_2025-08,2025-05,2025-08,Qt 3D Studio,1,0,0.000000
JIRA,jira,project,2025-05_to_2025-08,2025-05,2025-08,Qt Bridges,26,1,0.038462
JIRA,jira,project,2025-05_to_2025-08,2025-05,2025-08,Qt Creator,447,82,0.183445
JIRA,jira,project,2025-05_to_2025-08,2025-05,2025-08,Qt Design Studio,411,12,0.029197
JIRA,jira,project,2025-05_to_2025-08,2025-05,2025-08,Qt Installer Framework,43,4,0.093023
JIRA,jira,project,2025-05_to_2025-08,2025-05,2025-08,Qt Project Website,8,0,0.000000
JIRA,jira,project,2025-05_to_2025-08,2025-05,2025-08,Qt Quality Assurance Infrastructure,176,10,0.056818
JIRA,jira,project,2025-05_to_2025-08,2025-05,2025-08,Qt Tools for Android,98,14,0.142857
JIRA,jira,project,2025-05_to_2025-08,2025-05,2025-08,Qt Visual Studio Tools,11,3,0.272727
JIRA,jira,project,2025-05_to_2025-08,2025-05,2025-08,Qt WebBrowser,3,0,0.000000
JIRA,jira,project,2025-05_to_2025-08,2025-05,2025-08,Qt for Python,68,30,0.441176
JIRA,jira,project,2025-05_to_2025-08,2025-05,2025-08,Quarkus,257,5,0.019455
JIRA,jira,project,2025-05_to_2025-08,2025-05,2025-08,Quarkus Documentation,143,0,0.000000
JIRA,jira,project,2025-05_to_2025-08,2025-05,2025-08,RDO Project,6,2,0.333333
JIRA,jira,project,2025-05_to_2025-08,2025-05,2025-08,RESTEasy,23,2,0.086957
JIRA,jira,project,2025-05_to_2025-08,2025-05,2025-08,RH,9,1,0.111111
JIRA,jira,project,2025-05_to_2025-08,2025-05,2025-08,RH Developer Hub Planning,86,0,0.000000
JIRA,jira,project,2025-05_to_2025-08,2025-05,2025-08,RHEL,2890,832,0.287889
JIRA,jira,project,2025-05_to_2025-08,2025-05,2025-08,RHEL Conversions,1,0,0.000000
JIRA,jira,project,2025-05_to_2025-08,2025-05,2025-08,RHEL Documentation,69,3,0.043478
JIRA,jira,project,2025-05_to_2025-08,2025-05,2025-08,RHEL Performance,9,0,0.000000
JIRA,jira,project,2025-05_to_2025-08,2025-05,2025-08,RHEL Testing,257,48,0.186770
JIRA,jira,project,2025-05_to_2025-08,2025-05,2025-08,RHEL in Cloud,6,0,0.000000
JIRA,jira,project,2025-05_to_2025-08,2025-05,2025-08,RHOS Request for Features,35,0,0.000000
JIRA,jira,project,2025-05_to_2025-08,2025-05,2025-08,RHTAP UI,49,0,0.000000
JIRA,jira,project,2025-05_to_2025-08,2025-05,2025-08,Ranger,97,5,0.051546
JIRA,jira,project,2025-05_to_2025-08,2025-05,2025-08,Ratis,39,7,0.179487
JIRA,jira,project,2025-05_to_2025-08,2025-05,2025-08,Red Hat 3scale API Management,68,6,0.088235
JIRA,jira,project,2025-05_to_2025-08,2025-05,2025-08,Red Hat Advanced Cluster Management,1702,109,0.064042
JIRA,jira,project,2025-05_to_2025-08,2025-05,2025-08,Red Hat Advanced Cluster Security,971,3,0.003090
JIRA,jira,project,2025-05_to_2025-08,2025-05,2025-08,Red Hat Build of Apache Camel for Quarkus,29,0,0.000000
JIRA,jira,project,2025-05_to_2025-08,2025-05,2025-08,Red Hat Data Grid,52,2,0.038462
JIRA,jira,project,2025-05_to_2025-08,2025-05,2025-08,Red Hat Developer Hub Bugs,285,41,0.143860
JIRA,jira,project,2025-05_to_2025-08,2025-05,2025-08,Red Hat Directory Server,1,1,1.000000
JIRA,jira,project,2025-05_to_2025-08,2025-05,2025-08,Red Hat Enterprise Linux AI,311,43,0.138264
JIRA,jira,project,2025-05_to_2025-08,2025-05,2025-08,Red Hat Insights Engineering,15,5,0.333333
JIRA,jira,project,2025-05_to_2025-08,2025-05,2025-08,Red Hat Insights Strategy,8,0,0.000000
JIRA,jira,project,2025-05_to_2025-08,2025-05,2025-08,Red Hat Internal Developer Platform,1160,36,0.031034
JIRA,jira,project,2025-05_to_2025-08,2025-05,2025-08,Red Hat Offline Knowledge Portal,21,0,0.000000
JIRA,jira,project,2025-05_to_2025-08,2025-05,2025-08,Red Hat OpenShift Control Planes,4,0,0.000000
JIRA,jira,project,2025-05_to_2025-08,2025-05,2025-08,Red Hat OpenShift Dev Spaces (formerly CodeReady Workspaces),134,12,0.089552
JIRA,jira,project,2025-05_to_2025-08,2025-05,2025-08,Red Hat OpenStack Services on OpenShift,1966,197,0.100203
JIRA,jira,project,2025-05_to_2025-08,2025-05,2025-08,Red Hat Service Interconnect (Skupper),37,0,0.000000
JIRA,jira,project,2025-05_to_2025-08,2025-05,2025-08,Red Hat Workload Availability,48,5,0.104167
JIRA,jira,project,2025-05_to_2025-08,2025-05,2025-08,Red Hat build of Apache Camel,31,0,0.000000
JIRA,jira,project,2025-05_to_2025-08,2025-05,2025-08,Red Hat build of Apache Camel for Spring Boot,74,0,0.000000
JIRA,jira,project,2025-05_to_2025-08,2025-05,2025-08,Red Hat build of Keycloak,166,49,0.295181
JIRA,jira,project,2025-05_to_2025-08,2025-05,2025-08,Remoting JMX,15,0,0.000000
JIRA,jira,project,2025-05_to_2025-08,2025-05,2025-08,Rovo,120,5,0.041667
JIRA,jira,project,2025-05_to_2025-08,2025-05,2025-08,Ruby Driver,37,3,0.081081
JIRA,jira,project,2025-05_to_2025-08,2025-05,2025-08,Rust Driver,62,2,0.032258
JIRA,jira,project,2025-05_to_2025-08,2025-05,2025-08,SAML for Atlassian Data Center,5,0,0.000000
JIRA,jira,project,2025-05_to_2025-08,2025-05,2025-08,Sakai,427,73,0.170960
JIRA,jira,project,2025-05_to_2025-08,2025-05,2025-08,Samza,1,1,1.000000
JIRA,jira,project,2025-05_to_2025-08,2025-05,2025-08,Santuario,2,0,0.000000
JIRA,jira,project,2025-05_to_2025-08,2025-05,2025-08,Satellite,2386,396,0.165968
JIRA,jira,project,2025-05_to_2025-08,2025-05,2025-08,Secret Store CSI for Red Hat OpenShift,130,0,0.000000
JIRA,jira,project,2025-05_to_2025-08,2025-05,2025-08,Security Data,17,1,0.058824
JIRA,jira,project,2025-05_to_2025-08,2025-05,2025-08,Server Deployments and Scale,5,0,0.000000
JIRA,jira,project,2025-05_to_2025-08,2025-05,2025-08,Serverless logic,73,14,0.191781
JIRA,jira,project,2025-05_to_2025-08,2025-05,2025-08,ServiceMix,21,0,0.000000
JIRA,jira,project,2025-05_to_2025-08,2025-05,2025-08,Sidecar for Apache Cassandra,96,4,0.041667
JIRA,jira,project,2025-05_to_2025-08,2025-05,2025-08,Sling,151,8,0.052980
JIRA,jira,project,2025-05_to_2025-08,2025-05,2025-08,Solr,133,18,0.135338
JIRA,jira,project,2025-05_to_2025-08,2025-05,2025-08,Sourcetree For Mac,13,0,0.000000
JIRA,jira,project,2025-05_to_2025-08,2025-05,2025-08,Sourcetree for Windows,45,2,0.044444
JIRA,jira,project,2025-05_to_2025-08,2025-05,2025-08,Spark,1469,67,0.045609
JIRA,jira,project,2025-05_to_2025-08,2025-05,2025-08,Spark Connector,3,1,0.333333
JIRA,jira,project,2025-05_to_2025-08,2025-05,2025-08,Spatial Information Systems,3,0,0.000000
JIRA,jira,project,2025-05_to_2025-08,2025-05,2025-08,Spring Boot & Cloud,1,0,0.000000
JIRA,jira,project,2025-05_to_2025-08,2025-05,2025-08,Statuspage,36,1,0.027778
JIRA,jira,project,2025-05_to_2025-08,2025-05,2025-08,Streams for Apache Kafka Console,30,0,0.000000
JIRA,jira,project,2025-05_to_2025-08,2025-05,2025-08,Struts 2,14,2,0.142857
JIRA,jira,project,2025-05_to_2025-08,2025-05,2025-08,Subscription Watch,169,11,0.065089
JIRA,jira,project,2025-05_to_2025-08,2025-05,2025-08,Subversion,2,0,0.000000
JIRA,jira,project,2025-05_to_2025-08,2025-05,2025-08,Subversion JIRA plugin,3,0,0.000000
JIRA,jira,project,2025-05_to_2025-08,2025-05,2025-08,Syncope,32,3,0.093750
JIRA,jira,project,2025-05_to_2025-08,2025-05,2025-08,SystemDS,34,3,0.088235
JIRA,jira,project,2025-05_to_2025-08,2025-05,2025-08,TEST Defect Tracking Project,7815,0,0.000000
JIRA,jira,project,2025-05_to_2025-08,2025-05,2025-08,TOREE,1,0,0.000000
JIRA,jira,project,2025-05_to_2025-08,2025-05,2025-08,TRELLO,268,4,0.014925
JIRA,jira,project,2025-05_to_2025-08,2025-05,2025-08,Talent,2,0,0.000000
JIRA,jira,project,2025-05_to_2025-08,2025-05,2025-08,Tapestry 5,6,4,0.666667
JIRA,jira,project,2025-05_to_2025-08,2025-05,2025-08,Thrift,27,4,0.148148
JIRA,jira,project,2025-05_to_2025-08,2025-05,2025-08,Tika,66,17,0.257576
JIRA,jira,project,2025-05_to_2025-08,2025-05,2025-08,TinkerPop,30,5,0.166667
JIRA,jira,project,2025-05_to_2025-08,2025-05,2025-08,TomEE,39,2,0.051282
JIRA,jira,project,2025-05_to_2025-08,2025-05,2025-08,Tools (JBoss Tools),3,0,0.000000
JIRA,jira,project,2025-05_to_2025-08,2025-05,2025-08,Undertow,37,3,0.081081
JIRA,jira,project,2025-05_to_2025-08,2025-05,2025-08,Universal Plugin Manager,2,0,0.000000
JIRA,jira,project,2025-05_to_2025-08,2025-05,2025-08,Use OCPBUGS now,2,0,0.000000
JIRA,jira,project,2025-05_to_2025-08,2025-05,2025-08,VCL,1,0,0.000000
JIRA,jira,project,2025-05_to_2025-08,2025-05,2025-08,VS Code Extension,43,4,0.093023
JIRA,jira,project,2025-05_to_2025-08,2025-05,2025-08,Virtualization Strategy,54,1,0.018519
JIRA,jira,project,2025-05_to_2025-08,2025-05,2025-08,Visual Design,16,0,0.000000
JIRA,jira,project,2025-05_to_2025-08,2025-05,2025-08,Visual Studio,7,0,0.000000
JIRA,jira,project,2025-05_to_2025-08,2025-05,2025-08,WINDUP ,1,0,0.000000
JIRA,jira,project,2025-05_to_2025-08,2025-05,2025-08,WSS4J,1,0,0.000000
JIRA,jira,project,2025-05_to_2025-08,2025-05,2025-08,Web Terminal for OpenShift,6,0,0.000000
JIRA,jira,project,2025-05_to_2025-08,2025-05,2025-08,Weld,3,0,0.000000
JIRA,jira,project,2025-05_to_2025-08,2025-05,2025-08,Wicket,9,2,0.222222
JIRA,jira,project,2025-05_to_2025-08,2025-05,2025-08,WildFly,240,25,0.104167
JIRA,jira,project,2025-05_to_2025-08,2025-05,2025-08,WildFly Arquillian,5,1,0.200000
JIRA,jira,project,2025-05_to_2025-08,2025-05,2025-08,WildFly Core,87,11,0.126437
JIRA,jira,project,2025-05_to_2025-08,2025-05,2025-08,WildFly EJB HTTP Client,1,0,0.000000
JIRA,jira,project,2025-05_to_2025-08,2025-05,2025-08,WildFly Elytron,18,0,0.000000
JIRA,jira,project,2025-05_to_2025-08,2025-05,2025-08,WildFly Elytron EE,9,0,0.000000
JIRA,jira,project,2025-05_to_2025-08,2025-05,2025-08,WildFly Maven Plugin,5,0,0.000000
JIRA,jira,project,2025-05_to_2025-08,2025-05,2025-08,WildFly OpenSSL,1,0,0.000000
JIRA,jira,project,2025-05_to_2025-08,2025-05,2025-08,WildFly WIP,1,1,1.000000
JIRA,jira,project,2025-05_to_2025-08,2025-05,2025-08,WiredTiger,731,194,0.265390
JIRA,jira,project,2025-05_to_2025-08,2025-05,2025-08,XMLBeans,4,2,0.500000
JIRA,jira,project,2025-05_to_2025-08,2025-05,2025-08,XMLGraphicsCommons,2,1,0.500000
JIRA,jira,project,2025-05_to_2025-08,2025-05,2025-08,XNIO,1,0,0.000000
JIRA,jira,project,2025-05_to_2025-08,2025-05,2025-08,Xerces,1,0,0.000000
JIRA,jira,project,2025-05_to_2025-08,2025-05,2025-08,Xerces2,14,2,0.142857
JIRA,jira,project,2025-05_to_2025-08,2025-05,2025-08,Yetus,5,0,0.000000
JIRA,jira,project,2025-05_to_2025-08,2025-05,2025-08,Zeppelin,127,4,0.031496
JIRA,jira,project,2025-05_to_2025-08,2025-05,2025-08,Zero Trust Workload Identity Manager,58,2,0.034483
JIRA,jira,project,2025-05_to_2025-08,2025-05,2025-08,ZooKeeper,47,2,0.042553
JIRA,jira,project,2025-05_to_2025-08,2025-05,2025-08,anaconda installer,78,4,0.051282
JIRA,jira,project,2025-05_to_2025-08,2025-05,2025-08,jBPM,3,0,0.000000
JIRA,jira,project,2025-05_to_2025-08,2025-05,2025-08,jboss.org,1,0,0.000000
JIRA,jira,project,2025-05_to_2025-08,2025-05,2025-08,mod_cluster,7,1,0.142857
JIRA,jira,project,2025-05_to_2025-08,2025-05,2025-08,must,48,7,0.145833
JIRA,jira,project,2025-05_to_2025-08,2025-05,2025-08,repository.jboss.org/nexus,72,7,0.097222
JIRA,jira,project,2025-05_to_2025-08,2025-05,2025-08,serf,5,0,0.000000
JIRA,jira,project,2025-05_to_2025-08,2025-05,2025-08,www.apache.org website,1,0,0.000000
JIRA,jira,project,2025-09_to_2025-12,2025-09,2025-12,AI Platform Core Components,2383,291,0.122115
JIRA,jira,project,2025-09_to_2025-12,2025-09,2025-12,AMQ Broker,242,7,0.028926
JIRA,jira,project,2025-09_to_2025-12,2025-09,2025-12,AMQ Clients,1,0,0.000000
JIRA,jira,project,2025-09_to_2025-12,2025-09,2025-12,AMQ Streams,103,6,0.058252
JIRA,jira,project,2025-09_to_2025-12,2025-09,2025-12,AMQ Streams Flink,27,0,0.000000
JIRA,jira,project,2025-09_to_2025-12,2025-09,2025-12,AMQ Streams Kafka Proxy,9,2,0.222222
JIRA,jira,project,2025-09_to_2025-12,2025-09,2025-12,ActiveMQ (Read,63,8,0.126984
JIRA,jira,project,2025-09_to_2025-12,2025-09,2025-12,ActiveMQ .Net,3,1,0.333333
JIRA,jira,project,2025-09_to_2025-12,2025-09,2025-12,ActiveObjects,21,0,0.000000
JIRA,jira,project,2025-09_to_2025-12,2025-09,2025-12,Activity Streams,2,0,0.000000
JIRA,jira,project,2025-09_to_2025-12,2025-09,2025-12,Admin Experience,169,6,0.035503
JIRA,jira,project,2025-09_to_2025-12,2025-09,2025-12,AeroGear,10,0,0.000000
JIRA,jira,project,2025-09_to_2025-12,2025-09,2025-12,Aesh,2,0,0.000000
JIRA,jira,project,2025-09_to_2025-12,2025-09,2025-12,Agent,109,0,0.000000
JIRA,jira,project,2025-09_to_2025-12,2025-09,2025-12,Agroal,11,1,0.090909
JIRA,jira,project,2025-09_to_2025-12,2025-09,2025-12,Airavata,1,0,0.000000
JIRA,jira,project,2025-09_to_2025-12,2025-09,2025-12,Ambari,23,2,0.086957
JIRA,jira,project,2025-09_to_2025-12,2025-09,2025-12,Analytics,70,1,0.014286
JIRA,jira,project,2025-09_to_2025-12,2025-09,2025-12,Ansible Automation Platform RFEs,193,0,0.000000
JIRA,jira,project,2025-09_to_2025-12,2025-09,2025-12,Ansible Content Automation,3,0,0.000000
JIRA,jira,project,2025-09_to_2025-12,2025-09,2025-12,Ansible Strategy,2,0,0.000000
JIRA,jira,project,2025-09_to_2025-12,2025-09,2025-12,Apache AsterixDB,39,6,0.153846
JIRA,jira,project,2025-09_to_2025-12,2025-09,2025-12,Apache Avro,47,11,0.234043
JIRA,jira,project,2025-09_to_2025-12,2025-09,2025-12,Apache Cassandra,218,37,0.169725
JIRA,jira,project,2025-09_to_2025-12,2025-09,2025-12,Apache Cassandra Analytics,25,3,0.120000
JIRA,jira,project,2025-09_to_2025-12,2025-09,2025-12,Apache Cassandra Go driver,12,1,0.083333
JIRA,jira,project,2025-09_to_2025-12,2025-09,2025-12,Apache Cassandra Java driver,9,1,0.111111
JIRA,jira,project,2025-09_to_2025-12,2025-09,2025-12,Apache Cassandra NodeJS Driver,1,0,0.000000
JIRA,jira,project,2025-09_to_2025-12,2025-09,2025-12,Apache Cassandra Python driver,1,1,1.000000
JIRA,jira,project,2025-09_to_2025-12,2025-09,2025-12,Apache Celeborn,107,4,0.037383
JIRA,jira,project,2025-09_to_2025-12,2025-09,2025-12,Apache Commons All,3,0,0.000000
JIRA,jira,project,2025-09_to_2025-12,2025-09,2025-12,Apache Drill,8,0,0.000000
JIRA,jira,project,2025-09_to_2025-12,2025-09,2025-12,Apache Fineract,69,6,0.086957
JIRA,jira,project,2025-09_to_2025-12,2025-09,2025-12,Apache Freemarker,1,1,1.000000
JIRA,jira,project,2025-09_to_2025-12,2025-09,2025-12,Apache Gobblin,20,0,0.000000
JIRA,jira,project,2025-09_to_2025-12,2025-09,2025-12,Apache Hudi,22,2,0.090909
JIRA,jira,project,2025-09_to_2025-12,2025-09,2025-12,Apache IoTDB,2,0,0.000000
JIRA,jira,project,2025-09_to_2025-12,2025-09,2025-12,Apache Knox,49,6,0.122449
JIRA,jira,project,2025-09_to_2025-12,2025-09,2025-12,Apache NiFi,489,63,0.128834
JIRA,jira,project,2025-09_to_2025-12,2025-09,2025-12,Apache NiFi MiNiFi C++,81,1,0.012346
JIRA,jira,project,2025-09_to_2025-12,2025-09,2025-12,Apache Ozone,697,26,0.037303
JIRA,jira,project,2025-09_to_2025-12,2025-09,2025-12,Apache Pinot,1,0,0.000000
JIRA,jira,project,2025-09_to_2025-12,2025-09,2025-12,Apache RAT,50,19,0.380000
JIRA,jira,project,2025-09_to_2025-12,2025-09,2025-12,Apache Science Data Analytics Platform,2,0,0.000000
JIRA,jira,project,2025-09_to_2025-12,2025-09,2025-12,Apache Sedona,7,1,0.142857
JIRA,jira,project,2025-09_to_2025-12,2025-09,2025-12,Apache Tez,23,4,0.173913
JIRA,jira,project,2025-09_to_2025-12,2025-09,2025-12,Apache Unomi,20,0,0.000000
JIRA,jira,project,2025-09_to_2025-12,2025-09,2025-12,Apache YuniKorn,74,4,0.054054
JIRA,jira,project,2025-09_to_2025-12,2025-09,2025-12,Apicurio Product Team,2,0,0.000000
JIRA,jira,project,2025-09_to_2025-12,2025-09,2025-12,Application Server 3  4  5 and 6,1,0,0.000000
JIRA,jira,project,2025-09_to_2025-12,2025-09,2025-12,Aries,3,3,1.000000
JIRA,jira,project,2025-09_to_2025-12,2025-09,2025-12,Artemis,194,18,0.092784
JIRA,jira,project,2025-09_to_2025-12,2025-09,2025-12,Atlas,112,3,0.026786
JIRA,jira,project,2025-09_to_2025-12,2025-09,2025-12,Atlas SQL,8,0,0.000000
JIRA,jira,project,2025-09_to_2025-12,2025-09,2025-12,Atlassian Browser DevTools,3,0,0.000000
JIRA,jira,project,2025-09_to_2025-12,2025-09,2025-12,Atlassian Cloud,154,6,0.038961
JIRA,jira,project,2025-09_to_2025-12,2025-09,2025-12,Atlassian Dark Feature Plugin,1,0,0.000000
JIRA,jira,project,2025-09_to_2025-12,2025-09,2025-12,Atlassian Developer Toolbox,3,0,0.000000
JIRA,jira,project,2025-09_to_2025-12,2025-09,2025-12,Atlassian Ecosystem,177,8,0.045198
JIRA,jira,project,2025-09_to_2025-12,2025-09,2025-12,Atlassian Guard,99,0,0.000000
JIRA,jira,project,2025-09_to_2025-12,2025-09,2025-12,Atlassian Intelligence,54,1,0.018519
JIRA,jira,project,2025-09_to_2025-12,2025-09,2025-12,Atlassian Internationalization,35,0,0.000000
JIRA,jira,project,2025-09_to_2025-12,2025-09,2025-12,Atlassian Marketplace,53,0,0.000000
JIRA,jira,project,2025-09_to_2025-12,2025-09,2025-12,Atlassian Maven Plugin Suite,19,0,0.000000
JIRA,jira,project,2025-09_to_2025-12,2025-09,2025-12,Atlassian Plugin SDK,1,0,0.000000
JIRA,jira,project,2025-09_to_2025-12,2025-09,2025-12,Atlassian Product Integrations,25,0,0.000000
JIRA,jira,project,2025-09_to_2025-12,2025-09,2025-12,Attic,6,1,0.166667
JIRA,jira,project,2025-09_to_2025-12,2025-09,2025-12,Automation for Cloud,120,4,0.033333
JIRA,jira,project,2025-09_to_2025-12,2025-09,2025-12,Automation for Jira Server,12,0,0.000000
JIRA,jira,project,2025-09_to_2025-12,2025-09,2025-12,Axiom,1,0,0.000000
JIRA,jira,project,2025-09_to_2025-12,2025-09,2025-12,Axis2,6,0,0.000000
JIRA,jira,project,2025-09_to_2025-12,2025-09,2025-12,Bamboo Data Center,62,8,0.129032
JIRA,jira,project,2025-09_to_2025-12,2025-09,2025-12,Batik,8,0,0.000000
JIRA,jira,project,2025-09_to_2025-12,2025-09,2025-12,Bigtop,18,0,0.000000
JIRA,jira,project,2025-09_to_2025-12,2025-09,2025-12,Bitbucket Cloud,107,1,0.009346
JIRA,jira,project,2025-09_to_2025-12,2025-09,2025-12,Bitbucket Data Center,111,2,0.018018
JIRA,jira,project,2025-09_to_2025-12,2025-09,2025-12,Byteman,3,0,0.000000
JIRA,jira,project,2025-09_to_2025-12,2025-09,2025-12,C Driver,92,2,0.021739
JIRA,jira,project,2025-09_to_2025-12,2025-09,2025-12,C# Driver,97,8,0.082474
JIRA,jira,project,2025-09_to_2025-12,2025-09,2025-12,C++ Driver,53,2,0.037736
JIRA,jira,project,2025-09_to_2025-12,2025-09,2025-12,CCS documentation feedback,2,0,0.000000
JIRA,jira,project,2025-09_to_2025-12,2025-09,2025-12,CKI Project,163,0,0.000000
JIRA,jira,project,2025-09_to_2025-12,2025-09,2025-12,CXF,28,9,0.321429
JIRA,jira,project,2025-09_to_2025-12,2025-09,2025-12,Calcite,194,43,0.221649
JIRA,jira,project,2025-09_to_2025-12,2025-09,2025-12,Calunga: Python Wheel Library,67,0,0.000000
JIRA,jira,project,2025-09_to_2025-12,2025-09,2025-12,Camel,416,76,0.182692
JIRA,jira,project,2025-09_to_2025-12,2025-09,2025-12,Candlepin,2,0,0.000000
JIRA,jira,project,2025-09_to_2025-12,2025-09,2025-12,Causeway,45,1,0.022222
JIRA,jira,project,2025-09_to_2025-12,2025-09,2025-12,Cayenne,14,1,0.071429
JIRA,jira,project,2025-09_to_2025-12,2025-09,2025-12,CentOS Stream Pipeline,50,2,0.040000
JIRA,jira,project,2025-09_to_2025-12,2025-09,2025-12,Cert Manager support for Red Hat OpenShift,58,7,0.120690
JIRA,jira,project,2025-09_to_2025-12,2025-09,2025-12,Certification Partner Experience Public,22,0,0.000000
JIRA,jira,project,2025-09_to_2025-12,2025-09,2025-12,Clair,42,0,0.000000
JIRA,jira,project,2025-09_to_2025-12,2025-09,2025-12,Cloud Enablement,3,0,0.000000
JIRA,jira,project,2025-09_to_2025-12,2025-09,2025-12,Cloud Infrastructure Security & Compliance,166,13,0.078313
JIRA,jira,project,2025-09_to_2025-12,2025-09,2025-12,Cloud Native Runtimes (CNR) Documentation,3,0,0.000000
JIRA,jira,project,2025-09_to_2025-12,2025-09,2025-12,Cluster Integration and Delivery,67,4,0.059701
JIRA,jira,project,2025-09_to_2025-12,2025-09,2025-12,Cluster Observability Operator,161,21,0.130435
JIRA,jira,project,2025-09_to_2025-12,2025-09,2025-12,Cockpit,63,4,0.063492
JIRA,jira,project,2025-09_to_2025-12,2025-09,2025-12,Coin,30,7,0.233333
JIRA,jira,project,2025-09_to_2025-12,2025-09,2025-12,Commerce,11,2,0.181818
JIRA,jira,project,2025-09_to_2025-12,2025-09,2025-12,Commons BCEL,2,2,1.000000
JIRA,jira,project,2025-09_to_2025-12,2025-09,2025-12,Commons CLI,4,0,0.000000
JIRA,jira,project,2025-09_to_2025-12,2025-09,2025-12,Commons Collections,5,0,0.000000
JIRA,jira,project,2025-09_to_2025-12,2025-09,2025-12,Commons Compress,8,2,0.250000
JIRA,jira,project,2025-09_to_2025-12,2025-09,2025-12,Commons Configuration,1,0,0.000000
JIRA,jira,project,2025-09_to_2025-12,2025-09,2025-12,Commons Daemon,4,1,0.250000
JIRA,jira,project,2025-09_to_2025-12,2025-09,2025-12,Commons Email,3,0,0.000000
JIRA,jira,project,2025-09_to_2025-12,2025-09,2025-12,Commons FileUpload,4,1,0.250000
JIRA,jira,project,2025-09_to_2025-12,2025-09,2025-12,Commons IO,6,1,0.166667
JIRA,jira,project,2025-09_to_2025-12,2025-09,2025-12,Commons JEXL,8,0,0.000000
JIRA,jira,project,2025-09_to_2025-12,2025-09,2025-12,Commons JXPath,1,0,0.000000
JIRA,jira,project,2025-09_to_2025-12,2025-09,2025-12,Commons Lang,25,5,0.200000
JIRA,jira,project,2025-09_to_2025-12,2025-09,2025-12,Commons Math,1,0,0.000000
JIRA,jira,project,2025-09_to_2025-12,2025-09,2025-12,Commons Net,1,1,1.000000
JIRA,jira,project,2025-09_to_2025-12,2025-09,2025-12,Commons Pool,4,1,0.250000
JIRA,jira,project,2025-09_to_2025-12,2025-09,2025-12,Commons SCXML,1,0,0.000000
JIRA,jira,project,2025-09_to_2025-12,2025-09,2025-12,Commons Text,1,0,0.000000
JIRA,jira,project,2025-09_to_2025-12,2025-09,2025-12,Commons Validator,2,0,0.000000
JIRA,jira,project,2025-09_to_2025-12,2025-09,2025-12,Community Development,1,0,0.000000
JIRA,jira,project,2025-09_to_2025-12,2025-09,2025-12,Community Linux Engineering,1959,8,0.004084
JIRA,jira,project,2025-09_to_2025-12,2025-09,2025-12,Compass,407,62,0.152334
JIRA,jira,project,2025-09_to_2025-12,2025-09,2025-12,Confluence Cloud,712,16,0.022472
JIRA,jira,project,2025-09_to_2025-12,2025-09,2025-12,Confluence Data Center,153,20,0.130719
JIRA,jira,project,2025-09_to_2025-12,2025-09,2025-12,Connectivity Link,51,2,0.039216
JIRA,jira,project,2025-09_to_2025-12,2025-09,2025-12,Container Tools,534,50,0.093633
JIRA,jira,project,2025-09_to_2025-12,2025-09,2025-12,Content Gateway,13,0,0.000000
JIRA,jira,project,2025-09_to_2025-12,2025-09,2025-12,Core Server,4545,404,0.088889
JIRA,jira,project,2025-09_to_2025-12,2025-09,2025-12,CoreOS OCP,277,8,0.028881
JIRA,jira,project,2025-09_to_2025-12,2025-09,2025-12,Cost Management,29,0,0.000000
JIRA,jira,project,2025-09_to_2025-12,2025-09,2025-12,Crowd Data Center,33,1,0.030303
JIRA,jira,project,2025-09_to_2025-12,2025-09,2025-12,Crucible,5,0,0.000000
JIRA,jira,project,2025-09_to_2025-12,2025-09,2025-12,Customer Service Management,34,1,0.029412
JIRA,jira,project,2025-09_to_2025-12,2025-09,2025-12,DMR,2,0,0.000000
JIRA,jira,project,2025-09_to_2025-12,2025-09,2025-12,Daffodil,26,2,0.076923
JIRA,jira,project,2025-09_to_2025-12,2025-09,2025-12,Data Foundation Bugs,17,6,0.352941
JIRA,jira,project,2025-09_to_2025-12,2025-09,2025-12,DataFu,2,1,0.500000
JIRA,jira,project,2025-09_to_2025-12,2025-09,2025-12,Debezium,305,62,0.203279
JIRA,jira,project,2025-09_to_2025-12,2025-09,2025-12,Derby (Retired),2,0,0.000000
JIRA,jira,project,2025-09_to_2025-12,2025-09,2025-12,Directory ApacheDS,5,2,0.400000
JIRA,jira,project,2025-09_to_2025-12,2025-09,2025-12,Directory Client API,5,0,0.000000
JIRA,jira,project,2025-09_to_2025-12,2025-09,2025-12,Distributed Tracing,182,15,0.082418
JIRA,jira,project,2025-09_to_2025-12,2025-09,2025-12,Docs for Red Hat Developers,244,0,0.000000
JIRA,jira,project,2025-09_to_2025-12,2025-09,2025-12,Dogtag PKI,2,1,0.500000
JIRA,jira,project,2025-09_to_2025-12,2025-09,2025-12,Drivers,50,2,0.040000
JIRA,jira,project,2025-09_to_2025-12,2025-09,2025-12,Drools,1,1,1.000000
JIRA,jira,project,2025-09_to_2025-12,2025-09,2025-12,EAP Documentation,140,2,0.014286
JIRA,jira,project,2025-09_to_2025-12,2025-09,2025-12,EJB Client Library (AS7+),3,1,0.333333
JIRA,jira,project,2025-09_to_2025-12,2025-09,2025-12,Empire,7,0,0.000000
JIRA,jira,project,2025-09_to_2025-12,2025-09,2025-12,Entity Framework,25,1,0.040000
JIRA,jira,project,2025-09_to_2025-12,2025-09,2025-12,Extension for Hibernate ORM,23,0,0.000000
JIRA,jira,project,2025-09_to_2025-12,2025-09,2025-12,External Secrets Operator for Red Hat OpenShift,84,3,0.035714
JIRA,jira,project,2025-09_to_2025-12,2025-09,2025-12,FOP,19,4,0.210526
JIRA,jira,project,2025-09_to_2025-12,2025-09,2025-12,Fast Datapath Product,1183,225,0.190194
JIRA,jira,project,2025-09_to_2025-12,2025-09,2025-12,Fedora,741,151,0.203779
JIRA,jira,project,2025-09_to_2025-12,2025-09,2025-12,Fedora RHEL CentOS Leads,3,0,0.000000
JIRA,jira,project,2025-09_to_2025-12,2025-09,2025-12,Felix,12,1,0.083333
JIRA,jira,project,2025-09_to_2025-12,2025-09,2025-12,FishEye,4,0,0.000000
JIRA,jira,project,2025-09_to_2025-12,2025-09,2025-12,FlightPath,297,22,0.074074
JIRA,jira,project,2025-09_to_2025-12,2025-09,2025-12,Flink,547,87,0.159049
JIRA,jira,project,2025-09_to_2025-12,2025-09,2025-12,Focus,22,0,0.000000
JIRA,jira,project,2025-09_to_2025-12,2025-09,2025-12,Forge,113,3,0.026549
JIRA,jira,project,2025-09_to_2025-12,2025-09,2025-12,Fuse Tooling,1,0,0.000000
JIRA,jira,project,2025-09_to_2025-12,2025-09,2025-12,Geode,80,8,0.100000
JIRA,jira,project,2025-09_to_2025-12,2025-09,2025-12,Go Driver,79,2,0.025316
JIRA,jira,project,2025-09_to_2025-12,2025-09,2025-12,Groovy,80,23,0.287500
JIRA,jira,project,2025-09_to_2025-12,2025-09,2025-12,Guacamole,68,8,0.117647
JIRA,jira,project,2025-09_to_2025-12,2025-09,2025-12,HAL,18,0,0.000000
JIRA,jira,project,2025-09_to_2025-12,2025-09,2025-12,HBase,236,47,0.199153
JIRA,jira,project,2025-09_to_2025-12,2025-09,2025-12,Hadoop Common,95,64,0.673684
JIRA,jira,project,2025-09_to_2025-12,2025-09,2025-12,Hadoop HDFS,43,27,0.627907
JIRA,jira,project,2025-09_to_2025-12,2025-09,2025-12,Hadoop Map/Reduce,8,4,0.500000
JIRA,jira,project,2025-09_to_2025-12,2025-09,2025-12,Hadoop YARN,60,27,0.450000
JIRA,jira,project,2025-09_to_2025-12,2025-09,2025-12,HawtIO,11,0,0.000000
JIRA,jira,project,2025-09_to_2025-12,2025-09,2025-12,Hive,220,38,0.172727
JIRA,jira,project,2025-09_to_2025-12,2025-09,2025-12,HttpComponents HttpClient,16,5,0.312500
JIRA,jira,project,2025-09_to_2025-12,2025-09,2025-12,HttpComponents HttpCore,7,4,0.571429
JIRA,jira,project,2025-09_to_2025-12,2025-09,2025-12,Hybrid Cloud Console,885,16,0.018079
JIRA,jira,project,2025-09_to_2025-12,2025-09,2025-12,Hybrid Cloud Infrastructure Documentation,49,0,0.000000
JIRA,jira,project,2025-09_to_2025-12,2025-09,2025-12,IMPALA,275,76,0.276364
JIRA,jira,project,2025-09_to_2025-12,2025-09,2025-12,Identity,43,1,0.023256
JIRA,jira,project,2025-09_to_2025-12,2025-09,2025-12,Ignite,1143,160,0.139983
JIRA,jira,project,2025-09_to_2025-12,2025-09,2025-12,Incubator,2,0,0.000000
JIRA,jira,project,2025-09_to_2025-12,2025-09,2025-12,Insights Experiences,613,23,0.037520
JIRA,jira,project,2025-09_to_2025-12,2025-09,2025-12,Insights Rule Analysis Tool,3,0,0.000000
JIRA,jira,project,2025-09_to_2025-12,2025-09,2025-12,IronJacamar,7,0,0.000000
JIRA,jira,project,2025-09_to_2025-12,2025-09,2025-12,Ivy,1,0,0.000000
JIRA,jira,project,2025-09_to_2025-12,2025-09,2025-12,JBeret,4,0,0.000000
JIRA,jira,project,2025-09_to_2025-12,2025-09,2025-12,JBoss Core Services,15,1,0.066667
JIRA,jira,project,2025-09_to_2025-12,2025-09,2025-12,JBoss Enterprise Application Platform,417,42,0.100719
JIRA,jira,project,2025-09_to_2025-12,2025-09,2025-12,JBoss Enterprise Spec APIs,1,0,0.000000
JIRA,jira,project,2025-09_to_2025-12,2025-09,2025-12,JBoss Log Manager,4,0,0.000000
JIRA,jira,project,2025-09_to_2025-12,2025-09,2025-12,JBoss Logging,4,0,0.000000
JIRA,jira,project,2025-09_to_2025-12,2025-09,2025-12,JBoss Marshalling,1,0,0.000000
JIRA,jira,project,2025-09_to_2025-12,2025-09,2025-12,JBoss Remoting (3+),1,0,0.000000
JIRA,jira,project,2025-09_to_2025-12,2025-09,2025-12,JBoss Server Migration Tool,5,0,0.000000
JIRA,jira,project,2025-09_to_2025-12,2025-09,2025-12,JBoss Transaction Manager,23,4,0.173913
JIRA,jira,project,2025-09_to_2025-12,2025-09,2025-12,JBoss VFS,2,0,0.000000
JIRA,jira,project,2025-09_to_2025-12,2025-09,2025-12,JBoss Web Server,38,0,0.000000
JIRA,jira,project,2025-09_to_2025-12,2025-09,2025-12,JBoss Web Services,14,2,0.142857
JIRA,jira,project,2025-09_to_2025-12,2025-09,2025-12,JDO,5,0,0.000000
JIRA,jira,project,2025-09_to_2025-12,2025-09,2025-12,JGroups,32,7,0.218750
JIRA,jira,project,2025-09_to_2025-12,2025-09,2025-12,JSPWiki,60,5,0.083333
JIRA,jira,project,2025-09_to_2025-12,2025-09,2025-12,Jackrabbit Content Repository,27,2,0.074074
JIRA,jira,project,2025-09_to_2025-12,2025-09,2025-12,Jackrabbit FileVault,18,2,0.111111
JIRA,jira,project,2025-09_to_2025-12,2025-09,2025-12,Jackrabbit Oak,161,16,0.099379
JIRA,jira,project,2025-09_to_2025-12,2025-09,2025-12,Jackrabbit Site,1,0,0.000000
JIRA,jira,project,2025-09_to_2025-12,2025-09,2025-12,James Server,15,2,0.133333
JIRA,jira,project,2025-09_to_2025-12,2025-09,2025-12,Java Driver,80,11,0.137500
JIRA,jira,project,2025-09_to_2025-12,2025-09,2025-12,Jira Admin Support,7,0,0.000000
JIRA,jira,project,2025-09_to_2025-12,2025-09,2025-12,Jira Align,236,0,0.000000
JIRA,jira,project,2025-09_to_2025-12,2025-09,2025-12,Jira Cloud,3,0,0.000000
JIRA,jira,project,2025-09_to_2025-12,2025-09,2025-12,Jira Data Center,160,7,0.043750
JIRA,jira,project,2025-09_to_2025-12,2025-09,2025-12,Jira Performance Testing Tools,2,0,0.000000
JIRA,jira,project,2025-09_to_2025-12,2025-09,2025-12,Jira Platform Cloud,1066,20,0.018762
JIRA,jira,project,2025-09_to_2025-12,2025-09,2025-12,Jira Service Management Cloud,609,14,0.022989
JIRA,jira,project,2025-09_to_2025-12,2025-09,2025-12,Jira Service Management Data Center,89,2,0.022472
JIRA,jira,project,2025-09_to_2025-12,2025-09,2025-12,Jira Software Data Center,107,1,0.009346
JIRA,jira,project,2025-09_to_2025-12,2025-09,2025-12,Jira Work Management Cloud,10,0,0.000000
JIRA,jira,project,2025-09_to_2025-12,2025-09,2025-12,Johnzon,1,0,0.000000
JIRA,jira,project,2025-09_to_2025-12,2025-09,2025-12,Kafka,368,38,0.103261
JIRA,jira,project,2025-09_to_2025-12,2025-09,2025-12,Kafka Connector,3,0,0.000000
JIRA,jira,project,2025-09_to_2025-12,2025-09,2025-12,Kaoto,8,0,0.000000
JIRA,jira,project,2025-09_to_2025-12,2025-09,2025-12,Karaf,3,0,0.000000
JIRA,jira,project,2025-09_to_2025-12,2025-09,2025-12,Knative Serving,9,7,0.777778
JIRA,jira,project,2025-09_to_2025-12,2025-09,2025-12,Konflux UI,230,3,0.013043
JIRA,jira,project,2025-09_to_2025-12,2025-09,2025-12,Kotlin BSON,1,0,0.000000
JIRA,jira,project,2025-09_to_2025-12,2025-09,2025-12,Kudu,30,3,0.100000
JIRA,jira,project,2025-09_to_2025-12,2025-09,2025-12,Kylin,9,0,0.000000
JIRA,jira,project,2025-09_to_2025-12,2025-09,2025-12,Legal Discuss,10,0,0.000000
JIRA,jira,project,2025-09_to_2025-12,2025-09,2025-12,Libmongocrypt,18,2,0.111111
JIRA,jira,project,2025-09_to_2025-12,2025-09,2025-12,Livy,10,0,0.000000
JIRA,jira,project,2025-09_to_2025-12,2025-09,2025-12,Loom,238,0,0.000000
JIRA,jira,project,2025-09_to_2025-12,2025-09,2025-12,MINA SSHD,2,1,0.500000
JIRA,jira,project,2025-09_to_2025-12,2025-09,2025-12,Machine Config Operator,171,5,0.029240
JIRA,jira,project,2025-09_to_2025-12,2025-09,2025-12,Managed Service ,42,2,0.047619
JIRA,jira,project,2025-09_to_2025-12,2025-09,2025-12,ManifoldCF,3,2,0.666667
JIRA,jira,project,2025-09_to_2025-12,2025-09,2025-12,MariaDB ColumnStore,90,12,0.133333
JIRA,jira,project,2025-09_to_2025-12,2025-09,2025-12,MariaDB Connector/C,14,3,0.214286
JIRA,jira,project,2025-09_to_2025-12,2025-09,2025-12,MariaDB Connector/C++,7,0,0.000000
JIRA,jira,project,2025-09_to_2025-12,2025-09,2025-12,MariaDB Connector/J,20,4,0.200000
JIRA,jira,project,2025-09_to_2025-12,2025-09,2025-12,MariaDB Connector/ODBC,14,5,0.357143
JIRA,jira,project,2025-09_to_2025-12,2025-09,2025-12,MariaDB Connector/Python,11,1,0.090909
JIRA,jira,project,2025-09_to_2025-12,2025-09,2025-12,MariaDB Connector/node.js,9,0,0.000000
JIRA,jira,project,2025-09_to_2025-12,2025-09,2025-12,MariaDB Foundation Development,40,7,0.175000
JIRA,jira,project,2025-09_to_2025-12,2025-09,2025-12,MariaDB MaxScale,136,16,0.117647
JIRA,jira,project,2025-09_to_2025-12,2025-09,2025-12,MariaDB Server,894,427,0.477629
JIRA,jira,project,2025-09_to_2025-12,2025-09,2025-12,Marvell DPU Collaboration,34,0,0.000000
JIRA,jira,project,2025-09_to_2025-12,2025-09,2025-12,Meecrowave,3,0,0.000000
JIRA,jira,project,2025-09_to_2025-12,2025-09,2025-12,MicroShift,230,7,0.030435
JIRA,jira,project,2025-09_to_2025-12,2025-09,2025-12,Migration Platform,86,8,0.093023
JIRA,jira,project,2025-09_to_2025-12,2025-09,2025-12,Migration Toolkit for Applications,407,77,0.189189
JIRA,jira,project,2025-09_to_2025-12,2025-09,2025-12,Migration Toolkit for Virtualization,675,74,0.109630
JIRA,jira,project,2025-09_to_2025-12,2025-09,2025-12,ModeShape,85,0,0.000000
JIRA,jira,project,2025-09_to_2025-12,2025-09,2025-12,Modular Service Container,2,0,0.000000
JIRA,jira,project,2025-09_to_2025-12,2025-09,2025-12,MongoDB Database Tools,53,2,0.037736
JIRA,jira,project,2025-09_to_2025-12,2025-09,2025-12,MongoDB MCP Server,147,2,0.013605
JIRA,jira,project,2025-09_to_2025-12,2025-09,2025-12,MongoDB Shell,505,379,0.750495
JIRA,jira,project,2025-09_to_2025-12,2025-09,2025-12,Mongoid,17,0,0.000000
JIRA,jira,project,2025-09_to_2025-12,2025-09,2025-12,Motor,4,3,0.750000
JIRA,jira,project,2025-09_to_2025-12,2025-09,2025-12,Multiple Architecture Enablement,50,0,0.000000
JIRA,jira,project,2025-09_to_2025-12,2025-09,2025-12,MyFaces Core,7,2,0.285714
JIRA,jira,project,2025-09_to_2025-12,2025-09,2025-12,MyFaces Tobago,18,0,0.000000
JIRA,jira,project,2025-09_to_2025-12,2025-09,2025-12,Network Edge,209,0,0.000000
JIRA,jira,project,2025-09_to_2025-12,2025-09,2025-12,Network Hardware Enablement,301,9,0.029900
JIRA,jira,project,2025-09_to_2025-12,2025-09,2025-12,Network Observability,141,8,0.056738
JIRA,jira,project,2025-09_to_2025-12,2025-09,2025-12,NiFi Improvement Proposal,5,0,0.000000
JIRA,jira,project,2025-09_to_2025-12,2025-09,2025-12,Node.js Driver,209,4,0.019139
JIRA,jira,project,2025-09_to_2025-12,2025-09,2025-12,Nutch,18,1,0.055556
JIRA,jira,project,2025-09_to_2025-12,2025-09,2025-12,OCMUI ,323,3,0.009288
JIRA,jira,project,2025-09_to_2025-12,2025-09,2025-12,OCP Technical Release Team,205,23,0.112195
JIRA,jira,project,2025-09_to_2025-12,2025-09,2025-12,ODATA,1,1,1.000000
JIRA,jira,project,2025-09_to_2025-12,2025-09,2025-12,OFBiz,44,10,0.227273
JIRA,jira,project,2025-09_to_2025-12,2025-09,2025-12,OPCT ,7,1,0.142857
JIRA,jira,project,2025-09_to_2025-12,2025-09,2025-12,ORC,54,3,0.055556
JIRA,jira,project,2025-09_to_2025-12,2025-09,2025-12,Observability Documentation,349,6,0.017192
JIRA,jira,project,2025-09_to_2025-12,2025-09,2025-12,Observability UI,151,4,0.026490
JIRA,jira,project,2025-09_to_2025-12,2025-09,2025-12,Observability and Data Analysis Program,34,0,0.000000
JIRA,jira,project,2025-09_to_2025-12,2025-09,2025-12,Olingo,4,0,0.000000
JIRA,jira,project,2025-09_to_2025-12,2025-09,2025-12,On Prem Networking,45,1,0.022222
JIRA,jira,project,2025-09_to_2025-12,2025-09,2025-12,OpenJDK,71,1,0.014085
JIRA,jira,project,2025-09_to_2025-12,2025-09,2025-12,OpenJPA,1,0,0.000000
JIRA,jira,project,2025-09_to_2025-12,2025-09,2025-12,OpenNLP,25,0,0.000000
JIRA,jira,project,2025-09_to_2025-12,2025-09,2025-12,OpenOffice,1,0,0.000000
JIRA,jira,project,2025-09_to_2025-12,2025-09,2025-12,OpenShift API Server,3,0,0.000000
JIRA,jira,project,2025-09_to_2025-12,2025-09,2025-12,OpenShift API for Data Protection,436,92,0.211009
JIRA,jira,project,2025-09_to_2025-12,2025-09,2025-12,OpenShift Application Platform Engineering,73,1,0.013699
JIRA,jira,project,2025-09_to_2025-12,2025-09,2025-12,OpenShift Authentication,27,0,0.000000
JIRA,jira,project,2025-09_to_2025-12,2025-09,2025-12,OpenShift Autoscaling,112,2,0.017857
JIRA,jira,project,2025-09_to_2025-12,2025-09,2025-12,OpenShift Bugs,2933,970,0.330719
JIRA,jira,project,2025-09_to_2025-12,2025-09,2025-12,OpenShift BuildConfig,1,0,0.000000
JIRA,jira,project,2025-09_to_2025-12,2025-09,2025-12,OpenShift Builds,146,5,0.034247
JIRA,jira,project,2025-09_to_2025-12,2025-09,2025-12,OpenShift Cloud,160,2,0.012500
JIRA,jira,project,2025-09_to_2025-12,2025-09,2025-12,OpenShift Cloud Credential Operator,92,0,0.000000
JIRA,jira,project,2025-09_to_2025-12,2025-09,2025-12,OpenShift Console,235,0,0.000000
JIRA,jira,project,2025-09_to_2025-12,2025-09,2025-12,OpenShift Container Platform (OCP) Strategy,288,2,0.006944
JIRA,jira,project,2025-09_to_2025-12,2025-09,2025-12,OpenShift Core Networking,258,1,0.003876
JIRA,jira,project,2025-09_to_2025-12,2025-09,2025-12,OpenShift Data Foundation Request For Enhancement,21,0,0.000000
JIRA,jira,project,2025-09_to_2025-12,2025-09,2025-12,OpenShift Edge,87,0,0.000000
JIRA,jira,project,2025-09_to_2025-12,2025-09,2025-12,OpenShift Etcd,8,0,0.000000
JIRA,jira,project,2025-09_to_2025-12,2025-09,2025-12,OpenShift GitOps,463,15,0.032397
JIRA,jira,project,2025-09_to_2025-12,2025-09,2025-12,OpenShift Hive,98,7,0.071429
JIRA,jira,project,2025-09_to_2025-12,2025-09,2025-12,OpenShift Image Registry,6,1,0.166667
JIRA,jira,project,2025-09_to_2025-12,2025-09,2025-12,OpenShift Installer,82,0,0.000000
JIRA,jira,project,2025-09_to_2025-12,2025-09,2025-12,OpenShift Jenkins,48,2,0.041667
JIRA,jira,project,2025-09_to_2025-12,2025-09,2025-12,OpenShift Kueue,180,5,0.027778
JIRA,jira,project,2025-09_to_2025-12,2025-09,2025-12,OpenShift Logging,418,28,0.066986
JIRA,jira,project,2025-09_to_2025-12,2025-09,2025-12,OpenShift Migration Toolkit for Containers,19,2,0.105263
JIRA,jira,project,2025-09_to_2025-12,2025-09,2025-12,OpenShift Monitoring,108,2,0.018519
JIRA,jira,project,2025-09_to_2025-12,2025-09,2025-12,OpenShift Node,279,12,0.043011
JIRA,jira,project,2025-09_to_2025-12,2025-09,2025-12,OpenShift Over the Air,151,3,0.019868
JIRA,jira,project,2025-09_to_2025-12,2025-09,2025-12,OpenShift Pipelines,1041,39,0.037464
JIRA,jira,project,2025-09_to_2025-12,2025-09,2025-12,OpenShift Request For Enhancement,387,5,0.012920
JIRA,jira,project,2025-09_to_2025-12,2025-09,2025-12,OpenShift Service Mesh,729,26,0.035665
JIRA,jira,project,2025-09_to_2025-12,2025-09,2025-12,OpenShift Specialist Platform Team,109,5,0.045872
JIRA,jira,project,2025-09_to_2025-12,2025-09,2025-12,OpenShift Storage,211,17,0.080569
JIRA,jira,project,2025-09_to_2025-12,2025-09,2025-12,OpenShift Virtualization,6186,245,0.039606
JIRA,jira,project,2025-09_to_2025-12,2025-09,2025-12,OpenShift Windows Containers,45,1,0.022222
JIRA,jira,project,2025-09_to_2025-12,2025-09,2025-12,OpenShift Workloads,15,3,0.200000
JIRA,jira,project,2025-09_to_2025-12,2025-09,2025-12,OpenStack Strategy,85,0,0.000000
JIRA,jira,project,2025-09_to_2025-12,2025-09,2025-12,OpenStack as Infra,40,4,0.100000
JIRA,jira,project,2025-09_to_2025-12,2025-09,2025-12,OpenWebBeans,4,0,0.000000
JIRA,jira,project,2025-09_to_2025-12,2025-09,2025-12,Openmeetings,6,0,0.000000
JIRA,jira,project,2025-09_to_2025-12,2025-09,2025-12,Openshift sandboxed containers,326,12,0.036810
JIRA,jira,project,2025-09_to_2025-12,2025-09,2025-12,Operator Ecosystem,1,0,0.000000
JIRA,jira,project,2025-09_to_2025-12,2025-09,2025-12,Operator Runtime,254,6,0.023622
JIRA,jira,project,2025-09_to_2025-12,2025-09,2025-12,Opsgenie,26,0,0.000000
JIRA,jira,project,2025-09_to_2025-12,2025-09,2025-12,Origin Community Distribution of Kubernetes,31,1,0.032258
JIRA,jira,project,2025-09_to_2025-12,2025-09,2025-12,PDFBox,81,27,0.333333
JIRA,jira,project,2025-09_to_2025-12,2025-09,2025-12,PHP Driver: Extension,38,1,0.026316
JIRA,jira,project,2025-09_to_2025-12,2025-09,2025-12,PHP Driver: Library,33,1,0.030303
JIRA,jira,project,2025-09_to_2025-12,2025-09,2025-12,PHP ORMs,64,4,0.062500
JIRA,jira,project,2025-09_to_2025-12,2025-09,2025-12,Performance and Scale for AI Platforms,9,0,0.000000
JIRA,jira,project,2025-09_to_2025-12,2025-09,2025-12,Phoenix,48,2,0.041667
JIRA,jira,project,2025-09_to_2025-12,2025-09,2025-12,Phoenix Omid,5,0,0.000000
JIRA,jira,project,2025-09_to_2025-12,2025-09,2025-12,Pig,3,1,0.333333
JIRA,jira,project,2025-09_to_2025-12,2025-09,2025-12,Podling Suitable Names Search,5,0,0.000000
JIRA,jira,project,2025-09_to_2025-12,2025-09,2025-12,Product Technical Learning,618,36,0.058252
JIRA,jira,project,2025-09_to_2025-12,2025-09,2025-12,Proforma Server & Data Centre,11,0,0.000000
JIRA,jira,project,2025-09_to_2025-12,2025-09,2025-12,Project Quay,380,37,0.097368
JIRA,jira,project,2025-09_to_2025-12,2025-09,2025-12,Python Driver,155,26,0.167742
JIRA,jira,project,2025-09_to_2025-12,2025-09,2025-12,Python Integrations,119,14,0.117647
JIRA,jira,project,2025-09_to_2025-12,2025-09,2025-12,"Qbs (""Cubes"")",18,3,0.166667
JIRA,jira,project,2025-09_to_2025-12,2025-09,2025-12,Qpid,17,2,0.117647
JIRA,jira,project,2025-09_to_2025-12,2025-09,2025-12,Qpid JMS,4,1,0.250000
JIRA,jira,project,2025-09_to_2025-12,2025-09,2025-12,Qpid Proton,11,1,0.090909
JIRA,jira,project,2025-09_to_2025-12,2025-09,2025-12,Qt,2351,561,0.238622
JIRA,jira,project,2025-09_to_2025-12,2025-09,2025-12,Qt 3D Studio,1,0,0.000000
JIRA,jira,project,2025-09_to_2025-12,2025-09,2025-12,Qt Bridges,70,1,0.014286
JIRA,jira,project,2025-09_to_2025-12,2025-09,2025-12,Qt Creator,384,57,0.148438
JIRA,jira,project,2025-09_to_2025-12,2025-09,2025-12,Qt Design Studio,383,25,0.065274
JIRA,jira,project,2025-09_to_2025-12,2025-09,2025-12,Qt Installer Framework,25,3,0.120000
JIRA,jira,project,2025-09_to_2025-12,2025-09,2025-12,Qt Playground Projects,1,0,0.000000
JIRA,jira,project,2025-09_to_2025-12,2025-09,2025-12,Qt Project Website,12,1,0.083333
JIRA,jira,project,2025-09_to_2025-12,2025-09,2025-12,Qt Quality Assurance Infrastructure,198,16,0.080808
JIRA,jira,project,2025-09_to_2025-12,2025-09,2025-12,Qt Tools for Android,18,1,0.055556
JIRA,jira,project,2025-09_to_2025-12,2025-09,2025-12,Qt Visual Studio Tools,11,4,0.363636
JIRA,jira,project,2025-09_to_2025-12,2025-09,2025-12,Qt WebBrowser,2,0,0.000000
JIRA,jira,project,2025-09_to_2025-12,2025-09,2025-12,Qt for Python,79,30,0.379747
JIRA,jira,project,2025-09_to_2025-12,2025-09,2025-12,Quarkus,259,21,0.081081
JIRA,jira,project,2025-09_to_2025-12,2025-09,2025-12,Quarkus Documentation,110,0,0.000000
JIRA,jira,project,2025-09_to_2025-12,2025-09,2025-12,RDO Project,4,1,0.250000
JIRA,jira,project,2025-09_to_2025-12,2025-09,2025-12,RESTEasy,61,5,0.081967
JIRA,jira,project,2025-09_to_2025-12,2025-09,2025-12,RH,2,0,0.000000
JIRA,jira,project,2025-09_to_2025-12,2025-09,2025-12,RH Developer Hub Planning,154,0,0.000000
JIRA,jira,project,2025-09_to_2025-12,2025-09,2025-12,RHEL,2931,645,0.220061
JIRA,jira,project,2025-09_to_2025-12,2025-09,2025-12,RHEL Documentation,103,4,0.038835
JIRA,jira,project,2025-09_to_2025-12,2025-09,2025-12,RHEL Lightspeed,2,0,0.000000
JIRA,jira,project,2025-09_to_2025-12,2025-09,2025-12,RHEL Testing,327,48,0.146789
JIRA,jira,project,2025-09_to_2025-12,2025-09,2025-12,RHEL in Cloud,4,0,0.000000
JIRA,jira,project,2025-09_to_2025-12,2025-09,2025-12,RHOS Request for Features,66,2,0.030303
JIRA,jira,project,2025-09_to_2025-12,2025-09,2025-12,RHTAP UI,20,1,0.050000
JIRA,jira,project,2025-09_to_2025-12,2025-09,2025-12,Rampart,4,3,0.750000
JIRA,jira,project,2025-09_to_2025-12,2025-09,2025-12,Ranger,129,13,0.100775
JIRA,jira,project,2025-09_to_2025-12,2025-09,2025-12,Ratis,55,9,0.163636
JIRA,jira,project,2025-09_to_2025-12,2025-09,2025-12,Red Hat 3scale API Management,110,13,0.118182
JIRA,jira,project,2025-09_to_2025-12,2025-09,2025-12,Red Hat Advanced Cluster Management,2195,167,0.076082
JIRA,jira,project,2025-09_to_2025-12,2025-09,2025-12,Red Hat Advanced Cluster Security,1026,8,0.007797
JIRA,jira,project,2025-09_to_2025-12,2025-09,2025-12,Red Hat Build of Apache Camel for Quarkus,45,2,0.044444
JIRA,jira,project,2025-09_to_2025-12,2025-09,2025-12,Red Hat Data Grid,52,1,0.019231
JIRA,jira,project,2025-09_to_2025-12,2025-09,2025-12,Red Hat Developer Hub Bugs,369,39,0.105691
JIRA,jira,project,2025-09_to_2025-12,2025-09,2025-12,Red Hat Enterprise Linux AI,8,4,0.500000
JIRA,jira,project,2025-09_to_2025-12,2025-09,2025-12,Red Hat Insights Engineering,15,1,0.066667
JIRA,jira,project,2025-09_to_2025-12,2025-09,2025-12,Red Hat Insights Strategy,5,0,0.000000
JIRA,jira,project,2025-09_to_2025-12,2025-09,2025-12,Red Hat Internal Developer Platform,1268,39,0.030757
JIRA,jira,project,2025-09_to_2025-12,2025-09,2025-12,Red Hat Offline Knowledge Portal,14,0,0.000000
JIRA,jira,project,2025-09_to_2025-12,2025-09,2025-12,Red Hat OpenShift Control Planes,535,21,0.039252
JIRA,jira,project,2025-09_to_2025-12,2025-09,2025-12,Red Hat OpenShift Data Science,1,0,0.000000
JIRA,jira,project,2025-09_to_2025-12,2025-09,2025-12,Red Hat OpenShift Dev Spaces (formerly CodeReady Workspaces),135,18,0.133333
JIRA,jira,project,2025-09_to_2025-12,2025-09,2025-12,Red Hat OpenStack Services on OpenShift,2047,165,0.080606
JIRA,jira,project,2025-09_to_2025-12,2025-09,2025-12,Red Hat Process Automation Manager,1,0,0.000000
JIRA,jira,project,2025-09_to_2025-12,2025-09,2025-12,Red Hat Service Interconnect (Skupper),64,1,0.015625
JIRA,jira,project,2025-09_to_2025-12,2025-09,2025-12,Red Hat Update Infrastructure for Cloud Providers,4,0,0.000000
JIRA,jira,project,2025-09_to_2025-12,2025-09,2025-12,Red Hat Workload Availability,88,10,0.113636
JIRA,jira,project,2025-09_to_2025-12,2025-09,2025-12,Red Hat build of Apache Camel,24,0,0.000000
JIRA,jira,project,2025-09_to_2025-12,2025-09,2025-12,Red Hat build of Apache Camel for Spring Boot,68,3,0.044118
JIRA,jira,project,2025-09_to_2025-12,2025-09,2025-12,Red Hat build of Keycloak,138,40,0.289855
JIRA,jira,project,2025-09_to_2025-12,2025-09,2025-12,Remoting JMX,2,0,0.000000
JIRA,jira,project,2025-09_to_2025-12,2025-09,2025-12,Rovo,244,6,0.024590
JIRA,jira,project,2025-09_to_2025-12,2025-09,2025-12,RovoDev,6,0,0.000000
JIRA,jira,project,2025-09_to_2025-12,2025-09,2025-12,Ruby Driver,44,2,0.045455
JIRA,jira,project,2025-09_to_2025-12,2025-09,2025-12,Rust Driver,50,1,0.020000
JIRA,jira,project,2025-09_to_2025-12,2025-09,2025-12,SHIP Strategy,9,0,0.000000
JIRA,jira,project,2025-09_to_2025-12,2025-09,2025-12,Sakai,345,63,0.182609
JIRA,jira,project,2025-09_to_2025-12,2025-09,2025-12,Santuario,2,0,0.000000
JIRA,jira,project,2025-09_to_2025-12,2025-09,2025-12,Satellite,1487,132,0.088769
JIRA,jira,project,2025-09_to_2025-12,2025-09,2025-12,Secret Store CSI for Red Hat OpenShift,15,0,0.000000
JIRA,jira,project,2025-09_to_2025-12,2025-09,2025-12,Security Data,18,1,0.055556
JIRA,jira,project,2025-09_to_2025-12,2025-09,2025-12,Server Deployments and Scale,4,1,0.250000
JIRA,jira,project,2025-09_to_2025-12,2025-09,2025-12,Serverless logic,115,19,0.165217
JIRA,jira,project,2025-09_to_2025-12,2025-09,2025-12,ServiceMix,2,0,0.000000
JIRA,jira,project,2025-09_to_2025-12,2025-09,2025-12,ShrinkWrap Resolvers,1,0,0.000000
JIRA,jira,project,2025-09_to_2025-12,2025-09,2025-12,Sidecar for Apache Cassandra,52,3,0.057692
JIRA,jira,project,2025-09_to_2025-12,2025-09,2025-12,Sling,120,10,0.083333
JIRA,jira,project,2025-09_to_2025-12,2025-09,2025-12,Solr,168,19,0.113095
JIRA,jira,project,2025-09_to_2025-12,2025-09,2025-12,Sourcetree For Mac,13,0,0.000000
JIRA,jira,project,2025-09_to_2025-12,2025-09,2025-12,Sourcetree for Windows,56,8,0.142857
JIRA,jira,project,2025-09_to_2025-12,2025-09,2025-12,Spark,1434,68,0.047420
JIRA,jira,project,2025-09_to_2025-12,2025-09,2025-12,Spark Connector,5,0,0.000000
JIRA,jira,project,2025-09_to_2025-12,2025-09,2025-12,Spatial Information Systems,12,0,0.000000
JIRA,jira,project,2025-09_to_2025-12,2025-09,2025-12,StAXMapper,2,0,0.000000
JIRA,jira,project,2025-09_to_2025-12,2025-09,2025-12,Statuspage,11,0,0.000000
JIRA,jira,project,2025-09_to_2025-12,2025-09,2025-12,Streams for Apache Kafka Console,16,0,0.000000
JIRA,jira,project,2025-09_to_2025-12,2025-09,2025-12,Struts 2,40,1,0.025000
JIRA,jira,project,2025-09_to_2025-12,2025-09,2025-12,Subscription Watch,347,27,0.077810
JIRA,jira,project,2025-09_to_2025-12,2025-09,2025-12,Synapse,4,0,0.000000
JIRA,jira,project,2025-09_to_2025-12,2025-09,2025-12,Syncope,35,3,0.085714
JIRA,jira,project,2025-09_to_2025-12,2025-09,2025-12,SystemDS,26,1,0.038462
JIRA,jira,project,2025-09_to_2025-12,2025-09,2025-12,TEST Defect Tracking Project,845,1,0.001183
JIRA,jira,project,2025-09_to_2025-12,2025-09,2025-12,TOREE,5,0,0.000000
JIRA,jira,project,2025-09_to_2025-12,2025-09,2025-12,TRELLO,175,1,0.005714
JIRA,jira,project,2025-09_to_2025-12,2025-09,2025-12,Talent,1,0,0.000000
JIRA,jira,project,2025-09_to_2025-12,2025-09,2025-12,Tapestry 5,2,1,0.500000
JIRA,jira,project,2025-09_to_2025-12,2025-09,2025-12,Teiid,3,0,0.000000
JIRA,jira,project,2025-09_to_2025-12,2025-09,2025-12,Thrift,23,2,0.086957
JIRA,jira,project,2025-09_to_2025-12,2025-09,2025-12,Tika,134,31,0.231343
JIRA,jira,project,2025-09_to_2025-12,2025-09,2025-12,TinkerPop,36,4,0.111111
JIRA,jira,project,2025-09_to_2025-12,2025-09,2025-12,TomEE,46,2,0.043478
JIRA,jira,project,2025-09_to_2025-12,2025-09,2025-12,Torque,1,0,0.000000
JIRA,jira,project,2025-09_to_2025-12,2025-09,2025-12,Undertow,62,4,0.064516
JIRA,jira,project,2025-09_to_2025-12,2025-09,2025-12,VCL,1,0,0.000000
JIRA,jira,project,2025-09_to_2025-12,2025-09,2025-12,VS Code Extension,72,11,0.152778
JIRA,jira,project,2025-09_to_2025-12,2025-09,2025-12,Velocity,3,1,0.333333
JIRA,jira,project,2025-09_to_2025-12,2025-09,2025-12,Velocity Tools,2,0,0.000000
JIRA,jira,project,2025-09_to_2025-12,2025-09,2025-12,Virtualization Strategy,33,0,0.000000
JIRA,jira,project,2025-09_to_2025-12,2025-09,2025-12,Visual Design,13,0,0.000000
JIRA,jira,project,2025-09_to_2025-12,2025-09,2025-12,Visual Studio,2,0,0.000000
JIRA,jira,project,2025-09_to_2025-12,2025-09,2025-12,WSS4J,1,0,0.000000
JIRA,jira,project,2025-09_to_2025-12,2025-09,2025-12,Web Terminal for OpenShift,7,1,0.142857
JIRA,jira,project,2025-09_to_2025-12,2025-09,2025-12,Weld,8,1,0.125000
JIRA,jira,project,2025-09_to_2025-12,2025-09,2025-12,Wicket,9,2,0.222222
JIRA,jira,project,2025-09_to_2025-12,2025-09,2025-12,WildFly,398,46,0.115578
JIRA,jira,project,2025-09_to_2025-12,2025-09,2025-12,WildFly Arquillian,15,1,0.066667
JIRA,jira,project,2025-09_to_2025-12,2025-09,2025-12,WildFly Core,102,5,0.049020
JIRA,jira,project,2025-09_to_2025-12,2025-09,2025-12,WildFly EJB HTTP Client,1,0,0.000000
JIRA,jira,project,2025-09_to_2025-12,2025-09,2025-12,WildFly Elytron,52,1,0.019231
JIRA,jira,project,2025-09_to_2025-12,2025-09,2025-12,WildFly Elytron EE,20,0,0.000000
JIRA,jira,project,2025-09_to_2025-12,2025-09,2025-12,WildFly Maven Plugin,15,0,0.000000
JIRA,jira,project,2025-09_to_2025-12,2025-09,2025-12,WildFly OpenSSL,10,0,0.000000
JIRA,jira,project,2025-09_to_2025-12,2025-09,2025-12,WildFly OpenSSL Natives,12,1,0.083333
JIRA,jira,project,2025-09_to_2025-12,2025-09,2025-12,WildFly WIP,11,0,0.000000
JIRA,jira,project,2025-09_to_2025-12,2025-09,2025-12,WiredTiger,1021,343,0.335945
JIRA,jira,project,2025-09_to_2025-12,2025-09,2025-12,XBean,5,0,0.000000
JIRA,jira,project,2025-09_to_2025-12,2025-09,2025-12,XMLBeans,3,1,0.333333
JIRA,jira,project,2025-09_to_2025-12,2025-09,2025-12,XMLGraphicsCommons,1,0,0.000000
JIRA,jira,project,2025-09_to_2025-12,2025-09,2025-12,XNIO,5,0,0.000000
JIRA,jira,project,2025-09_to_2025-12,2025-09,2025-12,Xerces,1,0,0.000000
JIRA,jira,project,2025-09_to_2025-12,2025-09,2025-12,Xerces2,4,1,0.250000
JIRA,jira,project,2025-09_to_2025-12,2025-09,2025-12,XmlSchema,2,0,0.000000
JIRA,jira,project,2025-09_to_2025-12,2025-09,2025-12,Zeppelin,75,3,0.040000
JIRA,jira,project,2025-09_to_2025-12,2025-09,2025-12,Zero Trust Workload Identity Manager,110,4,0.036364
JIRA,jira,project,2025-09_to_2025-12,2025-09,2025-12,ZooKeeper,37,6,0.162162
JIRA,jira,project,2025-09_to_2025-12,2025-09,2025-12,anaconda installer,113,6,0.053097
JIRA,jira,project,2025-09_to_2025-12,2025-09,2025-12,apiman (API Management),1,0,0.000000
JIRA,jira,project,2025-09_to_2025-12,2025-09,2025-12,jBPM,4,0,0.000000
JIRA,jira,project,2025-09_to_2025-12,2025-09,2025-12,mod_cluster,2,0,0.000000
JIRA,jira,project,2025-09_to_2025-12,2025-09,2025-12,must,67,8,0.119403
JIRA,jira,project,2025-09_to_2025-12,2025-09,2025-12,repository.jboss.org/nexus,60,15,0.250000
