sample_id,source,sample_type,doc_id,url,created_at,pred_uncertainty,has_log_msg,log_blks,log_msgs,page_description,dump_version,imported_at
common_crawl_positive_doc_0001,Common Crawl,positive_doc,96d2964bbd94de7ade939f7daa4b385605f7f47f5a254177a41dfc085eefcea3,https://fragranceearth.com/products/invictus-victory-by-paco-rabanne-eau-de-parfum-extreme-spray-1-7-oz-for-men,2025-10-05T22:36:54Z,0.2236328125,True,"Liquid error (snippets/omas_global line 24): Array 'customer.orders' is not paginateable.
Account Details
View Addresses ()
There was an error processing your request. Please try again shortly","[""Liquid error (snippets/omas_global line 24): Array 'customer.orders' is not paginateable.\nAccount Details\nView Addresses ()\nThere was an error processing your request. Please try again shortly""]","Invictus Victory by Paco Rabanne Eau De Parfum Extreme Spray 1.7 oz fo – Fragrance Earth
Skip to content
Just added to your cart
Invictus Victory by Paco Rabanne Eau De Parfum Extreme Spray 1.7 oz for Men
Click to expand
Invictus Victory by Paco Rabanne Eau De Parfum Extreme Spray 1.7 oz for Men
Error Quantity must be 1 or more
Add to cart
This item is a recurring or deferred purchase. By continuing, I agree to the cancellation policy and authorize you to charge my payment method at the prices, frequency and dates listed on this page until my order is fulfilled or I cancel, if permitted.
Adding product to your cart
Invictus Victory by Paco Rabanne Eau De Parfum Extreme Spray 1.7 oz for Men
We offer a range of over 20,000 different beauty products, Fragrance makeup and skincare products.
Our range is vast and will suit a massive range of preferences and wallet sizes.
Antigua & Barbuda (USD $)
Bosnia & Herzegovina (USD $)
Botswana (USD $)
Brazil (USD $)
British Indian Ocean Territory (USD $)
British Virgin Islands (USD $)
Central African Republic (USD $)
Cocos (Keeling) Islands (USD $)
Colombia (USD $)
Comoros (USD $)
Congo - Brazzaville (USD $)
Congo - Kinshasa (USD $)
French Southern Territories (USD $)
Hong Kong SAR (USD $)
Isle of Man (USD $)
Papua New Guinea (USD $)
São Tomé & Príncipe (USD $)
South Georgia & South Sandwich Islands (USD $)
St. Kitts & Nevis (USD $)
St. Lucia (USD $)
St. Martin (USD $)
St. Pierre & Miquelon (USD $)
St. Vincent & Grenadines (USD $)
Sudan (USD $)
Suriname (USD $)
Svalbard & Jan Mayen (USD $)
Trinidad & Tobago (USD $)
Tristan da Cunha (USD $)
Tunisia (USD $)
Türkiye (USD $)
Turkmenistan (USD $)
Turks & Caicos Islands (USD $)
Tuvalu (USD $)
U.S. Outlying Islands (USD $)
Uganda (USD $)
Ukraine (USD $)
United Arab Emirates (USD $)
Wallis & Futuna (USD $)
© 2025, Fragrance Earth Powered by Shopify
© 2025, Fragrance Earth Powered by Shopify
Do not sell my personal information
Use left/right arrows to navigate the slideshow or swipe left/right if using a mobile device
Choosing a selection results in a full page refresh.
Press the space key then arrow keys to make a selection.
View Cart (0) Lock icon
Checkout
Order History
Liquid error (snippets/omas_global line 24): Array 'customer.orders' is not paginateable.
Account Details
View Addresses ()
There was an error processing your request. Please try again shortly",CC-MAIN-2025-43,2026-03-11T02:52:04.520605+00:00
common_crawl_positive_doc_0002,Common Crawl,positive_doc,a5ec60ea588b119404a5caf23b1916b75ffd7a52d3a893027cb5c93162f7173f,http://users.atw.hu/balubati/forum/memberlist.php?sid=ede677fb6b0262f663bbc8f85faa18f7,2025-10-06T10:36:05Z,0.1474609375,True,"phpBB : Critical Error
Could not connect to the database","[""phpBB : Critical Error\nCould not connect to the database""]","phpBB : Critical Error
Could not connect to the database",CC-MAIN-2025-43,2026-04-13T12:01:48.233320+00:00
common_crawl_positive_doc_0003,Common Crawl,positive_doc,4c14c07369c87f1b80c7d46d024e5231731b6e3df5a6933c2be79729f719ebcf,https://flowermandalas.org/deep-orange-marigold-v-color-white/,2025-10-05T13:23:16Z,0.005859375,True,error: Content is protected !!,"[""error: Content is protected !!""]","Deep Orange Marigold V (color, white) | Images by David J. Bookbinder
Gallery I
Color (black background)
Color (white background)
B&W (black background)
B&W (white background)
Gallery II
Color (black background)
Color (white background)
B&W (black background)
B&W (white background)
Gallery III
Color (black background)
Color (white background)
B&W (black background)
B&W (white background)
Gallery IV
Color (black background)
Color (white background)
B&W (black background)
B&W (white background)
Licensing
Prints
Books
Courses
Contact
About
Deep Orange Marigold V
Click an image to buy a print!
Licensing, Prints, Books
Prints: To buy a print, click the Flower Mandala on any image page or click here: Buy prints.
Books: To learn more about books featuring Flower Mandalas, see the Books site.
Licensing: Licensing fees depend on usage and number of images licensed and are determined on an individual basis.
To license an image, please use the contact form below, email us at licensing@flowermandalas.org, or call 978-395-1292 and describe how you’ll use the image(s). We’ll respond promptly with a price quote.
Contact
Your message was successfully sent.
Thank You!
Name *
Email *
Images © 2013 David J. Bookbinder. All rights reserved. No use without permission.
error: Content is protected !!",CC-MAIN-2025-43,2026-02-16T00:02:40.688157+00:00
common_crawl_positive_doc_0004,Common Crawl,positive_doc,90d652c479973195f7ba1173bd0ab08f7f78881b99f268734cecf4655bd23476,https://git.disroot.org/gaspar/st/commit/274d46ace00003d1df718b974d17642cbce167d5,2025-10-05T22:59:57Z,0.49267578125,True,"Oh noes! 
 Oh noes! 
 Access Denied: error code 459f559b07c201f538a637cb1eb84e692dc42bb24c201568a4ca15c26385f2b8. 
 Try again 
 Go home 
 Protected by","[""Oh noes! \n Oh noes! \n Access Denied: error code 459f559b07c201f538a637cb1eb84e692dc42bb24c201568a4ca15c26385f2b8. \n Try again \n Go home \n Protected by""]","Oh noes!
Oh noes!
Access Denied: error code 459f559b07c201f538a637cb1eb84e692dc42bb24c201568a4ca15c26385f2b8.
Try again
Go home
Protected by Anubis from Techaro. Made with ❤️ in 🇨🇦.
Mascot design by CELPHASE.",CC-MAIN-2025-43,2026-03-09T23:32:34.130340+00:00
common_crawl_positive_doc_0005,Common Crawl,positive_doc,3bebb5760b2fa956ccede6f21b42b0f6221e7123a643a9cba3c0c8e4c8d64266,https://community.cloudera.com/t5/Support-Questions/Cluster-installation-failing/m-p/13984/highlight/true,2025-10-06T17:47:19Z,0.09814453125,True,"01:22 





 Loaded 





 Installed Packages
END (0)
BEGIN yum info jdk
Loaded plugins: fastestmirror, refresh-packagekit, security
Determining fastest mirrors
http://archive.cloudera.com/cm4/redhat/6/x86_64/cm/4/repodata/repomd.xml: [Errno 12] Timeout on http://archive.cloudera.com/cm4/redhat/6/x86_64/cm/4/repodata/repomd.xml: (28, 'connect() timed out!')
Trying other mirror.
Error: Cannot retrieve repository metadata (repomd.xml) for repository: cloudera-manager. Please verify its path and try again
END (1)
remote package jdk is not available, giving up
waiting for rollback request
2014-06-23 02:42:59,559 INFO [StaleEntityEviction:model.HeartbeatStore@107] Reaped 0 process heartbeats and 0 host heartbeats. 
 2014-06-23 02:42:59,564 INFO [StaleEntityEviction:cmf.StaleEntityEvictionThread@238] Found no commands older than 2012-06-22T21:12:59.563Z to reap. 
 2014-06-23 02:42:59,565 INFO [StaleEntityEviction:node.NodeScannerService@335] Reaped 0 requests. 
 2014-06-23 02:42:59,565 INFO [StaleEntityEviction:node.NodeConfiguratorService@358] Reaped 0 requests. 
 2014-06-23 02:43:25,969 INFO [ParcelUpdateService:components.LocalParcelManagerImpl@97] Found files CDH-5.0.2-1.cdh5.0.2.p0.13-el6.parcel under /opt/cloudera/parcel-repo 
 2014-06-23 02:44:39,756 INFO [ParcelUpdateService:components.LocalParcelManagerImpl@97] Found files CDH-5.0.2-1.cdh5.0.2.p0.13-el6.parcel under /opt/cloudera/parcel-repo 
 2014-06-23 02:45:57,719 INFO [ParcelUpdateService:components.LocalParcelManagerImpl@97] Found files CDH-5.0.2-1.cdh5.0.2.p0.13-el6.parcel under /opt/cloudera/parcel-repo 
2014-06-23 02:47:11,853 INFO [ParcelUpdateService:components.LocalParcelManagerImpl@97] Found files CDH-5.0.2-1.cdh5.0.2.p0.13-el6.parcel under /opt/cloudera/parcel-repo 
 2014-06-23 02:48:28,955 INFO [ParcelUpdateService:components.LocalParcelManagerImpl@97] Found files CDH-5.0.2-1.cdh5.0.2.p0.13-el6.parcel under /opt/cloudera/parcel-repo 
 2014-06-23 02:49:46,071 INFO [ParcelUpdateService:components.LocalParcelManagerImpl@97] Found files CDH-5.0.2-1.cdh5.0.2.p0.13-el6.parcel under /opt/cloudera/parcel-repo 
 2014-06-23 02:50:59,881 INFO [ParcelUpdateService:components.LocalParcelManagerImpl@97] Found files CDH-5.0.2-1.cdh5.0.2.p0.13-el6.parcel under /opt/cloudera/parcel-repo 





 localhost4 localhost4.localdomain4 
 ::1 localhost localhost.localdomain localhost6 localhost6.localdomain6 





 Exception: Invalid parcel directory: manifest.json 
 [23/Jun/2014 03:19:31 +0000] 2597 MainThread agent INFO Using parcels directory from server provided value: /opt/cloudera/parcel-repo 
[23/Jun/2014 03:19:31 +0000] 2597 MainThread agent WARNING Expected user root for /opt/cloudera/parcel-repo but was cloudera-scm
[23/Jun/2014 03:19:31 +0000] 2597 MainThread agent WARNING Expected group root for /opt/cloudera/parcel-repo but was cloudera-scm
[23/Jun/2014 03:19:31 +0000] 2597 MainThread parcel INFO Agent does create users/groups and apply file permissions
[23/Jun/2014 03:19:31 +0000] 2597 MainThread parcel INFO Loading parcel manifest for: CDH-5.0.2-1.cdh5.0.2.p0.13-el6.parcel.sha
[23/Jun/2014 03:19:31 +0000] 2597 MainThread parcel ERROR Exception while reading parcel: CDH-5.0.2-1.cdh5.0.2.p0.13-el6.parcel.sha
Traceback (most recent call last):
File ""/usr/lib64/cmf/agent/src/cmf/parcel.py"", line 104, in refresh
fd = open(manifest)
IOError: [Errno 20] Not a directory: u'/opt/cloudera/parcel-repo/CDH-5.0.2-1.cdh5.0.2.p0.13-el6.parcel.sha/meta/parcel.json'
[23/Jun/2014 03:19:31 +0000] 2597 MainThread parcel INFO Loading parcel manifest for: manifest.json
[23/Jun/2014 03:19:31 +0000] 2597 MainThread parcel ERROR Exception while reading parcel: manifest.json
Traceback (most recent call last):
File ""/usr/lib64/cmf/agent/src/cmf/parcel.py"", line 104, in refresh
fd = open(manifest)
IOError: [Errno 20] Not a directory: u'/opt/cloudera/parcel-repo/manifest.json/meta/parcel.json'
[23/Jun/2014 03:19:31 +0000] 2597 MainThread agent ERROR Caught unexpected exception in main loop.
Traceback (most recent call last):
File ""/usr/lib64/cmf/agent/src/cmf/agent.py"", line 454, in start
self._init_after_first_heartbeat_response(heartbeat_response[""data""])
File ""/usr/lib64/cmf/agent/src/cmf/agent.py"", line 529, in _init_after_first_heartbeat_response
self.repo.refresh() 
 File ""/usr/lib64/cmf/agent/src/cmf/parcel.py"", line 136, in refresh 
 pid = ParcelId.dir(child) 
 File ""/usr/lib64/cmf/agent/src/cmf/parcel_id.py"", line 74, in dir 
 raise Exception(""Invalid parcel directory: %s"" % (dir)) 





 [RELEASED] Cloudera","[""01:22"", ""Loaded"", ""Installed Packages\nEND (0)\nBEGIN yum info jdk\nLoaded plugins: fastestmirror, refresh-packagekit, security\nDetermining fastest mirrors\nhttp://archive.cloudera.com/cm4/redhat/6/x86_64/cm/4/repodata/repomd.xml: [Errno 12] Timeout on http://archive.cloudera.com/cm4/redhat/6/x86_64/cm/4/repodata/repomd.xml: (28, 'connect() timed out!')\nTrying other mirror.\nError: Cannot retrieve repository metadata (repomd.xml) for repository: cloudera-manager. Please verify its path and try again\nEND (1)\nremote package jdk is not available, giving up\nwaiting for rollback request"", ""2014-06-23 02:42:59,559 INFO [StaleEntityEviction:model.HeartbeatStore@107] Reaped 0 process heartbeats and 0 host heartbeats."", ""2014-06-23 02:42:59,564 INFO [StaleEntityEviction:cmf.StaleEntityEvictionThread@238] Found no commands older than 2012-06-22T21:12:59.563Z to reap."", ""2014-06-23 02:42:59,565 INFO [StaleEntityEviction:node.NodeScannerService@335] Reaped 0 requests."", ""2014-06-23 02:42:59,565 INFO [StaleEntityEviction:node.NodeConfiguratorService@358] Reaped 0 requests."", ""2014-06-23 02:43:25,969 INFO [ParcelUpdateService:components.LocalParcelManagerImpl@97] Found files CDH-5.0.2-1.cdh5.0.2.p0.13-el6.parcel under /opt/cloudera/parcel-repo"", ""2014-06-23 02:44:39,756 INFO [ParcelUpdateService:components.LocalParcelManagerImpl@97] Found files CDH-5.0.2-1.cdh5.0.2.p0.13-el6.parcel under /opt/cloudera/parcel-repo"", ""2014-06-23 02:45:57,719 INFO [ParcelUpdateService:components.LocalParcelManagerImpl@97] Found files CDH-5.0.2-1.cdh5.0.2.p0.13-el6.parcel under /opt/cloudera/parcel-repo"", ""2014-06-23 02:47:11,853 INFO [ParcelUpdateService:components.LocalParcelManagerImpl@97] Found files CDH-5.0.2-1.cdh5.0.2.p0.13-el6.parcel under /opt/cloudera/parcel-repo"", ""2014-06-23 02:48:28,955 INFO [ParcelUpdateService:components.LocalParcelManagerImpl@97] Found files CDH-5.0.2-1.cdh5.0.2.p0.13-el6.parcel under /opt/cloudera/parcel-repo"", ""2014-06-23 02:49:46,071 INFO [ParcelUpdateService:components.LocalParcelManagerImpl@97] Found files CDH-5.0.2-1.cdh5.0.2.p0.13-el6.parcel under /opt/cloudera/parcel-repo"", ""2014-06-23 02:50:59,881 INFO [ParcelUpdateService:components.LocalParcelManagerImpl@97] Found files CDH-5.0.2-1.cdh5.0.2.p0.13-el6.parcel under /opt/cloudera/parcel-repo"", ""localhost4 localhost4.localdomain4 \n ::1 localhost localhost.localdomain localhost6 localhost6.localdomain6"", ""Exception: Invalid parcel directory: manifest.json \n [23/Jun/2014 03:19:31 +0000] 2597 MainThread agent INFO Using parcels directory from server provided value: /opt/cloudera/parcel-repo \n[23/Jun/2014 03:19:31 +0000] 2597 MainThread agent WARNING Expected user root for /opt/cloudera/parcel-repo but was cloudera-scm\n[23/Jun/2014 03:19:31 +0000] 2597 MainThread agent WARNING Expected group root for /opt/cloudera/parcel-repo but was cloudera-scm\n[23/Jun/2014 03:19:31 +0000] 2597 MainThread parcel INFO Agent does create users/groups and apply file permissions\n[23/Jun/2014 03:19:31 +0000] 2597 MainThread parcel INFO Loading parcel manifest for: CDH-5.0.2-1.cdh5.0.2.p0.13-el6.parcel.sha\n[23/Jun/2014 03:19:31 +0000] 2597 MainThread parcel ERROR Exception while reading parcel: CDH-5.0.2-1.cdh5.0.2.p0.13-el6.parcel.sha\nTraceback (most recent call last):\nFile \""/usr/lib64/cmf/agent/src/cmf/parcel.py\"", line 104, in refresh\nfd = open(manifest)\nIOError: [Errno 20] Not a directory: u'/opt/cloudera/parcel-repo/CDH-5.0.2-1.cdh5.0.2.p0.13-el6.parcel.sha/meta/parcel.json'\n[23/Jun/2014 03:19:31 +0000] 2597 MainThread parcel INFO Loading parcel manifest for: manifest.json\n[23/Jun/2014 03:19:31 +0000] 2597 MainThread parcel ERROR Exception while reading parcel: manifest.json\nTraceback (most recent call last):\nFile \""/usr/lib64/cmf/agent/src/cmf/parcel.py\"", line 104, in refresh\nfd = open(manifest)\nIOError: [Errno 20] Not a directory: u'/opt/cloudera/parcel-repo/manifest.json/meta/parcel.json'\n[23/Jun/2014 03:19:31 +0000] 2597 MainThread agent ERROR Caught unexpected exception in main loop.\nTraceback (most recent call last):\nFile \""/usr/lib64/cmf/agent/src/cmf/agent.py\"", line 454, in start\nself._init_after_first_heartbeat_response(heartbeat_response[\""data\""])\nFile \""/usr/lib64/cmf/agent/src/cmf/agent.py\"", line 529, in _init_after_first_heartbeat_response\nself.repo.refresh() \n File \""/usr/lib64/cmf/agent/src/cmf/parcel.py\"", line 136, in refresh \n pid = ParcelId.dir(child) \n File \""/usr/lib64/cmf/agent/src/cmf/parcel_id.py\"", line 74, in dir \n raise Exception(\""Invalid parcel directory: %s\"" % (dir))"", ""[RELEASED] Cloudera""]","Solved: Re: Cluster installation failing . - Cloudera Community - 13884
Find answers, ask questions, and share your expertise
All communityThis categoryThis boardCommunity ArticlesUsers cancel
Turn on suggestions
Auto-suggest helps you quickly narrow down your search results by suggesting possible matches as you type.
Showing results for
Show only | Search instead for
Re: Cluster installation failing .
Float this Question for Current User
Float this Question for Current User
Created on ‎06-20-2014 01:22 AM - edited ‎09-16-2022 02:00 AM
I get this error when iam trying to add a cluster .
Installing jdk package...
BEGIN yum list installed jdk
Loaded plugins: fastestmirror, refresh-packagekit, security
Installed Packages
jdk.x86_64 2000:1.7.0_55-fcs installed
END (0)
BEGIN echo jdk oracle-j2sdk1.7 cloudera-manager-agent cloudera-manager-daemons | grep jdk
jdk oracle-j2sdk1.7 cloudera-manager-agent cloudera-manager-daemons
END (0)
BEGIN yum info jdk
Loaded plugins: fastestmirror, refresh-packagekit, security
Determining fastest mirrors
http://archive.cloudera.com/cm4/redhat/6/x86_64/cm/4/repodata/repomd.xml: [Errno 12] Timeout on http://archive.cloudera.com/cm4/redhat/6/x86_64/cm/4/repodata/repomd.xml: (28, 'connect() timed out!')
Trying other mirror.
Error: Cannot retrieve repository metadata (repomd.xml) for repository: cloudera-manager. Please verify its path and try again
END (1)
remote package jdk is not available, giving up
waiting for rollback request
1. I have jdfk already installed in my system and i again manually installed . Stil then i get this error .
2, I have intalled Cloudera manager 5 but the link its refering is [http://archive.cloudera.com/cm4/redhat/6/x86_64/cm/4/repodata/repomd.xml:. ] Cloudera manager 4 version . I am very much confused as i deleted all the repo files . I dono where its refereing to 4 version .
Please Help me with this issue 😞
I installed the Cloudera Manager successfully . I was first installing the free edition . this time i re-installed with the Enterprise edition which to my surprise installed everything without any issues .
Thanks
Bala
View solution in original post
Can't say much except the things you likely already know (sorry!):
* Make sure there are no cm4 repos
* run yum clean all or similar
* if using CM installer, ensure you are using the correct version.
I made some changes to the etc/hosts . Now while adding cluster its stuck at distributing the Cluster . Its staying in 0% .
What should i do , this is the log file data
2014-06-23 02:42:59,559 INFO [StaleEntityEviction:model.HeartbeatStore@107] Reaped 0 process heartbeats and 0 host heartbeats.
2014-06-23 02:42:59,564 INFO [StaleEntityEviction:cmf.StaleEntityEvictionThread@238] Found no commands older than 2012-06-22T21:12:59.563Z to reap.
2014-06-23 02:42:59,565 INFO [StaleEntityEviction:node.NodeScannerService@335] Reaped 0 requests.
2014-06-23 02:42:59,565 INFO [StaleEntityEviction:node.NodeConfiguratorService@358] Reaped 0 requests.
2014-06-23 02:43:25,969 INFO [ParcelUpdateService:components.LocalParcelManagerImpl@97] Found files CDH-5.0.2-1.cdh5.0.2.p0.13-el6.parcel under /opt/cloudera/parcel-repo
2014-06-23 02:44:39,756 INFO [ParcelUpdateService:components.LocalParcelManagerImpl@97] Found files CDH-5.0.2-1.cdh5.0.2.p0.13-el6.parcel under /opt/cloudera/parcel-repo
2014-06-23 02:45:57,719 INFO [ParcelUpdateService:components.LocalParcelManagerImpl@97] Found files CDH-5.0.2-1.cdh5.0.2.p0.13-el6.parcel under /opt/cloudera/parcel-repo
2014-06-23 02:47:11,853 INFO [ParcelUpdateService:components.LocalParcelManagerImpl@97] Found files CDH-5.0.2-1.cdh5.0.2.p0.13-el6.parcel under /opt/cloudera/parcel-repo
2014-06-23 02:48:28,955 INFO [ParcelUpdateService:components.LocalParcelManagerImpl@97] Found files CDH-5.0.2-1.cdh5.0.2.p0.13-el6.parcel under /opt/cloudera/parcel-repo
2014-06-23 02:49:46,071 INFO [ParcelUpdateService:components.LocalParcelManagerImpl@97] Found files CDH-5.0.2-1.cdh5.0.2.p0.13-el6.parcel under /opt/cloudera/parcel-repo
2014-06-23 02:50:59,881 INFO [ParcelUpdateService:components.LocalParcelManagerImpl@97] Found files CDH-5.0.2-1.cdh5.0.2.p0.13-el6.parcel under /opt/cloudera/parcel-repo
this is my etc/host file
127.0.0.1 localhost localhost.localdomain localhost4 localhost4.localdomain4
::1 localhost localhost.localdomain localhost6 localhost6.localdomain6
Hello This is the agent log
Exception: Invalid parcel directory: manifest.json
[23/Jun/2014 03:19:31 +0000] 2597 MainThread agent INFO Using parcels directory from server provided value: /opt/cloudera/parcel-repo
[23/Jun/2014 03:19:31 +0000] 2597 MainThread agent WARNING Expected user root for /opt/cloudera/parcel-repo but was cloudera-scm
[23/Jun/2014 03:19:31 +0000] 2597 MainThread agent WARNING Expected group root for /opt/cloudera/parcel-repo but was cloudera-scm
[23/Jun/2014 03:19:31 +0000] 2597 MainThread parcel INFO Agent does create users/groups and apply file permissions
[23/Jun/2014 03:19:31 +0000] 2597 MainThread parcel INFO Loading parcel manifest for: CDH-5.0.2-1.cdh5.0.2.p0.13-el6.parcel.sha
[23/Jun/2014 03:19:31 +0000] 2597 MainThread parcel ERROR Exception while reading parcel: CDH-5.0.2-1.cdh5.0.2.p0.13-el6.parcel.sha
Traceback (most recent call last):
File ""/usr/lib64/cmf/agent/src/cmf/parcel.py"", line 104, in refresh
fd = open(manifest)
IOError: [Errno 20] Not a directory: u'/opt/cloudera/parcel-repo/CDH-5.0.2-1.cdh5.0.2.p0.13-el6.parcel.sha/meta/parcel.json'
[23/Jun/2014 03:19:31 +0000] 2597 MainThread parcel INFO Loading parcel manifest for: manifest.json
[23/Jun/2014 03:19:31 +0000] 2597 MainThread parcel ERROR Exception while reading parcel: manifest.json
Traceback (most recent call last):
File ""/usr/lib64/cmf/agent/src/cmf/parcel.py"", line 104, in refresh
fd = open(manifest)
IOError: [Errno 20] Not a directory: u'/opt/cloudera/parcel-repo/manifest.json/meta/parcel.json'
[23/Jun/2014 03:19:31 +0000] 2597 MainThread agent ERROR Caught unexpected exception in main loop.
Traceback (most recent call last):
File ""/usr/lib64/cmf/agent/src/cmf/agent.py"", line 454, in start
self._init_after_first_heartbeat_response(heartbeat_response[""data""])
File ""/usr/lib64/cmf/agent/src/cmf/agent.py"", line 529, in _init_after_first_heartbeat_response
self.repo.refresh()
File ""/usr/lib64/cmf/agent/src/cmf/parcel.py"", line 136, in refresh
pid = ParcelId.dir(child)
File ""/usr/lib64/cmf/agent/src/cmf/parcel_id.py"", line 74, in dir
raise Exception(""Invalid parcel directory: %s"" % (dir))
What shall i do ?
I installed the Cloudera Manager successfully . I was first installing the free edition . this time i re-installed with the Enterprise edition which to my surprise installed everything without any issues .
What was the issue with free edition?
Upgrade Your Spark Experience: Introducing CDS 3.5 for Cloud...
[RELEASED] Cloudera Streaming Analytics - Kubernetes Operato...
Community Announcements
Join Us at CommunityOverCode Asia 2025: Exploring the Future...
View More Announcements
Community Guidelines
Community FAQs
Contact Us US: +1 888 789 1488 Outside the US: +1 650 362 0488
© 2025 Cloudera, Inc. All rights reserved.
Terms & Conditions
Privacy Policy and Data Policy
Unsubscribe / Do Not Sell My Personal Information
Apache Hadoop and associated open source project names are trademarks of the Apache Software Foundation. For a complete list of trademarks, click here.",CC-MAIN-2025-43,2026-04-25T06:29:35.964595+00:00
common_crawl_positive_doc_0006,Common Crawl,positive_doc,48bab9a0df2ffc76687a261ced12dbd24fee6cb77953c98d35172ac892f7cbf2,https://www.dubaivacancy.ae/job/evsye-facility-management-careers/,2025-10-06T13:57:27Z,0.04931640625,True,error:,"[""error:""]","Evsye Facility Management Careers 2025 Walk in Interview - Jobs in Dubai – 7000+ Latest Vacancies (October 2025 Update)
Jobs in Dubai – 7000+ Latest Vacancies (October 2025 Update) Find 7000+ latest jobs in Dubai, Abu Dhabi, Sharjah & Ajman (2025). Apply for full-time, part-time, fresher & experienced vacancies across the UAE.
Evsye Facility Management Careers 2025 Walk in Interview
Adil (Team Member) Oct 6, 25 Leave a comment 9,961 Views
Full Time
Dubai, United Arab Emirates
Posted on Oct 6, 25
Not Specified AED / Month
Evsye Facility Management
Date Posted On
Starting from October 6, 2025
Application Closes On
Not Specified
Company Name: Evsye Facility Management
Interview Location: Dubai
Available Job Vacancies:
Evsye Facility Management is opening their doors for a walk-in interview for talented and dedicated individuals who are eager to grow, provide exceptional service, and contribute to a vibrant work environment. The current vacancies are listed below:
And other hospitality department roles
Job Requirements:
Candidates must have prior experience in hospitality, housekeeping, or food & beverage industry is an advantage.
Candidates must be presentable, punctual, and committed.
Immediate joiners are highly preferred.
A supportive and professional working environment.
Opportunities to grow within the hospitality industry.
Training and development support for the right candidates.
A chance to be part of a dynamic, multicultural team in one of the UAE’s fastest-growing industries.
Walk in Interview Schedule Details:
Interview Dates: 6th October 2025 Onwards (Monday to Friday)
Interview Time: 10:00 AM to 04:30 PM
Interview Location: Office No. 903, Al Shafar Tower 1, Barsha Height TECOM, Dubai.
Google Map Location: https://maps.app.goo.gl/cy2aEtXrkYhYRSxY8
What Documents to Bring:
Updated Resume (with relevant experience)
Positive and enthusiastic attitude
If you find this JOB Content helpful, 💼
please share it with others as well. ❤️
Report This Ad Back to Job Listings
Beware of Fraudsters!
Never pay anyone for job applications, interview tests, or job interviews. A genuine employer will never ask you for payment under any circumstances.
Disclaimer & TOS: We do not guarantee the authenticity of every single job posting and are not responsible for any fraudulent activity or misrepresentation by third parties. We are not involved in any stage of the interview or recruitment process and do not charge any fees from job seekers. For further details, please read the rest of the Terms of Service.
Previous Jobs STREIT Group Careers Walk in Interview in Ras Al Khaimah
Related Jobs
STREIT Group Careers Walk in Interview in Ras Al Khaimah
Oct 5, 25
AG Facilities Solutions Careers Walk in Interview in Dubai
Oct 5, 25
NMC Healthcare Careers 2025 Walk in Interview in Dubai
Oct 4, 25
Al Bonian FM Careers 2025 Walk in Interview in Dubai
Oct 4, 25
SOBHA Al Siniya FZC Careers Walk in Interview in Dubai
Oct 4, 25
Binghatti Careers 2025 Walk in Interview in Dubai
Oct 4, 25
GISCO Careers 2025 Walk in Interview in Abu Dhabi
Oct 4, 25
SOBHA Constructions Careers Walk in Interview in Dubai
Oct 4, 25
Get in Touch
Follow on WhatsApp 133K+ Follow on Facebook 132K+ Follow on LinkedIn 8K+ Follow on Twitter 11.3K+ Subscribe on YouTube 44.4K+ Follow on Reddit 2.4K+ Follow on Pinterest 195 Follow on Behance 6
About Adil (Team Member)
This brilliant and reputable platform was officially launched back in 2017 by Adil, the founder of DubaiVacancy.ae – one of Dubai’s top-notch job sites. The website is currently managed by Adil and his dedicated team. Read more about him.
@https://x.com/dubaivacancyae
Leave a Comment Cancel reply
Your email address and phone number will not be published. We respect your privacy. Required fields are marked *
Looking For a Good Employee?
Post a FREE Ad (For Employers)
Maximize Your Job Ad Reach
Reach the Best Candidates Globally
Hire Smart Using Efficient Tools
Accessible Job Listings (7k+)
Unique Job Seekers over (60k+)
Subscribed Job Seekers (10k)
Strictly Follow Job Posting Policy
Jobs in Ras Al Khaimah
Jobs in Fujairah
Jobs in Umm Al Quwain
More Cities
More Info
Contact
About
Our Team
Submit a Job
Report a Job
CV Template
Interview Q&A
Terms Of Service
Privacy Policy
Copyright © 2017-2025 DubaiVacancy.ae. All rights reserved.
Copying or spinning DubaiVacancy.ae content without permission is strictly prohibited.
error:",CC-MAIN-2025-43,2026-04-21T05:17:35.395285+00:00
common_crawl_positive_doc_0007,Common Crawl,positive_doc,4e800999fd9c7137c6171d87aded470623dbc990cf0c4c9f9283e8058fa6a9b5,http://phototoche.com/index.php?/category/102,2025-10-05T15:15:43Z,0.18701171875,True,"Warning:  [mysql error 1064] You have an error in your SQL syntax; check the manual that corresponds to your MySQL server version for the right syntax to use near 'groups, 





 IS NULL OR 





 IS NULL OR groups REGEXP CONCAT(""(^|,)"",group_id,""(,|$)""))
  AND level <= 0
  AND on_cats = ""true""
ORDER BY pos ASC
; in /home/phototoc/www/include/dblayer/functions_mysqli.inc.php on line 845

Fatal error: Call to a member function fetch_assoc() on boolean in /home/phototoc/www/include/dblayer/functions_mysqli.inc.php on line 226","[""Warning:  [mysql error 1064] You have an error in your SQL syntax; check the manual that corresponds to your MySQL server version for the right syntax to use near 'groups,"", ""IS NULL OR"", ""IS NULL OR groups REGEXP CONCAT(\""(^|,)\"",group_id,\""(,|$)\""))\n  AND level <= 0\n  AND on_cats = \""true\""\nORDER BY pos ASC\n; in /home/phototoc/www/include/dblayer/functions_mysqli.inc.php on line 845\n\nFatal error: Call to a member function fetch_assoc() on boolean in /home/phototoc/www/include/dblayer/functions_mysqli.inc.php on line 226""]","Warning:  [mysql error 1064] You have an error in your SQL syntax; check the manual that corresponds to your MySQL server version for the right syntax to use near 'groups, show_title, id_line, width
FROM piwigo_stuffs
LEFT JOIN piwigo_user_grou' at line 1

SELECT DISTINCT id, name, path, datas, groups, show_title, id_line, width
FROM piwigo_stuffs
LEFT JOIN piwigo_user_group
  ON user_id = 2
WHERE (users IS NULL OR users LIKE ""%guest%"")
  AND (groups IS NULL OR groups REGEXP CONCAT(""(^|,)"",group_id,""(,|$)""))
  AND level <= 0
  AND on_cats = ""true""
ORDER BY pos ASC
; in /home/phototoc/www/include/dblayer/functions_mysqli.inc.php on line 845

Fatal error: Call to a member function fetch_assoc() on boolean in /home/phototoc/www/include/dblayer/functions_mysqli.inc.php on line 226",CC-MAIN-2025-43,2026-02-25T05:09:40.760941+00:00
common_crawl_positive_doc_0008,Common Crawl,positive_doc,8961b810d92477a9aef881ccdb01d609a4f485777e7ead718e1861ea696c5f35,https://banglatrick.com/tools/lorem-ipsum-generator,2025-10-05T11:51:52Z,0.41552734375,True,"404
Oops! Page not found.
It looks like nothing was found at this location. Maybe try a search?
Search for:
Search
⬅ Back to Home
About us
User Rights
Terms of Use
Privacy Policy","[""404\nOops! Page not found.\nIt looks like nothing was found at this location. Maybe try a search?\nSearch for:\nSearch\n⬅ Back to Home\nAbout us\nUser Rights\nTerms of Use\nPrivacy Policy""]","Page Not Found — BanglaTrick
Home
Login
Sign Up
Earn Money
BanglaTrick
×
Home
Login
Sign Up
404
Oops! Page not found.
It looks like nothing was found at this location. Maybe try a search?
Search for:
Search
⬅ Back to Home
About us
User Rights
Terms of Use
Privacy Policy
Copyright Issues
BanglaTrick.com Team
Developed by - BanglaTrick.com",CC-MAIN-2025-43,2026-02-14T13:30:47.205587+00:00
common_crawl_positive_doc_0009,Common Crawl,positive_doc,65abb200122282d2948a7a9d412e23d9acf1bcf6abd80d6b4ef8fbd2b4dd917b,https://my-knickers.com/product/provocative-pr1432-sensualite-dentelle-2pc-set/,2025-10-05T18:44:16Z,0.38037109375,True,"Free shipping for orders over $199. 
 Warning: Use of undefined constant php - assumed 'php' (this will throw an Error in a future version of PHP) in /home/myknickers/public_html/wp-content/plugins/daphne-core/inc/plugins/woocommerce/widgets/side-area-cart/templates/parts/background-image.php on line 12 
 > 
 Your bag 
 No products in the cart. 
 Cart (0) 
 Warning: Use of undefined constant php - assumed 'php' (this will throw an Error in a future version of PHP) in /home/myknickers/public_html/wp-content/plugins/daphne-core/inc/plugins/woocommerce/widgets/side-area-cart/templates/parts/background-image.php on line 12","[""Free shipping for orders over $199. \n Warning: Use of undefined constant php - assumed 'php' (this will throw an Error in a future version of PHP) in /home/myknickers/public_html/wp-content/plugins/daphne-core/inc/plugins/woocommerce/widgets/side-area-cart/templates/parts/background-image.php on line 12 \n > \n Your bag \n No products in the cart. \n Cart (0) \n Warning: Use of undefined constant php - assumed 'php' (this will throw an Error in a future version of PHP) in /home/myknickers/public_html/wp-content/plugins/daphne-core/inc/plugins/woocommerce/widgets/side-area-cart/templates/parts/background-image.php on line 12""]","Provocative PR1432 Sensualite Dentelle 2pc Set - My Knickers
Skip to the content
[email protected]
Addicted to perfection. Dedicate to woman. Free shipping for orders over $199.
Warning: Use of undefined constant php - assumed 'php' (this will throw an Error in a future version of PHP) in /home/myknickers/public_html/wp-content/plugins/daphne-core/inc/plugins/woocommerce/widgets/side-area-cart/templates/parts/background-image.php on line 12
>
Your bag
No products in the cart.
Cart (0)
Warning: Use of undefined constant php - assumed 'php' (this will throw an Error in a future version of PHP) in /home/myknickers/public_html/wp-content/plugins/daphne-core/inc/plugins/woocommerce/widgets/side-area-cart/templates/parts/background-image.php on line 12
>
Your bag
No products in the cart.
Provocative PR1432 Sensualite Dentelle 2pc Set
Provocative PR1432 Sensualite Dentelle 2pc Set quantity
Add to cart
Add to wishlist
SKU: PROPR1432-G Categories:Bedroom Wear, Bras, Lingerie Sets, Sexy Lingerie
Description
Additional information
Description
An indigo blue lacey bra set with gold thread running through the fabric. Super soft and stretchy this is a quality item with gold coloured metal adjusters. A decorative jewellery chain is also included which can be clipped onto set or worn without. This item is packaged in a lovely Provocative Box. A body in this stunning design is available separately, please see related products.
Additional information
Weight
N/A
Material
90% Polyamide 10% Elastane
Colour
Indigo
Size
L/XL, S/M
Brand
Provocative
Supply Type
Stock Line
Barcode
3700580214329, 3700580214336
Related products
Read more
Add to wishlist
Quick View
Me Seduce Me Seduce Mila Corset Black
10% Elastan 90% Polyamid £34.58
Read more
Add to wishlist
Quick View
Roza Ambre Soft Cup Bra Black
75% Polyamid, 20% Elastan, 5% £26.32
Read more
Add to wishlist
Quick View
Shirley of Hollywood X3257 Sleepshirt Teal
90% Rayon, 5% Polyester, 5% £43.96
75% Polyamid, 20% Elastan, 5% £27.64
Adress: 60 Hollin Hall, Trawden, BB8 8SS
*Be the first to know about special offers and discounts.
© 2022 My-Knickers, All Rights Reserved
Already have an account? Login
Don't have an account? Register
Lost your password? Reset Password
Login
Remember me
Lost your password?
Don't have an account? Create an account
Register
Already have an account? Log In
Lost your password? Please enter your username or email address. You will receive a link to create a new password via email.
Reset Password
X",CC-MAIN-2025-43,2026-03-01T09:20:22.410897+00:00
common_crawl_positive_doc_0010,Common Crawl,positive_doc,0e688cbe509b0a5a2fae3cc19fedfdc9cabf5ef702275aa4a857a0a61bec584d,https://www.magicvaporshop.com/brands/zero-bar/,2025-10-05T13:35:02Z,0.35791015625,True,"606-877-1234
WARNING: THIS PRODUCT CONTAINS NICOTINE. NICOTINE IS AN ADDICTIVE CHEMICAL.
Login
Asset 1
0
View all results (0)
No products found...
Asset 1
0
$0.00","[""606-877-1234\nWARNING: THIS PRODUCT CONTAINS NICOTINE. NICOTINE IS AN ADDICTIVE CHEMICAL.\nLogin\nAsset 1\n0\nView all results (0)\nNo products found...\nAsset 1\n0\n$0.00""]","Zero Bar - Magic Vapor Shop LLC
627066
1606
nee
us
live
https://www.magicvaporshop.com/
Home
Store Locater
MODS & Batteries
18650 21700 Batteries
External Battery
Internal Battery
Coils
Pods without Coils
Coils
Pods with Coils
Accessories
Chargers
Replacement Glass
Cases
Juul
Prefilled Juul Pods 4 pack
Tanks
Sub Ohm Tanks
Standard Vaping Tanks
Disposable
Salt Nic Juice
Fruity
Candy
Menthol
Tobacco
Drinks
Coffee's
Deserts
Cereal
Show All Juice's
Juice By Brand
Naked100
Pink Spot
Jam Monster
Pinup Vapors
Keep It 100
Primitive
No Hype
Elysian
Cassadaga
Barista
Candy King
Aqua
Twist
Solace
Silverback Juice Co.
Transistor
Custard Monster
Juice Head
One Hit Wonder
Beard Vape Co
Vapetasia
Coastal Clouds
Pacha Mama
Reds Apple eJuice
Innevape
Cuttwood
Mad Hatter / I Love Salts
Fruit Monster
Propaganda
Ice Monster
Glas Basix
Juice By Flavor
Fruit
Candy
Menthol
Drink
Tobacco
Coffee's
Desserts
Cereal
Juice Bottle Size
120ml
100 ml
60 ml
30 ml
Battery and Charger Safety
Disposables
Disposables
VAPOR FACTS with LINKS: KNOW THE TRUTH!
Join the Fight, SAVE FLAVORED VAPES!
Contact
Menu
606-877-1234
WARNING: THIS PRODUCT CONTAINS NICOTINE. NICOTINE IS AN ADDICTIVE CHEMICAL.
Login
Asset 1
0
View all results (0)
No products found...
Asset 1
0
$0.00
Cart0 items
No products found
Home
Store Locater
MODS & Batteries
18650 21700 Batteries
External Battery
Internal Battery
Coils
Pods without Coils
Coils
Pods with Coils
Accessories
Chargers
Replacement Glass
Cases
Juul
Prefilled Juul Pods 4 pack
Tanks
Sub Ohm Tanks
Standard Vaping Tanks
Disposable
Salt Nic Juice
Fruity
Candy
Menthol
Tobacco
Drinks
Coffee's
Deserts
Cereal
Show All Juice's
Juice By Brand
Naked100
Pink Spot
Jam Monster
Pinup Vapors
Keep It 100
Primitive
No Hype
Elysian
Cassadaga
Barista
Candy King
Aqua
Twist
Solace
Silverback Juice Co.
Transistor
Custard Monster
Juice Head
One Hit Wonder
Beard Vape Co
Vapetasia
Coastal Clouds
Pacha Mama
Reds Apple eJuice
Innevape
Cuttwood
Mad Hatter / I Love Salts
Fruit Monster
Propaganda
Ice Monster
Glas Basix
Juice By Flavor
Fruit
Candy
Menthol
Drink
Tobacco
Coffee's
Desserts
Cereal
Juice Bottle Size
120ml
100 ml
60 ml
30 ml
Battery and Charger Safety
Disposables
Disposables
VAPOR FACTS with LINKS: KNOW THE TRUTH!
Join the Fight, SAVE FLAVORED VAPES!
Contact
VAPOR FACTS WITH THE LINKS
VAPOR FACTS WITH THE LINKS CLICK HERE
VAPOR FACTS WITH THE LINKS CLICK HERE
STORE LOCATOR
VAPOR FACTS WITH THE LINKS
VAPOR FACTS WITH THE LINKS CLICK HERE
VAPOR FACTS WITH THE LINKS CLICK HERE
STORE LOCATOR
All products are added to your cart.
Home Brands Zero Bar
Categories
Store Locater
MODS & Batteries
18650 21700 Batteries
External Battery
Internal Battery
Coils
Pods without Coils
Coils
Pods with Coils
Accessories
Chargers
Replacement Glass
Cases
Juul
Prefilled Juul Pods 4 pack
Tanks
Sub Ohm Tanks
Standard Vaping Tanks
Disposable
Salt Nic Juice
Fruity
Candy
Menthol
Tobacco
Drinks
Coffee's
Deserts
Cereal
Show All Juice's
Juice By Brand
Naked100
Pink Spot
Jam Monster
Pinup Vapors
Keep It 100
Primitive
No Hype
Elysian
Cassadaga
Barista
Candy King
Aqua
Twist
Solace
Silverback Juice Co.
Transistor
Custard Monster
Juice Head
One Hit Wonder
Beard Vape Co
Vapetasia
Coastal Clouds
Pacha Mama
Reds Apple eJuice
Innevape
Cuttwood
Mad Hatter / I Love Salts
Fruit Monster
Propaganda
Ice Monster
Glas Basix
Juice By Flavor
Fruit
Candy
Menthol
Drink
Tobacco
Coffee's
Desserts
Cereal
Juice Bottle Size
120ml
100 ml
60 ml
30 ml
Battery and Charger Safety
Disposables
Disposables
VAPOR FACTS with LINKS: KNOW THE TRUTH!
Join the Fight, SAVE FLAVORED VAPES!
Contact
The Real Truth
X-Vapor Technology Association VIDEO....cigarettes are killing its own customers, and will gladly take your money , until the day you die
2025 Can be the best year ever....or the worst,Click here and READ on
Tobacco killed 500,000 Americans in 2023 – is it time to control cigarette-makers?
CASAA link...the ""Children Vaping MORE"" is crooked...read here...more LIES
Tags
Black
apple
banana
berries
berry
blizz
blue
blueberry
burst
butter
candy
caramel
cereal
cinnamon
coffee
cream
fruit
icecream
jam
lemon
mango
menthol
milk
mixed
monster
peach
pie
pinapple
pinkspot
rasberry
real
roll
shake
slush
slushie
sour
strawberry
sweet
tobacco
vanilla
Zero Bar (0)
Sort by: Most viewed Newest products Lowest price Highest price Name ascending Name descending
No products found...
Show: 4 8 12 16 20 24
Showing 1 - 0 of 0
Stay up to date with the latest news and developments
Send
About us
Just a small town store, with the best customer service . EST;2011 With 7 locations In the first 7 years, shows we know how to treat our customers. We back the products we sell, and keep them coming back for more...we would like to say thank you to them
Customer service
Battery and Charger Safety is Your Responsibility
General terms & conditions
About us
Disclaimer
Privacy policy
Return Policy
Customer support
Store Locator
Warranty
My account
Register
My orders
My wishlist
Compare products
Magic Vapor Shop LLC
595 Hwy 192, London KY,40741
340 E. Brannon Crossing , Nicholasville Ky, 40356
606-877-1234
[email protected]
No Soliciting PLEASE! No one here can tell you anything about anything
Send samples to Brannon Crossing, don't call us , we'll call you
© Copyright 2025 - Powered by Lightspeed - Theme By DMWS x Plus+ | RSS feed | Sitemap
/ - beoordelingen op
Store Locator is loading from Storemapper store locator software...",CC-MAIN-2025-43,2026-02-13T15:46:50.737341+00:00
common_crawl_positive_doc_0011,Common Crawl,positive_doc,ff05198ab4dda73d35210663063261715fd40283e2c35adcc59303f768018dfb,https://gamespace.com/all-articles/news/trine-4-melody-of-mystery-dlc-announced/,2025-10-06T07:54:27Z,0.0283203125,True,"Warning: Trying to access array offset on false in /home/sbford/public_html/wp-content/themes/huber/functions.php on line 517 
 Warning: Trying to access array offset on false in /home/sbford/public_html/wp-content/themes/huber/functions.php on line 518","[""Warning: Trying to access array offset on false in /home/sbford/public_html/wp-content/themes/huber/functions.php on line 517 \n Warning: Trying to access array offset on false in /home/sbford/public_html/wp-content/themes/huber/functions.php on line 518""]","Trine 4 - Melody of Mystery DLC Announced - GameSpace.com
Xbox Game Pass Is Getting a Major Overhaul And a Price Hike
October 3, 2025
Borderlands 4 Shift Codes: All Active Codes
September 15, 2025
7GoodUser Avg
Heroes of Might and Magic: Olden Era
Raining City: Millions Recollections – PC Review
September 24, 2025
8.7Great
Borderlands 4 PC Review: It Has Beaten My Expectations to Become a GotY Contender
September 16, 2025
8.7Great 9.4AmazingUser Avg
Hollow Knight: Silksong – PC Review
September 10, 2025
9Amazing
Metal Gear Solid Delta – Snake Eater Review: A Solid Remake
Peak Creators Announced New Game: Crashout Crew
October 4, 2025
My Little Puppy Comes This November
October 4, 2025
Trick, Treat, And Tennotober: Warframe’s Halloween 2025 Schedule
October 3, 2025
What Should You Play in October 2025? We Have Ideas
Peak Creators Announced New Game: Crashout Crew
October 4, 2025
My Little Puppy Comes This November
October 4, 2025
Pixel Action Spindle Received Release Date
October 2, 2025
Kaiju No. 8 The Game Released on PC
Xbox Game Pass Is Getting a Major Overhaul And a Price Hike
October 3, 2025
Borderlands 4 Shift Codes: All Active Codes
September 15, 2025
7GoodUser Avg
Heroes of Might and Magic: Olden Era
Raining City: Millions Recollections – PC Review
September 24, 2025
8.7Great
Borderlands 4 PC Review: It Has Beaten My Expectations to Become a GotY Contender
September 16, 2025
8.7Great 9.4AmazingUser Avg
Hollow Knight: Silksong – PC Review
September 10, 2025
9Amazing
Metal Gear Solid Delta – Snake Eater Review: A Solid Remake
Peak Creators Announced New Game: Crashout Crew
October 4, 2025
My Little Puppy Comes This November
October 4, 2025
Trick, Treat, And Tennotober: Warframe’s Halloween 2025 Schedule
October 3, 2025
What Should You Play in October 2025? We Have Ideas
Peak Creators Announced New Game: Crashout Crew
October 4, 2025
My Little Puppy Comes This November
October 4, 2025
Pixel Action Spindle Received Release Date
October 2, 2025
Kaiju No. 8 The Game Released on PC
October 2, 2025
Warning: Trying to access array offset on false in /home/sbford/public_html/wp-content/themes/huber/functions.php on line 517
Warning: Trying to access array offset on false in /home/sbford/public_html/wp-content/themes/huber/functions.php on line 518
Trine 4 – Melody of Mystery DLC Announced
Catherine Daro November 17, 2020 News
FacebookTwitterReddit
Mail
Modus Games announced story-driven DLC Melody of Mystery coming to side-scrolling platformer Trine 4: The Nightmare Prince. The expansion will be arriving on PC via Steam, Origin, GOG and Humble Store this month. Nintendo Switch, PlayStation 4 and Xbox One will receive Melody of Mystery in Spring 2021.
Trine 4: Melody of Mystery beckons the series’ endearing trio of heroes back to the Astral Academy to investigate an enchanted slumber which has enveloped the academy’s students. With a suspicious and mistakenly freed spirit on the loose, Amadeus, Pontius, and Zoya’s encore journey will lead them through six all-new levels, where they’ll master upgraded abilities while solving fresh puzzles incorporating new elements like sheets of ice, torches, magnets, and crystals.
Tags: Frozenbyte, platformer, side-scroller, Trine 4: The Nightmare Prince
Previous ArticleTwin Mirror Lost on Arrival Prepares Us For BasswoodNext ArticleGet Your Xbox One Game On with This Week’s Titles
You May Also Like
Tied Together swings onto Nintendo Switch
October 22, 2018
The Smurfs – Dreams – Check Out Gameplay Reveal Trailer
June 20, 2024
Glyph Rolls Onto PC Today
August 16, 2021
Tyr: Chains of Valhalla is Metal Mecha Viking Madness
April 6, 2018
Bloodstained Ritual of Night Trailer Side Scrolls Its Way to Hell & Back
June 9, 2017
Quack Quack Explode in Duck Paradox
October 10, 2024
GameSpace aims to be a one-stop shop for all your gaming news, reviews, videos, streams, opinions, and forums. We aim to cover not only the games and the people who make them, but also the culture and trends around the industry. If there's a hot topic in gaming, chances are we're all here writing about it.
This site is protected by reCAPTCHA and the Google Privacy Policy and Terms of Service apply.
or
Connect with:
Facebook Google Twitter Reddit Steam Twitch.tv
Register Lost Password
Lost Password
Please enter your username or email address. You will receive a link to create a new password via email.
Register Sign In
Sign Up
This site is protected by reCAPTCHA and the Google Privacy Policy and Terms of Service apply.
Sign In",CC-MAIN-2025-43,2026-04-09T18:25:18.561508+00:00
common_crawl_positive_doc_0012,Common Crawl,positive_doc,7ff43c5abf3a404a7df4d0358032bda30656e91752bb6882a96b664d2fed844f,https://gasoleo.duckdns.org/01inc/30mkeamp.php?&t=GASOLINERA-DIESEL&c=1&x=precios-gasolineras-baratas-diesel-gasoil-gasoleo-glp&n=gasoleoduckdnsorgx-251003stmp000081,2025-10-06T15:05:06Z,0.17529296875,True,20251006:170506 too many try conexion: 18.97.14.81,"[""20251006:170506 too many try conexion: 18.97.14.81""]",20251006:170506 too many try conexion: 18.97.14.81,CC-MAIN-2025-43,2026-04-20T12:40:38.872463+00:00
common_crawl_positive_doc_0013,Common Crawl,positive_doc,9ab40c43a2952531194f25de4dc85fc5a1b25d9ad9bd2286220acf15b9031cb3,https://www.menuiserie-ruiz.ch/0302769523ca135500000,2025-10-06T07:19:44Z,0.001953125,True,"Warning: require(/home/clients/85f1f28f6a3d8528fb784c292810ed81/web/wp-includes/functions.php): failed to open stream: No such file or directory in /home/clients/85f1f28f6a3d8528fb784c292810ed81/web/wp-settings.php on line 98
Warning: require(/home/clients/85f1f28f6a3d8528fb784c292810ed81/web/wp-includes/functions.php): failed to open stream: No such file or directory in /home/clients/85f1f28f6a3d8528fb784c292810ed81/web/wp-settings.php on line 98
Fatal error: require(): Failed opening required '/home/clients/85f1f28f6a3d8528fb784c292810ed81/web/wp-includes/functions.php' (include_path='.:/opt/php7.1/lib/php') in /home/clients/85f1f28f6a3d8528fb784c292810ed81/web/wp-settings.php on line 98","[""Warning: require(/home/clients/85f1f28f6a3d8528fb784c292810ed81/web/wp-includes/functions.php): failed to open stream: No such file or directory in /home/clients/85f1f28f6a3d8528fb784c292810ed81/web/wp-settings.php on line 98\nWarning: require(/home/clients/85f1f28f6a3d8528fb784c292810ed81/web/wp-includes/functions.php): failed to open stream: No such file or directory in /home/clients/85f1f28f6a3d8528fb784c292810ed81/web/wp-settings.php on line 98\nFatal error: require(): Failed opening required '/home/clients/85f1f28f6a3d8528fb784c292810ed81/web/wp-includes/functions.php' (include_path='.:/opt/php7.1/lib/php') in /home/clients/85f1f28f6a3d8528fb784c292810ed81/web/wp-settings.php on line 98""]","Warning: require(/home/clients/85f1f28f6a3d8528fb784c292810ed81/web/wp-includes/functions.php): failed to open stream: No such file or directory in /home/clients/85f1f28f6a3d8528fb784c292810ed81/web/wp-settings.php on line 98
Warning: require(/home/clients/85f1f28f6a3d8528fb784c292810ed81/web/wp-includes/functions.php): failed to open stream: No such file or directory in /home/clients/85f1f28f6a3d8528fb784c292810ed81/web/wp-settings.php on line 98
Fatal error: require(): Failed opening required '/home/clients/85f1f28f6a3d8528fb784c292810ed81/web/wp-includes/functions.php' (include_path='.:/opt/php7.1/lib/php') in /home/clients/85f1f28f6a3d8528fb784c292810ed81/web/wp-settings.php on line 98",CC-MAIN-2025-43,2026-04-08T00:20:41.310199+00:00
common_crawl_positive_doc_0014,Common Crawl,positive_doc,0f54d8d93f9453927075df01deecb119f8d1f6a64b4ffd18c812a189d2995919,https://radiology.ucsf.edu/people/T?type=9991&amp%3Bamp%3Bsubspecialty=All&amp%3Bamp%3Binterest=All&amp%3Bsubspecialty=841&interest=886&subspecialty=831,2025-10-06T17:17:11Z,0.33203125,True,"Home
»
About
»
People
Error message
An illegal choice has been detected. Please contact the site administrator.
- All -Abdominal ImagingBreast ImagingCardiothoracic ImagingInterventional RadiologyMolecular Imaging & TherapeuticsMusculoskeletalNeuroendovascular SurgeryNeuroradiologyPediatric RadiologyVA Medical CenterZuckerberg San Francisco General
- All -BodyMusculoskeletal ImagingNeuroimagingVascular & Cardiac ImagingAdvanced Imaging TechnologiesChemistry, Probes & MolecularIntelligent ImagingVA Advanced Imaging
© 2025 The Regents of the University of California | Accessibility | Terms of Use | Privacy Policy","[""Home\n»\nAbout\n»\nPeople\nError message\nAn illegal choice has been detected. Please contact the site administrator.\n- All -Abdominal ImagingBreast ImagingCardiothoracic ImagingInterventional RadiologyMolecular Imaging & TherapeuticsMusculoskeletalNeuroendovascular SurgeryNeuroradiologyPediatric RadiologyVA Medical CenterZuckerberg San Francisco General\n- All -BodyMusculoskeletal ImagingNeuroimagingVascular & Cardiac ImagingAdvanced Imaging TechnologiesChemistry, Probes & MolecularIntelligent ImagingVA Advanced Imaging\n© 2025 The Regents of the University of California | Accessibility | Terms of Use | Privacy Policy""]","People | UCSF Radiology
Skip to main content
University of California, San Francisco
(T32) Biomedical Imaging for Clinician Scientists
Medical Students
Master of Science in Biomedical Imaging
Ultrasound Lecture Series
Distinguished Lecture Series
CME/Postgrad Ed
Alumni
Academic Affairs
Academic Affairs Team
Faculty Thrive Guide
Academic Recruitment
Academic Advancement
Development & Courses
Faculty Mentoring
Celebrating Faculty/Alumni
Department Committees
Academic Affairs FAQs
Locations
China Basin
Mission Bay
Montgomery Street
Mount Zion
Parnassus
Zuckerberg SF General
VA Medical Center
Berkeley
Oakland
San Mateo
Redwood Shores
UCSF Radiology Locations Grid
News
Blog
Events
Honors and Awards
Department Publications
Media Kit
You are here
Home
»
About
»
People
Error message
An illegal choice has been detected. Please contact the site administrator.
- All -Abdominal ImagingBreast ImagingCardiothoracic ImagingInterventional RadiologyMolecular Imaging & TherapeuticsMusculoskeletalNeuroendovascular SurgeryNeuroradiologyPediatric RadiologyVA Medical CenterZuckerberg San Francisco General
- All -BodyMusculoskeletal ImagingNeuroimagingVascular & Cardiac ImagingAdvanced Imaging TechnologiesChemistry, Probes & MolecularIntelligent ImagingVA Advanced Imaging
© 2025 The Regents of the University of California | Accessibility | Terms of Use | Privacy Policy",CC-MAIN-2025-43,2026-04-27T06:00:23.197839+00:00
common_crawl_positive_doc_0015,Common Crawl,positive_doc,8fa17f8f88eea416a43d09fe137eeb2638926cc5c2ae2cdf84035054f3250f2d,https://solindiarizate.org/items/205861405,2025-10-05T21:27:22Z,0.00634765625,True,Fatal error: Uncaught Error: Call to undefined function wp() in /home/virtual/solindiarizate.org/var/www/html/wp-blog-header.php:16 Stack trace: #0 /home/virtual/solindiarizate.org/var/www/html/index.php(4): require() #1 {main} thrown in /home/virtual/solindiarizate.org/var/www/html/wp-blog-header.php on line 16,"[""Fatal error: Uncaught Error: Call to undefined function wp() in /home/virtual/solindiarizate.org/var/www/html/wp-blog-header.php:16 Stack trace: #0 /home/virtual/solindiarizate.org/var/www/html/index.php(4): require() #1 {main} thrown in /home/virtual/solindiarizate.org/var/www/html/wp-blog-header.php on line 16""]",Fatal error: Uncaught Error: Call to undefined function wp() in /home/virtual/solindiarizate.org/var/www/html/wp-blog-header.php:16 Stack trace: #0 /home/virtual/solindiarizate.org/var/www/html/index.php(4): require() #1 {main} thrown in /home/virtual/solindiarizate.org/var/www/html/wp-blog-header.php on line 16,CC-MAIN-2025-43,2026-03-10T02:26:20.244897+00:00
common_crawl_positive_doc_0016,Common Crawl,positive_doc,3d215f93bd0a615cb692e0ed533b14980b4cb3cfa65c81ed9858cc5e301c8c63,https://www.coinrica.com/blog/stm_works_category/consumer-products/,2025-10-06T04:46:51Z,0.07958984375,True,"This error message is only visible to WordPress admins 
 Error: No feed found. 
 Please go to the Instagram Feed settings page to create a feed. 
 Latest Tweets 
 Could not authenticate you. 
 © 2025 Consulting WordPress Theme by StylemixThemes","[""This error message is only visible to WordPress admins \n Error: No feed found. \n Please go to the Instagram Feed settings page to create a feed. \n Latest Tweets \n Could not authenticate you. \n © 2025 Consulting WordPress Theme by StylemixThemes""]","1010 New York, NY 10018 US.
Mon - Sat 8.00 - 18.00. Sunday CLOSED
212 386 5575
15 Baker Str., London, HA018 UK.
Mon - Sat 8.00 - 18.00. Sunday CLOSED
Consulting is a global consultbe- gan our operations a fewd...
1010 Avenue of the Moon New York, NY 10018 US.
Pricing games: A technology company boast
how can we help you?
Contact us at the Consulting WP office nearest to you or submit a business inquiry online.
contacts
archive
archive Select Month December 2019 January 2016 December 2015
tags
401K advisors benchmarks consulting finance ideas market millenials online services planning portfolios themeforest tips
see our gallery
text widget
Are your competitors talking about you in their boardrooms? Can every employee articulate your strategy and are they empowered to execute on it?
Since Consulting WP’s founding in 1985, strategy has been our core business. We work with companies in every industry to develop strategies that deliver results.
Consulting WP - Before we talk destination, we shine a spotlight across your organization to fully understand its people, processes, and technology. Consulting WordPress theme / Finance WordPress theme / Business WordPress theme
This error message is only visible to WordPress admins
Error: No feed found.
Please go to the Instagram Feed settings page to create a feed.
Latest Tweets
Could not authenticate you.
© 2025 Consulting WordPress Theme by StylemixThemes",CC-MAIN-2025-43,2026-03-30T07:22:28.520834+00:00
common_crawl_positive_doc_0017,Common Crawl,positive_doc,8aeed86b9c06c1dab16a80df01a0b5e55c60b00dc5c71b709f2e18d1649cc6e8,https://www.babycakeschildrensboutique.com/products/daisy-dress-gull-play-with-sunrise-boulevard-blue,2025-10-06T04:45:52Z,0.55078125,True,"The Babycakes Library
Custom Gifts
Gift Cards
Sale
Follow Us on Social Media
© 2025 Babycakes Children's Boutique. Powered by Shopify
Success! Feel free to continue shopping or head to your cart .
Are you a New User? REGISTER HERE
Translation missing: en.customer.recover_password.title
Translation missing: en.customer.recover_password.subtext
Translation missing: en.customer.recover_password.email Translation missing: en.customer.recover_password.cancel
Translation missing: en.customer.register.title
Translation missing: en.customer.register.first_name Translation missing: en.customer.register.last_name Translation missing: en.customer.register.email Translation missing: en.customer.register.password
Are you an Existing User? LOGIN HERE","[""The Babycakes Library\nCustom Gifts\nGift Cards\nSale\nFollow Us on Social Media\n© 2025 Babycakes Children's Boutique. Powered by Shopify\nSuccess! Feel free to continue shopping or head to your cart .\nAre you a New User? REGISTER HERE\nTranslation missing: en.customer.recover_password.title\nTranslation missing: en.customer.recover_password.subtext\nTranslation missing: en.customer.recover_password.email Translation missing: en.customer.recover_password.cancel\nTranslation missing: en.customer.register.title\nTranslation missing: en.customer.register.first_name Translation missing: en.customer.register.last_name Translation missing: en.customer.register.email Translation missing: en.customer.register.password\nAre you an Existing User? LOGIN HERE""]","Daisy Dress Gull Play with Sunrise Boulevard Blue – Babycakes Children's Boutique
Footies, Rompers, PJ Sets & Convertible Gowns
Footies, Rompers, PJ Sets & Convertible Gowns
Tops
Bottoms
One-Piece Outfits & Outfit Sets
Party Girl! Tutus & Party Dresses
The Babycakes Library
All Books A-Z
Books for Black History Month
Books about School
Books About Halloween
Books about Birthdays
Books About Siblings & New Babies
Books about Parents & Grandparents
Books About Thanksgiving
Books About Christmas
Books about Prayer and Christianity
Baby Girl (Newborn - 24 Months)
Baby Boy (Newborn - 24 Months)
Footies, Rompers, PJ Sets & Convertible Gowns
Footies, Rompers, PJ Sets & Convertible Gowns
Tops
Bottoms
One-Piece Outfits & Outfit Sets
Party Girl! Tutus & Party Dresses
The Babycakes Library
All Books A-Z
Books for Black History Month
Books about School
Books About Halloween
Books about Birthdays
Books About Siblings & New Babies
Books about Parents & Grandparents
Books About Thanksgiving
Books About Christmas
Books about Prayer and Christianity
Baby Girl (Newborn - 24 Months)
Baby Boy (Newborn - 24 Months)
Girl (2T-6)
Boy (2T - 6)
Daisy Dress Gull Play with Sunrise Boulevard Blue
Size
2T 3T 4T 5 6 7 8 10 12
2T - Sold Out 3T - Sold Out 4T - Sold Out 5 - Sold Out 6 - Sold Out 7 - $45.00 8 - $45.00 10 - $45.00 12 - Sold Out
Call 216-767-5209 To Purchase
A much loved dress is back & now in a print! The Daisy Dress in Gull Play is sure to be her go to dress for warm summer days. She'll be comfy, cozy, and oh so CHIC!
Home / Products / Daisy Dress Gull Play with Sunrise Boulevard Blue
ABOUT US
Babycakes Children's Boutique is the premier children's clothing and gift shop in Cleveland, Ohio!
View Store Info
Shop
Home
Featured Babycakes Brands
Baby Girl Clothing
Girl Clothing (2T-6)
Baby Boy Clothing
Boy Clothing (2T-6)
Shoes
Special Occasions
The Babycakes Library
Custom Gifts
Gift Cards
Sale
Follow Us on Social Media
© 2025 Babycakes Children's Boutique. Powered by Shopify
Success! Feel free to continue shopping or head to your cart .
Are you a New User? REGISTER HERE
Translation missing: en.customer.recover_password.title
Translation missing: en.customer.recover_password.subtext
Translation missing: en.customer.recover_password.email Translation missing: en.customer.recover_password.cancel
Translation missing: en.customer.register.title
Translation missing: en.customer.register.first_name Translation missing: en.customer.register.last_name Translation missing: en.customer.register.email Translation missing: en.customer.register.password
Are you an Existing User? LOGIN HERE",CC-MAIN-2025-43,2026-03-31T20:45:58.715717+00:00
common_crawl_positive_doc_0018,Common Crawl,positive_doc,348fe412280a7922c09a611e3380983ae92f77b8bc7c60abef8125ddbbbad7e1,https://www.nk-varteks.com/component/joomsport/match/14015?Itemid=211,2025-10-06T08:42:08Z,0.03125,True,ERROR! SEASON ID not DEFINED,"[""ERROR! SEASON ID not DEFINED""]",ERROR! SEASON ID not DEFINED,CC-MAIN-2025-43,2026-04-04T04:53:25.997767+00:00
common_crawl_positive_doc_0019,Common Crawl,positive_doc,0a0b454227285fb654a3485f34ffdf6aa3ecf105d1ed72592ab88ec51492803f,https://dfwwholesalesecurity.com/cctv-camera-and-installation-in-oak-grove-texas,2025-10-06T08:24:12Z,0.01513671875,True,Notice: file_put_contents(): Write of 84827 bytes failed with errno=122 Disk quota exceeded in /home/u783951618/domains/dfwwholesalesecurity.com/public_html/wp-content/plugins/elementor/core/files/base.php on line 194,"[""Notice: file_put_contents(): Write of 84827 bytes failed with errno=122 Disk quota exceeded in /home/u783951618/domains/dfwwholesalesecurity.com/public_html/wp-content/plugins/elementor/core/files/base.php on line 194""]","Notice: file_put_contents(): Write of 84827 bytes failed with errno=122 Disk quota exceeded in /home/u783951618/domains/dfwwholesalesecurity.com/public_html/wp-content/plugins/elementor/core/files/base.php on line 194
Top 1 CCTV Camera and Installation in Oak Grove, Texas Today
Affordable Fort Worth Security Camera Installations and Solutions
Expert
CCTV Camera and Installation in Oak Grove, Texas
From customized installations to comprehensive surveillance setups, we cover all your Oak Grove CCTV Camera and Installation needs.
Request a Security Camera Installation Quote Today!
Professional Fort Worth CCTV Camera and Installation in Oak Grove, Texas
Fort Worth Security Camera Installation team provides dependable Fort Worth CCTV Camera and Installation in Oak Grove, ensuring top-notch security for homes in the area. With over 15 years of experience, our CCTV Camera and Installation includes a wide range of camera types and precision installation methods. Whether residential or commercial, we deliver tailored security camera solutions you can trust.
Personalized Fort Worth Security Camera and CCTV solutions
Experienced Fort Worth security camera installers in Oak Grove
CCTV Camera and Installation in Oak Grove Made Easy
Locally owned and operated, DFW Wholesale Security makes Fort Worth CCTV Camera and Installation in Oak Grove hassle-free with expert, reliable service.
Tailored setups for all properties
High-quality security equipment available
Professional, certified installers
Competitive pricing with a low-price assurance
Efficient installation for any project scales
Years of installation experience
Comprehensive support from start to finish
Request Service Today
Save on Next Service
Available for new customers for Fort Worth CCTV Camera and Installation in Oak Grove
Learn More Today
Introductory Rate
5% Off your Next Visit for Fort Worth CCTV Camera and Installation in Oak Grove
Contact Us Now
Want to enhance your security? We’re here to help!
Our services make protecting your business in Oak Grove hassle-free with customized Fort Worth CCTV installation services designed for maximum coverage. We provide affordable surveillance solutions that ensure you have reliable and comprehensive security tailored to your property.
CALL NOW (817) 231-2962
Our Range of Fort Worth CCTV Camera and Installation in Oak Grove
Why Choose DFW Wholesale Security for Fort Worth CCTV Camera and Installation in Oak Grove, Texas
Over 15 years of experience
Competitive pricing with a budget-friendly promise
Ongoing assistance at every step
Customized CCTV solutions for your specific needs
Professional, friendly and licensed install technicians
Quick installations
3 Simple Steps to CCTV Camera Installation in Oak Grove
Get in Touch
Simply contact us by phone or online to get started quickly.
Get Your Assessment
We’ll discuss your security needs and provide a clear, custom quote.
CCTV Installation Starts
Our experts ensure seamless installation, delivering top-quality results.
What Oak Grove Clients Say About Our CCTV Camera and Installation
""Leroy was such a blessing to me. After several quotes from other companies attempting to upsell and giving overpriced quotes, I decided to call this company. DFW Wholesale Security provided affordable and professional service, making the entire process easy.""
Haley F.
Request a Free Quote
Frequently Asked Questions about CCTV Installation in Oak Grove
What types of properties do you service with your CCTV Camera and Installation in Oak Grove?
We provide Fort Worth CCTV Camera and Installation solutions for a wide range of properties, including residential homes, commercial businesses, shops, and workspaces in Oak Grove. Each installation is customized to meet the unique security needs of the property, guaranteeing optimal protection.
How much does CCTV Camera and Installation typically cost in Texas?
The cost of CCTV installation depends based on factors like the number of cameras needed, area of installation, and specific security needs. For an accurate estimate that fits your setup, reach out to us for a personalized cost estimate. We strive to provide affordable pricing to make security solutions accessible for everyone.
How long does it take to install a CCTV Camera and Installation in Oak Grove?
Installation times vary on the complexity of the setup. Generally, a standard residential CCTV installation can be completed in a single day, while more complex residential installations may require a full day or more. During your initial consultation, our team will provide an estimated timeline to fit your schedule.
Do you offer warranties on your CCTV Camera and Installation in Oak Grove, Texas?
Yes, we back our equipment with warranties for all security components. Our warranties cover equipment defects and installation issues, giving you added peace of mind and ensuring that your surveillance setup remains reliable.
Can I access my security footage remotely with your cameras?
Yes, our CCTV installations includes remote access options. With password-protected access, you can check in on your property from your smartphone, tablet, or computer from anywhere. This feature provides peace of mind for both homeowners and business owners.
Do you offer free consultations available in Oak Grove for CCTV Camera and Installation service?
Absolutely! We offer a free consultation to help identify your specific security needs. Our expert team will assess your property, discuss available camera options, and suggest a tailored CCTV Camera and Installation in Oak Grove for your residential or commercial property in Oak Grove, 32.579580, -97.292510, Texas.
What types of security cameras do you offer as part of your security camera installation services?
We offer an extensive selection of camera options to fit different monitoring needs, including IR Night Vision cameras for low-light environments. Each camera type is selected to enhance security for your property’s unique environment.
How soon can I schedule a CCTV Camera and Installation in Oak Grove, Texas?
When looking to schedule CCTV Camera and Installation in Oak Grove, Texas, We understand that quick security solutions are essential. Most installations can be scheduled within a few days, once you reach out. Our team works with your schedule to accommodate your needs, and we strive to secure each installation without delay.
Contact Us to Start
Our Fort Worth Security Camera Installation team provides top-quality CCTV Camera and Installation in Oak Grove and the surrounding areas, ensuring homes and businesses across location’s metro area have access to trusted security solutions.
Browse by City
Texas Locations for Professional Security Camera Installation
Aledo Annetta Annetta North Annetta South Arlington Avondale Azle Bedford Belt Junction Benbrook Burleson Colleyville
Looking for CCTV Camera and Installation in Oak Grove, Texas? Give us a call today at (817) 231-2962 to find out if we serve your community.
Request a quote for camera installation
Have questions or need expert advice? Call a CCTV Camera and Installation in Oak Grove, Texas specialist today!
(817)231-2962
At DFW Wholesale Security, we provide professional, reliable CCTV Camera and Installation and surveillance solutions in Oak Grove, tailored to residential and commercial needs for enhanced safety.
Working hours
Monday – Saturday
10:30 AM – 6:30 PM
701 W Berry St., Suite Top 101
Fort Worth, TX 76110
Phone:
817-231-2962
© 2024 All Rights Reserved | DFW Wholesale Security | Privacy Policy | TOC",CC-MAIN-2025-43,2026-04-04T13:06:54.932560+00:00
common_crawl_positive_doc_0020,Common Crawl,positive_doc,896624c7c53df160b835b2a167da1dbbdd6cdd4c72004092807c79488fb3e91d,https://kb.netapp.com/on-prem/ontap/da/NAS/NAS-KBs/CIFS_server_creation_fails_due_to_DNS_errors,2025-10-05T13:06:41Z,0.1357421875,True,"





 
 11:16:33.659 INFO [Setup CIFS service] ### Command 'Setup CIFS service' in 'POWER_SHELL' ### 
 11:16:42.644 INFO [Setup CIFS service] Using cached cluster connection 
 11:16:43.191 INFO [Setup CIFS service] Credentials successfully provided for 'DOMAIN.COM' 
 11:16:43.222 INFO [Setup CIFS service] Creating CIFS server with name 'CIFS1' for Storage Virtual Machine 'vserver1' 
 11:16:50.660 ERROR [Setup CIFS service] Failed to create the Active Directory machine account ""CIFS1"". Reason: SecD Error: no server available Details: Error: Machine account creation procedure failed [ 2 ms] Trying to re-use machine account 'CIFS1' in 'DOMAIN.COM' for Vserver 'vserver1' **[ 15] FAILURE: Unable to contact DNS to discover domain ** controllers. [ 15] Unable to connect to any (0) domain controllers. [ 21] Unable to contact DNS to discover domain controllers. [ 27] No servers available for MS_LDAP_AD, vserver: 84, domain: DOMAIN.COM. 
Using 





 fails 
 Operation Create Cifs Server failed with error Failed to create the Active Directory machine account. 
 Reason: Unable to connect to any domain controllers. 
 EMS logs: 
 [NODE-01: secd: secd.unexpectedFailure:error]: Unexpected SecD failure in Vserver ""SVM"". Details: Error: Machine account creation procedure failed    
 [ 65158] Loaded the preliminary configuration. ** 
 [ 66535] FAILURE: Could not authenticate as 'user@DOMAIN.COM': Cannot find KDC for requested realm (KRB5_REALM_UNKNOWN)    
 [ 66536] Retry requested, but the retry window (7000 ms) has expired; giving up. 
Name ServerVserver Name Server Status Status Details 





 ------------ -------------------------- 
 vserver1 19.13.0.246 up Response time (msec): 2 
 vserver1 19.69.0.246 up Response time (msec): 2 
 2 entries were displayed. 





 
 secd.dns.srv.lookup.failed: DNS server failed to look up service (_ldap._tcp.dc._msdcs.domain.com) for vserver (vserver1 with error (No such process). 
 secd.dns.srv.lookup.failed: DNS server failed to look up service (_ldap._tcp.DOMAIN.COM) for vserver (vserver1) with error (No such process).
Back to top 
 Cifs server creation failed with Error ""The NetBIOS name cannot be longer than 15 characters.""","["""", ""11:16:33.659 INFO [Setup CIFS service] ### Command 'Setup CIFS service' in 'POWER_SHELL' ###"", ""11:16:42.644 INFO [Setup CIFS service] Using cached cluster connection"", ""11:16:43.191 INFO [Setup CIFS service] Credentials successfully provided for 'DOMAIN.COM'"", ""11:16:43.222 INFO [Setup CIFS service] Creating CIFS server with name 'CIFS1' for Storage Virtual Machine 'vserver1'"", ""11:16:50.660 ERROR [Setup CIFS service] Failed to create the Active Directory machine account \""CIFS1\"". Reason: SecD Error: no server available Details: Error: Machine account creation procedure failed [ 2 ms] Trying to re-use machine account 'CIFS1' in 'DOMAIN.COM' for Vserver 'vserver1' **[ 15] FAILURE: Unable to contact DNS to discover domain ** controllers. [ 15] Unable to connect to any (0) domain controllers. [ 21] Unable to contact DNS to discover domain controllers. [ 27] No servers available for MS_LDAP_AD, vserver: 84, domain: DOMAIN.COM. \nUsing"", ""fails \n Operation Create Cifs Server failed with error Failed to create the Active Directory machine account. \n Reason: Unable to connect to any domain controllers. \n EMS logs: \n [NODE-01: secd: secd.unexpectedFailure:error]: Unexpected SecD failure in Vserver \""SVM\"". Details: Error: Machine account creation procedure failed    \n [ 65158] Loaded the preliminary configuration. ** \n [ 66535] FAILURE: Could not authenticate as 'user@DOMAIN.COM': Cannot find KDC for requested realm (KRB5_REALM_UNKNOWN)    \n [ 66536] Retry requested, but the retry window (7000 ms) has expired; giving up. \nName ServerVserver Name Server Status Status Details"", ""------------ -------------------------- \n vserver1 19.13.0.246 up Response time (msec): 2 \n vserver1 19.69.0.246 up Response time (msec): 2 \n 2 entries were displayed."", ""secd.dns.srv.lookup.failed: DNS server failed to look up service (_ldap._tcp.dc._msdcs.domain.com) for vserver (vserver1 with error (No such process). \n secd.dns.srv.lookup.failed: DNS server failed to look up service (_ldap._tcp.DOMAIN.COM) for vserver (vserver1) with error (No such process).\nBack to top \n Cifs server creation failed with Error \""The NetBIOS name cannot be longer than 15 characters.\""""]","CIFS server creation fails due to DNS errors - NetApp Knowledge Base
Skip to main content
Knowledge Base
English
English
日本語
中文（简体）
All NetApp
NetApp.com
BlueXP
Instaclustr
Learn
Support
Documentation
Knowledge Base
Learning Services
Browse
Community
Hardware Universe
Partner Hub
All Products
Support Bulletins
Sign in to view Support Bulletins
Videos
Knowledge Base
Search site
Search
Search
Go back to previous article
Sign in
Expand/collapse global hierarchy
Home
On Premises
ONTAP 9
Data Access
NAS
NAS KBs
CIFS server creation fails due to DNS errors
Expand/collapse global location
CIFS server creation fails due to DNS errors
Last updated
Save as PDF
Share
Share
Tweet
Share
Views:
1,223
Visibility:
Public
Votes:
0
Category:
ontap-9
Specialty:
nas
Last Updated:
Applies to
Issue
Applies to
ONTAP 9
OnCommand Workflow Automation (WFA)
System Manager
Issue
While using OnCommand Workflow Automation (WFA) for creating a CIFS capable vserver, the step to create the CIFS server fails with the following error:
11:16:33.659 INFO [Setup CIFS service] ### Command 'Setup CIFS service' in 'POWER_SHELL' ###
11:16:42.644 INFO [Setup CIFS service] Using cached cluster connection
11:16:43.191 INFO [Setup CIFS service] Credentials successfully provided for 'DOMAIN.COM'
11:16:43.222 INFO [Setup CIFS service] Creating CIFS server with name 'CIFS1' for Storage Virtual Machine 'vserver1'
11:16:50.660 ERROR [Setup CIFS service] Failed to create the Active Directory machine account ""CIFS1"". Reason: SecD Error: no server available Details: Error: Machine account creation procedure failed [ 2 ms] Trying to re-use machine account 'CIFS1' in 'DOMAIN.COM' for Vserver 'vserver1' **[ 15] FAILURE: Unable to contact DNS to discover domain ** controllers. [ 15] Unable to connect to any (0) domain controllers. [ 21] Unable to contact DNS to discover domain controllers. [ 27] No servers available for MS_LDAP_AD, vserver: 84, domain: DOMAIN.COM.
Using System Manager to create a CIFS server fails

Operation Create Cifs Server failed with error Failed to create the Active Directory machine account.
Reason: Unable to connect to any domain controllers.
EMS logs:

[NODE-01: secd: secd.unexpectedFailure:error]: Unexpected SecD failure in Vserver ""SVM"". Details: Error: Machine account creation procedure failed   
[ 65158] Loaded the preliminary configuration. **
[ 66535] FAILURE: Could not authenticate as 'user@DOMAIN.COM': Cannot find KDC for requested realm (KRB5_REALM_UNKNOWN)   
[ 66536] Retry requested, but the retry window (7000 ms) has expired; giving up.
Checking the DNS for the newly created vserver it shows up:
Cluster1::*> dns check -vserver vserver1
Name ServerVserver Name Server Status Status Details
------------- --------------- ------------ --------------------------
vserver1 19.13.0.246 up Response time (msec): 2
vserver1 19.69.0.246 up Response time (msec): 2
2 entries were displayed.
Event logs contain the following errors:
secd.dns.srv.lookup.failed: DNS server failed to look up service (_ldap._tcp.dc._msdcs.domain.com) for vserver (vserver1 with error (No such process).
secd.dns.srv.lookup.failed: DNS server failed to look up service (_ldap._tcp.DOMAIN.COM) for vserver (vserver1) with error (No such process).
Creating the CIFS server manually on the CLI once the vserver is created works normally.
Sign in to view the entire content of this KB article.
SIGN IN
New to NetApp?
Learn more about our award-winning Support
Create Account
NetApp provides no representations or warranties regarding the accuracy or reliability or serviceability of any information or recommendations provided in this publication or with respect to any results that may be obtained by the use of the information or observance of any recommendations provided herein. The information in this document is distributed AS IS and the use of this information or the implementation of any recommendations or techniques herein is a customer's responsibility and depends on the customer's ability to evaluate and integrate them into the customer's operational environment. This document and the information contained herein may be used solely in connection with the NetApp products discussed in this document.
Back to top
Cifs server creation failed with Error ""The NetBIOS name cannot be longer than 15 characters.""
CIFS server creation fails due to no response for LDAP addRequest sent by Ontap
Recommended articles
Article type
Reference
Confidence
Validated
Flag
False
Governance
Experience
KCS Enabled
Yes
Visibility
Public
Product Categories
ONTAP 9
Specialty
NAS
Tags
2009491446
© Copyright 2025 NetApp Knowledge Base
Powered by CXone Expert ®
More in Support
Contact Support
Report an Issue
Provide Feedback
Security Advisories
Support Policies and Offerings
Training
Community
Digital Support Blog
NetApp Neighborhood
Company
Newsroom
Events
NetApp Insight
Customer Stories
Environment, Social, and Governance
Investors
Careers
Contact Us
Sales
Try and Buy
Find A Partner
Partner With NetApp
US Public Sector Contracts
NetApp OnDemand Consumption
Data Visionary Centers
Legal
General Terms and Conditions
Privacy & Cookie Policy
Copyright
Patents
Trademarks
Community Terms of Use
Slavery and Human Trafficking Statement
Accessibility
Resources
Subscriptions
Search NetApp
Knowledge Center
NetApp's Response to the Ukraine Situation
© 2025 NetApp
English
Terms of Use
Privacy Policy
Cookie Policy
Cookie Settings",CC-MAIN-2025-43,2026-02-12T14:44:21.635461+00:00
common_crawl_positive_doc_0021,Common Crawl,positive_doc,fe8d911cc2681e8eb43840ca1af435e22ccd2d304ff81e43537b5f219f96b5f4,https://es.intmissioncenter.org/item/2688328244,2025-10-05T23:01:12Z,0.00830078125,True,"Fatal error: Array and string offset access syntax with curly braces is no longer supported in /home/clients/f164082f1f8cfaddb97ed47e0c8ce8d8/sites/es.intmissioncenter.org/wp-includes/blocks/index.php on line 2
Fatal error: Uncaught Error: Call to a member function set() on null in /home/clients/f164082f1f8cfaddb97ed47e0c8ce8d8/sites/es.intmissioncenter.org/wp-includes/l10n.php:857 Stack trace: #0 /home/clients/f164082f1f8cfaddb97ed47e0c8ce8d8/sites/es.intmissioncenter.org/wp-includes/l10n.php(960): load_textdomain('default', '/home/clients/f...', 'fr_FR') #1 /home/clients/f164082f1f8cfaddb97ed47e0c8ce8d8/sites/es.intmissioncenter.org/wp-includes/class-wp-fatal-error-handler.php(49): load_default_textdomain() #2 [internal function]: WP_Fatal_Error_Handler->handle() #3 {main} thrown in /home/clients/f164082f1f8cfaddb97ed47e0c8ce8d8/sites/es.intmissioncenter.org/wp-includes/l10n.php on line 857","[""Fatal error: Array and string offset access syntax with curly braces is no longer supported in /home/clients/f164082f1f8cfaddb97ed47e0c8ce8d8/sites/es.intmissioncenter.org/wp-includes/blocks/index.php on line 2\nFatal error: Uncaught Error: Call to a member function set() on null in /home/clients/f164082f1f8cfaddb97ed47e0c8ce8d8/sites/es.intmissioncenter.org/wp-includes/l10n.php:857 Stack trace: #0 /home/clients/f164082f1f8cfaddb97ed47e0c8ce8d8/sites/es.intmissioncenter.org/wp-includes/l10n.php(960): load_textdomain('default', '/home/clients/f...', 'fr_FR') #1 /home/clients/f164082f1f8cfaddb97ed47e0c8ce8d8/sites/es.intmissioncenter.org/wp-includes/class-wp-fatal-error-handler.php(49): load_default_textdomain() #2 [internal function]: WP_Fatal_Error_Handler->handle() #3 {main} thrown in /home/clients/f164082f1f8cfaddb97ed47e0c8ce8d8/sites/es.intmissioncenter.org/wp-includes/l10n.php on line 857""]","Fatal error: Array and string offset access syntax with curly braces is no longer supported in /home/clients/f164082f1f8cfaddb97ed47e0c8ce8d8/sites/es.intmissioncenter.org/wp-includes/blocks/index.php on line 2
Fatal error: Uncaught Error: Call to a member function set() on null in /home/clients/f164082f1f8cfaddb97ed47e0c8ce8d8/sites/es.intmissioncenter.org/wp-includes/l10n.php:857 Stack trace: #0 /home/clients/f164082f1f8cfaddb97ed47e0c8ce8d8/sites/es.intmissioncenter.org/wp-includes/l10n.php(960): load_textdomain('default', '/home/clients/f...', 'fr_FR') #1 /home/clients/f164082f1f8cfaddb97ed47e0c8ce8d8/sites/es.intmissioncenter.org/wp-includes/class-wp-fatal-error-handler.php(49): load_default_textdomain() #2 [internal function]: WP_Fatal_Error_Handler->handle() #3 {main} thrown in /home/clients/f164082f1f8cfaddb97ed47e0c8ce8d8/sites/es.intmissioncenter.org/wp-includes/l10n.php on line 857",CC-MAIN-2025-43,2026-03-12T10:14:49.647779+00:00
common_crawl_positive_doc_0022,Common Crawl,positive_doc,230cc651be17e2306d855ff064e8da5d1d9149463b24c97755f428b6da38ae84,https://www.undercliffecemetery.co.uk/about/history/colin-clark/the-stone-1/,2025-10-05T15:56:40Z,0.4375,True,"25 
 Oct 
 Whispers from the Grave with Julia Varley 14:00 - 17:30 
 Latest news 
 Spring Newsletter 2025 
 Twitter outputted an error: 
 Could not authenticate you.. 
 Contact us 
 our location 
 Undercliffe
You currently have JavaScript disabled! read
This site requires JavaScript to be enabled. Some functions of the site may not be usable or the site may not look correct until you enable JavaScript. You can enable JavaScript by following this tutorial. Once JavaScript is enabled, this message will be removed.","[""25 \n Oct \n Whispers from the Grave with Julia Varley 14:00 - 17:30 \n Latest news \n Spring Newsletter 2025 \n Twitter outputted an error: \n Could not authenticate you.. \n Contact us \n our location \n Undercliffe\nYou currently have JavaScript disabled! read\nThis site requires JavaScript to be enabled. Some functions of the site may not be usable or the site may not look correct until you enable JavaScript. You can enable JavaScript by following this tutorial. Once JavaScript is enabled, this message will be removed.""]","the-stone-1 - Undercliffe Cemetery
About
History
Tours and Visits
Education and Community
Ecology
Filming and Photography
World War One
Events
News
Support Us
Donate
Volunteers
Burials
Gallery
Your Pictures
Latest Pictures
The Bradford Worthies
Listed Monuments
The Symbolism of Victorian Funerary Art
Contact
Colin Clark
the-stone-1
About
About
Ecology
Education and Community
Filming and Photography
History
Undercliffe Cemetery Trail
Trail from Undercliffe Lane
Peel Park Primary Trail Board
The Trail Boards
Accessibility or TEXT only
Swithin Anderton
Thomas William Appleton
Benjamin Berry
Bentley Family
Henry Brown
Jacob Behrens
John Beanland
Reuben Bramhall
William Beanland
William Byles
Christine Chapple
Colin Clark
Walter Calver
William Cudworth
Christopher Dawson
Beulah Kezia Eagleton
Joseph Farrar
Anthony Gadie
Godwin Family
Henry de B Gibbins
Jonathan Glyde
Nancy De Garrs
Rev James Gregory
William Gay
Harris Family
James Hanson
Thomas Hill
Alfred Illingworth
Oates Ingham
Ellen Joyce
William Jackson
Robert Kell
Frank Leeming
James Law
John Henry Lingard
William Charles Lupton
Alfred Megson
Henry Mitchell
John Maude
Miles Moulson
Military
Albert Munz
Eric Anderson V.C.
Herbert McKell
Matthew Hughes V.C.
Soldiers Stories
Robert Milligan
Thomas Parkinson Muff
William Mawson
William Moulson
Arthur North
Joseph Nutter
Newlands Mill
Briggs Priestley
Peckover Family
Priestman Family
William Birket Proctor
Charles Rice
Henry Byron Reed
Manoah Rhodes
Alfred Angas Scott
Ann Scarf
Charles Widlake Skemp
Felix Marsh Rimmington
John Sowden
Joseph Smith
Samuel Smith
Society of Friends
Thomas Speight
Wilson Sutcliffe
B Sandford Taylor and family
Julia Varley
Edward West
George Motley Waud
George Walker
Isaac Wright
John Worsnop
Maurice Wilson
Isaac and Margaret Kirby
Samuel Oddy
William Brayshaw
William Murgatroyd
Martin Field
Tours and Visits
World War One
What's on
25
Oct
Whispers from the Grave with Julia Varley 14:00 - 17:30
Latest news
Spring Newsletter 2025
Twitter outputted an error:
Could not authenticate you..
Contact us
our location
Undercliffe Cemetery
The Lodge
127 Undercliffe Lane
Bradford
West Yorkshire
United Kingdom
BD3 0QD
Speak to us
give us a call 01274 642 276
Support us
The Charity
The Charity is managed by a Management Committee (whose members are also Trustees) comprising two representatives from Bradford Metropolitan District Council and ten elected from the membership.
We're social
© 2025 Undercliffe Cemetery
Sitemap
Policies
an website
MENU CLOSE
CALL
BLOG
CONTACT
You currently have JavaScript disabled! read
This site requires JavaScript to be enabled. Some functions of the site may not be usable or the site may not look correct until you enable JavaScript. You can enable JavaScript by following this tutorial. Once JavaScript is enabled, this message will be removed.",CC-MAIN-2025-43,2026-02-19T11:32:34.282661+00:00
common_crawl_positive_doc_0023,Common Crawl,positive_doc,09137d6baee286e45b9af41041537e48e0188247aebc6dc6d43e8c4f98a11b1e,https://austintalks.org/2012/05/austin-youth-participate-in-summertime-performance/,2025-10-06T17:51:08Z,0.01953125,True,"By Ellyn Fortino | May 25, 2012 
 Warning: Trying to access array offset on false in /var/www/austintalks/wp-content/themes/austintalks/partials/content-single.php on line 48","[""By Ellyn Fortino | May 25, 2012 \n Warning: Trying to access array offset on false in /var/www/austintalks/wp-content/themes/austintalks/partials/content-single.php on line 48""]","AustinTalks | Austin youth participate in “Summertime” performance | AustinTalks
Austin youth participate in “Summertime” performance | AustinTalks
AustinTalks - News and information covering Chicago's Austin neighborhood on the West Side
Austin youth participate in “Summertime” performance
By Ellyn Fortino | May 25, 2012
Warning: Trying to access array offset on false in /var/www/austintalks/wp-content/themes/austintalks/partials/content-single.php on line 48
Austin youth showcased their acting, spoken word and acrobat skills at Circle Urban Ministries’ annual “Summertime” performance May 19.
“Choices” was the night’s theme, which included the story of a young man who has to make a choice.
“He has to make a decision about joining a gang or doing what’s right,” said the organization’s performing arts director Paul Canada.
“That choice becomes a little complicated, because his plan has issues and turmoil, struggle, challenge as well as his friend, who has to deal with her own personal issues,” Canada said to the packed auditorium at Fenwick High School, 505 Washington Blvd. in Oak Park.
Youth in Circle Urban Ministries’ LIFT Performing Arts program practiced during the school year to prepare for the show, Bob Mead, development director of Circle Urban Ministries, told AustinTalks during intermission.
Through arts and performance, LIFT aims to empower youth and provide them with tools for life.
“I think the kids are doing an awesome job,” Mead said. “That’s the point of our performance arts program, to challenge the kids, not just to learn a new skill, but to learn it at a very high level.”
Mead said the youth are learning the “team concept.”
“It’s a great experience for them and for us as an audience, but developmentally for the kids,” he said.
The Rev. Rob Stevenson of the Rock of our Salvation Church, 118 N. Central Ave., which partners with Circle Urban Ministries, attended, calling the event a “transformation for children.”
“Children, who (are) in our community, the Austin community, didn’t really have a chance to understand what the kind of arts we have and are available,” he said.
Art helps students socially and academically, Stevenson said.
The program is, “helping them understand how to integrate the talents and the gifts they have,” he said. “They are very disciplined as well as in tune in what they are calling on each other to do — work hand in hand and teamwork.”
Circle Urban Ministries has served the Austin community for more than 35 years. It’s developed a three-faceted approach to bringing transformation to the community by shaping the future with mentoring and college readiness programs and the performing arts program, among others.
The organization also helps to run food pantries and other intervention services while establishing nurturing relationships with local non-profits.
Now that this year’s Summertime performance is over, the youth in the performing arts program will start work for next year’s production, Mead said.
Leave a Reply Cancel reply
You must be logged in to post a comment.
Like Us on FacebookFollow Us on TwitterSubscribe via RSS
Search This Site
Go
Browse Archives
Browse Archives Select Month March 2024 February 2024 January 2024 December 2023 November 2023 October 2023 September 2023 August 2023 July 2023 June 2023 May 2023 April 2023 March 2023 February 2023 January 2023 December 2022 November 2022 October 2022 September 2022 August 2022 July 2022 June 2022 May 2022 April 2022 March 2022 February 2022 January 2022 December 2021 November 2021 October 2021 September 2021 August 2021 July 2021 June 2021 May 2021 April 2021 March 2021 February 2021 January 2021 December 2020 November 2020 October 2020 September 2020 August 2020 July 2020 June 2020 May 2020 April 2020 March 2020 February 2020 January 2020 December 2019 November 2019 October 2019 September 2019 August 2019 July 2019 June 2019 May 2019 April 2019 March 2019 February 2019 January 2019 December 2018 November 2018 October 2018 September 2018 August 2018 July 2018 June 2018 May 2018 April 2018 March 2018 February 2018 January 2018 December 2017 November 2017 October 2017 September 2017 August 2017 July 2017 June 2017 May 2017 April 2017 March 2017 February 2017 January 2017 December 2016 November 2016 October 2016 September 2016 August 2016 July 2016 June 2016 May 2016 April 2016 March 2016 February 2016 January 2016 December 2015 November 2015 October 2015 September 2015 August 2015 July 2015 June 2015 May 2015 April 2015 March 2015 February 2015 January 2015 December 2014 November 2014 October 2014 September 2014 August 2014 July 2014 June 2014 May 2014 April 2014 March 2014 February 2014 January 2014 December 2013 November 2013 October 2013 September 2013 August 2013 July 2013 June 2013 May 2013 April 2013 March 2013 February 2013 January 2013 December 2012 November 2012 October 2012 September 2012 August 2012 July 2012 June 2012 May 2012 April 2012 March 2012 February 2012 January 2012 December 2011 November 2011 October 2011 September 2011 August 2011 July 2011 June 2011 May 2011 April 2011 March 2011 February 2011 January 2011 December 2010 November 2010 October 2010 September 2010 August 2010 July 2010 June 2010 May 2010 April 2010 March 2010 January 2010 December 2009
© Copyright 2025, AustinTalks
Built with the Largo WordPress Theme from the Institute for Nonprofit News.
Back to top ↑",CC-MAIN-2025-43,2026-04-29T12:43:48.115547+00:00
common_crawl_positive_doc_0024,Common Crawl,positive_doc,1b89f29fc6db8ea16781d31c9ae1e723ed0fba7fc98a2cdfe744b78db0962fba,https://indiaontips.com/in-boost-to-ties-taiwan-to-set-up-office-in-mumbai/,2025-10-06T04:13:53Z,0.34912109375,True,"Get the latest creative news from SmartMag about art & design.
By signing up, you agree to the our terms and our Privacy Policy agreement.
Code of Ethics For Digital News
IndiaOntips Support Policy for the customers
Join Us As Our Sales Partner
Places To Visit In India
© 2025 COPYRIGHT@ INDIA ON TIPS.
Type above and press Enter to search. Press Esc to cancel.
error: Content is protected !!","[""Get the latest creative news from SmartMag about art & design.\nBy signing up, you agree to the our terms and our Privacy Policy agreement.\nCode of Ethics For Digital News\nIndiaOntips Support Policy for the customers\nJoin Us As Our Sales Partner\nPlaces To Visit In India\n© 2025 COPYRIGHT@ INDIA ON TIPS.\nType above and press Enter to search. Press Esc to cancel.\nerror: Content is protected !!""]","India-Taiwan Ties: Mumbai Office Setup
Close Menu
Create A Support Ticket
Join Us As Our Sales Partner
Get the latest creative news about art, design and business.
By signing up, you agree to the our terms and our Privacy Policy agreement.
What's Hot
Archana Puran Singh’s son Aaryamann Sethi goes full Gen‑Z
17/07/2025
Tesla finally lands in India – the Model Y enters the ring
17/07/2025
IND vs ENG, 3rd Test Cricket – The Climactic Finish
17/07/2025
Facebook Instagram X (Twitter) LinkedIn
Facebook Instagram X (Twitter) LinkedIn
Places To Visit In India
Our Authors
Facebook Instagram X (Twitter) LinkedIn
You are at:Home » India boost to ties, Taiwan to set up office in Mumbai
Business
India boost to ties, Taiwan to set up office in Mumbai
Having not yet visited Sector 10, follow these steps for a free upgrade.
By Amit Badia 24/08/2024 Updated: 24/08/2024 No Comments1 Min Read
Taiwan
Share
Facebook Twitter LinkedIn Pinterest Email
In a significant step aimed at boosting economic linkages, Taiwan on Wednesday announced it would open its third representative office in India in Mumbai, more than a decade after it last expanded its presence in India.
Taiwan’s Foreign Ministry said the move to establish in Mumbai a Taipei Economic and Cultural Centre (TECC) — the term used to describe Taiwan’s de facto diplomatic missions because India and Taiwan do not maintain formal diplomatic relations — came in the light of Taiwan and India witnessing “significant progress in numerous domains, including economics and trade, science and technology, critical supply chains”.
Talks to open a TECC in Mumbai have been long in the works, following the opening of the TECC in Chennai in 2012, which has emerged as a hub for Taiwanese firms. “The TECC in Mumbai will help expand mutually beneficial trade and investment opportunities between Taiwan and India,” the statement said, adding that it “will provide visa services, document authentication, and emergency assistance to businesspeople, tourists, and Taiwanese nationals” in western India.
Amit Badia
About The Founder Mr. Amit Badia, the proprietor of Abinfocom started his career with computer Warehouse in 1993 just after finishing his graduation. A keen learner, he has developed his expertise in the virtual world at his own. Amit has always been an ardent believer of expanding the knowledge horizon without depending on any source. He never limits or restricts any domain but always work upon things to connect it with other domains to practically show the utility of every business.
View all posts
Recent Posts
Archana Puran Singh’s son Aaryamann Sethi goes full Gen‑Z
Tesla finally lands in India – the Model Y enters the ring
IND vs ENG, 3rd Test Cricket – The Climactic Finish
🔥 IND vs ENG 2nd Test Day 5 – Result Summary 🔥 India win by 336 runs at Edgbaston, series leveled 1-1!
Shubman Gill just pulled off a historic double century + century in the same Test—dominating like a champ!
Views: 6
tech Technology
Share. Facebook Twitter Pinterest LinkedIn Tumblr WhatsApp Email
Previous ArticleTen Best food cities in India
Next Article Toyota will change the future of cars
Related Posts
Vivek Oberoi is pivoting hard from Bollywood : Raised nearly $1 billion (₹8,500 crore) in just 1 year
06/07/2025 Business
Jio BlackRock Mutual Fund rolling out Aladdin in India
06/07/2025 Business
US Imposes Tariff What happens next?
06/07/2025 Business
Donald Trump establishes US Bitcoin reserve
Join Us As Our Sales Partner
Notice: JavaScript is required for this content.
Tesla finally lands in India – the Model Y enters the ring
17/07/2025
IND vs ENG, 3rd Test Cricket – The Climactic Finish
17/07/2025
🔥 IND vs ENG 2nd Test Day 5 – Result Summary 🔥 India win by 336 runs at Edgbaston, series leveled 1-1!
06/07/2025
Shubman Gill just pulled off a historic double century + century in the same Test—dominating like a champ!
Archana Puran Singh’s son Aaryamann Sethi goes full Gen‑Z
By Amit Badia 17/07/2025 0 Relationships 3 Mins Read10 Views
Archana Puran Singh’s son Aaryamann Sethi goes full Gen‑Z with a hard launch of girlfriend…
Tesla finally lands in India – the Model Y enters the ring
17/07/2025
IND vs ENG, 3rd Test Cricket – The Climactic Finish
17/07/2025
🔥 IND vs ENG 2nd Test Day 5 – Result Summary 🔥 India win by 336 runs at Edgbaston, series leveled 1-1!
06/07/2025
Subscribe to Updates
Get the latest creative news from SmartMag about art & design.
By signing up, you agree to the our terms and our Privacy Policy agreement.
Code of Ethics For Digital News
IndiaOntips Support Policy for the customers
Join Us As Our Sales Partner
Places To Visit In India
© 2025 COPYRIGHT@ INDIA ON TIPS.
Type above and press Enter to search. Press Esc to cancel.
error: Content is protected !!",CC-MAIN-2025-43,2026-04-01T02:45:19.935132+00:00
common_crawl_positive_doc_0025,Common Crawl,positive_doc,ab3ad34802831012d43d2033a6bab4f18b96a6f0bb87c5c211f41938258f9a8e,https://catalogues.royalsociety.org/calmview/TreeBrowse.aspx?src=CalmView.Catalog&field=RefNo&key=RR%2F15%2F50,2025-10-05T18:47:31Z,0.46728515625,True,"24 - Referees' reports: volume 24, peer reviews of scientific papers submitted to the Royal Society for publication
25 - Referees' reports: volume 25, peer reviews of scientific papers submitted to the Royal Society for publication
26 - Referees' reports: volume 26, peer reviews of scientific papers submitted to the Royal Society for publication
27 - Referees' reports: volume 27, peer reviews of scientific papers submitted to the Royal Society for publication
28 - Referees' reports: volume 28, peer reviews of scientific papers submitted to the Royal Society for publication
29 - Referees' reports: volume 29, peer reviews of scientific papers submitted to the Royal Society for publication
30 - Referees' reports: volume 30, peer reviews of scientific papers submitted to the Royal Society for publication
31 - Referees' reports: volume 31, peer reviews of scientific papers submitted to the Royal Society for publication
32 - Referees' reports: volume 32, peer reviews of scientific papers submitted to the Royal Society for publication
33 - Referees' reports: volume 33, peer reviews of scientific papers submitted to the Royal Society for publication
34 - Referees' reports: volume 34, peer reviews of scientific papers submitted to the Royal Society for publication
35 - Referees' reports: volume 35, peer reviews of scientific papers submitted to the Royal Society for publication
36 - Referees' reports: volume 36, peer reviews of scientific papers submitted to the Royal Society for publication
37 - Referees' reports: volume 37, peer reviews of scientific papers submitted to the Royal Society for publication
38 - Referees' reports: volume 38, peer reviews of scientific papers submitted to the Royal Society for publication
39 - Referees' reports: volume 39, peer reviews of scientific papers submitted to the Royal Society for publication
40 - Referees' reports: volume 40, peer reviews of scientific papers submitted to the Royal Society for publication
41 - Referees' reports: volume 41, peer reviews of scientific papers submitted to the Royal Society for publication
42 - Referees' reports: volume 42, peer reviews of scientific papers submitted to the Royal Society for publication
43 - Referees' reports: volume 43, peer reviews of scientific papers submitted to the Royal Society for publication","[""24 - Referees' reports: volume 24, peer reviews of scientific papers submitted to the Royal Society for publication\n25 - Referees' reports: volume 25, peer reviews of scientific papers submitted to the Royal Society for publication\n26 - Referees' reports: volume 26, peer reviews of scientific papers submitted to the Royal Society for publication\n27 - Referees' reports: volume 27, peer reviews of scientific papers submitted to the Royal Society for publication\n28 - Referees' reports: volume 28, peer reviews of scientific papers submitted to the Royal Society for publication\n29 - Referees' reports: volume 29, peer reviews of scientific papers submitted to the Royal Society for publication\n30 - Referees' reports: volume 30, peer reviews of scientific papers submitted to the Royal Society for publication\n31 - Referees' reports: volume 31, peer reviews of scientific papers submitted to the Royal Society for publication\n32 - Referees' reports: volume 32, peer reviews of scientific papers submitted to the Royal Society for publication\n33 - Referees' reports: volume 33, peer reviews of scientific papers submitted to the Royal Society for publication\n34 - Referees' reports: volume 34, peer reviews of scientific papers submitted to the Royal Society for publication\n35 - Referees' reports: volume 35, peer reviews of scientific papers submitted to the Royal Society for publication\n36 - Referees' reports: volume 36, peer reviews of scientific papers submitted to the Royal Society for publication\n37 - Referees' reports: volume 37, peer reviews of scientific papers submitted to the Royal Society for publication\n38 - Referees' reports: volume 38, peer reviews of scientific papers submitted to the Royal Society for publication\n39 - Referees' reports: volume 39, peer reviews of scientific papers submitted to the Royal Society for publication\n40 - Referees' reports: volume 40, peer reviews of scientific papers submitted to the Royal Society for publication\n41 - Referees' reports: volume 41, peer reviews of scientific papers submitted to the Royal Society for publication\n42 - Referees' reports: volume 42, peer reviews of scientific papers submitted to the Royal Society for publication\n43 - Referees' reports: volume 43, peer reviews of scientific papers submitted to the Royal Society for publication""]","What is in the catalogues?
How do I search?
Hierarchy Browser
RR - Referees' reports on scientific papers submitted to the Royal Society for publication
1 - Referees' reports: volume 1, peer reviews of scientific papers submitted to the Royal Society for publication
1bis - Referees' reports: volume 1bis, peer reviews of scientific papers submitted to the Royal Society for publication
2 - Referees' reports: volume 2, peer reviews of scientific papers submitted to the Royal Society for publication
3 - Referees' reports: volume 3, peer reviews of scientific papers submitted to the Royal Society for publication
4 - Referees' reports: volume 4, peer reviews of scientific papers submitted to the Royal Society for publication
5 - Referees' reports: volume 5, peer reviews of scientific papers submitted to the Royal Society for publication
6 - Referees' reports: volume 6, peer reviews of scientific papers submitted to the Royal Society for publication
7 - Referees' reports: volume 7, peer reviews of scientific papers submitted to the Royal Society for publication
8 - Referees' reports: volume 8, peer reviews of scientific papers submitted to the Royal Society for publication
9 - Referee's reports: volume 9, peer reviews of scientific papers submitted to the Royal Society for publication
10 - Referees' reports: volume 10, peer reviews of scientific papers submitted to the Royal Society for publication
11 - Referees' reports: volume 11, peer reviews of scientific papers submitted to the Royal Society for publication
12 - Referees' reports: volume 12, peer reviews of scientific papers submitted to the Royal Society for publication
13 - Referees' reports: volume 13, peer reviews of scientific papers submitted to the Royal Society for publication
14 - Referees' reports: volume 14, peer reviews of scientific papers submitted to the Royal Society for publication
15 - Referees' reports: volume 15, peer reviews of scientific papers submitted to the Royal Society for publication
1 - Referee's report by William Chander Roberts-Austen, on a paper 'An experimental investigation into the flow of marble' by Frank Dawson Adams and John Thomas Nicolson
2 - Referee's report by Lazarus Fletcher, on a paper 'An experimental investigation into the flow of marble' by Frank Dawson Adams and John Thomas Nicolson
3 - Referee's report by William Augustus Tilden, on a paper 'The thermo-chemistry of the alloys of copper and zinc' by T J Baker
4 - Referee's report by Charles Thomas Heycock, on a paper 'The thermo-chemistry of the alloys of copper and zinc' by T J Baker,
5 - Referee's report by Ernest William Hobson, on a paper 'The theory of the double gamma function' by Ernest William Barnes
6 - Referee's report by Henry Frederick Baker, on a paper 'The theory of the double gamma function' by Ernest William Barnes
7 - Referee's report by Ernest Howard Griffiths, on a paper 'The capacity for heat of water between the freezing & boiling points' by Howard Turner Barnes
8 - Referee's report by Osborne Reynolds, on a paper 'The capacity for heat of water between the freezing & boiling points' by Howard Turner Barnes
9 - Referee's report by Walter Frank Raphael Weldon, on a paper 'On the correlation between duration of life and the numbers of offspring' by M Beeton, George Udney Yule and Karl Pearson
10 - Referee's report by George Johnstone Stoney, on a paper 'On cosmic evolution' by A W Bickerton
11 - Referee's report by Philip Lutley Scalter, on a paper 'The distribution of vertebrate animals in India, Ceylon & Burma' by William Thomas Blanford
12 - Referee's report by Richard Lydekker, on a paper 'The distribution of vertebrate animals in India, Ceylon & Burma' by William Thomas Blanford
13 - Referee's report by Edward Albert Sharpey-Schafer, on a paper 'The exact histological localisation of the visual area of the human cerebral cortex' by Joseph Shaw Bolton
14 - Referee's report by Daniel John Cunningham, on a paper 'The exact histological localisation of the visual area of the human cerebral cortex' by Joseph Shaw Bolton
15 - Referee's report by John Ambrose Fleming, on a paper 'An artificial retina and the theory of vision' by Jagadish Chunder Bose
16 - Referee's report by Augustus Desire Waller, on a paper 'An artificial retina and the theory of vision' by Jagadish Chunder Bose
17 - Memoranda from Robert William Harrison, and reply from George Carey Foster, on a paper 'An artificial retina and the theory of vision' by Jagadish Chunder Bose
18 - Referee's report by Oliver Joseph Lodge, on two papers 'On the continuity of effect of electric radiation and light on matter, and on the molecular strain theory of photographic action', and 'On the similarities between the radiation and mechanical strain' by Jagadish Chunder Bose
19 - Referee's report by William Ramsay, on a paper 'Some new observations on the static diffusion of gases and liquids and their significance in certain natural processes occurring in plants' by Horace Tabberer Brown and F Escombe
20 - Referee's report by Hugh Longbourne Callendar, on a paper 'Some new observations on the static diffusion of gases and liquids and their significance in certain natural processes occurring in plants' by Horace Tabberer Brown and F Escombe
21 - Referee's report by Francis Darwin, on a paper 'Some new observations on the static diffusion of gases and liquids and their significance in certain natural processes occurring in plants' by Horace Tabberer Brown and F Escombe
22 - Referee's report by George Johnstone Stoney, on a paper 'The kinetic theory of planetary atmospheres. Part I' by George Hartley Bryan
23 - Referee's report by Joseph Larmor, on a paper 'The kinetic theory of planetary atmospheres. Part I' by George Hartley Bryan
24 - Referee's report by John William Strutt, Lord Rayleigh, on a paper 'The kinetic theory of planetary atmospheres. Part I' by George Hartley Bryan
25 - Referee's report by Augustus Edward Hough Love, on a paper 'Elastic solids at rest or in motion in a liquid' by Charles Chree
26 - Referee's report by George Hartley Bryan, on a paper 'Elastic solids at rest or in motion in a liquid' by Charles Chree
27 - Referee's report by Isaac Bayley Balfour, on a paper 'Investigation on the abnormal outgrowths or intumescences on hibuscus vitifolious, Linn: A study in experimental plant pathology' by Elizabeth Dale
28 - Referee's report by John Bretland Farmer, on a paper 'Investigation on the abnormal outgrowths or intumescences on hibuscus vitifolious, Linn: A study in experimental plant pathology' by Elizabeth Dale
29 - Referee's report by William James Lloyd Wharton, on a paper 'The circulation of the surface waters of the North Atlantic ocean' by H N Dickson
30 - Referee's report by George Strong Nares, on a paper 'The circulation of the surface waters of the North Atlantic ocean' by H N Dickson
31 - Referee's report by John Young Buchanan, on a paper 'The circulation of the surface waters of the North Atlantic ocean' by H N Dickson,
32 - Referee's report by Henry Edward Armstrong, on a paper 'A chemical study of the phosphoric acid and potash content of the wheat soil of Broadbalk Field Rothamsted' by Bernard Dyer
33 - Referee's report by Horace Taberrer Brown, on a paper 'A chemical study of the phosphoric acid and potash content of the wheat soil of Broadbalk Field Rothamsted' by Bernard Dyer
34 - Referee's report by William Dobinson Halliburton, on a paper 'South-African horse sickness: its pathology and methods of protective inoculation' by Alexander Edington
35 - Referee's report by John Rose Bradford, on a paper 'South-African horse sickness: its pathology and methods of protective inoculation' by Alexander Edington
36 - Referee's report by Edward Emanuel Klein, on a paper 'South-African horse sickness: its pathology and methods of protective inoculation' by Alexander Edington
37 - Referee's report by Augustus Desire Waller, on a paper 'A criticism of the Young-Helmholtz theory of colour perception' by Frederick Edridge-Green
38 - Referee's report by Shelford Bidwell, on a paper 'The evolution of the colour sense' by Frederick Edridge-Green
39 - Referee's report by Hugh Longbourne Callendar, on a paper 'The evolution of the colour sense' by Frederick Edridge-Green
40 - Referee's report by Charles Scott Sherrington, on a paper 'A trichomic case of colour blindness' by Frederick Eldridge-Green
41 - Referee's report by William de Wiveleslie Abney, on a paper 'A trichomic case of colour blindness' by Frederick Eldridge-Green
42 - Referee's report by John Scott Burdon-Sanderson, on the Croonian Lecture 'Immunity with special reference to cell life' by Paul Ehrlich
43 - Letter from John Scott Burdon-Sanderson, on the Croonian Lecture 'Immunity with special reference to cell life' by Paul Ehrlich to Halliburton
44 - Referee's report by Sidney Harris Cox Martin, on the Croonian Lecture 'Immunity with special reference to cell life' by Paul Ehrlich
45 - Referee's report by John Rose Bradford, on the Croonian Lecture 'Immunity with special reference to cell life' by Paul Ehrlich
46 - Referee's report by Arthur Schuster, on a paper 'Wave-length determinations & general results obtained from a detailed examination of spectra photographed at the solar eclipse of Jan. 22 1898' by John Evershed
47 - Referee's report by William de Wiveleslie Abney, on a paper 'Wave-length determinations & general results obtained from a detailed examination of spectra photographed at the solar eclipse of Jan. 22 1898' by John Evershed
48 - Referee's report by Louis Compton Miall, on a paper 'Variation' by James Cossar Ewart
49 - Letter from Louis Compton Miall, on a paper 'Variation' by James Cossar Ewart to William Abbott Herdman
50 - Referee's report by Walter Frank Raphael Weldon, on a paper 'Variation' by James Cossar Ewart
51 - Referee's report by William Chandler Roberts-Austen, on the Bakerian lecture 'The crytalline structure of metals' by James Alfred Ewing and Walter Rosenhain
52 - Referee's report by William Cawthorne Unwin, on the Bakerian lecture 'The crytalline structure of metals' by James Alfred Ewing and Walter Rosenhain
53 - Referee's report by Dukinfield Henry Scott, on a paper 'The histology of the cell wall with special reference to the mode of connection of cells' by Arthur William Hill and Walter Gardiner
54 - Referee's report by John Bretland Farmer, on a paper 'The histology of the cell wall with special reference to the mode of connection of cells' by Arthur William Hill and Walter Gardiner
55 - Referee's report by William Chandler Roberts-Austen, on a paper 'An investigation of the spectra of flames resulting from operations in the open hearth and 'basic' bessemer processes' by Walter Noel Hartley and Hugh Ramage
56 - Referee's report by Lazarus Fletcher, on a paper 'The mineral constituents of dust and soot from various sources' by Walter Noel Hartley and Hugh Ramage
57 - Referee's report by James Dewar, on a paper 'An investigation of the spectra of flames resulting from operations in the open hearth and 'basic' bessemer processes' by Walter Noel Hartley and Hugh Ramage
58 - Referee's report by John Ambrose Fleming, on a paper 'Lines of induction in a magnetic field' by Henry Selby Hele-Shaw and Alfred Hay
59 - Referee's report by George Gabriel Stokes, on a paper 'Lines of Induction in a Magnetic Field' by Henry Selby Hele-Shaw and Alfred Hay
60 - Referee's report by David Ferrier, on a paper 'Cerebral anaemia and the effects which follow ligation of the cerebral arteries' by Leonard Erskine Hill
61 - Referee's report by Edward Albert Sharpey-Schafer, on a paper 'Cerebral anaemia and the effects which follow ligation of the cerebral arteries' by Leonard Erskine Hill
62 - Referee's report by Ernest Henry Starling, on a paper 'Cerebral anaemia and the effects which follow ligation of the cerebral arteries' by Leonard Erskine Hill
63 - Referee's report by William Thomson, Lord Kelvin on a paper 'The distribution of molecular energy' by James Hopwood Jeans
64 - Referee's report by Joseph Larmor, on a paper 'The distribution of molecular energy' by James Hopwood Jeans
65 - Memoranda from Robert William Frederick Harrison and reply from George Carey Foster, on a paper 'On the static diffusion of gases and liquids' by Horace Tabberer Brown and F Escombe and 'On the distribution of molecular energy' by James Hopwood Jeans
66 - Referee's report by Samuel Hawksley Burbury, on a paper 'The distribution of molecular energy' by James Hopwood Jeans
67 - Memoranda from Robert William Frederick Harrison, and reply from George Carey Foster, on a paper 'The distribution of molecular energy' by James Hopwood Jeans
68 - Referee's report by John Perry, on a paper 'A three limbed linkage mechanism for converting circular into straight line motion' by F J Jervis-Smith
69 - Referee's report by Frank Evers Beddard, on a paper 'Contributions to the comparative anatomy of the mammalian eye, chiefly based on opthalmoscopic examination' by G Lindsay Johnson
70 - Referee's report by Charles Stewart, on a paper 'Contributions to the comparative anatomy of the mammalian eye, chiefly based on opthalmoscopic examination' by G Lindsay Johnson
71 - Referee's report by John Gray McKendrick, on a paper 'Contributions to the comparative anatomy of the mammalian eye, chiefly based on opthalmoscopic examination' by G Lindsay Johnson
72 - Referee's report by Edward Emanuel Klein, on a paper 'The restoration of co-ordinated movements after nerve crossing with interchange of function of the cerebral cortical centres' by Robert Kennedy
73 - Referee's report by Sidney Harris Cox Martin, on a paper 'The restoration of co-ordinated movements after nerve crossing with interchange of function of the cerebral cortical centres' by Robert Kennedy
74 - Referee's report by John Newport Langley, on a paper 'The restoration of co-ordinated movements after nerve crossing with interchange of function of the cerebral cortical centres' by Robert Kennedy
75 - Referee's report by Ernest William Hobson, on a paper 'Uber reihen auf der convergenzgrenze' by Emanuel Lasker
76 - Referee's report by Henry Frederick Baker, on a paper 'Uber reihen auf der convergenzgrenze' by Emanuel Lasker
77 - Referee's report by Augustus Edward Hough Love, on a paper 'Uber reihen auf der convergenzgrenze' by Emanuel Lasker
78 - Referee's report by George Henry Darwin, on a paper 'Data for the problem of evolution in man VI. A first study of the correlation of the human skull' by Alice Lee and Karl Pearson
79 - Referee's report by Alexander Macalister, on a paper 'Data for the problem of evolution in man VI. A first study of the correlation of the human skull' by Alice Lee and Karl Pearson
80 - Referee's report by William de Wiveleslie Abney, on a paper 'Total eclipse of the sun, January 22, 1898, observations at Visiadrug' by Joseph Norman Lockyer, Captain Chisholm-Batten and Alexander Pedler
81 - Referee's report by Arthur Schuster, on a paper 'Total eclipse of the sun, January 22, 1898, observations at Visiadrug' by Joseph Norman Lockyer, Captain Chisholm-Batten and Alexander Pedler
82 - Copy letter from Arthur William Rucker, on a paper 'Total eclipse of the sun, January 22, 1898, observations at Visiadrug' by Joseph Norman Lockyer, Captain Chisholm-Batten and Alexander Pedler to Joseph Norman Lockyer
83 - Letter from Joseph Norman Lockyer, on his paper with Captain Chisolm-Batten and Alexander Pedler 'Total eclipse of the sun, January 22, 1898, observations at Visiadrug' to Arthur William Rucker
84 - Second referee's report by Arthur Schuster, on a paper 'Total eclipse of the sun, January 22, 1898, observations at Visiadrug' by Joseph Norman Lockyer, Captain Chisholm-Batten and Alexander Pedler
85 - Second referee's report by William de Wiveleslie Abney, on a paper 'Total eclipse of the sun, January 22, 1898, observations at Visiadrug' by Joseph Norman Lockyer, Captain Chisholm-Batten and Alexander Pedler
86 - Third referee's report by Arthur Schuster, on a paper 'Total eclipse of the sun, January 22, 1898, observations at Visiadrug' by Joseph Norman Lockyer, Captain Chisholm-Batten and Alexander Pedler
87 - Referee's report by Edwin Bailey Elliott, on a paper 'Combinational analysis - the foundations of a new theory' by Percy Alexander MacMahon
88 - Referee's report by Alfred Bray Kempe, on a paper 'Combinational analysis - the foundations of a new theory' by Percy Alexander MacMahon
89 - Referee's report by Harry Govier Seeley, on a paper 'Extinct mammalia from Madagascar. I. Megaladapis insignis sp. n.' by Charles Immanuel Forsyth Major
90 - Referee's report by Thomas George Bond Howes, on a paper 'Extinct Mammalia from Madagascar. I. Megaladapis insignis sp. n.' by Charles Immanuel Forsyth Major
91 - Referee's report by Edwin Ray Lankester, on a paper 'Extinct mammalia from Madagascar. I. Megaladapis insignis sp. n.' by Charles Immanuel Forsyth Major
92 - Referee's report by Charles Vernon Boys, on a paper 'The tempering of iron hardened by overstrain' by James Muir
93 - Referee's report by John Perry, on a paper 'The tempering of iron hardened by overstrain' by James Muir
94 - Referee's report by George Howard Darwin, on a paper 'Mathematical contributions to the theory of evolution VIII. On the correlation of characters not quantitatively measurable' by Karl Pearson
95 - Referee's report by Olaus Magnus Friedrich Erdmann Henrici, on a paper 'Mathematical contributions to the theory of evolution VIII. On the correlation of characters not quantitatively measurable' by Karl Pearson
96 - Referee's report by Walter Frank Raphael Weldon, on a paper 'Mathematical contributions to the theory of evolution VIII. On the correlation of characters not quantitatively measurable' by Karl Pearson
97 - Referee's report by Augustus Edward Hough Love, on a paper 'The kinetic accumulation of stress, illustrated by the theory of impulsive torsion' by Karl Pearson
98 - Referee's report by John William Strutt, Lord Rayleigh, on a paper 'The kinetic accumulation of stress, illustrated by the theory of impulsive torsion' by Karl Pearson
99 - Referee's report by William Cawthorne Unwin, on a paper 'The kinetic accumulation of stress, illustrated by the theory of impulsive torsion' by Karl Pearson
100 - Referee's report by William Bateson, on a paper 'Mathematical contributions to the theory of evolution. IX. On the principle of homotyposis and its relation to heredity. Part I. Homotyposis in the vegetable kingdom' by Karl Pearson
101 - Referee's report by George Howard Darwin, on a paper 'Mathematical contributions to the theory of evolution. IX. On the principle of homotyposis and its relation to heredity. Part I. Homotyposis in the vegetable kingdom' by Karl Pearson
102 - Referee's report by Harry Marshall Ward, on a paper 'On a bacterial disease in turnips' by M G Potter
103 - Letter from M C Potter, on his paper 'On a bacterial disease in turnips' to Michael Foster
104 - Referee's report by John Perry, on a paper 'Underground temperature at Oxford in the year 1899 as determined by five platinum resistance thermometers' by Arthur Alcock Rambaut
105 - Referee's report by Charles Chree, on a paper 'Underground temperature at Oxford in the year 1899 as determined by five platinum resistance thermometers' by Arthur Alcock Rambaut
106 - Referee's report by Hugh Longbourne Callendar, on a paper 'Underground temperature at Oxford in the year 1899 as determined by five platinum resistance thermometers' by Arthur Alcock Rambaut
107 - Referee's report by William Augustus Tilden, on a paper 'Argon and its companions' by William Ramsay and Morris William Travers
108 - Referee's report by George Downing Liveing, on a paper 'Argon and its companions' by William Ramsay and Morris William Travers
109 - Referee's report by George Francis Fitzgerald, on a paper 'Energy of rontgen & becquerel rays and the energy required to produce an ion in gases' by Professor Ernest Rutherford and R K McClung
110 - Referee's report by Professor Oliver Joseph Lodge, on a paper 'Energy of rontgen & becquerel rays and the energy required to produce an ion in gases' by Professor Ernest Rutherford and R K McClung
111 - Referee's report by Joseph John Thomson, on a papet 'The conductivity of gases under the becquerel rays' by Robert John Strutt, Lord Rayleigh
112 - Referee's report by William Thomson, Lord Kelvin on a paper 'The conducitivity of gases under the becquerel rays' by Robert John Strutt, Lord Rayleigh
113 - Referee's report by Arthur William Rucker, on a paper 'Certain new methods of investigating the nature & effects of musical sounds' by Walter H Thelwall
114 - Referee's report by George Carey Foster, on a paper 'Certain new methods of investigating the nature & effects of musical sounds' by Walter H Thelwall
115 - Referee's report by Hugh Longbourne Callendar, on the Bakerian Lecture 'The specific heat of metals and the relation of specific heat to atomic weight. (with an addendum by Prof. Perry)' by Professor William Augustus Tilden
116 - Referee's report by Michael James Stewart Dewar, on the Bakerian Lecture 'The specific heat of metals and the relation of specific heat to atomic weight. (with an addendum by Prof. Perry)' by Professor William Augustus Tilden
117 - Referee's report by Oliver Joseph Lodge, on a paper 'The diffusion of ions produced in air by the action of a radio-active substance, ultra-violet light & point discharges' by John Sealy Edward Townsend
118 - Referee's report by Silvanus Phillips Thompson, on a paper 'The diffusion of ions produced in air by the action of a radio-active substance, ultra-violet light & point discharges' by John Sealy Edward Townsend
119 - Referee's report by George Francis Fitzgerald, on a paper 'The diffusion of ions produced in air by the action of a radio-active substance, ultra-violet light & point discharges' by John Sealy Edward Townsend
120 - Referee's report by Henry Alexander Miers, on a paper 'A comparative crystallographical study of the double selenates of the series R2M(SeO4)2,6H20. Part 1- Salts in which M is zinc' by Alfred Edward Howard Tutton
121 - Referee's report by Henry Edward Armstrong, on a paper 'A comparative crystallographical study of the double selenates of the series R2M(SeO4)2,6H20. Part 1- Salts in which M is zinc' by Alfred Edward Howard Tutton
122 - Referee's report by Mervyn Herbert Nevil Story-Maskelyne, on a paper 'A comparative crystallographical study of the double selenates of the series R2M(SeO4)2,6H20. Part 1- Salts in which M is zinc' by Alfred Edward Howard Tutton
123 - Letter from Alfred Edward Howard Tutton, on his paper 'A comparative crystallographical study of the double selenates of the series R2M(SeO4)2,6H20. Part 1- Salts in which M is zinc' to Arthur William Rucker
124 - Second referee's report by Mervyn Herbert Nevil Storey-Maskelyne, on a paper 'A comparative crystallographical study of the double selenates of the series R2M(SeO4)2,6H20. Part 1- Salts in which M is zinc' by Alfred Edward Howard Tutton
125 - Referee's report by Louis Compton Miall, on a paper 'Certain laws of variation' by H M Vernon
126 - Referee's report by Walter Frank Raphael Weldon, on a paper 'Certain laws of variation' by H M Vernon
127 - Referee's report by John Gray McKendrick, on a paper 'The retinal current of the frog's eye, excited by light and excited electrically' by Dr Augustus Desire Waller
128 - Referee's report by Francis Gotch, on a paper 'The retinal current of the frog's eye, excited by light and excited electrically' by Dr Augustus Desire Waller
129 - Referee's report by John Joly, on a paper 'The electrical effects of light upon green leaves. (Preliminary communication)' by Augustus Desire Waller
130 - Referee's report by John Gray McKendrick, on a paper 'The 'blaze-currents' of the frog's eyeball' by Augustus Desire Waller
131 - Referee's report by Francis Gotch, on a paper 'The 'blaze-currents' of the frog's eyeball' by Augustus Desire Waller
132 - Referee's report by Henry Edward Armstrong, on a paper 'The sensitiveness of silver and of some other metals to light' by J Waterhouse
133 - Referee's report by William Ramsay, on a paper 'The ionisation of dilute solution at the freezing point' by William Cecil Dampier Whetham
134 - Referee's report by Frederick Thomas Trouton, on a paper 'The ionisation of dilute solution at the freezing point' by William Cecil Dampier Whetham
135 - Referee's report by William Dobinson Halliburton, on a paper 'The influence of lymph on blood coagulability' by Almroth Edward Wright
136 - Referee's report by Charles Scott Sherrington, on a paper 'The influence of lymph on blood coagulability' by Almroth Edward Wright
137 - Referee's report by George Howard Darwin, on a paper 'The association of attributes in statistics, with examples from the material of the Childhood Society, etc' on a paper by George Udny Yule
138 - Referee's report by Walter Frank Raphael Weldon, on a paper 'The association of attributes in statistics, with examples from the material of the Childhood Society, etc' on a paper by George Udny Yule
139 - Referee's report by Olaus Magnus Friedrich Erdmann Henrici, on a paper 'The association of attributes in statistics, with examples from the material of the Childhood Society, etc' on a paper by George Udny Yule
140 - Referee's report by Arnold William Reinold, on a paper 'The velocity of the ions produced in gases by rontgen rays' by John Zeleny
141 - Referee's report by Andrew Gray, on a paper 'The velocity of the ions produced in gases by rontgen rays' by John Zeleny
142 - Referee's report by William Dobinson Halliburton, on a paper 'The fermentation of urea; a contribution to the study of the chemistry of the metabolism in bacteria' by Walter Ernest Adeney
143 - Second referee's report by William Dobinson Halliburton, on a paper 'The fermentation of urea; a contribution to the study of the chemistry of the metabolism in bacteria' by Walter Ernest Adeney
144 - Referee's report by John Scott Haldane, on a paper 'The fermentation of urea; a contribution to the study of the chemistry of the metabolism in bacteria' by Walter Ernest Adeney
145 - Referee's report by James Alfred Ewing, on a paper 'Micro-crystalline structure of platinum' by Thomas Andrews
146 - Referee's report by William Chandler Roberts-Austen, on a paper 'Micro-crystalline structure of platinum' by Thomas Andrews
147 - Referee's report by James Alfred Ewing, on a paper 'The mechanism of the electric arc' by Phoebe Sarah Hertha Marks Ayrton
148 - Referee's report by George Carey Foster, on a paper 'The mechanism of the electric arc' by Phoebe Sarah Hertha Marks Ayrton
149 - Referee's report by Andrew Gray, on a paper 'The mechanism of the electric arc' by Phoebe Sarah Hertha Marks Ayrton
150 - Referee's report by Joseph Reynolds Green, on a paper 'A conjugating ""yeast''' by B T P Barker
151 - Referee's report by John Bretland Farmer, on a paper 'A conjugating ""yeast''' by B T P Barker
152 - Referee's report by Ernest William Hobson, on a paper 'A memoir on integral functions' by Ernest William Barnes
153 - Referee's report by Henry Frederick Baker, on a paper 'A memoir on integral functions' by Ernest William Barnes
154 - Referee's report by Henry Selby Hele-Shaw, on a paper 'A determination by a thermal method of the variation of the critical velocity of water with temperature' by Howard Turner Barnes and Ernest George Coker
155 - Referee's report by Hugh Longbourne Callendar, on a paper 'A determination by a thermal method of the variation of the critical velocity of water with temperature' by Howard Turner Barnes and Ernest George Coker
156 - Referee's report by George Gabriel Stokes, on a paper 'The electric response of inorganic substances. Preliminary notice' by Jagadis Chunder Bose
157 - Letter from William Dobinson Halliburton, on a paper 'The electric response of inorganic substances. Preliminary notice' by Jagadis Chunder Bose to Robert Frederick William Harrison
158 - Second letter from William Dobinson Halliburton, on a paper 'The electric response of inorganic substances. Preliminary notice' by Jagadis Chunder Bose to Robert Frederick William Harrison
159 - Referee's report by John Scott Burdon-Sanderson, on a paper 'The electric response of inorganic substances. Preliminary notice' by Jagadis Chunder Bose
160 - Referee's report and letter from George James Burch, on a paper 'The electric response of inorganic substances. Preliminary notice' by Jagadis Chunder Bose to Arthur William Rucker
161 - Referee's report by the Secretaries of the Royal Society, on a paper 'The electric response of inorganic substances. Preliminary notice' by Jagadis Chunder Bose
162 - Referee's report by Oliver Lodge, on three papers 'The continuity of effect of light and electric radiation on matter', 'On the similarities between radiation and mechanical strains', and 'On the strain theory of photographic action' by Jagadis Chunder Bose
163 - Referee's report by Ernest Howard Griffiths, on a paper 'Continuous electrical calorimetry' by Hugh Longbourne Callendar
164 - Referee's report by Osborne Reynolds, on a paper 'Continuous electrical calorimetry' by Hugh Longbourne Callendar
165 - Referee's report by Herbert McLeod, on a paper 'Continuous electrical calorimetry' by Hugh Longbourne Callendar
166 - Referee's report by Sydney Ringer, on a paper 'The pharmacology of pseudaconitine and japaconitine considered in relation to that of aconitine' by John Theodore Cash and Wyndham Rowland Dunstan
167 - Referee's report by Thomas Richard Fraser, on a paper 'The pharmacology of pseudaconitine and japaconitine considered in relation to that of aconitine' by John Theodore Cash and Wyndham Rowland Dunstan
168 - Referee's report by Sydney Ringer, on a paper 'The pharmacology of pyraconitine and methylbenzaconine considered in relation to their chemical constitution' by John Theodore Cash and Wyndham Rowland Dunstan
169 - Referee's report by Thomas Richard Fraser, on a paper 'The pharmacology of pyraconitine and methylbenzaconine considered in relation to their chemical constitution' by John Theodore Cash and Wyndham Rowland Dunstan
170 - Referee's report by George James Burch, on a paper 'The application of Maxwell's curves to three colour work, with especial reference to the nature of the inks to be employed' by Reginald S Clay
171 - Referee's report by Ernest William Hobson, on a paper 'Ellipsoidal harmonic analysis' by George Howard Darwin
172 - Referee's report by Edward John Routh, on a paper 'Ellipsoidal harmonic analysis' by George Howard Darwin
173 - Referee's report by William Mitchinson Hicks, on a paper 'The pear shaped and other figures of equilibrium of a rotating mass of liquid' by George Howard Darwin
174 - Referee's report by Augustus Edward Hugh Love, on a paper 'The pear shaped and other figures of equilibrium of a rotating mass of liquid' by George Howard Darwin
175 - Memoranda from Robert William Frederick Harrison, and reply from Andrew Russell Forsyth, on a paper 'The pear shaped and other figures of equilibrium of a rotating mass of liquid' by George Howard Darwin
176 - Second referee's report by William Mitchinson Hicks, on a paper 'The pear shaped and other figures of equilibrium of a rotating mass of liquid' by George Howard Darwin
177 - Second referee's report by Augustus Edward Hough Love, on a paper 'The pear shaped and other figures of equilibrium of a rotating mass of liquid' by George Howard Darwin
178 - Referee's report by George Carey Foster, on a paper 'The resistive and electromotive forces of the electric arc' by William Duddell
179 - Referee's report by Professor Andrew Gray, on a paper 'The resistive and electromotive forces of the electric arc' by William Duddell
180 - Second referee's report by George Carey Foster, on a paper 'The resistive and electromotive forces of the electric arc' by William Duddell
181 - Referee's report by Arthur Schuster, on a paper 'The resistive and electromotive forces of the electric arc' by William Duddell
182 - Referee's report by Horace Tabberer Brown, on a paper 'The nature & origin of the poison of lotus arabicus' by Wyndham Rowland Dunstan and T A Henry
183 - Referee's report by Thomas Lauder Brunton, on a paper 'The nature & origin of the poison of lotus arabicus' by Wyndham Rowland Dunstan and T A Henry
184 - Referee's report by John Gray McKendrick, on a paper 'Observations on the visual purple of the retina' by F W Edridge Green
185 - Referee's report by Charles Scott Sherrington, on a paper 'Observations on the visual purple of the retina' by F W Edridge Green
186 - Referee's report by William Cawthorne Unwin, on a paper 'The elastic equilibrium of circular cylinders under certain practical systems of load' by Louis Napoleon George Filon
187 - Referee's report by John Perry, on a paper 'The elastic equilibrium of circular cylinders under certain practical systems of load' by Louis Napoleon George Filon
188 - Referee's report by Augustus Edward Hough Love, on a paper 'The elastic equilibrium of circular cylinders under certain practical systems of load' by Louis Napoleon George Filon
189 - Referee's report by Karl Pearson, on a paper 'The elastic equilibrium of circular cylinders under certain practical systems of load' by Louis Napoleon George Filon
190 - Referee's report by Charles Vernon Boys, on a paper 'Description of a range-finder' by George Forbes
191 - Referee's report by Silvanus Phillips Thompson, on a paper 'Description of a range-finder' by George Forbes
192 - Referee's report by Shelford Bidwell, on a paper 'The behaviour of oxyhaemoglobin' by Arthur Gamgee
193 - Referee's report by William Napier Shaw, on a paper 'The behaviour of oxyhaemoglobin' by Arthur Gamgee
194 - Referee's report by Alexander Macalister, on a paper 'The anatomy of symmetrical double monstrosities in the trout' by James Fairlie Gemmill
195 - Referee's report by Hans Friedrich Gadow, on a paper 'The anatomy of symmetrical double monstrosities in the trout' by James Fairlie Gemmill
196 - Referee's report by Thomas George Bond Howes, on a paper 'The anatomy of symmetrical double monstrosities in the trout' by James Fairlie Gemmill
197 - Referee's report by William Crookes, on a paper 'Notes on quantitative spectra of beryllium' by Walter Noel Hartley
198 - Letter from Walter Noel Hartley, on a paper 'Notes on quantitative spectra of beryllium' by Walter Noel Hartley to Robert Frederick William Harrison, Assistant Secretary of the Royal Society
199 - Referee's report by Horace Lamb, on a paper 'The stability of the spherical nebula' by James Hopwood Jeans
200 - Referee's report by Augustus Edward Hough Love, on a paper 'The stability of the spherical nebula' by James Hopwood Jeans
201 - Second referee's report by Augustus Edward Hough Love, on a paper 'The stability of the spherical nebula' by James Hopwood Jeans
202 - Report by James Hopwood Jeans, on his paper 'The stability of the spherical nebula'
203 - Referee's report by Albert Charles Seward, on a paper 'The structure & development of the stem in the pteridophyla amd gymnosperms' by Edward C Jeffrey
204 - Referee's report by Frederick Orpen Bower, on a paper 'The structure & development of the stem in the pteridophyla amd gymnosperms' by Edward C Jeffrey
205 - Referee's report by Albert Charles Lewis Gotthilf Gunther, on a paper 'The action of the spurge (Euphorbia hiberna, L.) on salmonoid fishes' by H M Kyle
206 - Referee's report by Thomas George Bond Howes, on a paper 'The action of the spurge (Euphorbia hiberna, L.) on salmonoid fishes' by H M Kyle
207 - Referee's report by John Scott Haldane, on a paper 'The action of the spurge (Euphorbia hiberna, L.) on salmonoid fishes' by H M Kyle
208 - Letter from John Scott Haldane, 'The action of the spurge (Euphorbia hiberna, L.) on salmonoid fishes' by H M Kyle to Robert Frederick William Harrison, Assistant Secretary of the Royal Society
209 - Referee's report by William Crookes, on a paper 'The separation of the least volatile gases of atmospheric air, and their spectra' by George Downing Liveing and James Dewar
210 - Referee's report by Arthur Schuster, on a paper 'Total eclipse of the sun, May 28, 1900; Account of the observations made by the solar physics observatory eclipse expedition and the officers and men of H.M.S. ""Theseus"", at Santa Pola, Spain' by Norman Lockyer
211 - Referee's report by William de Wiveleslie Abney, on a paper 'Total eclipse of the sun, May 28, 1900; Account of the observations made by the solar physics observatory eclipse expedition and the officers and men of H.M.S. ""Theseus"", at Santa Pola, Spain' by Norman Lockyer
212 - Referee's report by Horace Lamb, on a paper 'The integration of the equations of propagation of electric waves' by Augustus Edward Hough Love
213 - Referee's report by William Mitchinson Hicks, on a paper 'The integration of the equations of propagation of electric waves' by Augustus Edward Hough Love
214 - Referee's report by Charles Chree, on a paper 'Magnetic observations in Egypt, 1893-1901' by Henry George Lyons
215 - Referee's report by Ettrick William Creak, on a paper 'Magnetic observations in Egypt, 1893-1901' by Henry George Lyons
216 - Referee's report by Ernest Henry Starling, on a paper 'The properties of the arterial and venous walls' by J A MacWilliam
217 - Referee's report by Leonard Erskine Hill, on a paper 'The properties of the arterial and venous walls' by J A MacWilliam
218 - Referee's report by John Newport Langley, on a paper 'The properties of the arterial and venous walls' by J A MacWilliam
219 - Referee's report by William Dobinson Halliburton, on a paper 'Thermal adjustment and respiratory exchange in monotremes and marsupials: A study in the development of homothermism' by Charles James Martin
220 - Referee's report by Leonard Erskine Hill, on a paper 'Thermal adjustment and respiratory exchange in monotremes and marsupials: A study in the development of homothermism' by Charles James Martin
221 - Referee's report by Charles Scott Sherrington, on the Croonian Lecture 'Studies in visual sensation' by Conwy Lloyd Morgan
222 - Referee's report by William de Wiveleslie Abney, on the Croonian Lecture 'Studies in visual sensation' by Conwy Lloyd Morgan
223 - Referee's report by Augustus Desire Waller, on a paper 'The chemistry of nerve-degeneration' by Frederick Walker Mott and William Dobinson Halliburton
224 - Referee's report by John Newport Langley, on a paper 'The chemistry of nerve-degeneration' by Frederick Walker Mott and William Dobinson Halliburton
225 - Referee's report by William Napier Shaw, on a paper 'The mathematical theory of errors of judgement with especial reference to the personal equation' by Karl Pearson
226 - Referee's report by Herbert Hall Turner, on a paper 'The mathematical theory of errors of judgement with especial reference to the personal equation' by Karl Pearson
227 - Referee's report by Francis Galton, on a paper 'Mathematical contributions to the theory of evolution. X. Supplement to a memoir on skew variation' by Karl Pearson
228 - Referee's report by George Howard Darwin, on a paper 'Mathematical contributions to the theory of evolution. X. Supplement to a memoir on skew variation' by Karl Pearson
229 - Referee's report by George Howard Darwin and abstract proof of a paper 'Mathematical contributions to the theory of evolution. XI. On the influence of natural selection on the variability and correlation of organs' by Karl Pearson
230 - Referee's report by James Whitbread Lee Glaisher, on a paper 'Mathematical contributions to the theory of evolution. XI. On the influence of natural selection on the variability and correlation of organs' by Karl Pearson
231 - Referee's report by George Howard Darwin, on a paper 'Some additional notes on the orientation of Greek temples being the result of a journey to Greece & Sicily in April & May, 1900' by Francis Cranmer Penrose
232 - Referee's report by Joseph Norman Lockyer, on a paper 'Some additional notes on the orientation of Greek temples being the result of a journey to Greece & Sicily in April & May, 1900' by Francis Cranmer Penrose
233 - Referee's report by George Carey Foster, on a paper 'The heat dissipated by a platinum surface at high temperatures. Part IV. High pressure gases' by Joseph Ernest Petavel
234 - Second referee's report by George Carey Foster, on a paper 'The heat dissipated by a platinum surface at high temperatures. Part IV. High pressure gases' by Joseph Ernest Petavel
235 - Referee's report by John Joly, on a paper 'The heat dissipated by a platinum surface at high temperatures. Part IV. High pressure gases' by Joseph Ernest Petavel
236 - Referee's report by John Ambrose Fleming, on a paper 'The action of magnetised electrodes upon electrical discharge phenomena in rarefied gases' by C E S Phillips
237 - Referee's report by Joseph Johnson Thomson, on a paper 'The action of magnetised electrodes upon electrical discharge phenomena in rarefied gases' by C E S Phillips
238 - Referee's report by George Howard Darwin, on a paper 'Sur la stabilite de l'equilibre des figures pyriformes affectees par une masse fluide en rotation' by Jules Henri Poincare
239 - Referee's report by Ernest William Hobson, on a paper 'Sur la stabilite de l'equilibre des figures pyriformes affectees par une masse fluide en rotation' by Jules Henri Poincare
240 - Referee's report by Shelford Bidwell, on a paper 'Contributions to the study of ""hicker"" Part II' by T C Porter
241 - Letter from Shelford Bidwell, on a paper 'Contributions to the study of ""hicker"" Part II' by T C Porter to Robert Frederick William Harrison, Assistant Secretary of the Royal Society
242 - Referee's report by Daniel John Cunningham, on a paper 'The composition and variations of the pelvic plexus in acanthias vulgaris' by Reginald Crundell Punnett
243 - Referee's report by Thomas George Bond Howes, on a paper 'The composition and variations of the pelvic plexus in acanthias vulgaris' by Reginald Crundell Punnett
244 - Referee's report by Arthur Schuster, on a paper 'A comparative study of the spectra, densities and melting points of some groups of elements and of the relation of properties to atomic mass' by Hugh Ramage
245 - Letter from Arthur Schuster, on a paper 'A comparative study of the spectra, densities and melting points of some groups of elements and of the relation of properties to atomic mass' by Hugh Ramage to Joseph Larmor
246 - Referee's report by Herbert McLeod, on a paper 'A comparative study of the spectra, densities and melting points of some groups of elements and of the relation of properties to atomic mass' by Hugh Ramage
247 - Referee's report by Herbert McLeod, on a paper 'A new manometer, and on the law of pressure of gases between 1.5 and 0.01 millimetres of mercury' by John William Strutt, Lord Rayleigh
248 - Referee's report by Ernest Howard Griffiths, on a paper 'A new manometer, and on the law of pressure of gases between 1.5 and 0.01 millimetres of mercury' by John William Strutt, Lord Rayleigh
249 - Referee's report by Albert Charles Seward, on a paper 'The structure and affinities of fossil plants from the palaeozoic rocks. IV.- The seed-like fructification of lepidocarpon, a genus of lycopodiaceous cones from the carboniferous formation' by Dukinfield Henry Scott
250 - Referee's report by Frederick Orpen Bower, on a paper 'The structure and affinities of fossil plants from the palaeozoic rocks. IV.- The seed-like fructification of lepidocarpon, a genus of lycopodiaceous cones from the carboniferous formation' by Dukinfield Henry Scott
251 - Referee's report by James Alfred Ewing, on a paper 'The measurement of magnetic hysteresis' by George Frederick Charles Searle and T G Bedford
252 - Referee's report by John Ambrose Fleming, on a paper 'The measurement of magnetic hysteresis' by George Frederick Charles Searle and T G Bedford
253 - Referee's report by Dukinfield Henry Scott, on a paper 'The structure and affinities of dipteris, with notes on the geological history of the dipteridinae' by Albert Charles Seward and Elizabeth Dale
254 - Referee's report by William Turner Thiselton-Dyer, on a paper 'The structure and affinities of dipteris, with notes on the geological history of the dipteridinae' by Albert Charles Seward and Elizabeth Dale
255 - Referee's report by Arthur Alcock Rambaut, on a paper 'The seasonal variation of atmospheric temperature in the British Isles and its relation in wind-direction' by William Napier Shaw and R Waley Cohen
256 - Referee's report by Joseph Jackson Lister, on two papers 'Preliminary notes on a new method of reproduction in the case of the genus amoeba', and 'The relation of binary fission and conjugation to variation' by J Y Simpson
257 - Referee's report by Henry Alexander Miers, on a paper 'The intimate structure of crystals, Part V' by William Johnson Sollas
258 - Referee's report by Oliver Joseph Lodge, on a paper 'The measurement of ionic velocities' by Bertram Dillon Steele
259 - Referee's report by William Cecil Dampier Whetham, on a paper 'The measurement of ionic velocities' by Bertram Dillon Steele
260 - Second referee's report by William Cecil Dampier Whetham, on a paper 'The measurement of ionic velocities' by Bertram Dillon Steele
261 - Referee's report by James Walker, on a paper 'The measurement of ionic velocities' by Bertram Dillon Steele
262 - Referee's report by John Rose Bradford, on two papers 'Virulence of desicated tubercular sputum' and 'Effects of exposure to liquid air upon the vitality and virulence of the bacillus tuberculosis' by Harold Swithinbank
263 - Referee's report by Sidney Martin, on two papers 'Virulence of desicated tubercular sputum' and 'Effects of exposure to liquid air upon the vitality and virulence of the bacillus tuberculosis' by Harold Swithinbank
264 - Referee's report by Henry Alexander Miers, on a paper 'A comparative crystallographical study of the double selenates of the series R2M(SeO4)2, 6H2O - salts in which M is magnesium' by Alfred Edward Howard Tutton
265 - Referee's report by Lazarus Fletcher, on a paper 'A comparative crystallographical study of the double selenates of the series R2M(SeO4)2, 6H2O - salts in which M is magnesium' by Alfred Edward Howard Tutton
266 - Referee's report by William Augustus Tilden, on a paper 'Some physical properties of nitric acid solutions' by Victor Herbert Veley and J J Manley
267 - Referee's report by Percival Spencer Umfreville Pickering, on a paper 'Some physical properties of nitric acid solutions' by Victor Herbert Veley and J J Manley
268 - Referee's report by George Downing Liveing, on a paper 'Some physical properties of nitric acid solutions' by Victor Herbert Veley and J J Manley
269 - Letter from William Augustus Tilden, on a paper 'Some physical properties of nitric acid solutions' by Victor Herbert Veley and J J Manley to Arthur William Rucker
270 - Letter from Arthur William Rucker, on a paper 'Some physical properties of nitric acid solutions' by Victor Herbert Veley and J J Manley to Arthur William Rucker to Victor Herbert Veley
271 - Letter from William Augustus Tilden, on a paper 'Some physical properties of nitric acid solutions' by Victor Herbert Veley and J J Manley to Robert Frederick William Harrison, Assistant Secretary of the Royal Society
272 - Letter from William Augustus Tilden, on a paper 'Some physical properties of nitric acid solutions' by Victor Herbert Veley and J J Manley to Robert Frederick William Harrison, Assistant Secretary of the Royal Society
273 - Referee's report by Joseph Larmor, on a paper 'The application of the kinetic theory of gases to to electric, magnetic & optical properties of diatomic gases' by George Walker Walker
274 - Referee's report by George Hartley Bryan, on a paper 'The application of the kinetic theory of gases to to electric, magnetic & optical properties of diatomic gases' by George Walker Walker
275 - Referee's report by Joseph John Thomson, on a paper 'The application of the kinetic theory of gases to to electric, magnetic & optical properties of diatomic gases' by George Walker Walker
276 - Letter from Arthur William Rucker,on a paper 'The application of the kinetic theory of gases to to electric, magnetic & optical properties of diatomic gases' by George Walker Walker to the author
277 - Second referee's report by Joseph John Thomson, on a paper 'The application of the kinetic theory of gases to to electric, magnetic & optical properties of diatomic gases' by George Walker Walker
278 - Referee's report by John Rose Bradford, on a paper 'Excreation tuberculosis of the kidney' by Hugh Walsham
279 - Referee's report by William Grylls Adams, on a paper 'A determination of the value of the earth's magnetic field in international units' by William Watson
280 - Referee's report by Richard Tetley Glazebrook, on a paper 'A determination of the value of the earth's magnetic field in international units' by William Watson
281 - Referee's report by George Gabriel Stokes, on a paper 'On a suggested relation between the refractive indices of pure metals and their molecular constants' by W Williams
282 - Referee's report by John Ambrose Fleming, on a paper 'On a suggested relation between the refractive indices of pure metals and their molecular constants' by W Williams
283 - Letter from John Ambrose Fleming, on a paper 'On a suggested relation between the refractive indices of pure metals and their molecular constants' by W Williams to Robert William Frederick Harrison, Assistant Secretary of the Royal Society
284 - Referee's report by Raphael Meldola, on a paper 'On a suggested relation between the refractive indices of pure metals and their molecular constants' by W Williams
285 - Referee's report by James Alfred Ewing, on a paper 'The growth of megnetism in iron under alternating magnetic force' by Ernest Wilson
286 - Referee's report by William Augustus Tilden, on a paper 'The electrical conductivity of air and salt vapours' by Harold Albert Wilson
287 - Referee's report by Hugh Longbourne Callendar, on a paper 'The electrical conductivity of air and salt vapours' by Harold Albert Wilson
288 - Referee's report by Silvanus Phillips Thompson, on a paper 'Experiments on some properties' by James Wimshurt
289 - Referee's report by Silvanus Phillips Thompson, on a paper 'On anaomalous dispersion' by Robert Williams Wood
290 - Referee's report by Alfred North Whitehead, on a paper 'On the theory of consistence of logical class-frequency and its geometrical representation' by George Udny Yule
291 - Referee's report by George Ballard Mathews, on a paper 'On the theory of consistence of logical class-frequency and its geometrical representation' by George Udny Yule
292 - Referee's report by Thomas George Bonney, on a paper 'Report on the recent eruption of the Soufrière, St Vincent, and of a visit to Mount Pelée, Martinique' by Tempest Anderson and John Smith Flett
293 - Referee's report by John Wesley Judd, on a paper 'Report on the recent eruption of the Soufrière, St Vincent, and of a visit to Mount Pelée, Martinique' by Tempest Anderson and John Smith Flett
294 - Referee's report by James Alfred Ewing, on a paper 'Experimental researches on drawn steel. - Part I. The influence of changes of temperature on magnetism. Part II. Resistivity, elasticity and density, and the temperature coefficients of resistivity and elasticity' by J R Ashworth
295 - Referee's report by William Watson, on a paper 'Experimental researches on drawn steel. - Part I. The influence of changes of temperature on magnetism. Part II. Resistivity, elasticity and density, and the temperature coefficients of resistivity and elasticity' by J R Ashworth
296 - Referee's report by John Perry, on a paper on a paper 'Experimental researches on drawn steel. - Part I. The influence of changes of temperature on magnetism. Part II. Resistivity, elasticity and density, and the temperature coefficients of resistivity and elasticity' by J R Ashworth
297 - Referee's report by Arthur Schuster, on a paper 'Experimental researches on drawn steel. - Part I. The influence of changes of temperature on magnetism. Part II. Resistivity, elasticity and density, and the temperature coefficients of resistivity and elasticity' by J R Ashworth
298 - Referee's report by Shelford Bidwell, on a paper 'On the effects of magnetism' by Guy Barlow
299 - Referee's report by John Bretland Farmer, on a paper 'The relations between certain diatoms & the fission products of a parasitic alga (Chlorochytrium)' by Henry Charlton Bastian
300 - Second referee's report by John Bretland Farmer, on a paper 'The relations between certain diatoms & the fission products of a parasitic alga (Chlorochytrium)' by Henry Charlton Bastian
301 - Referee's report by James Alfred Ewing, on a paper 'The minute structure of metals and other plastic solids' by George Thomas Beilby
302 - Referee's report by Francis Henry Neville, on a paper 'The minute structure of metals and other plastic solids' by George Thomas Beilby
303 - Referee's report by Shelford Bidwell, on a paper 'Electro-molecular wave' by Jagadis Chunder Bose
304 - Letter from George James Burch, on a paper 'Electro-molecular wave' by Jagadis Chunder Bose to Joseph Larmor
305 - Referee's report by George James Burch, on a paper 'Electro-molecular wave' by Jagadis Chunder Bose
306 - Letter from Jagadis Chunder Bose, on his paper 'Electro-molecular wave' to Joseph Larmor
307 - Referee's report by Arnold William Reinold, on a paper 'Electro-molecular wave' by Jagadis Chunder Bose
308 - Referee's report by Charles Vernon Boys, on a paper 'The interpretation of photographic records of the response of nerve obtained with the capillary electrometer' by George James Burch
309 - Referee's report by Augustus Desire Waller, on a paper 'The interpretation of photographic records of the response of nerve obtained with the capillary electrometer' by George James Burch
310 - Referee's report by Edward Albert Sharpey-Schafer, on a paper 'Development of the layers of the retina in the chick after the formation of the optic cup' by J Cameron
311 - Referee's report by Adam Sedgwick, on a paper 'Development of the layers of the retina in the chick after the formation of the optic cup' by J Cameron
312 - Referee's report by Thomas George Bond Howes, on a paper 'Development of the layers of the retina in the chick after the formation of the optic cup' by J Cameron
313 - Referee's report by William Napier Shaw, on a paper 'On the correlation between barometric height' by F E Cave-Browne-Cave and Karl Pearson
314 - Referee's report by Joseph Larmor, on a paper 'An experimental determination of the variation of the critical velocity of water with temperature' by Ernest George Coker and S B Clement
315 - Referee's report by Andrew Gray, on a paper 'An experimental determination of the variation of the critical velocity of water with temperature' by Ernest George Coker and S B Clement
316 - Referee's report by Augustus Edward Hough Love, on a paper 'The stability of the pear-shaped figure of equilibrium of a rotating mass of liquid' by George Howard Darwin
317 - Referee's report by George Hartley Bryan, on a paper 'The stability of the pear-shaped figure of equilibrium of a rotating mass of liquid' by George Howard Darwin
318 - Referee's report by Sidney Harris Cox Martin, on a paper 'The measurement of the bactericidal power of small samples of blood under aerobic and anaerobic condition, & on the results of certain investigations carried out by the procedures described' by Almroth Edward Wright and Captain Windsor
319 - Referee's report by Charles Vernon Boys, on a paper 'The movements of the flame in the explosion of gases' by Harold Baily Dixon
320 - Referee's report by John Henry Poynting, on a paper 'The movements of the flame in the explosion of gases' by Harold Baily Dixon
321 - Referee's report by Joseph Reynolds Green, on a paper 'Cyanogenesis in plants. Part II. The great millet, sorghum vulgare' by Wyndham Rowland Dunstan and Thomas A Henry
322 - Referee's report by Horace Tabberer Brown, on a paper 'Cyanogenesis in plants. Part II. The great millet, sorghum vulgare' by Wyndham Rowland Dunstan and Thomas A Henry
323 - Referee's report by Percy Faraday Frankland, on a paper 'Cyanogenesis in plants. Part II. The great millet, sorghum vulgare' by Wyndham Rowland Dunstan and Thomas A Henry
324 - Referee's report by David Bruce, on a paper 'The production of a malarial type of South African horse sickness' by Alexander Edington
325 - Referee's report by Edward Emanuel Klein, on a paper 'The production of a malarial type of South African horse sickness' by Alexander Edington
326 - Referee's report by Sidney Howard Cox Martin, on a paper 'The production of a malarial type of South African horse sickness' by Alexander Edington
327 - Referee's report by Arthur Schuster, on a paper 'Solar eclipse of 1900, May 28th. General discussion of spectroscopic results' by John Evershed
328 - Referee's report by Frank Watson Dyson, on a paper 'Solar eclipse of 1900, May 28th. General discussion of spectroscopic results' by John Evershed
329 - Referee's report by Augustus Desire Waller, on a paper 'The physics and physiology of the protoplasmic streaming of plants' by Alfred James Ewart
330 - Referee's report by John Bretland Farmer, on a paper 'The physics and physiology of the protoplasmic streaming of plants' by Alfred James Ewart
331 - Memoranda from Robert William Frederick Harrison, and reply from Francis Darwin, on a paper on a paper 'The physics and physiology of the protoplasmic streaming of plants' by Alfred James Ewart
332 - Referee's report by William Cawthorne Unwin, on a paper 'The fracture of metals under repeated alternations of stress' by James Alfred Ewing and J C W Humfrey
333 - Referee's report by Osborne Reynolds, on a paper 'The fracture of metals under repeated alternations of stress' by James Alfred Ewing and J C W Humfrey
334 - Referee's report by Augustus Edward Hough Love, on a paper 'On an approximate solution for the bending of a beam of rectangular cross-section under any system of load, with special reference to points of concentrated or discontinuous loading' by Louis Napoleon George Filon
335 - Referee's report by George Hartley Bryan, on a paper 'On an approximate solution for the bending of a beam of rectangular cross-section under any system of load, with special reference to points of concentrated or discontinuous loading' by Louis Napoleon George Filon
335a - Referee's report by Joseph David Everett, on a paper 'Preliminary note on a method of calculating solubilities, and the equilibrium constants of chemical reactions, and on a formula for the latent heats of vaporisation' by Alexander Findlay
336 - Referee's report by Charles Vernon Boys, on a paper 'A portable telemeter, or range-finder' by G Forbes
337 - Letter from Charles Vernon Boys, on a paper 'A portable telemeter, or range-finder' by G Forbes to Joseph Larmor
338 - Referee's report by George Robert Milne Murray, on a paper 'The seed-fungus of lolium temulentum. L. the darnel, or poisonous rye-grass' by E M Freeman
338a - Referee's report by Francis Darwin, on a paper 'The seed-fungus of lolium temulentum. L. the darnel, or poisonous rye-grass' by E M Freeman
339 - Referee's report by Harold William Taylor Wager, on a paper 'The seed-fungus of lolium temulentum. L. the darnel, or poisonous rye-grass' by E M Freeman
340 - Letter from Richard Tetley Glazebrook, to Joseph Larmor
341 - Referee's report by Richard Tetley Glazebrook, on a paper 'The refractive indices of fluorite, quartz, and calcite' by J William Gifford
342 - Referee's report by John Wesley Judd, on a paper 'The geological structure of monzoni and the upper fassa' by Mrs Olgivie Gordon
343 - Referee's report by Jethro Justin Harris Teall, on a paper 'The geological structure of monzoni and the upper fassa' by Mrs Olgivie Gordon
344 - Referee's report by Thomas George Bonney, on a paper 'The geological structure of monzoni and the upper fassa' by Olgivie Gordon
345 - Referee's report by John Wesley Judd, on a paper 'Simultaneous duplex crust-movements in the dolomites' by Olgivie Gordon
346 - Memoranda from Robert William Frederick Harrison, and reply from Joseph Larmor, on a paper 'Simultaneous duplex crust-movements in the dolomites' by Olgivie Gordon
347 - Referee's report by John Wesley Judd, on a paper 'The fass-monzoni district - or simultaneous duplex crust-movement in the dolomites' by Ogilvie Gordon
348 - Referee's report by John Edward Marr, on a paper on a paper 'The fass-monzoni district - or simultaneous duplex crust-movement in the dolomites' by Ogilvie Gordon
349 - Referee's report by Henry Alexander Miers, on a paper 'Effects of strain on the crystalline structure of lead' by J C W Humphrey
350 - Referee's report by William Cawthorne Unwin, on a paper 'Effects of strain on the crystalline structure of lead' by J C W Humphrey
351 - Referee's report by Francis Henry Neville, on a paper 'Effects of strain on the crystalline structure of lead' by J C W Humphrey
352 - Letter from George Howard Darwin, on a paper 'The equilibrium of rotating liquid cylinders' by James Hopwood Jeans to Joseph Larmor
353 - Referee's report by Horace Lamb, on a paper 'The equilibrium of rotating liquid cylinders' by James Hopwood Jeans
354 - Letter from George Howard Darwin, on a paper 'On the vibrations and stability of a gravitating planet' by James Hopwood Jeans to Joseph Larmor
355 - Referee's report by Augustus Edward Hough Love, on a paper 'On the vibrations and stability of a gravitating planet' by James Hopwood Jeans
356 - Referee's report by George Ballard Mathews, on a paper 'Quaternions and projective geometry' by Charles Jasper Joly
357 - Referee's report by Olaus Magnus Friedrich Erdmann Henrici, on a paper 'Quaternions and projective geometry' by Charles Jasper Joly
358 - Referee's report by Edward Bagnall Poulton, on a paper 'The colour-physiology of higher crustaceae' by Frederick Keeble and Frederick William Gamble
359 - Referee's report by Professor Edward Albert Sharpey-Schafer, on a paper 'The colour-physiology of higher crustaceae' by Frederick Keeble and Frederick William Gamble
360 - Referee's report by Charles Scott Sherrington, on a paper 'The colour-physiology of higher crustaceae' by Frederick Keeble and Frederick William Gamble
361 - Letter from Sidney Frederic Harmer, on a paper 'The colour-physiology of higher crustaceae' by Frederick Keeble and Frederick William Gamble to Robert William Frederick Harrison, Assistant Secretary of the Royal Society
362 - Second referee's report by Edward Bagnall Poulton, on a paper 'The colour-physiology of higher crustaceae' by Frederick Keeble and Frederick William Gamble
363 - Letter from Robert William Frederick Harrison, on a paper 'The colour-physiology of higher crustaceae' by Frederick Keeble and Frederick William Gamble to Edward Albert Sharpey-Schafer
364 - Second referee's report by Charles Scott Sherrington, on a paper 'The colour-physiology of higher crustaceae' by Frederick Keeble and Frederick William Gamble
365 - Referee's report by Arthur Schuster, on a paper 'The spectrum of gamma cygni' by Joseph Norman Lockyer and F E Basendall
366 - Referee's report by William Crookes, on a paper 'The spectrum of gamma cygni' by Joseph Norman Lockyer and F E Basendall
367 - Referee's report by Edwin Ray Lankester, on a paper 'The development of echinus esculentus together with some points in the development of E. Miliaris and E. Acutus' by Ernest William MacBride
368 - Referee's report by Sydney John Hickson, on a paper 'The development of echinus esculentus together with some points in the development of E. Miliaris and E. Acutus' by Ernest William MacBride
369 - Referee's report by William Thomas Blanford, on a paper 'Mathematical contributions to the theory of evolution. XI. On the influence of natural selection on the variability and correlation of organs' by Karl Pearson
370 - Referee's report by William Burnside, on a paper 'Mathematical contributions to the theory of evolution. XI. On the influence of natural selection on the variability and correlation of organs' by Karl Pearson
371 - Referee's report by Joseph Larmor, on the Bakerian Lecture 'The law of the pressure of gases between 75 and 150 millimeters of mercury' by John William Strutt, Lord Rayleigh
372 - Referee's report by Hugh Longbourne Callendar, on the Bakerian Lecture 'The law of the pressure of gases between 75 and 150 millimeters of mercury' by John William Strutt, Lord Rayleigh
373 - Referee's report by Augustus Edward Hough Love, on a paper 'The sub-mechanics of the universe' by Osborne Reynolds
374 - Referee's report by Joseph Larmor, on a paper 'The sub-mechanics of the universe' by Osborne Reynolds
375 - Referee's report by Alexander Blackie William Kennedy, on a paper 'A throw-testing machine for reversals of mean stress' by Osborne Reynolds and J H Smith
376 - Referee's report by William Cawthorne Unwin, on a paper 'A throw-testing machine for reversals of mean stress' by Osborne Reynolds and J H Smith
377 - Referee's report by Sidney Frederic Harmer, on a paper 'The structure of the gills of the lamellibranchia' by W G Ridewood
378 - Referee's report by Thomas George Bond Howes, on a paper 'The structure of the gills of the lamellibranchia' by W G Ridewood
379 - Referee's report by John William Strutt, Lord Rayleigh, on a paper 'The formation of definite figures by the deposition of dust' by William James Russell
380 - Referee's report by Joseph Larmor, on a paper 'The formation of definite figures by the deposition of dust' by William James Russell
381 - Referee's report by George Howard Darwin, on a paper 'Some definite integrals and a new method of reducing a function of spherical coordinates to a series of spherical harmonics' by Arthur Schuster
382 - Referee's report by Charles Chree, on a paper 'Some definite integrals and a new method of reducing a function of spherical coordinates to a series of spherical harmonics' by Arthur Schuster
383 - Letter from Arthur Schuster, on his paper 'Some definite integrals and a new method of reducing a function of spherical coordinates to a series of spherical harmonics' to Joseph Larmor
384 - Letter from Henry Sessions Souttar, on his paper, 'The properties and theory of the capillary electrometer, with reference to Professor Hermann's observations on the same subject' to Joseph Larmor
385 - Second letter from Henry Sessions Souttar, on his paper, 'The properties and theory of the capillary electrometer, with reference to Professor Hermann's observations on the same subject' to Joseph Larmor
386 - Letter from George James Burch, on a paper 'The properties and theory of the capillary electrometer, with reference to Professor Hermann's observations on the same subject' by Henry Sessions Souttar to Joseph Larmor
387 - Referee's report by George James Burch, on a paper 'The properties and theory of the capillary electrometer, with reference to Professor Hermann's observations on the same subject' by Henry Sessions Souttar
388 - Memoranda from Robert William Frederick Harrison, and reply from William Dobinson Halliburton and Francis Gotch, on a paper 'The decline of the injury current in mammalian nerve, and its modification by changes of temperature' by Sowton and John Smyth Macdonald
389 - Referee's report by Augustus Desire Waller, on a paper 'The decline of the injury current in mammalian nerve, and its modification by changes of temperature' by Sowton and John Smyth Macdonald
390 - Referee's report by George Howard Darwin, on a paper 'Celestial mechanics. Influence of definite meteoric showers' by C S Stromeyer
391 - Referee's report by Robert Bellamy Clifton, on a paper 'The specific heats of metals and the relation of specific heat to atomic weight. Part II.' by William Augustus Tilden
392 - Referee's report by Joseph Larmor, on a paper 'The specific heats of metals and the relation of specific heat to atomic weight. Part II.' by William Augustus Tilden
393 - Referee's report by Hugh Longbourne Callendar, on a paper 'The measurements of temperature. Parts I-III' by Morris William Travers, George Senter and Adrien Jaquerod
394 - Second referee's report by Hugh Longbourne Callendar, on a paper 'The measurements of temperature. Parts I-III' by Morris William Travers, George Senter and Adrien Jaquerod
395 - Referee's report by Joseph Larmor, on a paper 'The measurements of temperature. Parts I-III' by Morris William Travers, George Senter and Adrien Jaquerod
396 - Referee's report by Ernest Howard Griffiths, on a paper 'The density and coefficient of cubical expansion of ice' by J H Vincent
397 - Referee's report by George Downing Liveing, on a paper 'The density and coefficient of cubical expansion of ice' by J H Vincent
398 - Letter from Ludwig Mond, on a paper 'Chemical dynamics and statics in light' by Meyer Wilderman to Joseph Larmor
399 - Referee's report by Harold Baily Dixon, on a paper 'Chemical dynamics and statics in light' by Meyer Wilderman
400 - Referee's report by Francis Henry Neville, on a paper 'Chemical dynamics and statics in light' by Meyer Wilderman
401 - Letter from Harold Baily Dixon, on a paper 'Chemical dynamics and statics in light' by Meyer Wilderman to Joseph Larmor
402 - Letter from Meyer Wilderman, on his paper 'Chemical dynamics and statics in light' to Joseph Larmor
403 - Second letter from Meyer Wilderman, on his paper 'Chemical dynamics and statics in light' to Joseph Larmor
404 - Third letter from Meyer Wilderman, on his paper 'Chemical dynamics and statics in light' to Joseph Larmor
405 - Second referee's report by Harold Bailey Dixon, on a paper 'Chemical dynamics and statics in light' by Meyer Wilderman
406 - Fourth letter from Meyer Wilderman, on his paper 'Chemical dynamics and statics in light' to Joseph Larmor
407 - Fifth letter from Meyer Wilderman, on his paper 'Chemical dynamics and statics in light' to Joseph Larmor
408 - Referee's report by George Hartley Bryan, on a paper 'The distribution of magnetism as affected by induced currents in an iron cylinder when rotated in a magnetic field' by Ernest Wilson
409 - Referee's report by Sidney Harris Cox Martin, on a paper 'On the measurement of the bactericidal power of small samples of blood under aerobic and anaerobic conditions, and on the comparative bactericidal effect of human blood drawn off and tested under these contrasted conditions' by Almroth Edward Wright and F N Windsor
410 - Referee's report by Edward Emanuel Klein, on a paper 'On the measurement of the bactericidal power of small samples of blood under aerobic and anaerobic conditions, and on the comparative bactericidal effect of human blood drawn off and tested under these contrasted conditions' by Almroth Edward Wright and F N Windsor
16 - Referees' reports: volume 16, peer reviews of scientific papers submitted to the Royal Society for publication
17 - Referees' reports: volume 17, peer reviews of scientific papers submitted to the Royal Society for publication
18 - Referees' reports: volume 18, peer reviews of scientific papers submitted to the Royal Society for publication
19 - Referees' reports: volume 19, peer reviews of scientific papers submitted to the Royal Society for publication
20 - Referees' reports: volume 20, peer reviews of scientific papers submitted to the Royal Society for publication
21 - Referees' reports: volume 21, peer reviews of scientific papers submitted to the Royal Society for publication
22 - Referees' reports: volume 22, peer reviews of scientific papers submitted to the Royal Society for publication
23 - Referees' reports: volume 23, peer reviews of scientific papers submitted to the Royal Society for publication
24 - Referees' reports: volume 24, peer reviews of scientific papers submitted to the Royal Society for publication
25 - Referees' reports: volume 25, peer reviews of scientific papers submitted to the Royal Society for publication
26 - Referees' reports: volume 26, peer reviews of scientific papers submitted to the Royal Society for publication
27 - Referees' reports: volume 27, peer reviews of scientific papers submitted to the Royal Society for publication
28 - Referees' reports: volume 28, peer reviews of scientific papers submitted to the Royal Society for publication
29 - Referees' reports: volume 29, peer reviews of scientific papers submitted to the Royal Society for publication
30 - Referees' reports: volume 30, peer reviews of scientific papers submitted to the Royal Society for publication
31 - Referees' reports: volume 31, peer reviews of scientific papers submitted to the Royal Society for publication
32 - Referees' reports: volume 32, peer reviews of scientific papers submitted to the Royal Society for publication
33 - Referees' reports: volume 33, peer reviews of scientific papers submitted to the Royal Society for publication
34 - Referees' reports: volume 34, peer reviews of scientific papers submitted to the Royal Society for publication
35 - Referees' reports: volume 35, peer reviews of scientific papers submitted to the Royal Society for publication
36 - Referees' reports: volume 36, peer reviews of scientific papers submitted to the Royal Society for publication
37 - Referees' reports: volume 37, peer reviews of scientific papers submitted to the Royal Society for publication
38 - Referees' reports: volume 38, peer reviews of scientific papers submitted to the Royal Society for publication
39 - Referees' reports: volume 39, peer reviews of scientific papers submitted to the Royal Society for publication
40 - Referees' reports: volume 40, peer reviews of scientific papers submitted to the Royal Society for publication
41 - Referees' reports: volume 41, peer reviews of scientific papers submitted to the Royal Society for publication
42 - Referees' reports: volume 42, peer reviews of scientific papers submitted to the Royal Society for publication
43 - Referees' reports: volume 43, peer reviews of scientific papers submitted to the Royal Society for publication
44 - Referees' reports: volume 44, peer reviews of scientific papers submitted to the Royal Society for publication
45 - Referees' reports: volume 45, peer reviews of scientific papers submitted to the Royal Society for publication
46 - Referees' reports: volume 46, peer reviews of scientific papers submitted to the Royal Society for publication
47 - Referees' reports: volume 47, peer reviews of scientific papers submitted to the Royal Society for publication
48 - Referees' reports: volume 48, peer reviews of scientific papers submitted to the Royal Society for publication
49 - Referees' reports: volume 49, peer reviews of scientific papers submitted to the Royal Society for publication
50 - Referees' reports: volume 50, peer reviews of scientific papers submitted to the Royal Society for publication
51 - Referees' reports: volume 51, peer reviews of scientific papers submitted to the Royal Society for publication
52 - Referees' reports: volume 52, peer reviews of scientific papers submitted to the Royal Society for publication
53 - Referees' reports: volume 53, peer reviews of scientific papers submitted to the Royal Society for publication
54 - Referees' reports: volume 54, peer reviews of scientific papers submitted to the Royal Society for publication
55 - Referees' reports: volume 55, peer reviews of scientific papers submitted to the Royal Society for publication
56 - Referees' reports: volume 56, peer reviews of scientific papers submitted to the Royal Society for publication
57 - Referees' reports: volume 57, peer reviews of scientific papers submitted to the Royal Society for publication
58 - Referees' reports: volume 58, peer reviews of scientific papers submitted to the Royal Society for publication
59 - Referees' reports: volume 59, peer reviews of scientific papers submitted to the Royal Society for publication
60 - Referees' reports: volume 60, peer reviews of scientific papers submitted to the Royal Society for publication
61 - Referees' reports: volume 61, peer reviews of scientific papers submitted to the Royal Society for publication
62 - Referees' reports: volume 62, peer reviews of scientific papers submitted to the Royal Society for publication
63 - Referees' reports: volume 63, peer reviews of scientific papers submitted to the Royal Society for publication
64 - Referees' reports: volume 64, peer reviews of scientific papers submitted to the Royal Society for publication
65 - Referees' reports: volume 65, peer reviews of scientific papers submitted to the Royal Society for publication
66 - Referees' reports: volume 66, peer reviews of scientific papers submitted to the Royal Society for publication
67 - Referees' reports: volume 67, peer reviews of scientific papers submitted to the Royal Society for publication
68 - Referees' reports: volume 68, peer reviews of scientific papers submitted to the Royal Society for publication
69 - Referees' reports: volume 69, peer reviews of scientific papers submitted to the Royal Society for publication
70 - Referees' reports: volume 70, peer reviews of scientific papers submitted to the Royal Society for publication
71 - Referees' reports: volume 71, peer reviews of scientific papers submitted to the Royal Society for publication
72 - Referees' reports: volume 72, peer reviews of scientific papers submitted to the Royal Society for publication
73 - Referees' reports: volume 73, peer reviews of scientific papers submitted to the Royal Society for publication
74 - Referees' reports: volume 74, peer reviews of scientific papers submitted to the Royal Society for publication
75 - Referees' reports: volume 75, peer reviews of scientific papers submitted to the Royal Society for publication
76 - Referees' reports: volume 76, peer reviews of scientific papers submitted to the Royal Society for publication
77 - Referees' reports: volume 77, peer reviews of scientific papers submitted to the Royal Society for publication
78 - Referees' reports: volume 78, peer reviews of scientific papers submitted to the Royal Society for publication
79 - Referees' reports: volume 79, peer reviews of scientific papers submitted to the Royal Society for publication
80 - Referees' reports: volume 80, peer reviews of scientific papers submitted to the Royal Society for publication
W - Referees' reports and correspondence relating to withdrawn scientific papers, originally submitted to the Royal Society for publication
Papers of Elsie Widdowson and Robert McCance
Useful Links
Visitor informationDigital resourcesPicture library Research projectsWhat is in the catalogues?How do I search?
Tweets by theRCN
Collection highlights
Browse the records of some of our collections, which cover all branches of science and date from the 12th century onwards. These include the published works of Fellows of the Royal Society, personal papers of eminent scientists, letters and manuscripts sent to the Society or presented at meetings, and administrative records documenting the Society's activities since our foundation in 1660.
Campi Phlegraei
Papers of Elsie Widdowson and Robert McCance
The Royal Society is a Fellowship of many of
the world's most eminent scientists and is the
oldest scientific academy in continuous existence.
Registered charity number 207043
Website design ©CalmView
CONTACT US
+ 44 207 451 2500
(Lines open Mon-Fri, 9:00-17:00. Excludes bank holidays)
6-9 Carlton House Terrace, London SW1Y 5AG
Email Us →
SUBSCRIBE
Subscribe to our newsletters to be updated with the
latest news on innovation, events, articles and reports.
Subscribe →
© CalmView",CC-MAIN-2025-43,2026-03-01T00:20:27.352199+00:00
common_crawl_positive_doc_0026,Common Crawl,positive_doc,4ec796c7473c6ec86cf902b52f9e27a3717e49f40cdac36145d4ef04374e914f,https://solurastyle.com/products/womens-vintage-floral-art-print-pocket-cotton-dress-25,2025-10-05T21:26:54Z,0.47509765625,True,"© 2024 Solurastyle. All Rights Reserved. 
 Error 
 What are you looking for? 
 Submit","[""© 2024 Solurastyle. All Rights Reserved. \n Error \n What are you looking for? \n Submit""]","Women's Vintage Floral Art Print Pocket Cotton Dress– solurastyle
🎁FIRST ORDER 10% OFF！CODE:NEW ✈FREE SHIPPING OVER $89.00
Home › Women's Vintage Floral Art Print Pocket Cotton Dress
Zoom Image
Women's Vintage Floral Art Print Pocket Cotton Dress
Regular price $39.99 | Save $-39.99 (Liquid error (sections/product-template line 180): divided by 0% off)
Multicolor / S Multicolor / M Multicolor / L Multicolor / XL Multicolor / 2XL Multicolor / 3XL
This item is a recurring or deferred purchase. By continuing, I agree to the cancellation policy and authorize you to charge my payment method at the prices, frequency and dates listed on this page until my order is fulfilled or I cancel, if permitted.
Shipping Method Shipping Time Shipping Fee
Standard 10-15 business days $9.99
Priority Shipping 9-12 business days $19.99
Receiving time = Processing time + Shipping time
Processing time: order verification, quality check and packaging. All orders are sent to the fulfillment center for shipping within 3-5 days of order placement.
FREE shipping on orders over $99.00+
Related Products
Quick ShopQuick View
Women'sSea TurtleArt Print Flowy Casual Dress
Women's Vintage Lovely Floral Bird Art Print Casual Cotton And Linen Shirt
Regular price$39.99
Multicolor
Quick ShopQuick View
Women's Vintage Art Print Pocket Cotton Dress
Regular price$39.99
Multicolor
Quick ShopQuick View
Ethnic Symmetrical Floral Pattern Printed Women's Casual Linen V-Neck Shirt
Regular price$36.99
Multicolor
Quick ShopQuick View
Women's Vintage Lovely Leopard Pattern Art Print Cotton Dress
Regular price$52.99
Multicolor
Quick ShopQuick View
Women's Retro Pattern Art Print Casual Cotton And Linen Shirt
Regular price$35.99
Multicolor
Quick ShopQuick View
Women's Color Block Patchwork Pattern Art Print Buttoned Cardigan Sweater
Regular price$45.99
Multicolor
Quick ShopQuick View
Women's Abstract Geometric Pattern Art Print Casual Linen V-neck Shirt
Get exclusive 10% off, subscribe to get notified about product launches, special offers and company news.
Subscribe
© 2024 Solurastyle. All Rights Reserved.
Error
What are you looking for?
Submit
Popular Searches: Linen Pocket Skirt dress
Your cart
You don't have any items in your cart.",CC-MAIN-2025-43,2026-03-07T23:29:13.661503+00:00
common_crawl_positive_doc_0027,Common Crawl,positive_doc,a71d8f84f22b379b90b37c13b12e88c48df13b1a2c1ceb774fd14b803d19755c,https://www.broowaha.com/articles/search_by_tag/plataforma/page:4,2025-10-05T12:38:23Z,0.14501953125,True,"Notice (8): Undefined index: Tag [APP/Controller/ArticlesController.php, line 2248]
Code Context
            $this->Tag->recursive = false;
            $tag_name = $this->Tag->findByTag($tag_name);
            $tag_id = $tag_name['Tag']['id'];
$tag_name = array()
$tag_id = ''
ArticlesController::search_by_tag() - APP/Controller/ArticlesController.php, line 2248
ReflectionMethod::invokeArgs() - [internal], line ??
Controller::invokeAction() - CORE/Cake/Controller/Controller.php, line 490
Dispatcher::_invoke() - CORE/Cake/Routing/Dispatcher.php, line 193
Dispatcher::dispatch() - CORE/Cake/Routing/Dispatcher.php, line 167
[main] - APP/webroot/index.php, line 118
Notice (8): Undefined index: Tag [APP/Controller/ArticlesController.php, line 2249]
Code Context
            $tag_name = $this->Tag->findByTag($tag_name);
            $tag_id = $tag_name['Tag']['id'];
            $this->set('tag_name', $tag_name['Tag']['tag']);
$tag_name = array()
$tag_id = null
ArticlesController::search_by_tag() - APP/Controller/ArticlesController.php, line 2249
ReflectionMethod::invokeArgs() - [internal], line ??
Controller::invokeAction() - CORE/Cake/Controller/Controller.php, line 490
Dispatcher::_invoke() - CORE/Cake/Routing/Dispatcher.php, line 193
Dispatcher::dispatch() - CORE/Cake/Routing/Dispatcher.php, line 167
[main] - APP/webroot/index.php, line 118
Articles
Contact Us
info(@)broowaha.com
×","[""Notice (8): Undefined index: Tag [APP/Controller/ArticlesController.php, line 2248]\nCode Context\n            $this->Tag->recursive = false;\n            $tag_name = $this->Tag->findByTag($tag_name);\n            $tag_id = $tag_name['Tag']['id'];\n$tag_name = array()\n$tag_id = ''\nArticlesController::search_by_tag() - APP/Controller/ArticlesController.php, line 2248\nReflectionMethod::invokeArgs() - [internal], line ??\nController::invokeAction() - CORE/Cake/Controller/Controller.php, line 490\nDispatcher::_invoke() - CORE/Cake/Routing/Dispatcher.php, line 193\nDispatcher::dispatch() - CORE/Cake/Routing/Dispatcher.php, line 167\n[main] - APP/webroot/index.php, line 118\nNotice (8): Undefined index: Tag [APP/Controller/ArticlesController.php, line 2249]\nCode Context\n            $tag_name = $this->Tag->findByTag($tag_name);\n            $tag_id = $tag_name['Tag']['id'];\n            $this->set('tag_name', $tag_name['Tag']['tag']);\n$tag_name = array()\n$tag_id = null\nArticlesController::search_by_tag() - APP/Controller/ArticlesController.php, line 2249\nReflectionMethod::invokeArgs() - [internal], line ??\nController::invokeAction() - CORE/Cake/Controller/Controller.php, line 490\nDispatcher::_invoke() - CORE/Cake/Routing/Dispatcher.php, line 193\nDispatcher::dispatch() - CORE/Cake/Routing/Dispatcher.php, line 167\n[main] - APP/webroot/index.php, line 118\nArticles\nContact Us\ninfo(@)broowaha.com\n×""]","Notice (8): Undefined index: Tag [APP/Controller/ArticlesController.php, line 2248]
Code Context
            $this->Tag->recursive = false;
            $tag_name = $this->Tag->findByTag($tag_name);
            $tag_id = $tag_name['Tag']['id'];
$tag_name = array()
$tag_id = ''
ArticlesController::search_by_tag() - APP/Controller/ArticlesController.php, line 2248
ReflectionMethod::invokeArgs() - [internal], line ??
Controller::invokeAction() - CORE/Cake/Controller/Controller.php, line 490
Dispatcher::_invoke() - CORE/Cake/Routing/Dispatcher.php, line 193
Dispatcher::dispatch() - CORE/Cake/Routing/Dispatcher.php, line 167
[main] - APP/webroot/index.php, line 118
Notice (8): Undefined index: Tag [APP/Controller/ArticlesController.php, line 2249]
Code Context
            $tag_name = $this->Tag->findByTag($tag_name);
            $tag_id = $tag_name['Tag']['id'];
            $this->set('tag_name', $tag_name['Tag']['tag']);
$tag_name = array()
$tag_id = null
ArticlesController::search_by_tag() - APP/Controller/ArticlesController.php, line 2249
ReflectionMethod::invokeArgs() - [internal], line ??
Controller::invokeAction() - CORE/Cake/Controller/Controller.php, line 490
Dispatcher::_invoke() - CORE/Cake/Routing/Dispatcher.php, line 193
Dispatcher::dispatch() - CORE/Cake/Routing/Dispatcher.php, line 167
[main] - APP/webroot/index.php, line 118
Articles
Contact Us
info(@)broowaha.com
×
World
City Living Environment Philosophy Environment
Intimacy
Getting to X Love Relationship Advice
Humor
Creative
Essay Memoir Poetry Short Stories Writing Competitions
Business
Economy Investing Markets Personal Finance Real Estate Retirement Taxes Tech Trends
Life
Cheap & Easy Family Fashion Food & Drink Health & Fitness
Leisure
Art Books Celebrities Gaming Movies Music Outdoors Tarot Theater Travel TV
Sci-Tech
Energy Game Changers Internet Personal Technology Space Technology
sports
Mike on Boxing Baseball Basketball Football Golf Hockey Soccer Tennis
politics
Africa Americas Asia Australia Europe Middle East U.S. World
inspirational
Finding Inspiration
☰
World
An Edge In My Voice
City Living
Culture
Environment
Philosophy
Politics
Africa
Americas
Asia
Australia
Europe
Middle East
Politics World
U.S.
Sports
Mike on Boxing
Baseball
Basketball
Football
Golf
Hockey
Soccer
Tennis
Sci-Tech
Energy
Game Changers
Internet
Personal Technology
Space
Technology
Leisure
Art
Books
Celebrities
Gaming
Movies
Music
Outdoors
Tarot
Theater
Travel
TV
Life
Cheap & Easy
Family
Fashion
Food & Drink
Health & Fitness
Business
Economy
Investing
Markets
Personal Finance
Real Estate
Retirement
Taxes
Tech
Trends
Creative
Essay
Memoir
Poetry
Sci Fi
Short Stories
Writing Competitions
Humor
Intimacy
Getting to X
Love
Relationship Advice
Inspirational
Finding Inspiration
Search results for """"
Business
Customer Retention Depends 100% on Call Center CRM-Here's How!
Generating more revenue is the primary goal of every organization. For this purpose, they hunt new clients and get so focused on it ...
Life
Quickest Ways to Lose Weight for Beach Season
We’ve all known this exact feeling before: April is coming to an end and we’re nowhere near ready to go head-on down to ...
Business
Planning for Home loan you must check Credit Score
Looking after members of the public is a huge responsibility, and it is one that can come with its own set of challenges and obstacl...
Business
Working in China: Haida HR enlists things to include in your resume...
The cliché that “you don’t get a second chance to make a first impression” holds true when it comes to subm...
Business
Starting a New Career in Public Safety
Looking after members of the public is a huge responsibility, and it is one that can come with its own set of challenges and obstacl...
Life
How to Improve Your Quality of Life with a Long-Term Illness
Long-term illness can severely affect your life. That doesn’t mean you have to constantly suffer, though, as there are always ...
Business
How to Save Money as an Outdoors Enthusiast
Being the outdoorsy type, it’s understandable that you get itchy feet after staying inside for a while. This makes it difficul...
Business
What is Airbnb insurance
The travel industry is expanding its boundaries every year. More and more people prefer to spend their free time traveling around th...
Business
Guide to Refinancing a Commercial Property Mortgage
Just as with a residential mortgage, it's essential to assess your commercial borrowing and determine whether a remortgage could...
Business
Online Casino Bonus in Finland
Finland is known for having the best education and the cleanest air in the world. On top of that, they are also known for their saun...
Business
The Most Natural Colored Contact Lenses for Dark Brown Eyes
The colored contact lens market has boomed in the last few years with a huge range of both color choice and replacement cycle on the...
Business
5 Tips to Consider Before You Open a Business
Opening a business is not a light decision. It is even more complicated if that is your first business. However, there are many bene...
2
3
4
5
6
Showing 37 to 48 of 2104 entriesNextPrevious
Welcome to the world of Broowaha!
Lets Broowaha.
Join the hands with us and become the part of our community of writers and readers. Share your thoughts and creativity with the world. Register today and submit your articles.
Submit Article
Top News
Business
Mistakes to avoid in decluttering
Life
Health Insurance for Students: A Comprehensive Guide
Life
The Importance of Compassionate Care in Residential Settings
Business
The Rise of Forex Trading in India: Navigating Opportunities and Ch...
Categories
World
Politics
Sports
Sci-Tech
Leisure
Life
Business
Creative
Humor
Intimacy
Inspirational
About us
About Us
Contact Us
Terms of Use
Privacy Policy
Disclaimer
Popular Tags
new yorksoccermiamichristianitymedicinecarmen electrasupermanshootingtarantinoreal estatetrafficheath ledger
Subscribe
Reset
Subscribe
Copyright © 2025 & All Rights Reserved by Broowaha.
Website Design, Developed & SEO By D-Amies Technologies
©2025 Broowaha",CC-MAIN-2025-43,2026-02-13T01:45:49.876813+00:00
common_crawl_positive_doc_0028,Common Crawl,positive_doc,dd1bf4800781e09cec580afc12696e9ae975e6d0f0da880400f2483c2842c7b4,https://www.vwo.ca/requests/price-used/2016-Nissan-Juke-c12852877.html,2025-10-05T22:06:52Z,0.0888671875,True,"Close
An error occurred submitting your message
We were unable to send your message. Please refresh and try again
Close","[""Close\nAn error occurred submitting your message\nWe were unable to send your message. Please refresh and try again\nClose""]","Used vehicle price request at Volkswagen de l'Outaouais. Used vehicle price request in Gatineau at Volkswagen de l'Outaouais
Volkswagen de l'Outaouais
850 Boulevard Saint-Joseph, Gatineau, QC, J8Z 1S9
##MENUYEAR## ##MENUMODEL## ##MENUTRIM## Price starting at
$99,999
Power
999 hp @ 9999 rpm
starting at$53,3692025 Atlas Cross Sport
starting at$60,3692026 Atlas Cross Sport
Volkswagen Atlas Cross Sport (3)
Name Telephone Email Select SelectSales - NewSales - UsedServiceFinancingParts & Accessories Message
Please complete all required fields
Send
Lead: Request for contact
Hello,
A potential client visiting your website has completed the contact form:
Visitor information:
Name: {$NAME}
Email: {$EMAIL} {$SPAMMER_WARNING}
Phone: {$EMAILPHONE} {$PHONE_VALIDATION_ATTEMPTS}
City: {$EMAILCITY}
Last vehicle viewed: {$LASTVEHICLEVIEWED}
Last vehicle configured: {$EMAILBUILDANDPRICE}
Department: {$DEPARTMENT2}
Visitor message:
{$MESSAGE}
Media Source: {$UTMDETAILS}
Browser: {$USERAGENT}
Browsing History: Click here
{$DEALER_SENDTO}
Consent: {$CONSENT_DETAILS}{$PURCHASE_INTENT}
Coordinates
Volkswagen de l'Outaouais
850 Boulevard Saint-Joseph
Gatineau, QC
J8Z 1S9
General: 819 770-0220
Contact Us
Job Opportunities
##LINKRULES##
Used vehicle price request in Gatineau
vehicle informationrequired
Brand
BrandKia Chevrolet Hyundai Volkswagen Honda Mazda Nissan Toyota
Model
-
Year
Year2026 2025 2024 2023 2022 2021 2020 2019 2018 2017 2016 2015 2014 2013 2012 2011 2010 2009 2008 2007 2006 2005 2004 2003 2002 2001 2000 1999 1998 1997 1996 1995 1994 1993 1992 1991 1990 1989 1988 1987 1986 1985 1984 1983 1982 1981
Color
Select Beige Black Blue Bronze Brown Burgundy Charcoal Copper Cream Dark blue Dark green Dark grey Gold Green Grey Light blue Light gray Light green Maroon Mauve Mole Orange Pink Purple Red Silver Tan Tin White Yellow Other
Item Type:
car
Preferred Purchase Method
I wish to receive an offer for
Cash payment Financing
Select term 12 Months 24 Months 36 Months 48 Months 60 Months 72 Months 84 Months
Questions and comments
Questions and comments
Your Information
First name Last name Email Telephone
Live the Volkswagen de l'Outaouais experience
Share
Tweet
Useful buying tools
Request price
After sales service
Volkswagen de l'Outaouais Promotions
Car Loan Calculator
Latest news
Auto Credit and Financing
Volkswagen Canada
New Cars
2026 Golf GTI
2026 Golf R
2026 Jetta
2026 Jetta GLI
Electrics
2025 ID. Buzz
2025 ID.4
Additional information
Volkswagen de l'Outaouais news
Our team
Communication Preferences
Cookie Preferences
Delete all cookies from this site
Our top 30 used vehicles
2023 Volkswagen Atlas Cross Sport
2022 Volkswagen Atlas Cross Sport
2020 Volkswagen Atlas Cross Sport
2020 Volkswagen Golf
2019 Hyundai Kona Electric
2019 Volkswagen Jetta GLI
2018 Hyundai Santa Fe XL
2018 Volkswagen Tiguan
2017 Chevrolet Cruze
View More
Our top 30 models available
Volkswagen Atlas Cross Sport for sale
Volkswagen Golf for sale
Volkswagen Jetta GLI for sale
Volkswagen ID. Buzz for sale
© 2000-2025 D2C Media All rights reserved. D2C Media dealer website solutions
See terms and conditions and privacy policy of Volkswagen de l'Outaouais
Member of the AutoAubaine network
Please confirm
To comply with the Canadian Anti-Spam Law and Quebec's Law 25, we kindly ask for your confirmation on whether you would like to receive our future discounts, promotions, offers, and private sales communications. Please note that you can modify or withdraw this consent at any time. By clicking Yes, you confirm that you have read and accepted our privacy policy.
IMPORTANT: You can easily remove your consent at any time!
A few more questions
Do you allow us to share your personal information with financial institutions for your credit bureau?
Yes No
Your consent is required in order to complete your credit application!
When do you plan to buy a vehicle?
What is your preferred method of contact?
Phone Email SMS
To comply with the Canadian Anti-Spam Law and Quebec's Law 25, we kindly ask for your confirmation on whether you would like to receive our future discounts, promotions, offers, and private sales communications. Please note that you can modify or withdraw this consent at any time. By clicking Yes, you confirm that you have read and accepted our privacy policy.
IMPORTANT: You can easily remove your consent at any time!
SUBMIT
A personalized experience from the start
Avoid waiting time at the dealership
No unnecessary paperwork with more focus on you and the vehicle
Name Email Phone
Book an Appointment
Lead: Appointment request Hello,
A potential client visiting your website would like to schedule an appointment:
Selected date of appointment: {$DATE}Visitor information:
Volkswagen de l'Outaouais 850 Boulevard Saint-Joseph Gatineau, QC J8Z 1S9
Phone 819 770-0220
Hours
Monday 09:00am - 08:00pm Tuesday 09:00am - 08:00pm Wednesday 09:00am - 08:00pm Thursday 09:00am - 08:00pm Friday 09:00am - 05:00pm Saturday 10:00am - 04:00pm Sunday Closed
Your request was sent successfully!
Your request has been sent successfully. A representative will contact you shortly.
Thank you for your request. An advisor will contact you shortly.
Close
An error occurred submitting your message
We were unable to send your message. Please refresh and try again
Close
Please complete all required fields
Lead: Price request
Hello,
A potential client visiting your website would like a price quote on a vehicle:
Vehicle information:
Brand: {$EMAILMAKE} {$EMAILMODEL} {$EMAILYEAR}
Color ext: {$COLOR}
Stock #: {$EMAILSTOCKNUMBER}
Last vehicle configured (Build & Price): {$EMAILBUILDANDPRICE}
Information about payment method: {$PAYMENT} {$PAYMENTTERM}
Visitor information:
Name: {$FNAME} {$LNAME}
Email: {$EMAIL}"">{$EMAIL}
Telephone: {$EMAILPHONE} {$PHONE_VALIDATION_ATTEMPTS}
Visitor message:
{$QUESTIONS}
Media Source: {$UTMDETAILS}
Browser: {$USERAGENT}
Navigation History: Click here
{$DEALER_SENDTO}
Consent: {$CONSENT_DETAILS}{$PURCHASE_INTENT}
Your request was sent successfully!
Thanks! A representative will contact you shortly to present you with your credit potential.
Thanks! A representative will contact you shortly to present you with your credit potential.
Close
An error occurred submitting your message
We were unable to send your message. Please refresh and try again
Close",CC-MAIN-2025-43,2026-03-08T02:39:51.572278+00:00
common_crawl_positive_doc_0029,Common Crawl,positive_doc,f3c12309709c7a584d4155019fe51a07edde583c02b90e7e5671edf50aac739d,https://drbill.net/anepict/?folder=%2FIsrael%20Trip%20July-August%201990%20Bill%20Griffin%2FRegional%2FJordan%2FGeneral&FiLi=1&FoLi=1&FoTh=1&FiTh=1&FiLa=0&Search=0,2025-10-05T13:00:36Z,0.0390625,True,"Warning: getlastmod() expects exactly 0 parameters, 1 given in /home/grypho5/public_html/anepict/index.php on line 440
Photos of the Ancient Near East, Emphasizing Israel : /Israel Trip July-August 1990 Bill Griffin/Regional/Jordan/General
Warning: getlastmod() expects exactly 0 parameters, 1 given in /home/grypho5/public_html/anepict/index.php on line 1594
Warning: getlastmod() expects exactly 0 parameters, 1 given in /home/grypho5/public_html/anepict/index.php on line 1595
Refresh
Photos of the Ancient Near East, Emphasizing Israel
Subfolder: /Israel Trip July-August 1990 Bill Griffin/Regional/Jordan/General
File List
ON OFF
:::","[""Warning: getlastmod() expects exactly 0 parameters, 1 given in /home/grypho5/public_html/anepict/index.php on line 440\nPhotos of the Ancient Near East, Emphasizing Israel : /Israel Trip July-August 1990 Bill Griffin/Regional/Jordan/General\nWarning: getlastmod() expects exactly 0 parameters, 1 given in /home/grypho5/public_html/anepict/index.php on line 1594\nWarning: getlastmod() expects exactly 0 parameters, 1 given in /home/grypho5/public_html/anepict/index.php on line 1595\nRefresh\nPhotos of the Ancient Near East, Emphasizing Israel\nSubfolder: /Israel Trip July-August 1990 Bill Griffin/Regional/Jordan/General\nFile List\nON OFF\n:::""]","Warning: getlastmod() expects exactly 0 parameters, 1 given in /home/grypho5/public_html/anepict/index.php on line 440
Photos of the Ancient Near East, Emphasizing Israel : /Israel Trip July-August 1990 Bill Griffin/Regional/Jordan/General
Warning: getlastmod() expects exactly 0 parameters, 1 given in /home/grypho5/public_html/anepict/index.php on line 1594
Warning: getlastmod() expects exactly 0 parameters, 1 given in /home/grypho5/public_html/anepict/index.php on line 1595
Refresh
Photos of the Ancient Near East, Emphasizing Israel
Subfolder: /Israel Trip July-August 1990 Bill Griffin/Regional/Jordan/General
File List
ON OFF
:::
Folder List
ON OFF
:::
File Thumbs
ON OFF
:::
Folder Thumbs
ON OFF
:::
Large Photos
ON OFF
:::
Search
ON OFF
:::
If this folder contains an error, send us an email on what the error was.
If a folder hasn't been viewed before, it may take up to 1 second per folder to create thumbnails or large previews (if on). If you get a 'Maximum execution' error, there were too many large files to process in one load. Try turning refreshing.
This Browser is optimized for viewing in progressive browsers such as Firefox*, Google Chrome, Safari, and Opera. *Designed for 100% compatibility for firefox.
Return back to Israel Photos
Israel Trip July-August 1990 Bill Griffin/Regional/Jordan/General File Listing
Back to Top
ON OFF
:::
Files
FileType
Israel Trip July-August 1990 Bill Griffin/Regional/Jordan/General Folder Listing
Back to Top
ON OFF
:::
Folders
Images
(Go Back Up one Folder)
Israel Trip July-August 1990 Bill Griffin/Regional/Jordan/General Folders
Back to Top
ON OFF
:::
()
(Go Back Up one Folder)
Israel Trip July-August 1990 Bill Griffin/Regional/Jordan/General Files
Back to Top
ON OFF
:::
Links open in a new window. To save, right-click and select save target/link as... or click the image and save from there.
Working Version: 1970-01-01 02:00:00 CST Version .969 © 2009 Dan Griffin",CC-MAIN-2025-43,2026-02-13T20:51:04.638286+00:00
common_crawl_positive_doc_0030,Common Crawl,positive_doc,d9f434661d12a8ab3b94189dca26546bdffdc9b8adc337771f06ff30ec6bfdb9,https://sg.ingrammicro.com/site/productdetail?id=A001-000000000004881907,2025-10-05T12:30:47Z,0.4384765625,True,"Sub-Categories
Down
Up
Down
Up
Vendors
Down
Up
Down
Up","[""Sub-Categories\nDown\nUp\nDown\nUp\nVendors\nDown\nUp\nDown\nUp""]","Product Details
IMOnline Session: 0 s
Okta Session: 0 s
Ok
Shop Cloud About Us
Country: Singapore
LOG IN
LOG IN
Become a Reseller
×
Products
Vendors
Services & Support
Become a Reseller
Categories
View All
Down
Up
Down
Up
Sub-Categories
Down
Up
Down
Up
Vendors
Down
Up
Down
Up
All Vendors
Boutique
View All
Showcases
a
b
c
d
e
f
g
h
i
j
k
l
m
n
o
p
q
r
s
t
u
v
w
x
y
z
#
Vendors
View All
Down
Up
Down
Up
Categories
Down
Up
Down
Up
Sub-Categories
Down
Up
Down
Up
Menu ×
Products Vendors Services & Support Shop Cloud About Us
Ingram Micro Singapore
Help | Contact Us
Products
Categories
View All
Products
Sub-Categories
Products
Vendors
Partner Go ×
Cisco
Cisco ×
Dashboard Orders Estimates Quotes DARTs Partner Resources
Vendors
All Vendors
Boutique
View All
Showcases
Vendors
a
b
c
d
e
f
g
h
i
j
k
l
m
n
o
p
q
r
s
t
u
v
w
x
y
z
#
Vendors
View All
Vendors
Categories
Vendors
Sub-Categories
Home / Products / networking / switches & hubs / Stackable Switches / Aruba IOn 1930 8G 2SFP 124W Switch
Email Print
×
Error: Oops, Sorry! Something went wrong and the item you selected was NOT added to your cart View Cart
Hewlett Packard Enterprise HPE Instant On 1930 8 Ports Manageable Ethernet Switch - Gigabit Ethernet, 10 Gigabit Ethernet - 10/100/1000Base-T, 10GBas ...Read More
Hewlett Packard Enterprise HPE Instant On 1930 8 Ports Manageable Ethernet Switch - Gigabit Ethernet, 10 Gigabit Ethernet - 10/100/1000Base-T, 10GBase-X - 2 Layer Supported - Modular - 150.20 W Power Consumption - Optical Fiber, Twisted Pair - PoE Ports Less
By:Hewlett Packard Enterprise
VPN: JL681A SKU: 4881907
Email Print
×Close
×Close
×Close
Read Technical Specs
Email Product Details
×
HPE Instant On 1930 8 Ports Manageable Ethernet Switch - Gigabit Ethernet, 10 Gigabit Ethernet - 10/100/1000Base-T, 10GBas ...Read More
HPE Instant On 1930 8 Ports Manageable Ethernet Switch - Gigabit Ethernet, 10 Gigabit Ethernet - 10/100/1000Base-T, 10GBase-X - 2 Layer Supported - Modular - 150.20 W Power Consumption - Optical Fiber, Twisted Pair - PoE Ports Less
By:Hewlett Packard Enterprise
Send to:
Subject:
Cancel Send Email
×
Print Product Details
Please tell us what do you want to include in your print:
BRANDING
Ingram Micro Branded
Non Branded
INCLUDE THE FOLLOWING
All Sections
The Following Sections
Price Excl. Tax
Product Image
Stock
VPN / SKU
Customized page may take few moments to load.
Stock Alert Email Request
×
HPE Instant On 1930 8 Ports Manageable Ethernet Switch - Gigabit Ethernet, 10 Gigabit Ethernet - 10/100/1000Base-T, 10GBase-X - 2 Layer Supported - Modular - 150.20 W Power Consumption - Optical Fiber, Twisted Pair - PoE Ports
SKU: 4881907 | VPN: JL681A | UPC:
Email Address
To Change your profile email address ,Click here
Cancel Send Email
Warning
Please provide content for the item titled AddToBasketWarningShipFromCentralStockMsg in the reusable content list.
Please provide content for the item titled 'AddToBasketWarningShipFromLocalandCentralStockMsg' in the reusable content list.
Please provide content for the item titled AddToBasketWarningDelayedShipmentMsg in the reusable content list.
Please provide content for the item titled AddToBasketWarningNonReturnable in the reusable content list.
Take advantage of the last remaining units.
The product has been discontinued and will not be restocked once sold out.
×
Price On Request
Reseller Account Number
End User Company Name
Reseller Contact Name
End User Contact Name
Reseller Email
End User Phone
Reseller Phone
End User Email
Product Code
Product Quantity
Project Details
Expected Decision Date
Roll-Out Timeframe
Competitive Situation
Send
Cancel
Sucess
Compare
You can select only three products !
Compare
You must select at least one product to do a comparison
COMPANY INFORMATION
About Ingram Micro
Solutions
Social Responsibility
Investor Relations
Careers
Newsroom
SHOP INGRAM MICRO
Products
Vendors
Vendor Boutiques
Cloud
Promotions & Events
Contact Us
Copyright @ 2025 Ingram Micro. All rights reserved.
×Close",CC-MAIN-2025-43,2026-02-17T05:34:00.216022+00:00
common_crawl_positive_doc_0031,Common Crawl,positive_doc,2a998aa299a09c02c358ea536f30ad51b264bf84cf006dbaa3ea8a18599bf5dc,https://edocs-public.dot.state.mn.us/edocs_public/DMResultSet/download?docId=38630886,2025-10-05T15:58:35Z,0.40087890625,True,"Request Rejected
The requested URL was rejected. Please consult with your administrator.
Your support ID is: 4874751897727078413
[Go Back]","[""Request Rejected\nThe requested URL was rejected. Please consult with your administrator.\nYour support ID is: 4874751897727078413\n[Go Back]""]","Request Rejected
The requested URL was rejected. Please consult with your administrator.
Your support ID is: 4874751897727078413
[Go Back]",CC-MAIN-2025-43,2026-02-24T13:04:44.805849+00:00
common_crawl_positive_doc_0032,Common Crawl,positive_doc,34c235c439ed76b4ff0405949c5df20efc68a298b515facf99786079f64c6eb5,https://apkdone.mobi/tiny-room-stories-town-mystery/,2025-10-05T22:59:35Z,0.35888671875,True,"Save my name, email, and website in this browser for the next time I comment.
Send
APK DONE Scroll up
APK DONE - © All rights reserved - Developer by apkdone.mobi
Login to apkdone.mobi
Login Forgot your password? Password
Login
Registration Page","[""Save my name, email, and website in this browser for the next time I comment.\nSend\nAPK DONE Scroll up\nAPK DONE - © All rights reserved - Developer by apkdone.mobi\nLogin to apkdone.mobi\nLogin Forgot your password? Password\nLogin\nRegistration Page""]","Tiny Room Stories: Town Mystery v2.6.24 MOD APK
Games Apps TOP 100 News
Order table
Feedback About Us Terms of use DMCA Copyright Holders Privacy Policy
Home / Games / Puzzle / Tiny Room Stories Town Mystery v2.6.24 MOD APK
Tiny Room Stories Town Mystery v2.6.24 MOD APK
+ 0 Like - 0 Dislike
Description Whats News Youtube Help
Tiny Room Stories: Town Mystery is a puzzle game where players search for clues that they need to travel to different areas and learn the game’s story. The game’s environment is full of objects that you can interact with. These fulfill specific roles in the game and help you progress. So it’s going to be a long and challenging journey, and there will be something to help you through these difficulties.
CONTINUE THE JOURNEY TO SOLVE PUZZLES
The journey to solve the mysteries in Tiny Room Stories: Town Mystery continues as new chapters of this game appear before your eyes. At the same time, the stories in these new chapters often revolve around the stories of the main character you control. So it’s safe to say that you will continue to link the elements you find to advance in the game, and one point that players will love is the new hint element. The player suggestion system has been redesigned to track the actions of the character you control. It collects information you have done during the game. If you have trouble solving a certain puzzle in the game, ask for a hint and a precise guide will appear before your eyes. So it will be tool for you to overcome the newly added level of game.
LOOKING FOR STORIES RELATED TO THE CITY WITHOUT PEOPLE
The story begin when the player goe to the house marked on the map in Tiny Room Storie: Town Mystery. However, the strange thing is that there is no trace of other people in the town. From there, he begins his exploration to unravel the mysteries behind this disappearance. Moreover, when you reach the house, it is locked and you start interacting with the environment and solving your puzzle. The area you go to is limited to a square of land and you can zoom in or out as you like to more conveniently find and interact with some of the items you need. Also, you will see different things depending on your point of view and will not maintain one perspective throughout your quest and puzzle, so constantly change the point of view to spot what you need and get it, as the game objects are scattered in each position.
COLLECT OBJECTS AND SEARCH IN DIFFERENT LOCATIONS
An area in Tiny Room Stories: Town Mystery is extremely diverse with objects, so it takes a long time to find it and each thing has a different use in the game. The items you have taken are displayed on the right side of the screen and you can use them when you reach the compatible object. For example, you will need a ladder if you want to climb to the roof or get into the house where you arrive at the beginning of the game. You will need the corresponding key. The problematic but exciting point of this game is that you have to try to guess what these objects are for and what you have to do to get there. Players have to carefully observe the environment and if a password is required, you have to find some important signs that appear in the area you enter. It is safe to say that this game will take a lot of time.
Issue: * I can't download the APK file I can't install the APK file The file is not compatible File does not exist Update request Copyright Infringment Spam Invalid Contents Broken Links Others
Details: *
Submit
Installing games and programs Installing games with a cache How to make a screenshot
Safe to Download
apkdone.mobi and the download link of this app are 100% safe. All download links of apps listed on apkdone.mobi are from Google Play Store or submitted by users. For the app from Google Play Store, apkdone.mobi won't modify it in any way. For the app submitted by users, apkdone.mobi will verify its APK signature safety before release it on our website.
Got it
Download Tiny Room Stories Town Mystery v2.6.24 MOD APK
Tiny Room Stories: Town Mystery - v2.6.24 - MOD APK - APK
Download - 173.38 MB
Tiny Room Stories: Town Mystery - v2.6.21- MOD APK - APK
Download - 175.02 MB
All Version
Tiny Room Stories Town Mystery MOD APK 2.6.24 Apk
December 2, 2024 187 MB
Jellipop Match v8.41.0.2 MOD APK (Unlimited Money)
Rooms of Doom v1.225 MOD APK + OBB (Unlimited Gold, Golden Box)
The House of Da Vinci v1.1.30 MOD APK + OBB (Full Game)
Jelly Juice v1.142.5 MOD APK (Unlimited Stars, Lives)
Lapse of plague 4.4 MOD APK
Monument Valley 2 v3.5.500 MOD APK + OBB (Full Game, Patched)
Angry Birds 2 v8.2.0 MOD APK (Infinite Gems/Energy)
Disney Frozen Free Fall v13.7.2 MOD APK (Unlimited Snowballs, Move)
The House of Da Vinci 3 v1.5.9 MOD APK (Full Game Unlocked)
Yours email address will not be published. Required fields are marked *
Save my name, email, and website in this browser for the next time I comment.
Send
APK DONE Scroll up
APK DONE - © All rights reserved - Developer by apkdone.mobi
Login to apkdone.mobi
Login Forgot your password? Password
Login
Registration Page",CC-MAIN-2025-43,2026-03-07T23:46:37.270251+00:00
common_crawl_positive_doc_0033,Common Crawl,positive_doc,8569f2010adb091d94068241357624ef6703b6214a0d3e495f6722a57f7d8d72,https://anrdre.com/products/texnedict,2025-10-05T19:49:49Z,0.234375,True,"Liquid error (snippets/header-drawer line 157): Could not find asset snippets/country-localization.liquid 
 🏠 HOME 
 Category","[""Liquid error (snippets/header-drawer line 157): Could not find asset snippets/country-localization.liquid \n 🏠 HOME \n Category""]","Benedict Protection Cross Power Pendant Necklace【BUY 2 GET 1 FREE】 – anrdre
Taxes and shipping calculated at checkout
Update
Check out
One or more of the items in your cart is a recurring or deferred purchase. By continuing, I agree to the cancellation policy and authorize you to charge my payment method at the prices, frequency and dates listed on this page until my order is fulfilled or I cancel, if permitted.
Free Shipping for Orders Over $50
Buy 3 get 10% OFF
Liquid error (snippets/header-drawer line 157): Could not find asset snippets/country-localization.liquid
🏠 HOME
Category
Car Accessories
Clothing & Accessories-Women
Clothing & Accessories-Men
Electronics & Accessories
Health & Beauty
Houseware & Kitchen
Pet Products
Tools & Gadgets
Toys & Stationery
BY PRICE
Under $10
$10 - $19.99
$20 - $29.99
$30 - $39.99
$40 - $49.99
Above $50
HOLIDAY
🎄Christmas🎄
❤️Valentine's Day❤️
🎃Halloween🎃
🔥HOT SALE
Search
Cart
Skip to product information
Open media 1 in modal
Open media 2 in modal
Open media 3 in modal
Open media 4 in modal
Open media 5 in modal
Open media 6 in modal
Open media 7 in modal
Open media 8 in modal
Open media 9 in modal
1 / of 9
Benedict Protection Cross Power Pendant Necklace【BUY 2 GET 1 FREE】
Benedict Protection Cross Power Pendant Necklace【BUY 2 GET 1 FREE】
Regular price $19.99
$19.99 Regular price $0.00 Sale price
Unit price / per
Color Gold-Silver Silver
Style 1 PC BUY 2 GET 1 FREE （3PCS） BUY 3 GET 2 FREE （5PCS）
Product variants
Gold-Silver / 1 PC - $19.99 Gold-Silver / BUY 2 GET 1 FREE （3PCS） - $42.99 Gold-Silver / BUY 3 GET 2 FREE （5PCS） - $66.99 Silver / 1 PC - $19.99 Silver / BUY 2 GET 1 FREE （3PCS） - $42.99 Silver / BUY 3 GET 2 FREE （5PCS） - $66.99
Quantity
Decrease quantity for Benedict Protection Cross Power Pendant Necklace【BUY 2 GET 1 FREE】
Increase quantity for Benedict Protection Cross Power Pendant Necklace【BUY 2 GET 1 FREE】
This item is a recurring or deferred purchase. By continuing, I agree to the cancellation policy and authorize you to charge my payment method at the prices, frequency and dates listed on this page until my order is fulfilled or I cancel, if permitted.
Clearance Sale 10% OFF
Couldn't load pickup availability
Refresh
Great Gifts For Daughter, Gifts For Women, Gifts For Mom, Gifts For Wife, Gifts For Aunt, Gifts For Best Friend, Etc. Ideal Birthday Gifts, Anniversary Gifts, Christmas Gifts, Graduation Gifts, Mother'S Day Gifts, Valentine'S Day Gifts, Etc, Or Just As A Surprise To Remind That Special One How Much You Care!
Up to 30 days after-sales guarantee.
TIPS: All goods are authentic, with genuine patents, counterfeit must be investigated!
93.8% of customers bought 5 or more for their loved ones!
“The intercession of St. Benedict is known to have power and our faith can release this power. The medal is reminder that we are protected by the power of Christ.”
The Saint Benedict Medal in the middle of a Celtic Cross is believed to be a powerful tool against evil influences.
Saint Benedict Protection Pendant:
The Saint Benedict protection medal is a prayer for strength, a prayer for peace , a prayer of our light and guide, a prayer of firm rejection of all that is evil.Each of the letters engraved on the front and back of the medal stand for Latin prayers of exorcism.It is a talisman against evil powers.
Use this incredible instrument offaith when you feel in danger：
Do not battle the evil forces alone.It will protect you from eviland give you the peace of mind and strengthto weather life's storms.
General Chapter 2023: Navigating Our Future
Prepare for our 2023 General chapter, a future full of rich hope. The afternoon was a time of intense prayer and dialogue to understand God's will for our congregation.
Lead-free, nickel-free and cadmium-free and skin-friendly. Passed SGS Inspection. Suitable for those who have sensitive skin to wear. Adjustable length chain, convenient for you to match any clothes. Removable pendant makes it easy to change to any charm you like or if you like you can add to it.
This medal is used in numerous ways:
on a chain around the neck;
attached to one’s rosary;
kept in one’s pocket or purse;
placed in one’s car or home;
placed in the foundation of a building;
placed in the center of a cross.
100% quality and satisfaction guarantee
Secure ordering
Our goods are authentic, with genuine patents, counterfeit must be investigated! Customers please identify our products!
OUR GUARANTEE
✈️ Insured Fast Shipping: Each order includes real-time tracking details and insurance coverage in the unlikely event that a package gets lost or stolen in transit.
👍 Money-Back Guarantee: If your items arrive damaged or become defective within 30 days of normal usage, we will gladly issue a replacement or refund.
📞 24/7 Customer Support: We have a team of live reps ready to help and answer any questions you have within a 24-hour time frame, 7 days a week.
🔒 Safe & Secure Checkouts: We use state-of-the-art SSL Secure encryption to keep your personal and financial information 100% protected.
More Details
Benedict Protection Cross Power Pendant Necklace【BUY 2 GET 1 FREE】
$19.99
Gold-Silver Silver 1 PC BUY 2 GET 1 FREE （3PCS） BUY 3 GET 2 FREE （5PCS）
DMCA report © 2025 anrdre
Choosing a selection results in a full page refresh.
Opens in a new window.",CC-MAIN-2025-43,2026-03-03T09:38:31.622697+00:00
common_crawl_positive_doc_0034,Common Crawl,positive_doc,41bceaf976dfc76de6b65c8b4ff3507daab669c786b830e37b508ff817307fd6,https://www.bookswithbunny.com/the-perfect-marriage-book-review/the-perfect-marriage-3/,2025-10-05T12:25:49Z,0.38818359375,True,"2023 





 2023 February 2023 





 Error: No feed with the ID 1 found.","[""2023"", ""2023 February 2023"", ""Error: No feed with the ID 1 found.""]","The Perfect Marriage - Books With Bunny
Books With Bunny
Let's Talk Books And More
The Perfect Marriage
· September 4, 2025
« The Perfect Marriage | Book Review
Leave a Reply Cancel reply
Your email address will not be published. Required fields are marked *
Comment *
Name *
Email *
Website
Save my name, email, and website in this browser for the next time I comment.
Δ
Meet Bunny
Hi, I’m Bunny! I’m a book lover and cozy lifestyle enthusiast. I’m a huge fan of Gilmore Girls, horror movies, and anything fall-themed. When I’m not curled up with a cup of coffee listening to an audiobook, you’ll find me practicing yoga, spending time with my husband and fur babies, or sharing little moments of everyday joy on my socials.
Follow Me
Search
Categories
Categories Select Category Adaptations Audiobooks Authors Beauty Blog Blog Tour Blogtober Book Club Book Covers Book Recommendations Book Reviews Bookish Life Bookmas Books Booktube Bunny Banter Coffee Break Coffee Chat Entertainment Fashion Friday Reads Giveaway Haul Highlights Holiday Indie Authors Interview Let’s Talk Lifestyle Mental Health Movies Music Predictions Read Readathon Reading Reading Dairies Reading Log Recommendations Reviews Self-Publishing Shows Spooktober Spotlight Tag Thankful Thursday To Be Read Toss-Up Tuesday Tutorial Uncategorized Update Watch Wishlist Wrap-Up
Archives
Archives Select Month September 2025 August 2025 July 2025 June 2025 May 2025 April 2025 March 2025 February 2025 January 2025 December 2024 November 2024 October 2024 September 2024 August 2024 July 2024 June 2024 May 2024 April 2024 March 2024 February 2024 January 2024 December 2023 November 2023 October 2023 September 2023 August 2023 July 2023 June 2023 May 2023 April 2023 March 2023 February 2023 January 2023 December 2022 November 2022 October 2022 September 2022 August 2022 July 2022 June 2022 May 2022 April 2022 March 2022 February 2022 January 2022 December 2021 November 2021 October 2021 September 2021 August 2021 July 2021 June 2021 May 2021 April 2021 March 2021
Featured Posts
Bride | Book Review
Save the Date | Book Review
Must-Read Book Releases | September 2025
Subscribe
Let’s Connect
This error message is only visible to WordPress admins
Error: No feed with the ID 1 found.
Please go to the Instagram Feed settings page to create a feed.
Design by SkyandStars.co
Books With Bunny © 2025 · LovePeace Theme by SkyandStars on Genesis Framework · WordPress · Log in",CC-MAIN-2025-43,2026-02-14T11:49:38.842155+00:00
common_crawl_positive_doc_0035,Common Crawl,positive_doc,cb2aa0cafa853ef06e8c9dd8ef9646f11a9471ec40b9847cf3210a532eaf51d5,http://www.linesacross.com/2016/04/ombre-diy-candle-holders.html/,2025-10-05T12:05:15Z,0.00537109375,True,"Warning: mysqli_real_connect(): (HY000/2002): No such file or directory in /home/wraphapp/public_html/linesacross/wp-includes/wp-db.php on line 1603 
 Deprecated: mysql_connect(): The mysql extension is deprecated and will be removed in the future: use mysqli or PDO instead in /home/wraphapp/public_html/linesacross/wp-includes/wp-db.php on line 1633 
 Warning: mysql_connect(): No such file or directory in /home/wraphapp/public_html/linesacross/wp-includes/wp-db.php on line 1633 





 establishing a database connection 





 the username and password information in your wp-config.php file is incorrect or we can’t contact 





 at 





 have the correct username 





 have typed","[""Warning: mysqli_real_connect(): (HY000/2002): No such file or directory in /home/wraphapp/public_html/linesacross/wp-includes/wp-db.php on line 1603 \n Deprecated: mysql_connect(): The mysql extension is deprecated and will be removed in the future: use mysqli or PDO instead in /home/wraphapp/public_html/linesacross/wp-includes/wp-db.php on line 1633 \n Warning: mysql_connect(): No such file or directory in /home/wraphapp/public_html/linesacross/wp-includes/wp-db.php on line 1633"", ""establishing a database connection"", ""the username and password information in your wp-config.php file is incorrect or we can’t contact"", ""at"", ""have the correct username"", ""have typed""]","Warning: mysqli_real_connect(): (HY000/2002): No such file or directory in /home/wraphapp/public_html/linesacross/wp-includes/wp-db.php on line 1603
Deprecated: mysql_connect(): The mysql extension is deprecated and will be removed in the future: use mysqli or PDO instead in /home/wraphapp/public_html/linesacross/wp-includes/wp-db.php on line 1633
Warning: mysql_connect(): No such file or directory in /home/wraphapp/public_html/linesacross/wp-includes/wp-db.php on line 1633
WordPress › Error
Error establishing a database connection
This either means that the username and password information in your wp-config.php file is incorrect or we can’t contact the database server at localhost. This could mean your host’s database server is down.
Are you sure you have the correct username and password?
Are you sure that you have typed the correct hostname?
Are you sure that the database server is running?
If you’re unsure what these terms mean you should probably contact your host. If you still need help you can always visit the WordPress Support Forums.",CC-MAIN-2025-43,2026-02-17T00:23:48.486543+00:00
common_crawl_positive_doc_0036,Common Crawl,positive_doc,3f933443a2ad70c2733d6d9f8d5f17b303fe17009259d8ae008b797b86b0e5f1,https://www.repost.aws/tags/TAZtkgNAX7Q9OYs3rXXBxVlw/ec2-image-builder,2025-10-06T04:56:41Z,0.1484375,True,"EC2 Image Builder AL2023 Component CmdExecution: Stderr: err... 





 2023EC2 Image BuilderLinux Provisioning 
 





 [""aws.ssm""], ""detail-type"": [""Parameter Store Change""], ""detail"": { ""na... 
 Amazon Machine Images (AMI)Parameter StoreDevOpsEC2 Image Builder 
 EC2 Image Builder AL2023 Component /dev/null: No such file o... 
failed for step BootstrapBuildInstace. failing step""","[""EC2 Image Builder AL2023 Component CmdExecution: Stderr: err..."", ""2023EC2 Image BuilderLinux Provisioning"", ""[\""aws.ssm\""], \""detail-type\"": [\""Parameter Store Change\""], \""detail\"": { \""na... \n Amazon Machine Images (AMI)Parameter StoreDevOpsEC2 Image Builder \n EC2 Image Builder AL2023 Component /dev/null: No such file o... \nfailed for step BootstrapBuildInstace. failing step\""""]","Explore AWS re:Post content | AWS re:Post
Skip to content
By using AWS re:Post, you agree to the AWS re:Post Terms of Use
AWS Trust & Safety Center
Ask question
Knowledge Center Monthly Newsletter - September 2025
Stay up to date with the latest from the Knowledge Center. See all new Knowledge Center articles published in the last month, and re:Post’s top contributors.
All Content tagged with EC2 Image Builder
Follow
EC2 Image Builder simplifies the building, testing, and deployment of Virtual Machine and container images for use on AWS or on-premises.
SSH Access Issue – Permission Denied (publickey) for Ubuntu ...
I am trying to connect to my Ubuntu EC2 instance via SSH, but I keep getting the following error: chmod 400 ""/d/My Website/wordpress setup/gadgetsin.pem"" ssh -i ""/d/My Website/wordpress setup/gadgets...
EC2 Image Builder Integration Fails with ""ec2:CreateVpc"" Per...
I’m building a custom Windows Server 2022 Core AMI using EC2 Image Builder. All the build and test steps complete successfully, and the image is shared with another AWS account as expected. However, t...
Amazon EC2WindowsAWS Identity and Access ManagementEC2 Image Builder
EC2 Image Builder fails on Windows Server 2022 Core with upd...
I'm building a custom Windows Server 2022 Core AMI using EC2 Image Builder, and I'm using the AWS-managed component update-windows to apply Windows updates during the image build process. The build f...
Cannot select ""do not enable"" for KMS key, Region settings i...
Hi all When I create an EC2 ImageBuilder Distribution Settings, I cannot select ""do not enable"" for KMS key, Region settings. When I leave it blank, AMI copy to other accounts fail. The error message...
Difference between ""Region settings-Target accounts"" and ""AM...
Hi all I'm using the ImageBuilder to create an AMI, and share it with another account. Let's say the source account ID is 111111111111 and the target account ID is 222222222222. From the ""distributio...
EC2 Image Builder - Windows STIG Hardening Implementation gu...
Hi, I am currently in the process of implementing the EC2 Image Builder managed components for STIG compliance. I have tried using all 3 versions, low, medium and high but my application keeps brea...
EC2 Image Builder AL2023 Component CmdExecution: Stderr: err...
I am using EC2 Image Builder and when I create my component with the action of execute bash using the following YAML code to install RPM files, I get the error see in the Cloudwatch logs below. If I t...
Accepted AnswerAmazon Linux 2023EC2 Image BuilderLinux Provisioning
Monitoring a public parameter store event
Is it possible to monitor, through Eventbridge, an update event of a public parameter store? Like this: { ""source"": [""aws.ssm""], ""detail-type"": [""Parameter Store Change""], ""detail"": { ""na...
Amazon Machine Images (AMI)Parameter StoreDevOpsEC2 Image Builder
EC2 Image Builder AL2023 Component /dev/null: No such file o...
I am using EC2 Image Builder and when I create my component with the action of execute bash using the follow YAML to set Linux environment settings, Image Builder fails with the following error in Clo...
Accepted AnswerEC2 Image BuilderLinuxAmazon EC2Linux Provisioning
Error in the BootstrapInstanceForContainer step while using ...
Hi Everyone! I consistently get the ""Action failed for step BootstrapBuildInstace. failing step"" while deploying a docker image using EC2 Image Builder. Does anyone know what could be the reason for ...
Hello people! I am developing a solution with AWS Image Builder, but I have reached a point where I cannot reach a clear conclusion as to which mechanism would have the lowest cost, based on the foll...
Amazon Machine Images (AMI)EC2 Image BuilderAmazon EC2
connect to new crated instance from saved image instance (sa...
Hello everyone, I launched an m3.2xlarge and installed Ubuntu 18.04 on it, then ran some programs and codes. However, I need to use an instance with higher vCPU and RAM (x2iezn.2xlarge), so I saved t...
Amazon Machine Images (AMI)EC2 Image BuilderAmazon EC2
© 2025, Amazon Web Services, Inc. or its affiliates. All rights reserved.
Community Guidelines",CC-MAIN-2025-43,2026-04-03T02:01:40.479907+00:00
common_crawl_positive_doc_0037,Common Crawl,positive_doc,64bb78542a10ef931bec868a89af9449761ec6c28a21d9162a109bd12d0d5852,https://phatdatvinhvien.com/san-pham/hub-1-hdmi-4hdmi-unitek-v1109-fv-13004.html,2025-10-06T04:55:24Z,0.236328125,True,﻿1064: You have an error in your SQL syntax; check the manual that corresponds to your MariaDB server version for the right syntax to use near '' at line 1,"[""﻿1064: You have an error in your SQL syntax; check the manual that corresponds to your MariaDB server version for the right syntax to use near '' at line 1""]",﻿1064: You have an error in your SQL syntax; check the manual that corresponds to your MariaDB server version for the right syntax to use near '' at line 1,CC-MAIN-2025-43,2026-03-31T09:21:26.399687+00:00
common_crawl_positive_doc_0038,Common Crawl,positive_doc,e2a39c8976a4e96d622517ac0c174632893fb23f0d41eec58647465a100d7df7,https://www.iamagazine.com/?response_type=code&client_id=3MVG95nWQGdmAiErShIxY7OuA_9AKVXcvOkSebmPYLSF4596NYh3FXt5XcNqUfHIZ8ogaAxJQDIDTwMecIO0C&code_challenge=FAUcokY7t-lcSB_Peq262zUlaP_l26kV2z8Ed9dm3ic&redirect_uri=https%3A%2F%2Fwww.independentagent.com%2F&state=sub_domain_wdg_old_url_40%3D%3Dcategory%2Fpodcasts&is_wdg_sso=1,2025-10-06T04:34:37Z,0.0400390625,True,"Cookies are disabled
Error: Cookies are blocked or not supported by your browser. You must enable cookies to use WordPress.
← Back to Site","[""Cookies are disabled\nError: Cookies are blocked or not supported by your browser. You must enable cookies to use WordPress.\n← Back to Site""]","Cookies are disabled
Error: Cookies are blocked or not supported by your browser. You must enable cookies to use WordPress.
← Back to Site",CC-MAIN-2025-43,2026-03-30T15:55:07.618404+00:00
common_crawl_positive_doc_0039,Common Crawl,positive_doc,1dcce68367ab0725ccb4225116d4d4b078e8c113d8793c0aafbfee7afbd5cc79,https://order.thewholebowl.com/order/window-pickup/pickup/drinks/lacroix-sparkling-water,2025-10-05T16:20:12Z,0.39111328125,True,"TripAdvisor
© 2025 Online Ordering by eHungry
Technical Support
Privacy Policy
Terms of Service
Accessibility
This site is protected by reCAPTCHA and the Google Privacy Policy and Terms of Service apply.
Window Pickup
View cart (0 items, $0.00)
Menu
Wednesday 11:00 AM - 9:00 PM
Thursday 11:00 AM - 9:00 PM
Friday 11:00 AM - 9:00 PM
Saturday 11:00 AM - 9:00 PM
Sunday 11:00 AM - 9:00 PM
Error
Description
Close
Save changes","[""TripAdvisor\n© 2025 Online Ordering by eHungry\nTechnical Support\nPrivacy Policy\nTerms of Service\nAccessibility\nThis site is protected by reCAPTCHA and the Google Privacy Policy and Terms of Service apply.\nWindow Pickup\nView cart (0 items, $0.00)\nMenu\nWednesday 11:00 AM - 9:00 PM\nThursday 11:00 AM - 9:00 PM\nFriday 11:00 AM - 9:00 PM\nSaturday 11:00 AM - 9:00 PM\nSunday 11:00 AM - 9:00 PM\nError\nDescription\nClose\nSave changes""]","The Whole Bowl | Lacroix Sparkling Water | Drinks | Window Pickup
Skip to content
We're sorry, but the Web browser you are using is not supported.
Please upgrade your browser or try a different one to use this Website. Supported browsers include:
Chrome
Firefox
Edge
Safari
The Whole Bowl 364 Ludlow Ave Cincinnati, OH 45220
Window Pickup
ASAP
Later
Log in
Window Pickup
Ordering from: 364 Ludlow Ave Cincinnati, OH 45220
Change Menu
Window Pickup
364 Ludlow Ave Cincinnati, OH 45220
The Whole Bowl - Catering
364 Ludlow Ave Cincinnati, OH 45220
Menu
Bowls Big Bowl Combo Xtras Desserts Drinks
Home
Whole Bowl Cinci
WINDOW PICKUP
CATERING
Menu & Hours
Contact
Facebook
Yelp
TripAdvisor
© 2025 Online Ordering by eHungry
Technical Support
Privacy Policy
Terms of Service
Accessibility
This site is protected by reCAPTCHA and the Google Privacy Policy and Terms of Service apply.
Window Pickup
View cart (0 items, $0.00)
Menu
Bowls Big Bowl Combo Xtras Desserts Drinks
Drinks
Use this menu to place an order for pickup. Please allow us at least 20 minutes to prepare your order.
Bowls
Our bowls contain a comforting and healthful mix of brown rice, black and red beans, avocado, cilantro, olives, Tillamook cheddar, sour cream, salsa and Tali Sauce.
Big Bowl (16 oz)
Big Bowl (16 oz)
Contains a comforting and healthful mix of brown rice, black and red beans, avocado, cilantro, olives, Tillamook cheddar, sour cream, salsa and Tali Sauce.
$8.25
Bambino Bowl (12 oz)
Bambino Bowl (12 oz)
Contains a comforting and healthful mix of brown rice, black and red beans, avocado, cilantro, olives, Tillamook cheddar, sour cream, salsa and Tali Sauce.
$7.75
Insatiabowl (32 oz)
Insatiabowl (32 oz)
Contains a comforting and healthful mix of brown rice, black and red beans, avocado, cilantro, olives, Tillamook cheddar, sour cream, salsa and Tali Sauce.
$10.50
Big Bowl Combo
Includes a Big Bowl, tortilla chips, choice of dessert and beverage.
Big Bowl Combo
Big Bowl Combo
Includes a big bowl, tortilla chips and choice of dessert and beverage.
$12.75
Flammabowl (Nashville Hot) Big Bowl Combo
Flammabowl (Nashville Hot) Big Bowl Combo
Save $1.75! Includes Flammabowl (Nashville Hot) Big Bowl, chips, choice of drink, and choice of dessert.
$13.00
Desserts
Chocolate Chip Cookies
Chocolate Chip Cookies
Choose from regular or vegan homemade cookies, baked locally.
$2.50
Chocolate-Dipped Macaroon
Chocolate-Dipped Macaroon
Baked locally, these macaroons are gluten-free.
$2.50
Drinks
Warped Wing Soda
Warped Wing Soda
Brewed regionally in Dayton, OH! Real soda pop made with REAL ingredients like cane sugar. Naturally gluten free, caffeine free, and alcohol free.
$2.00
Refreshing Springs Kombucha
Refreshing Springs Kombucha
Kombucha is fermented sweet tea. Add some live cultures to a brew and after a couple of weeks it transforms into a slightly tart, fizzy drink! This particular brand is brewed locally, too!
$5.50
Lacroix Sparkling Water
Lacroix Sparkling Water
$1.75
Pepsi Products
Pepsi Products
Choose from Pepsi, Diet Pepsi, or Mountain Dew
$1.75
Boxed Water
Boxed Water
We've ditched the plastic in favor of something more environmentally friendly :)
$2.75
Apple Juice
Apple Juice
$1.75
Your Order (0)
Ordering from:
Window Pickup
364 Ludlow Ave Cincinnati, OH 45220
You have no items in your cart.
Go back to menu
Subtotal
$0.00
Taxes
$0.00
Total
$0.00
Proceed to checkout
Menu
Bowls Big Bowl Combo Xtras Desserts Drinks
Facebook
Yelp
TripAdvisor
Home
Menu
Whole Bowl Cinci
WINDOW PICKUP
CATERING
Menus & Hours
Contact
Technical Support
Privacy Policy
Terms of Service
Accessibility
This site is protected by reCAPTCHA and the Google Privacy Policy and Terms of Service apply.
© 2025 Online Ordering by eHungry
Forgot Password
Your email *
Reset password
< Back
Log in
Your email *
Your password *
Forgot your password?
Log in
Don't have an account? Sign up
Sign up
First name *
Last name *
Email *
Password *
Phone number *
We require a phone number in case we need to contact you about your order.
Receive a text message reminder about your order
By checking this box, you agree to receive text messages at the phone number provided from Order Online. Reply HELP for help. Reply STOP to end. Message & data rates may apply. Message frequency is one time per order. View our Privacy Policy and Terms of Service.
Receive Promotional Offers & Updates
By tapping “Sign Up”, you agree to our Terms of Service & Privacy Policy.
Sign up
Already have an account? Log in
Order time
ASAP
Your order will be delivered as soon as possible.
Cancel
Save
Order details
What:
Window Pickup
Window Pickup
Enter your address:
Close
Save
Change Menu
Window Pickup
364 Ludlow Ave Cincinnati, OH 45220
The Whole Bowl - Catering
364 Ludlow Ave Cincinnati, OH 45220
Close
Change menu
Add new card
Confirm Pay with cash
You've just changed your payment type to Pay with cash. Please confirm that to proceed.
Confirm and proceed
Cancel
Confirm Address
This address doesn't start with a street number. Please confirm the address is correct.
Yes, it's correct
No, let me edit it
Sorry we do not deliver to your address!
You can Pick up your order at this location
Window Pickup
364 Ludlow Ave
Cincinnati, OH 45220
View our delivery area
Hours
Monday 11:00 AM - 9:00 PM
Tuesday 11:00 AM - 9:00 PM
Wednesday 11:00 AM - 9:00 PM
Thursday 11:00 AM - 9:00 PM
Friday 11:00 AM - 9:00 PM
Saturday 11:00 AM - 9:00 PM
Sunday 11:00 AM - 9:00 PM
Error
Description
Close
Save changes",CC-MAIN-2025-43,2026-02-23T16:52:23.212508+00:00
common_crawl_positive_doc_0040,Common Crawl,positive_doc,5efdb02bdd6e342b135a9574292b88e0a650a313235cbe978eb2a86203d42431,https://forge.joomlapolis.com/issues/7993?tab=properties,2025-10-05T16:51:39Z,0.44580078125,True,"4.5.0 resolved tasks
4.5.1 resolved tasks
4.5.2 resolved tasks
4.5.3 resolved tasks
4.6.0 resolved tasks
4.6.1 resolved tasks
4.6.2 resolved tasks
4.7.0 Resolved tasks
4.7.1 Resolved tasks
4.8.0 Resolved tasks","[""4.5.0 resolved tasks\n4.5.1 resolved tasks\n4.5.2 resolved tasks\n4.5.3 resolved tasks\n4.6.0 resolved tasks\n4.6.1 resolved tasks\n4.6.2 resolved tasks\n4.7.0 Resolved tasks\n4.7.1 Resolved tasks\n4.8.0 Resolved tasks""]","Feature proposal #7993: CBSubs Promotions: Add possibility to filter by conditions on latest payment basket of existing subscriptions - CB Paid Subscriptions - Joomlapolis forge
⚲
Project
General
Profile
Sign in
Home
Projects
Help
Search:
CB Paid Subscriptions
All Projects
CB Paid Subscriptions
Overview
Activity
Roadmap
Issues
Custom queries
4.3.1 resolved tasks
4.4.0 resolved tasks
4.5.0 resolved tasks
4.5.1 resolved tasks
4.5.2 resolved tasks
4.5.3 resolved tasks
4.6.0 resolved tasks
4.6.1 resolved tasks
4.6.2 resolved tasks
4.7.0 Resolved tasks
4.7.1 Resolved tasks
4.8.0 Resolved tasks
4.8.1 Resolved tasks
4.8.2 Resolved tasks
Open tasks
Actions
Copy link
Feature proposal #7993
closed
CBSubs Promotions: Add possibility to filter by conditions on latest payment basket of existing subscriptions
Added by beat over 5 years ago. Updated over 5 years ago.
Status:
Closed
Priority:
Normal
Assignee:
beat
Target version:
4.4.0
Start date:
06 May 2020
Due date:
% Done:
100%
Estimated time:
Description
Such as:
Currency
Payment gateway
Paymant method
Payment type
Autorecurring basket
Taxed
Country of invoice address
Conditions are shared among mailer, promotions and plan conditions, so new features profit to each.
Related issues 1 (0 open — 1 closed)
Copied from CB Paid Subscriptions - Feature proposal #7992: CBSubs Mailer: Add possibility to filter by conditions on latest payment basket of existing subscriptions Closed beat 06 May 2020
Actions
Related to Is duplicate of Has duplicate Blocks Blocked by Precedes Follows Copied to Copied from Issue # Delay: days Cancel
History
Notes
Property changes
Actions
Copy link
#1
Updated by beat over 5 years ago
Copied from Feature proposal #7992: CBSubs Mailer: Add possibility to filter by conditions on latest payment basket of existing subscriptions added
Actions
Copy link
#2
Updated by beat over 5 years ago
Description updated (diff)
Actions
Copy link
#3
Updated by beat over 5 years ago
Status changed from Assigned to Resolved
% Done changed from 0 to 100
Implemented in commit a827778e3c844719644b0d2ccbc506547f8d3cb0 (MR !189)
Actions
Copy link
#4
Updated by beat over 5 years ago
Status changed from Resolved to Closed
Actions
Copy link
Also available in: Atom PDF
Powered by Redmine © 2006-2024 Jean-Philippe Lang
Loading...",CC-MAIN-2025-43,2026-02-22T05:50:52.507241+00:00
common_crawl_positive_doc_0041,Common Crawl,positive_doc,660a7de63f03850579b7edac231e9052b29906f884f0a48f45fd416690e06cc6,https://www.studyladder.com/play/activity-new/id/36289,2025-10-05T23:06:06Z,,True,"Your browser needs updating, please update your browser or use our basic version.
Connection error, failed to save! Retry","[""Your browser needs updating, please update your browser or use our basic version.\nConnection error, failed to save! Retry""]","Your browser needs updating, please update your browser or use our basic version.
Connection error, failed to save! Retry",CC-MAIN-2025-43,2026-03-10T08:49:19.318857+00:00
common_crawl_positive_doc_0042,Common Crawl,positive_doc,273fd789fd7d510a9a9d16d164f2b11a422b4ef94170a7c5221afdc08ffd05a2,https://www.impure.it/en/products/denver-sweatpants,2025-10-06T16:46:19Z,0.591796875,True,"Go to cart
Check out
Error
Notification close
Back to top
Plus
Close","[""Go to cart\nCheck out\nError\nNotification close\nBack to top\nPlus\nClose""]","JOSHUA JERSEY T-SHIRT – Impure Store
Skip to content
Cart
Clothing Chevron
Ready to Wear Last Chance Lookbook Pitti About Us
Vest Pants Shirts Knitwear Jackets Sweatshirts Pole T-shirt Bermuda Costumes Accessories
BRYAN LONG SLIM FIT CHINO
Clothing Ready to Wear Last Chance Lookbook Pitti About Us
Vest Pants Shirts Knitwear Jackets Sweatshirts Pole T-shirt Bermuda Costumes Accessories
BRYAN LONG SLIM FIT CHINO
If you don't know where to start...check this out!
Top wear
Start shopping
Your cart is empty
If you don't know where to start...check this out!
Top wear
Start shopping
You may also be interested in
Error
Notification close
Order notes
Shipping
Add order notes
Apply
Estimate shipping rates
Country/region Italy --- Afghanistan Åland Islands Albania Algeria Andorra Angola Anguilla Antigua & Barbuda Argentina Armenia Aruba Ascension Island Australia Austria Azerbaijan Bahamas Bahrain Bangladesh Barbados Belarus Belgium Belize Benin Bermuda Bhutan Bolivia Bosnia & Herzegovina Botswana Brazil British Indian Ocean Territory British Virgin Islands Brunei Bulgaria Burkina Faso Burundi Cambodia Cameroon Canada Cape Verde Caribbean Netherlands Cayman Islands Central African Republic Chad Chile China Christmas Island Cocos (Keeling) Islands Colombia Comoros Congo - Brazzaville Congo - Kinshasa Cook Islands Costa Rica Croatia Curaçao Cyprus Czechia Côte d’Ivoire Denmark Djibouti Dominica Dominican Republic Ecuador Egypt El Salvador Equatorial Guinea Eritrea Estonia Eswatini Ethiopia Falkland Islands Faroe Islands Fiji Finland France French Guiana French Polynesia French Southern Territories Gabon Gambia Georgia Germany Ghana Gibraltar Greece Greenland Grenada Guadeloupe Guatemala Guernsey Guinea Guinea-Bissau Guyana Haiti Honduras Hong Kong SAR Hungary Iceland India Indonesia Iraq Ireland Isle of Man Israel Italy Jamaica Japan Jersey Jordan Kazakhstan Kenya Kiribati Kosovo Kuwait Kyrgyzstan Laos Latvia Lebanon Lesotho Liberia Libya Liechtenstein Lithuania Luxembourg Macao SAR Madagascar Malawi Malaysia Maldives Mali Malta Martinique Mauritania Mauritius Mayotte Mexico Moldova Monaco Mongolia Montenegro Montserrat Morocco Mozambique Myanmar (Burma) Namibia Nauru Nepal Netherlands New Caledonia New Zealand Nicaragua Niger Nigeria Niue Norfolk Island North Macedonia Norway Oman Pakistan Palestinian Territories Panama Papua New Guinea Paraguay Peru Philippines Pitcairn Islands Poland Portugal Qatar Réunion Romania Russia Rwanda Samoa San Marino São Tomé & Príncipe Saudi Arabia Senegal Serbia Seychelles Sierra Leone Singapore Sint Maarten Slovakia Slovenia Solomon Islands Somalia South Africa South Georgia & South Sandwich Islands South Korea South Sudan Spain Sri Lanka St. Barthélemy St. Helena St. Kitts & Nevis St. Lucia St. Martin St. Pierre & Miquelon St. Vincent & Grenadines Sudan Suriname Svalbard & Jan Mayen Sweden Switzerland Taiwan Tajikistan Tanzania Thailand Timor-Leste Togo Tokelau Tonga Trinidad & Tobago Tristan da Cunha Tunisia Türkiye Turkmenistan Turks & Caicos Islands Tuvalu U.S. Outlying Islands Uganda Ukraine United Arab Emirates United Kingdom United States Uruguay Uzbekistan Vanuatu Vatican City Venezuela Vietnam Wallis & Futuna Western Sahara Yemen Zambia Zimbabwe
Province
Postal/ZIP code
There are one or more shipping rates for your address:
One or more errors occurred while retrieving the shipping rates:
Calculate
Total
€0,00 EUR
Tax included. Shipping calculated at checkout.
Go to cart
Check out
One or more of the items in your cart is a recurring or deferred purchase. By continuing, I agree to the cancellation policy and authorize you to charge my payment method at the prices, frequency and dates listed on this page until my order is fulfilled or I cancel, if permitted.
Home / Products / JOSHUA JERSEY T-SHIRT
Not sure what size to choose? See our Size Guide
Hanger
The model is 1.90 tall and wears a size L
S M L XL XXL 3XL
This item is a recurring or deferred purchase. By continuing, I agree to the cancellation policy and authorize you to charge my payment method at the prices, frequency and dates listed on this page until my order is fulfilled or I cancel, if permitted.
Fast delivery
Free shipping over €100
Easy returns
Free returns within 14 days of purchase
Size Guide Impure
- Size Guide -
Sweaters, Shirts, Jackets and Vests
Measurements should be taken directly on your body.
HOW TO TAKE MEASUREMENTS
1-THORAX
Measure your chest by placing the tape measure at the widest point.
2- LIFE
Measure your waist by placing the tape measure at the narrowest point.
3-ARM LENGTH
Measure it from the shoulder to the wrist
CHEST cm WAIST cm ARM LENGTH cm
Measure your waist by placing the tape measure at the narrowest point.
2-HIPS
Measure your hips at the fullest part.
3-TOTAL LENGTH
Measure the total outside part.
WAIST cm HIPS cm TOTAL LENGTH cm
Your payment information is processed securely. We do not store credit card details or have access to your credit card information.
This website is encrypted. We take your security very seriously. All transactions are powered by Shopify.
Shipping within 1/2 working days via express courier
The garment dyed cotton jersey t-shirt is an essential and versatile piece, perfect for those looking for comfort and style in a modern and relaxed design. the wash Garment dyed , a dyeing process that occurs after the garment has been made, giving it a rich color and a unique finish.
Ribbed collar
Total length 71 cm (size L)
Chest 55cm (size L)
Shoulders 46 cm (size L)
100% cotton
The model is wearing a L
The model is 1.90 cm tall - Chest: 90 cm
cod. Art. JOSHUA JSO
Top wear
Find out now Link chevron
Bottom wear
Find out now Link chevron
Top wear
Find out now Link chevron
Bottom wear
Find out now Link chevron
Utilities
Plus
Terms and conditions Privacy Policy Cookie Policy Trusted Shops Guarantee Customer Service
Utilities
Terms and conditions Privacy Policy Cookie Policy Trusted Shops Guarantee Customer Service
Social media
Plus
Don't miss the new Impure Looks coming out on our social media
Instagram
Facebook
Follow us
Don't miss the new Impure Looks coming out on our social media
Customer Service active from Monday to Friday. Hours: 9:00 - 13:00 / 14:00 -18:00
Customer Service active from Monday to Friday. Hours: 9:00 - 13:00 / 14:00 -18:00
subscribe
Plus
Sign up to receive updates and dedicated discounts
Email
Arrow
Restiamo in contatto!
Sign up to receive updates and dedicated discounts
Clothing Ready to Wear Last Chance Lookbook Pitti About Us
Copyright © 2025, Impure Store | Powered by Reka Consulting
Refund policy Privacy policy Terms of service Shipping policy
Added to your cart
Go to cart
Check out
Error
Notification close
Back to top
Plus
Close",CC-MAIN-2025-43,2026-04-28T08:05:28.256751+00:00
common_crawl_positive_doc_0043,Common Crawl,positive_doc,fb1956bbf11759b1fb214305f74b01d195e18fb3b5246b6faa8c6466b684500e,https://www.ramshyamcollection.com/products/women039s-women039s-katan-silk-lambani-saree-with-blouse-piece-with-blouse-piece-8,2025-10-06T17:56:09Z,0.55908203125,True,"Cancel
Submit
Notify me when available
×
Full Name*
Email*
Mobile*
Cancel
Submit
Notify me when available","[""Cancel\nSubmit\nNotify me when available\n×\nFull Name*\nEmail*\nMobile*\nCancel\nSubmit\nNotify me when available""]","Women's Women's Katan Silk Lambani Saree With Blouse Piece With Blouse Piece
Free Delivery
COD available
5% off on prepaid orders
Hand Batik Pure Silk Sarees
Hand Print Pure Silk Saree
Katan Pure Silk Saree
Pattachitra Pure Silk Sarees
Pure Silk Block Saree
Pure Silk Kantha Saree 2
USD SGD GBP NZD CAD AUD INR
Women's Katan Silk Lambani Saree With Blouse Piece With Blouse Piece
Previous Next
Share:
Deleted: Product removed from wishlist!
Success: Product added to wishlist successfully.
Women's Katan Silk Lambani Saree With Blouse Piece With Blouse Piece
(MRP Inclusive of all taxes)
For bulk orders please contact WhatsApp
More Information
Quantity:
- +
Add To Cart
Buy Now
Notify me when available
Easy 14 days return.
Description
Material : Katan Silk
Zari : A Katan silk Lambani saree features luxurious Katan silk adorned with traditional Lambani embroidery, offering a rich, elegant look with vibrant and intricate designs.
Inclusion : Comes with a matching blouse piece measuring 100 cms. Blouse worn by the model is not included.
Note: Colours as shown in the picture may vary a little from the actual product because of professional photoshoot lighting.
Appreciate The Craft
Lorem Ipsum is simply dummy text of the printing and typesetting industry. Lorem Ipsum has been the industry's standard dummy text ever since the 1500s, when an unknown printer took a galley of type and scrambled it to make a type specimen book. It has survived not only five centuries, but also the leap into electronic typesetting, remaining essentially unchanged. It was popularised in the 1960s with the release of Letraset sheets containing Lorem Ipsum passages, and more recently with desktop publishing software like Aldus PageMaker including versions of Lorem Ipsum.
Reviews
Write a Review
Login
Error: Username or password is incorrect.
Error: Please enter valid information
Success: Thank you, your rating was saved successfully.
Related Products
Loading...
Women's Batik Silk Saree With Blouse Piece
US $ 89.89 US $ 80.90 10% Off
Ships in 2 Days
Loading...
Women's Batik Silk Saree With Blouse Piece
US $ 89.89 US $ 80.90 10% Off
Ships in 2 Days
Loading...
Women's Batik Silk Saree With Blouse Piece
US $ 89.89 US $ 80.90 10% Off
Ships in 2 Days
Loading...
Women's Katan Silk Batik Saree With Blouse Piece
US $ 133.62 US $ 120.26 10% Off
Ships in 2 Days
Loading...
Women's Batik Silk Saree With Blouse Piece
US $ 89.89 US $ 80.90 10% Off
Ships in 2 Days
Loading...
Women's Katan Silk Handprint Saree With Blouse Piece
US $ 83.82 US $ 75.44 10% Off
Ships in 2 Days
Loading...
Women's Katan Silk Lambani Saree With Blouse Piece
US $ 138.46 US $ 124.62 10% Off
Ships in 2 Days
Loading...
Women's Katan Silk Pattachitra Saree With Blouse Piece
US $ 153.04 US $ 137.73 10% Off
Ships in 2 Days
Loading...
Women's Katan Silk Pattachitra Saree With Blouse Piece
US $ 153.04 US $ 137.73 10% Off
Ships in 2 Days
Loading...
Women's Katan Silk Pattachitra Saree With Blouse Piece
US $ 153.04 US $ 137.73 10% Off
Ships in 2 Days
Notify me when available
×
Full Name*
Email*
Mobile*
Cancel
Submit
Notify me when available
×
Full Name*
Email*
Mobile*
Cancel
Submit
Notify me when available
×
Full Name*
Email*
Mobile*
Cancel
Submit
Notify me when available
×
Full Name*
Email*
Mobile*
Cancel
Submit
Notify me when available
×
Full Name*
Email*
Mobile*
Cancel
Submit
Notify me when available
×
Full Name*
Email*
Mobile*
Cancel
Submit
Notify me when available
×
Full Name*
Email*
Mobile*
Cancel
Submit
Notify me when available
×
Full Name*
Email*
Mobile*
Cancel
Submit
Notify me when available
×
Full Name*
Email*
Mobile*
Cancel
Submit
Notify me when available
×
Full Name*
Email*
Mobile*
Cancel
Submit
Notify me when available
×
Full Name*
Email*
Mobile*
Cancel
Submit
Request Sample
×
Full Name*
Email*
Mobile*
Cancel
Submit
Information
About Us
Our Company
Testimonial
Blog
Customer Service
Contact
Shipping Policy
Return and Refund Policy
Track Order
Copyright © 2024 Ramshyam Collection All Right Reserved,
Your shopping cart is empty.
Error: Email or Order No. is incorrect.
Error: Email or Order No. is incorrect.
I have read and agree to the Terms & Conditions.
I have read and agree to the Terms & Conditions for affiliate.
Submit",CC-MAIN-2025-43,2026-04-24T20:00:49.224591+00:00
common_crawl_positive_doc_0044,Common Crawl,positive_doc,e6782aa0cdb623f32f03a0ba65c61822e322cca46a6b4897659c694f4121673e,http://werder-photo.ch/index.php/en/gallery/black-white?178,2025-10-06T13:56:04Z,0.43408203125,True,"family
various
Info
about me
references
work
Error","[""family\nvarious\nInfo\nabout me\nreferences\nwork\nError""]","black & white
sarah werder | feldpark 16 | 6300 zug | 078 784 31 08 | sarah@werder-photo.ch
sarah werder | 078 784 31 08 | sarah@werder-photo.ch
Gallery
portraits
macro
available light
black & white
switzerland
travel
animals
weddings
family
various
Info
about me
references
work
deutsch /
english
/ Impressum
Gallery
portraits
macro
available light
black & white
switzerland
travel
animals
weddings
family
various
Info
about me
references
work
Error",CC-MAIN-2025-43,2026-04-19T23:58:46.572158+00:00
common_crawl_positive_doc_0045,Common Crawl,positive_doc,9aeae7322c4075cdf01ab21baff13930fee977ef0fe101f1902c2b1ac2f6bf0e,https://adventureexplorediscover.com/things-to-do-in-hong-kong/,2025-10-05T22:42:33Z,0.16943359375,True,"© 2025 Adventure Explore Discover
error: Content is protected !!","[""© 2025 Adventure Explore Discover\nerror: Content is protected !!""]","20 Things to Do in Hong Kong: Top Attractions Guide
20 Things to Do in Hong Kong for Adenturous Travellers
ByKasia Chojecki July 1, 2025 August 12, 2025
Home | Destinations | 20 Things to Do in Hong Kong for Adenturous Travellers
Everyone should visit Hong Kong at least once in their life. It’s a vibrant city bursting with adventure and cultural experiences waiting to be discovered. With a dazzling skyline, bustling night markets, breathtaking natural beauty and spiritual monasteries, there’s something for everyone here.
I loved Hong Kong, and I think you’d love it too. It was like a mix of wild landscapes with urban vibes on steroids. Hong Kong is a city for foodies with a culinary scene that will satisfy even the most adventurous palates. There are so many things to do in Hong Kong that you definitely won’t get bored.
What's in this post show
A brief history of Hong Kong
Things to do in Hong Kong
1. Take a tram to Victoria Peak
2. Ride the Star Ferry across Victoria Harbour
3. Visit the Big Buddha and Po Lin Monastery
4. Explore Temple Street Night Market
5. Hike the Dragon’s Back Trail
6. Experience dim sum culture
7. Shop at Ladies’ Market in Mong Kok
8. Visit Man Mo Temple
9. Explore Sham Shui Po
10. Walk Along Tsim Sha Tsui Promenade
11. Pay Homage to Bruce Lee
12. Explore Ten Thousand Buddhas Monastery
13. Visit Wong Tai Sin Temple
14. Explore Central Market and Tai Kwun
15. Take a bus to Repulse Bay
16. Try street food in Sai Ying Pun
17. Visit M+ Museum in West Kowloon
18. Explore Lamma Island
19. Shop at Stanley Market
20. Party at Lan Kwai Fong
How to get around Hong Kong
Tips for first-time visitors
When to visit Hong Kong
Black rain warning system
What to do when a black rain warning is issued
Final thoughts on things to do in Hong Kong
A brief history of Hong Kong
Hong Kong’s story begins with the Qing dynasty, which ruled this region for over 300 years. After losing the First Opium War in 1842, China was forced to give Hong Kong and its 230 surrounding islands to Britain. This marked the start of 156 years of British rule.
The colony grew from a small trading post into a major global city. In 1997, Hong Kong returned to China under the “One Country, Two Systems” policy. Today, this former British colony blends ancient Chinese culture with modern life. You’ll find centuries-old temples next to gleaming office towers. Street vendors sell local food while Michelin-starred restaurants serve world-class meals. This mix makes Hong Kong unique among Asian cities.
“Hong Kong is a wonderful, mixed-up town where you’ve got great food and adventure. First and foremost, it’s a great place to experience China in a relatively accessible way.”
Anthony Bourdain
Things to do in Hong Kong
Hong Kong is a city that never sleeps. Whether you’re planning a short city break or an extended stay, the beauty of Hong Kong will leave you amazed. Here’s my guide to the best things to do in Hong Kong.
1. Take a tram to Victoria Peak
The Peak Tram has been running since 1888. It takes you to the top of Victoria Peak, Hong Kong Island’s highest point. From the observation deck, you get clear views of the city skyline and Victoria Harbour. Go in the early evening for the best photos. The ride up is part of the fun – you’ll pass steep streets at impossible angles.
2. Ride the Star Ferry across Victoria Harbour
The Star Ferry is a classic Hong Kong experience. These green and white boats have crossed Victoria Harbour for over 100 years. The short trip offers impressive views of the city’s spectacular skyline. Time your ride for the “Symphony of Lights” show at 8 p.m. It’s the world’s largest light show and lights up buildings on both sides of the harbour.
Fun fact: Long before it became a trading spot for the British Empire, this bay was a pirate haven. One of the most famous pirates was Madame Ching, who, along with her husband, commanded 80,000 buccaneers and 800 ships.
3. Visit the Big Buddha and Po Lin Monastery
One of the must-do things in Hong Kong is to visit the Big Buddha statue and the Po Lin Monastery on Lantau Island. The 34-metre bronze Buddha sits on a hill above the monastery. You’ll have to climb 268 steps to reach it, but the views are worth it. The monastery offers a peaceful retreat from the bustling city. Plan this day trip for clear weather to see the southern coast of Hong Kong Island.
4. Explore Temple Street Night Market
Temple Street Night Market comes alive when the sun goes down. Here, merchants display their wares while more colourful characters make appearances. Don’t be surprised to see fortune-tellers and singers mingling with the shoppers, food vendors and artists. You can buy pretty much anything here, indulge in local specialties and enjoy the local flavours. It’s one of Hong Kong’s most popular attractions for good reason.
5. Hike the Dragon’s Back Trail
One of the most popular places to explore is Dragon’s Back Trail – its stunning views make it one of the top things to do in Hong Kong. The easy 2-4 hour walk offers stunning views of the coastline and small villages below. You’ll see why it’s called one of the best urban hikes in Asia.
6. Experience dim sum culture
Dim sum is a big part of Hong Kong’s food scene. These small plates come with tea in a tradition called “yum cha.” Check out Tim Ho Wan, the famous hole-in-the-wall and one of the world’s cheapest Michelin-starred restaurants. Try City Hall Maxim’s Palace for the classic pushcart experience, or Luk Yu Tea House for some old-school charm in a historic setting.
7. Shop at Ladies’ Market in Mong Kok
The Ladies Market on Tung Choi Street is where your haggling skills become a sport. You’ll find clothes, accessories, and souvenirs at great prices. The market got its name from women’s clothing stores but now sells everything. It’s a short walk from the MTR station. Gents are welcome to visit, as the shopping offerings extend beyond women’s clothes and accessories.
8. Visit Man Mo Temple
This historic temple is situated on Hollywood Road in the Central District. The air here is filled with the scent of incense from giant coils hanging from the ceiling. It’s dedicated to the gods of literature and war, an interesting combination in my opinion. The temple offers a glimpse of Hong Kong’s unique blend of old and new, with ancient traditions set against a modern city backdrop.
9. Explore Sham Shui Po
This older neighbourhood is where you’ll find the real Hong Kong. You’ll find local food at street stalls and unique shops selling everything from fabric to electronics. Stop by the Mei Ho House, a museum dedicated to public housing and Hong Kong’s history. The area is less touristy but full of character and good food.
10. Walk Along Tsim Sha Tsui Promenade
The promenade offers the best views of Hong Kong Island’s skyline. You can walk from the Star Ferry Pier to the Hong Kong Cultural Centre. It’s where you’ll find street performers and vendors catering to visitors. It’s especially beautiful at night when the buildings light up across the water.
11. Pay Homage to Bruce Lee
Although born in the U.S., Bruce Lee grew up in Hong Kong and is among its famous icons. His statue stands on the Avenue of Stars in Tsim Sha Tsui. After his death, local fans raised money to erect a statue in his honour, and today, many visitors come here to take a picture with it.
12. Explore Ten Thousand Buddhas Monastery
This monastery in Sha Tin has over 13,000 Buddha statues lining its path. The climb takes about 45 minutes but rewards you with great views and peaceful surroundings. Each Buddha statue has a different pose and expression. The main temple at the top is covered in gold and holds the founder’s preserved body.
13. Visit Wong Tai Sin Temple
Wong Tai Sin Temple is famous for making wishes come true. Locals come here to pray for good luck, health and wealth. The colourful temple mixes Taoist, Buddhist and Confucian traditions. You’ll see people shaking fortune sticks and burning incense. The temple is easily accessible by MTR and admission is free.
14. Explore Central Market and Tai Kwun
Central Market is a renovated historic building with local shops and food stalls. Tai Kwun is a heritage site that was once a police station and prison. Now it has art galleries, shops and restaurants. Both places are great for learning about Hong Kong’s history with a side of modern dining and shopping.
15. Take a bus to Repulse Bay
Repulse Bay is one of Hong Kong’s most beautiful beaches. The crescent-shaped bay has clear water and soft sand. You’ll find good restaurants and cafes along the beach. It’s a short trip from Central Station and a nice break from the busy city streets.
16. Try street food in Sai Ying Pun
Sai Ying Pun is a local neighbourhood with great street food. Try egg waffles, fish balls and other local favourites. The area is less crowded than Central but still has easy MTR access. You’ll eat where locals eat and pay local prices.
17. Visit M+ Museum in West Kowloon
M+ is Asia’s first global museum of visual culture. The building itself is a work of art with great harbour views. You’ll see modern art, design and moving image works. It’s part of the new West Kowloon Cultural District, which is changing Hong Kong’s art scene.
18. Explore Lamma Island
Take a short ferry ride to Lamma Island for a different side of Hong Kong. You’ll find beaches, hiking trails and seafood restaurants. The island has no cars, so you’ll walk everywhere. It’s popular with expats and locals who want to escape the city for a few hours.
19. Shop at Stanley Market
Popular among tourists, locals and expats the Stanley Market is your go-to for reasonably priced brand-name clothes, accessories and jewellery. Here, you can also find souvenirs, home furnishings, and various local novelties in a picturesque setting. Set along the waterfront, it’s also a great place to grab some food and drink when you get tired from shopping.
20. Party at Lan Kwai Fong
In a place like Hong Kong, it’s not hard to find a great place to party. Lan Kwai Fong is the city’s most popular entertainment spot. LKF, as it’s referred to, has been the jewel of the local party scene since the 1980s. Here you will find over 90 restaurants and bars frequented by locals and tourists of all ages. So if nightlife is your thing, add this to the top of your Hong Kong bucket list.
How to get around Hong Kong
Getting around Hong Kong is easy and efficient. Public transport in Hong Kong is incredibly efficient and reliable, making it the perfect option for exploring the city. Ferries and boats also offer the benefit of running scenic routes, allowing you time to take in the scenery.
The MTR (Mass Transit Railway) connects all major areas of the city. To make things even easier, you can now get a limited-time tourist pass that offers unlimited travel for 24 hours. Buy an Octopus card at any station – it works on trains, buses and ferries. You can even use it to buy good food at many restaurants.
The Airport Express gets you from the airport to Central Station in just 24 minutes. From there, you can easily get to most tourist attractions. The MTR has different coloured lines – follow the blue lines for the Island Line, which passes through many key spots.
Ferries offer scenic routes across Victoria Harbour. The Star Ferry has run since 1888 and costs almost nothing. It’s a great way to see the city’s spectacular skylines from the water.
Buses reach areas the MTR doesn’t cover. The cable car to Ngong Ping serves as local transit and a tourist attraction. Hop-on, hop-off bus tours let you see multiple sites at your own pace.
For short distances, walking is often the best way to get from one place to another. Hong Kong is designed with pedestrians in mind, featuring covered walkways and clear signage. Many attractions are just a short walk from MTR stations.
Tips for first-time visitors
With a population of over seven million residents, Hong Kong can feel overwhelming, especially if this is your first visit. Despite being densely populated, it doesn’t feel stifling. Most of the top things to do in Hong Kong are easy to reach by public transport, and you can see quite a bit in a few days.
Expect crowds, especially at popular attractions like Victoria Peak. Visit early in the morning or late in the afternoon to avoid long lines. Many signs are in English, making it easy for visitors to get around. People are helpful, and many speak some English.
In Hong Kong, they drive on the left side of the road. I can’t tell you how many times I almost got smoked by a car because I was looking the wrong way. Fortunately, there is signage on the road itself telling you which way to look.
Hong Kong has its own dollar, but you can use your credit cards in almost all places. If you plan to try street food or haggle at the markets, it’s best to have some cash on hand.
When to visit Hong Kong
I’ve been to Hong Kong about three times, and each time it was hot and humid. My hotel had the AC cranked up so high, it was almost jarring to leave the building. The weather is milder during fall and winter, while spring can bring on more unpredictable weather. Plan your trip accordingly.
Black rain warning system
One of the confusing experiences I had was receiving an alert for Black rain in my hotel room. You may also experience this, especially if you travel during the rainy season. So, what exactly is Black rain?
Black rain refers to rainfall exceeding 100 mm that falls within two hours or less and is likely to continue. The rain in Hong Kong can be intense so it’s not a drizzle. There is a colour-coded system for rainstorm warnings:
Amber: Expect over 50 mm of rain within six hours
Red: A rainstorm has started and more than 50 mm of rain has been recorded over a wide area within the last hour or less
Black: The most severe level – extremely heavy rainfall
What to do when a black rain warning is issued
The best thing to do is to stay put if you’re indoors or take shelter until the rain has subsided. Black rain can cause flooding, so it’s best to avoid driving or using public transit.
Final thoughts on things to do in Hong Kong
Hong Kong was an adventure in all possible ways. I loved discovering all the sounds and sights around me, which were both exciting and fascinating at the same time. For me, Hong Kong felt different from mainland China, although it was also filled with contradictions. There is a lot of complex history here, and the past is evident everywhere you look.
Hong Kong is an ideal destination for culture and history buffs, nature lovers, foodies and shopping enthusiasts. You can find massive shopping malls, unique markets and outlet shops, simple street food joints, and Michelin restaurants. You can explore the best of Hong Kong’s urban offerings, then head outdoors to explore nature on the same day.
Hong Kong is also an excellent starting point for exploring Asia. Whether you’re heading to mainland China or plan on visiting neighbouring countries, add Hong Kong to your travel bucket list. You’ll be amazed at all the things you can do in Hong Kong on your trip.
Kasia Chojecki
Travel writer
I'm an avid traveller, a self-professed castle, architecture and art lover, and an outdoor enthusiast. I am passionate about uncovering the world’s hidden stories and inspiring others to travel. Join me as I adventure, explore and discover unique experiences around the globe.
Unpacking Toronto’s Most Iconic Nicknames
May 16, 2025 August 12, 2025
Read More Unpacking Toronto’s Most Iconic NicknamesContinue
Explore | Discover
The Timeless Genius of Roman Architecture
April 9, 2025 August 12, 2025
Read More The Timeless Genius of Roman ArchitectureContinue
Adventure | Destinations
15 Amazing Winter Destinations for Snow Lovers
December 30, 2024 August 12, 2025
Read More 15 Amazing Winter Destinations for Snow LoversContinue
Destinations | Explore
Discover the Magic of Casa Loma Toronto
April 2, 2025 August 12, 2025
Read More Discover the Magic of Casa Loma TorontoContinue
Destinations | Discover
History, Glamour, Rebellion: Selfridges London has it All
June 4, 2025 August 12, 2025
Read More History, Glamour, Rebellion: Selfridges London has it AllContinue
Explore | Destinations
Your Ultimate Vilnius City Break Guide
November 18, 2024 August 12, 2025
Read More Your Ultimate Vilnius City Break GuideContinue
Hi, I’m Kasia
I’m an avid traveller, a self-professed castle, architecture and art lover, and an outdoor enthusiast. I am passionate about uncovering the world’s hidden stories and inspiring others to travel. Join me as I adventure, explore, and discover unique experiences around the globe.
Adventure | Destinations
13 Fictional Places That Feel Real and Where to Visit Them
Read More 13 Fictional Places That Feel Real and Where to Visit ThemContinue
Destinations | Explore
15 Fun Facts About Switzerland Before Your Next Trip
Read More 15 Fun Facts About Switzerland Before Your Next TripContinue
Adventure
Ruins & Romance: Aristocratic Grand Tour of Europe
Read More Ruins & Romance: Aristocratic Grand Tour of EuropeContinue
Destinations
11 Iconic Movies Set in Paris That Bring the City to Life
Read More 11 Iconic Movies Set in Paris That Bring the City to LifeContinue
Disclaimer: Some of the posts may include sponsored content or affiliate links, meaning I may earn a commission if you make a purchase through these links. Your support helps keep this blog running and allows me to continue sharing helpful tips and insights. Thank you!
© 2025 Adventure Explore Discover
error: Content is protected !!",CC-MAIN-2025-43,2026-03-09T01:03:37.361561+00:00
common_crawl_positive_doc_0046,Common Crawl,positive_doc,42f1aeea04770b4380b09a6c28ce6e6478c11b982cae0da26e4954b3ba2e3454,https://artbox-137.com/products/iconoclast-whisper-to-a-scream,2025-10-06T10:45:25Z,0.494140625,True,"English
English
Español
Français
Search
Log in Cart
SOLD
Skip to product information
Open media 1 in modal
1 / of 1","[""English\nEnglish\nEspañol\nFrançais\nSearch\nLog in Cart\nSOLD\nSkip to product information\nOpen media 1 in modal\n1 / of 1""]","Iconoclast: Whisper to a Scream | Artwork by Stephanie Hansen | Art Box Gallery | St. Augustine, FL – Art Box Gallery & Studios
Log in to check out faster.
Your cart
Loading...
Order special instructions Order special instructions
Estimated total
$0.00 USD
Taxes, discounts and shipping calculated at checkout.
Check out
137 King Street | Saint Augustine, Florida
Additional parking available behind the gallery
United States | USD $
Hong Kong SAR HKD $
United Arab Emirates AED د.إ
United States | USD $
Hong Kong SAR HKD $
United Arab Emirates AED د.إ
United Kingdom GBP £
United States USD $
Language
English
English
Español
Français
Search
Log in Cart
SOLD
Skip to product information
Open media 1 in modal
1 / of 1
Iconoclast: Whisper to a Scream
Iconoclast: Whisper to a Scream
Artist: Stephanie Hansen
Medium: Mixed media
Substrate: Plexiglass
Dimensions: 37 in x 37 in
Orientation: Square
Meet the Artist: Stephanie Hansen
Florida-based mixed-media provocateur Stephanie Hansen translates Pop Art exuberance into vivid canvases that pulse with color, texture, and nostalgic wit.
Stephanie Hansen’s creative journey began in the fast-paced realm of corporate graphic design in the early 2000s. While the deadlines sharpened her eye for composition, they could not quiet a restless urge to work with her hands. She experimented widely—dabbling in collage, encaustic wax, bookbinding, and even wearable art—before discovering that painting gave her the most direct, expressive voice. Today, from her studio in St. Augustine, Florida, she fuses those early explorations into layered works that flirt with Pop Art’s bold palettes while embracing the tactile surprises of mixed media.
A self-taught artist, Hansen traces the spark of her practice back to the childhood moment she pried open a Crayola “Box of 64 Colors.” That kaleidoscope imprinted a lifelong fascination with hue, light, and contrast. In her current pieces, she often begins with vibrant acrylic under-paintings, then pours, scrapes, and stencils oil, ink, and found ephemera into the surface. Nothing is off-limits: vintage magazine clippings, metallic foils, and gestural graphite lines all vie for attention, creating a visual rhythm that evokes pop culture’s bright pulse.
Hansen’s work has been showcased in galleries and private exhibitions across Northern Virginia, Washington, D.C., Northeast Florida, and Savannah, Georgia. Collectors from Palm Beach to Nashville prize her confident color stories and playful iconography, often citing the sense of optimism that radiates from each piece. Now painting full-time, she balances rigorous studio hours with family life—shared with her husband, two young-adult children, and Hemingway, their ever-curious Bull Terrier.
Art Box Gallery & Studios’ curatorial vision celebrates artists who push material boundaries while remaining accessible and engaging. Hansen’s exuberant, process-driven canvases fit seamlessly into this ethos, inviting viewers to revel in color and reconsider everyday imagery through a fresh, joy-infused lens. Her evolving body of work reminds us that curiosity, courage, and a well-loved box of crayons can ignite a lifetime of creation.
Exhibitions & Achievements
Pop Art and mixed-media paintings exhibited in galleries and private shows throughout Northern VA, Washington D.C., Northeast FL, and Savannah GA.
Works held in private collections spanning Palm Beach, Washington D.C., Nashville, and beyond.
“An artist cannot fail; it is a success to be one.”
~ Charles Horton Cooley
Join our art lover’s list
We'll let you know about new happenings and exclusive offers.
Email
Gallery Hours
11 AM – 5 PM
Art Box Gallery Artists Only
Art Box Gallery & Studios
© 2025, Art Box Gallery & Studios • Made with ❤️
Refund policy
Privacy policy
Terms of service
Shipping policy
Contact information
Cookie preferences
Choosing a selection results in a full page refresh.
Opens in a new window.",CC-MAIN-2025-43,2026-04-16T03:47:47.682970+00:00
common_crawl_positive_doc_0047,Common Crawl,positive_doc,9845c427b6772126531f9e7c4a9b42fddf69aa2eaefae79e6eb132550eaa245b,https://www.marvjoneshonda.com/new/2025-Honda-Accord_Hybrid-idTouring.html,2025-10-06T08:36:42Z,0.458984375,True,"An error occurred submitting your message
We were unable to send your message. Please refresh and try again
Close
Your request was sent successfully!
Thank you! A member of our team will contact you shortly.
Thank you! A member of our team will contact you shortly.
Close
An error occurred submitting your message
We were unable to send your message. Please refresh and try again
Close","[""An error occurred submitting your message\nWe were unable to send your message. Please refresh and try again\nClose\nYour request was sent successfully!\nThank you! A member of our team will contact you shortly.\nThank you! A member of our team will contact you shortly.\nClose\nAn error occurred submitting your message\nWe were unable to send your message. Please refresh and try again\nClose""]","2025 Honda Accord Hybrid Sport-L : Price, Specs & Review | Marv Jones Honda (Canada)
Marv Jones Honda
20611 Lougheed Hwy., Maple Ridge, BC, V2X 2P9
##MENUYEAR## ##MENUMODEL## ##MENUTRIM## Price starting at
$99,999
Power
999 hp @ 9999 rpm
starting at$38,0552025 Civic Si Sedan
starting at$38,5552026 Civic Si Sedan
starting at$55,0552025 Civic Type R
starting at$37,4552025 Civic Hatchback Hybrid
starting at$37,9552026 Civic Hatchback Hybrid
starting at$35,5552025 Civic Sedan Hybrid
starting at$36,0552026 Civic Sedan Hybrid
Honda Civic Sedan Si (1)
Hyundai Santa Fe Hybrid (1)
Honda Lease and Financing Guide
Name Telephone Email Select SelectSales - NewSales - UsedServiceFinancing Message
Please complete all required fields
Send
Lead: Request for contact
Hello,
A potential client visiting your website has completed the contact form:
Visitor information:
Name: {$NAME}
Email: {$EMAIL} {$SPAMMER_WARNING}
Phone: {$EMAILPHONE} {$PHONE_VALIDATION_ATTEMPTS}
City: {$EMAILCITY}
Last vehicle viewed: {$LASTVEHICLEVIEWED}
Last vehicle configured: {$EMAILBUILDANDPRICE}
Department: {$DEPARTMENT2}
Visitor message:
{$MESSAGE}
Media Source: {$UTMDETAILS}
Browser: {$USERAGENT}
Browsing History: Click here
{$DEALER_SENDTO}
Consent: {$CONSENT_DETAILS}{$PURCHASE_INTENT}
Coordinates
Marv Jones Honda
20611 Lougheed Hwy.
Maple Ridge, BC
V2X 2P9
Sales: 604 465-5464
Service: 604 465-7622
Parts: 604 465-5410
Contact Us
About Us
Our Team
Careers
Our Community
Our Blog
Reviews
##LINKRULES##
OR
My car AcuraAlfa RomeoAudiBMWBrightDropBuickCadillacChevroletChryslerDodgeFIATFordGenesisGMCHondaHUMMERHyundaiINEOSINFINITIIsuzuJaguarJeepKiaLand RoverLexusLincolnLucidMaseratiMazdaMercedes-BenzMercuryMINIMitsubishiNissanOldsmobilePlymouthPolestarPontiacPorscheRamRivianSaabSaturnScionsmartSubaruSuzukiTeslaToyotaVinFastVolkswagenVolvo
Value My Trade!
Your request was sent successfully!
Thank you! A representative will contact you shortly with the details of the offer!
Thank you! A representative will contact you shortly with the details of the offer!
Close
An error occurred submitting your message
We were unable to send your message. Please refresh and try again
Close
Home » New vehicles » Honda » Honda Accord Hybrid 2025
A potential customer who visited your website shared his Facebook account details:
Visitor Information:
Name: {$MNAME}
Email: {$MMAIL}
Gender : {$MGENDER}
Age : {$MAGERANGE}
Language : {$MLOCALE}
Offer type : Facebook Rebate
Build your Accord Hybrid now
10 Second Trade Value
Estimate your payments
44955
2025 Honda Accord Hybrid Sport-L eCVT Hybrid Sedan MSRP 43,000
Share Vehicle Listing on Facebook
All
Sport-L
Touring
The amount shown reflects an estimate of the amount that you can expect to pay in Canadian dollars and includes freight and PDI. Taxes are excluded (unless selected otherwise). Photos for illustration purposes only, and may not reflect exact vehicle (including vehicle colour, trim, options, or other specifications). Some data and prices are provided by a third-party and we cannot guarantee their accuracy.
for the 2025 Honda Accord Hybrid
Actual mileage may vary with options, driving conditions, driving habits, and vehicle's condition.
Our {$MAKEMODELNOYEAR} {$MODELMODELNOYEAR} in stock!
Our 2025 Honda Accord in stock!
Honda 2025 Accord Hybrid Sport-L eCVT Hybrid Sedan in Maple Ridge
44,830
90 KM. Auto., Ext: Black, Int: Dark blue
Honda 2025 Accord Hybrid Sport-L eCVT Hybrid Sedan in Maple Ridge
44,830
90 KM. Auto., Ext: Silver,
Honda 2025 Accord Hybrid Touring eCVT Hybrid Sedan in Maple Ridge
47,330
90 KM. Auto., Ext: White, Int: Dark blue
Honda 2025 Accord Hybrid Touring eCVT Hybrid Sedan in Maple Ridge
47,330
90 KM. Auto., Ext: Black,
Browse the 2025 Honda Accord Hybrid different trims
2025 Honda Accord Hybrid Sport-L
2025 Honda Accord Hybrid Touring
Other Links
2025 Honda Accord Hybrid Sport-L financing
2025 Honda Accord Hybrid Sport-L Recalls
Compare the 2025 Honda Accord Hybrid against the competition!
2025 Honda Accord Hybrid vs 2025 Ford Escape
2025 Honda Accord Hybrid vs 2025 Ford Maverick Hybrid
2025 Honda Accord Hybrid vs 2025 Toyota Camry
Indemnification clause
Photos for illustration purposes only, and may not reflect exact vehicle (including vehicle colour, trim, options, or other specifications). Some vehicles may be shown with optional equipment or equipment not available in Canada. Specifications, equipment, options and prices are subject to change without notice. Although we endeavour to ensure that the information contained on this website is accurate, the website provider and the dealership are not responsible for any errors or omissions that may occur from time to time. Some data and prices are provided by a third-party and we cannot guarantee their accuracy. Please contact your dealer for verification or if you would like more information on this vehicle.
Your request was sent successfully!
Thank you! A representative will contact you shortly with the details of the offer!
Thank you! A representative will contact you shortly with the details of the offer!
Close
An error occurred submitting your message
We were unable to send your message. Please refresh and try again
Close
Your message was successfully sent!
Thank you! A member of our team will contact you shortly.
Thank you! A member of our team will contact you shortly.
Close
An error occurred submitting your message
We were unable to send your message. Please refresh and try again
Close
Your request was sent successfully!
Thanks! A representative will contact you shortly to present you with your credit potential.
Thanks! A representative will contact you shortly to present you with your credit potential.
Close
An error occurred submitting your message
We were unable to send your message. Please refresh and try again
Close
Your request was sent successfully!
Thanks! A representative will contact you shortly to present you with your credit potential.
Thanks! A representative will contact you shortly to present you with your credit potential.
Close
An error occurred submitting your message
We were unable to send your message. Please refresh and try again
Close
Your message was successfully sent!
Thank you! A member of our team will contact you shortly.
Thank you! A member of our team will contact you shortly.
Close
An error occurred submitting your message
We were unable to send your message. Please refresh and try again
Close
Your request was sent successfully!
Thanks! A representative will contact you shortly to present you with your credit potential.
Thanks! A representative will contact you shortly to present you with your credit potential.
Close
An error occurred submitting your message
We were unable to send your message. Please refresh and try again
Close
Your request was sent successfully!
Thank you! A member of our team will contact you shortly.
Thank you! A member of our team will contact you shortly.
Close
An error occurred submitting your message
We were unable to send your message. Please refresh and try again
Close
Thank you for your request
The PDF file with full car specs was sent
The PDF file with full car specs was sent
Close
An error occurred submitting your message
We were unable to send your message. Please refresh and try again
Live the Marv Jones Honda experience
Share
Useful buying tools
After sales service
Marv Jones Honda Promotions
Car Loan Calculator
Auto Credit and Financing
Sell us your Car!
Blog
All articles
Honda Comparisons
Honda SUV
Tips
New Cars
2025 Accord Sedan
2026 Civic Hatchback
2026 Civic Sedan
2026 Civic Si Sedan
2025 Civic Type R
Hybrids and Electrics
2025 Accord Hybrid
2026 CR-V Hybrid
2026 Civic Hatchback Hybrid
2026 Civic Sedan Hybrid
2025 Prologue
Additional information
Our team
Communication Preferences
Careers
SUV and trucks
2026 CR-V
2026 HR-V
2026 Passport
2025 Pilot
2026 Ridgeline
Minivans
2026 Odyssey
Our top 30 used vehicles
2022 Hyundai Santa Fe Hybrid
2019 Honda Civic Sedan Si
Our top 30 models available
Honda CR-V Hybrid for sale
Honda HR-V for sale
Honda CR-V for sale
Honda Civic for sale
Honda Civic Hybrid for sale
Honda Accord Sedan for sale
Honda Accord Hybrid for sale
Honda Civic Hatchback Hybrid for sale
Honda Civic Sedan for sale
Honda Civic Sedan Si for sale
Honda Insight for sale
Honda Prologue for sale
Hyundai Elantra for sale
Hyundai Santa Fe Hybrid for sale
Jeep Compass for sale
Kia Sorento for sale
Nissan Xterra for sale
Toyota Camry Hybrid for sale
Maple Ridge, BC, V2X 2P9
© 2000-2025 D2C Media All rights reserved. D2C Media dealer website solutions
See terms and conditions and privacy policy of Marv Jones Honda
Member of the AutoAubaine network
Please confirm
In order to comply with the Canadian Anti-Spam Law, we are asking you to confirm that you wish to receive communications from us such as rebates, promotions, offers and future private sales.
Marv Jones Honda
Yes No
IMPORTANT: You can easily remove your consent at any time!
A few more questions
Do you allow us to share your personal information with financial institutions for your credit bureau?
Yes No
Your consent is required in order to complete your credit application!
When do you plan to buy a vehicle?
What is your preferred method of contact?
Phone Email SMS
In order to comply with the Canadian Anti-Spam Law, we are asking you to confirm that you wish to receive communications from us such as rebates, promotions, offers and future private sales.
Marv Jones Honda
Yes No
IMPORTANT: You can easily remove your consent at any time!
SUBMIT
A personalized experience from the start
Avoid waiting time at the dealership
No unnecessary paperwork with more focus on you and the vehicle
Name Email Phone
Book an Appointment
Lead: Appointment request Hello,
A potential client visiting your website would like to schedule an appointment:
Selected date of appointment: {$DATE}Visitor information:
Marv Jones Honda 20611 Lougheed Hwy. Maple Ridge, BC V2X 2P9
Phone 604 465-5464
Hours
Monday 09:00am - 07:00pm Tuesday 09:00am - 07:00pm Wednesday 09:00am - 07:00pm Thursday 09:00am - 07:00pm Friday 09:00am - 06:00pm Saturday 09:00am - 06:00pm Sunday 11:00am - 05:00pm
Contact Us Name Email Phone
Submit
Lead : Request for contact SRP Hello,
A potential customer who visited your website has completed a Contact us form for {$VEHICLE_CONDITION} vehicles:
Visitor Information:
Name: {$NAME}
Email: {$EMAIL}
Phone: {$PHONENUM} {$PHONE_VALIDATION_ATTEMPTS}
Searched vehicle: {$VEHICLE}
{$PURCHASE_INTENT}
Media Source: {$UTMDETAILS}
Browser: {$USERAGENT}
Browsing history: Click here
Consent: {$CONSENT_DETAILS}
Your request has been sent successfully. A representative will contact you shortly.
Marv Jones Honda +
Reserve it now with Stripe! Secure online payments with Stripe
Click on 'Stripe Checkout' below if you wish to reserve this 2025 Honda Accord Hybrid idTouring by leaving a FULLY REFUNDABLE 500 deposit now.
Stripe Checkout
Submit
D2C Digital Retailing: Customer deposit confirmation! Hi,
a visitor to your marvjoneshonda.com website left a ${$AMOUNT} deposit in your Stripe account. Here are the customer's detailed information:
<!-Start of Tawk.to Script-> <!-End of Tawk.to Script->
Your request was sent successfully!
Your request has been sent successfully. A representative will contact you shortly.
Thank you for your request. An advisor will contact you shortly.
Close
An error occurred submitting your message
We were unable to send your message. Please refresh and try again
Please select one of the following options:
Close",CC-MAIN-2025-43,2026-04-05T21:17:44.714906+00:00
common_crawl_positive_doc_0048,Common Crawl,positive_doc,fd269d62d4a7b895593e6f2b7fada9d074d38bd44e60159f9274803d87ff19ad,https://omlocktight.com/8191382770.htm,2025-10-06T01:18:59Z,0.00341796875,True,"Warning: require_once(/home/u693933443/domains/omlocktight.com/public_html/wp-includes/plugin.php): Failed to open stream: No such file or directory in /home/u693933443/domains/omlocktight.com/public_html/wp-settings.php on line 50
Fatal error: Uncaught Error: Failed opening required '/home/u693933443/domains/omlocktight.com/public_html/wp-includes/plugin.php' (include_path='.:/opt/alt/php81/usr/share/pear:/opt/alt/php81/usr/share/php:/usr/share/pear:/usr/share/php') in /home/u693933443/domains/omlocktight.com/public_html/wp-settings.php:50 Stack trace: #0 /home/u693933443/domains/omlocktight.com/public_html/wp-config.php(103): require_once() #1 /home/u693933443/domains/omlocktight.com/public_html/wp-load.php(50): require_once('/home/u69393344...') #2 /home/u693933443/domains/omlocktight.com/public_html/wp-blog-header.php(12): require_once('/home/u69393344...') #3 /home/u693933443/domains/omlocktight.com/public_html/index.php(17): require('/home/u69393344...') #4 {main} thrown in /home/u693933443/domains/omlocktight.com/public_html/wp-settings.php on line 50","[""Warning: require_once(/home/u693933443/domains/omlocktight.com/public_html/wp-includes/plugin.php): Failed to open stream: No such file or directory in /home/u693933443/domains/omlocktight.com/public_html/wp-settings.php on line 50\nFatal error: Uncaught Error: Failed opening required '/home/u693933443/domains/omlocktight.com/public_html/wp-includes/plugin.php' (include_path='.:/opt/alt/php81/usr/share/pear:/opt/alt/php81/usr/share/php:/usr/share/pear:/usr/share/php') in /home/u693933443/domains/omlocktight.com/public_html/wp-settings.php:50 Stack trace: #0 /home/u693933443/domains/omlocktight.com/public_html/wp-config.php(103): require_once() #1 /home/u693933443/domains/omlocktight.com/public_html/wp-load.php(50): require_once('/home/u69393344...') #2 /home/u693933443/domains/omlocktight.com/public_html/wp-blog-header.php(12): require_once('/home/u69393344...') #3 /home/u693933443/domains/omlocktight.com/public_html/index.php(17): require('/home/u69393344...') #4 {main} thrown in /home/u693933443/domains/omlocktight.com/public_html/wp-settings.php on line 50""]","Warning: require_once(/home/u693933443/domains/omlocktight.com/public_html/wp-includes/plugin.php): Failed to open stream: No such file or directory in /home/u693933443/domains/omlocktight.com/public_html/wp-settings.php on line 50
Fatal error: Uncaught Error: Failed opening required '/home/u693933443/domains/omlocktight.com/public_html/wp-includes/plugin.php' (include_path='.:/opt/alt/php81/usr/share/pear:/opt/alt/php81/usr/share/php:/usr/share/pear:/usr/share/php') in /home/u693933443/domains/omlocktight.com/public_html/wp-settings.php:50 Stack trace: #0 /home/u693933443/domains/omlocktight.com/public_html/wp-config.php(103): require_once() #1 /home/u693933443/domains/omlocktight.com/public_html/wp-load.php(50): require_once('/home/u69393344...') #2 /home/u693933443/domains/omlocktight.com/public_html/wp-blog-header.php(12): require_once('/home/u69393344...') #3 /home/u693933443/domains/omlocktight.com/public_html/index.php(17): require('/home/u69393344...') #4 {main} thrown in /home/u693933443/domains/omlocktight.com/public_html/wp-settings.php on line 50",CC-MAIN-2025-43,2026-03-18T21:06:33.781447+00:00
common_crawl_positive_doc_0049,Common Crawl,positive_doc,916d2ac2fca75c31e94d39abb15cbf2d9b442ad576c883ec079051cf744a2747,https://rock-auto.ru/parts/ROADRUNNER/RRMD306079,2025-10-05T12:51:03Z,0.42236328125,True,"Access Denied 
 Access denied to /parts/ROADRUNNER/RRMD306079","[""Access Denied \n Access denied to /parts/ROADRUNNER/RRMD306079""]","Access Denied
Access denied to /parts/ROADRUNNER/RRMD306079
If you are using a VPN or Proxy, please disable them or contact support team.
Please provide debug info from textarea below:
6qfY6szEGL9frH7UvTLsHju3cdXauDTvZ7yXq5gbKg7fqJd8EAkHV5Y2jzkCv3V7wqmqvS8Tq3rBYGMcx4iQ4oVE9a1Bqd5QGHJddSroUGFYibZSrsXiBSTZ8rzPZUz1DBw9reFbS2rYadGtF3nJwNrmZAZb1g
You can also try to pass an automatic check but with no guarantee.",CC-MAIN-2025-43,2026-02-16T04:00:06.644433+00:00
common_crawl_positive_doc_0050,Common Crawl,positive_doc,364f46de93e3bbe2683aeef8c4424ba3703f92ca5dc536815aa04ea8f84f6073,http://reporting.concursospublicos.com/?reportId=fd6b688b-f3ab-4f5b-b2d6-84df28ba7d43&filter=ClasificadoresNumericosImportados/IdImportado%20in%20('72514200'),2025-10-05T19:46:27Z,0.0029296875,True,"Error 
 Error 
 





 configuration issue is preventing authentication - check the error message from the server for details.You can modify the configuration in the application registration portal. See https://aka.ms/msal-net-invalid-client for details.  Original exception: AADSTS7000222: The provided client secret keys for app 'd1b16e8f-b4f1-472b-bdc1-d7b9da66353f' are expired. Visit the Azure portal to create new keys for your app: https://aka.ms/NewClientSecret, or consider using certificate credentials for added security: https://aka.ms/certCreds. Trace ID: ec26bdb1-a20e-4645-9f9b-74aad75b4100 Correlation ID: 28003918-3987-4f63-8883-1a2dbd8f40f5 Timestamp: 2025-10-05 19:46:27Z","[""Error \n Error"", ""configuration issue is preventing authentication - check the error message from the server for details.You can modify the configuration in the application registration portal. See https://aka.ms/msal-net-invalid-client for details.  Original exception: AADSTS7000222: The provided client secret keys for app 'd1b16e8f-b4f1-472b-bdc1-d7b9da66353f' are expired. Visit the Azure portal to create new keys for your app: https://aka.ms/NewClientSecret, or consider using certificate credentials for added security: https://aka.ms/certCreds. Trace ID: ec26bdb1-a20e-4645-9f9b-74aad75b4100 Correlation ID: 28003918-3987-4f63-8883-1a2dbd8f40f5 Timestamp: 2025-10-05 19:46:27Z""]","Power BI Embedded sample
Error
Error

            A configuration issue is preventing authentication - check the error message from the server for details.You can modify the configuration in the application registration portal. See https://aka.ms/msal-net-invalid-client for details.  Original exception: AADSTS7000222: The provided client secret keys for app 'd1b16e8f-b4f1-472b-bdc1-d7b9da66353f' are expired. Visit the Azure portal to create new keys for your app: https://aka.ms/NewClientSecret, or consider using certificate credentials for added security: https://aka.ms/certCreds. Trace ID: ec26bdb1-a20e-4645-9f9b-74aad75b4100 Correlation ID: 28003918-3987-4f63-8883-1a2dbd8f40f5 Timestamp: 2025-10-05 19:46:27Z",CC-MAIN-2025-43,2026-03-03T01:38:28.248460+00:00
common_crawl_positive_doc_0051,Common Crawl,positive_doc,d35ae64f205c25fa084a7b52951f5126300868f77d8f5a9d309cefaa5ece2106,https://ismart-tec.net/triple-fortune-dragon-unleashed-app/,2025-10-05T19:14:43Z,0.16015625,True,"Triple Fortune Dragon Unleashed App – iSMART
Instagram
Warning: Invalid argument supplied for foreach() in /home/ag1dujnjk1xr/public_html/wp-content/plugins/wiguard-core/widgets/instagram_widget.php on line 53
Triple Fortune Dragon Unleashed App
Home
Recoverable fatal error: Object of class WP_Error could not be converted to string in /home/ag1dujnjk1xr/public_html/wp-includes/kses.php on line 1735","[""Triple Fortune Dragon Unleashed App – iSMART\nInstagram\nWarning: Invalid argument supplied for foreach() in /home/ag1dujnjk1xr/public_html/wp-content/plugins/wiguard-core/widgets/instagram_widget.php on line 53\nTriple Fortune Dragon Unleashed App\nHome\nRecoverable fatal error: Object of class WP_Error could not be converted to string in /home/ag1dujnjk1xr/public_html/wp-includes/kses.php on line 1735""]","Triple Fortune Dragon Unleashed App – iSMART
Instagram
Warning: Invalid argument supplied for foreach() in /home/ag1dujnjk1xr/public_html/wp-content/plugins/wiguard-core/widgets/instagram_widget.php on line 53
Triple Fortune Dragon Unleashed App
Home
Recoverable fatal error: Object of class WP_Error could not be converted to string in /home/ag1dujnjk1xr/public_html/wp-includes/kses.php on line 1735",CC-MAIN-2025-43,2026-03-02T04:21:39.140285+00:00
common_crawl_positive_doc_0052,Common Crawl,positive_doc,400fecc7cccc8c172a6094f436f3dc2359eb98982e05583816c4f5f3335cf2b4,https://www.esamskriti.com/a/Himachal-Pradesh/Kangra-Valley-38.aspx,2025-10-06T14:38:00Z,0.3232421875,True,"For the followers of Dharma
Error! Input string was not in a correct format.
at System.Number.StringToNumber(String str, NumberStyles options, NumberBuffer& number, NumberFormatInfo info, Boolean parseDecimal) at System.Number.ParseInt32(String s, NumberStyles style, NumberFormatInfo info) at System.Convert.ToInt32(String value) at beta_album_detail.setPageDetails() in c:\inetpub\wwwroot\esamskriti.com\httpdocs\album-detail.aspx.cs:line 91.
In Just A Click !
Most Viewed
Cross Cultural Training India
Please enter password to view this album.
[Best viewed in IE 10+, Firefox 20+, Chrome , Safari5+, Opera12+]
:::| powered by dimakh consultants |:::
×","[""For the followers of Dharma\nError! Input string was not in a correct format.\nat System.Number.StringToNumber(String str, NumberStyles options, NumberBuffer& number, NumberFormatInfo info, Boolean parseDecimal) at System.Number.ParseInt32(String s, NumberStyles style, NumberFormatInfo info) at System.Convert.ToInt32(String value) at beta_album_detail.setPageDetails() in c:\\inetpub\\wwwroot\\esamskriti.com\\httpdocs\\album-detail.aspx.cs:line 91.\nIn Just A Click !\nMost Viewed\nCross Cultural Training India\nPlease enter password to view this album.\n[Best viewed in IE 10+, Firefox 20+, Chrome , Safari5+, Opera12+]\n:::| powered by dimakh consultants |:::\n×""]","For the followers of Dharma
Error! Input string was not in a correct format.
at System.Number.StringToNumber(String str, NumberStyles options, NumberBuffer& number, NumberFormatInfo info, Boolean parseDecimal) at System.Number.ParseInt32(String s, NumberStyles style, NumberFormatInfo info) at System.Convert.ToInt32(String value) at beta_album_detail.setPageDetails() in c:\inetpub\wwwroot\esamskriti.com\httpdocs\album-detail.aspx.cs:line 91.
In Just A Click !
Most Viewed
Cross Cultural Training India
Please enter password to view this album.
[Best viewed in IE 10+, Firefox 20+, Chrome , Safari5+, Opera12+]
:::| powered by dimakh consultants |:::
×
Please type your specific search or go through our recommended links
Durga Puja, Dussehra & Diwali
Please enter password to view this album.
Receive Site Updates",CC-MAIN-2025-43,2026-04-20T07:26:03.359743+00:00
common_crawl_positive_doc_0053,Common Crawl,positive_doc,929c1130afea94fa7673b3c4f5e2371574a4a5aa7570028d9f48250a4416eb31,https://www.sourcecodester.com/comment/100274,2025-10-05T16:09:50Z,0.103515625,True,"Submitted by Jay Kee (not verified) on Thu, 01/18/2018 - 10:01 
 database error 
 Fatal error: Uncaught Error: Call to undefined function mysql_connect() in C:\xampp\htdocs\POS2\login.php:12 Stack trace: #0 {main} thrown in C:\xampp\htdocs\POS2\login.php on line 12 
 Log in or register to post comments 
 Submitted by sathish ulundurpet (not verified) on Sun, 02/18/2018 - 22:14 
 In reply to database error by Jay Kee (not verified) 





 solution 





 to connect to server: ' . mysql_error()); 





 Log in or register to post comments 
 Submitted by Mrz Spy on Wed, 02/21/2018 - 14:17 

 Fatal error: Uncaught Error: Call to undefined function mysql_connect() in C:\xampp\htdocs\POS2\login.php:12 Stack trace: #0 {main} thrown in C:\xampp\htdocs\POS2\login.php on line 12 please help me 
 Log in or register to post comments 
 Submitted by Arahdaniels (not verified) on Wed, 10/17/2018 - 04:02 
 In reply to error by Mrz Spy 
 Solution 





 Log in or register to post comments 
 Submitted by Vincent Cunanan (not verified) on Fri, 03/27/2020 - 02:04 
 In reply to Solution by Arahdaniels (not verified) 
Log in or register to post comments 
 Submitted by Ahljhun (not verified) on Sat, 10/06/2018 - 13:03 
 Fatal error: Uncaught Error: Call to undefined function mysql_co 
 How to fix this sir? 
 Log in or register to post comments 
 Submitted by Bambang (not verified) on Fri, 10/19/2018 - 23:21 
 Thanks 





 you 
 Log in or register to post comments 
 Submitted by Khris Usman (not verified) on Sun, 12/16/2018 - 15:09 
Log in or register to post comments 
 Submitted by 2687 (not verified) on Mon, 11/16/2020 - 21:27 
 error 500 
 This page isn’t working localhost is currently unable to handle this request. HTTP ERROR 500 when i click login 
 Log in or register to post comments 
 Submitted by sene (not verified) on Tue, 12/08/2020 - 01:14 
 error 
 Fatal error: Uncaught Error: Call to undefined function formatMoney() in C:\xampp\htdocs\pos\main\sales.php:257 Stack trace: #0 {main} thrown in C:\xampp\htdocs\pos\main\sales.php on line 257 
Log in or register to post comments 
 Submitted by Altaf Hussain (not verified) on Thu, 02/25/2021 - 00:02 
 error in login 





 ....................... Fatal error: Uncaught ArgumentCountError: mktime() expects at least 1 argument, 0 given in C:\xampp\htdocs\pos\main 
 avfixed.php:15 Stack trace: #0 C:\xampp\htdocs\pos\main 
 avfixed.php(15): mktime() #1 C:\xampp\htdocs\pos\main\index.php(90): include('C:\\xampp\\htdocs...') #2 {main} thrown in C:\xampp\htdocs\pos\main 
 avfixed.php on line 15 
 Log in or register to post comments 
 Submitted by error in login 222 (not verified) on Wed, 10/26/2022 - 11:05 
 In reply to error in login by Altaf Hussain (not verified) 
 error in login 222 
 





 in
help 
 Fatal error: Uncaught ArgumentCountError: mktime() expects at least 1 argument, 0 given in C:\xampp\htdocs\pos\main 
 avfixed.php:15 Stack trace: #0 C:\xampp\htdocs\pos\main 
 avfixed.php(15): mktime() #1 C:\xampp\htdocs\pos\main\index.php(90): include('C:\\xampp\\htdocs...') #2 {main} thrown in C:\xampp\htdocs\pos\main 
 avfixed.php on line 15 
 Log in or register to post comments 
 Submitted by Ruchira (not verified) on Sun, 10/03/2021 - 14:36 





 in or register to 





 Submitted by Talha Danial (not verified) on Tue, 10/05/2021 - 01:40 
 Not Loggin in 
 Query failed when i entered the Username and Password UserName : admin Password : admin
Fatal error: Uncaught… 
 Fatal error: Uncaught ArgumentCountError: mktime() expects at least 1 argument, 0 given in C:\xampp\htdocs\pos\main 
 avfixed.php:15 Stack trace: #0 C:\xampp\htdocs\pos\main 
 avfixed.php(15): mktime() #1 C:\xampp\htdocs\pos\main\index.php(90): include('C:\\xampp\\htdocs...') #2 {main} thrown in C:\xampp\htdocs\pos\main 
 avfixed.php on line 





 Log in or register to post comments 
 Submitted by Seif (not verified) on Wed, 10/05/2022 - 04:19 
 error after login 
 Fatal error: Uncaught ArgumentCountError: mktime() expects at least 1 argument, 0 given in C:\xampp\htdocs\pos\main 
 avfixed.php:15 Stack trace: #0 C:\xampp\htdocs\pos\main 
 avfixed.php(15): mktime() #1 C:\xampp\htdocs\pos\main\index.php(90): include('C:\\xampp\\htdocs...') #2 {main} thrown in C:\xampp\htdocs\pos\main 
 avfixed.php on line 15 
 Log in or register to post comments 
 Submitted by Anonymous (not verified) on Fri, 10/28/2022 - 11:31 
 In reply 





 login by Seif (not verified)
Log in or register to post comments 
 Submitted by Hello I Want t… (not verified) on Fri, 10/28/2022 - 11:27 
 Fatal error: Uncaught… 
 Fatal error: Uncaught ArgumentCountError: mktime() expects at least 1 argument, 0 given in C:\xampp\htdocs\pos\main 
 avfixed.php:15 Stack trace: #0 C:\xampp\htdocs\pos\main 
 avfixed.php(15): mktime() #1 C:\xampp\htdocs\pos\main\index.php(90): include('C:\\xampp\\htdocs...') #2 {main} thrown in C:\xampp\htdocs\pos\main 
 avfixed.php on line 15 
 Log in or register to post comments 
 Submitted by Anonymous (not verified) on Sat, 12/31/2022 - 17:06 
 Hello Sir, much interested… 





 Log in or register to post
Fatal error: Uncaught PDOException: SQLSTATE[HY000]: General error: 1364 Field 'cost' doesn't have a default value in E:\wamp5\www\pos\main\saveproduct.php on line 18 ( ! ) PDOException: SQLSTATE[HY000]: General error: 1364 Field 'cost' doesn't have a default value in E:\wamp5\www\pos\main\saveproduct.php on line 18 Call Stack # Time Memory Function Location 1 0.0001 367416 {main}( ) ...\saveproduct.php:0 2 0.0016 418176 execute( $bound_input_params = [':a' => 'canfor', ':b' => '4 by 6', ':c' => '2023-10-31', ':d' => '10000', ':e' => '', ':f' => '3', ':g' => '4500', ':h' => '5500', ':i' => 'Bamboo.', ':j' => '2023-10-03', ':k' => '3'] ) ...\saveproduct.php:18 
 Log in or register to post comments 
 Submitted by victor sonje (not verified) on Fri, 10/06/2023 - 20:11 
 fatal error uncaught 
 i need help 
 Log in or register to post comments 
 Submitted by Mr Clean (not verified) on Thu, 10/19/2023 - 00:00 
 Hello Sir, much interested… 
 Hello","[""Submitted by Jay Kee (not verified) on Thu, 01/18/2018 - 10:01 \n database error \n Fatal error: Uncaught Error: Call to undefined function mysql_connect() in C:\\xampp\\htdocs\\POS2\\login.php:12 Stack trace: #0 {main} thrown in C:\\xampp\\htdocs\\POS2\\login.php on line 12 \n Log in or register to post comments \n Submitted by sathish ulundurpet (not verified) on Sun, 02/18/2018 - 22:14 \n In reply to database error by Jay Kee (not verified)"", ""solution"", ""to connect to server: ' . mysql_error());"", ""Log in or register to post comments \n Submitted by Mrz Spy on Wed, 02/21/2018 - 14:17 \n\n Fatal error: Uncaught Error: Call to undefined function mysql_connect() in C:\\xampp\\htdocs\\POS2\\login.php:12 Stack trace: #0 {main} thrown in C:\\xampp\\htdocs\\POS2\\login.php on line 12 please help me \n Log in or register to post comments \n Submitted by Arahdaniels (not verified) on Wed, 10/17/2018 - 04:02 \n In reply to error by Mrz Spy \n Solution"", ""Log in or register to post comments \n Submitted by Vincent Cunanan (not verified) on Fri, 03/27/2020 - 02:04 \n In reply to Solution by Arahdaniels (not verified) \nLog in or register to post comments \n Submitted by Ahljhun (not verified) on Sat, 10/06/2018 - 13:03 \n Fatal error: Uncaught Error: Call to undefined function mysql_co \n How to fix this sir? \n Log in or register to post comments \n Submitted by Bambang (not verified) on Fri, 10/19/2018 - 23:21 \n Thanks"", ""you \n Log in or register to post comments \n Submitted by Khris Usman (not verified) on Sun, 12/16/2018 - 15:09 \nLog in or register to post comments \n Submitted by 2687 (not verified) on Mon, 11/16/2020 - 21:27 \n error 500 \n This page isn’t working localhost is currently unable to handle this request. HTTP ERROR 500 when i click login \n Log in or register to post comments \n Submitted by sene (not verified) on Tue, 12/08/2020 - 01:14 \n error \n Fatal error: Uncaught Error: Call to undefined function formatMoney() in C:\\xampp\\htdocs\\pos\\main\\sales.php:257 Stack trace: #0 {main} thrown in C:\\xampp\\htdocs\\pos\\main\\sales.php on line 257 \nLog in or register to post comments \n Submitted by Altaf Hussain (not verified) on Thu, 02/25/2021 - 00:02 \n error in login"", ""....................... Fatal error: Uncaught ArgumentCountError: mktime() expects at least 1 argument, 0 given in C:\\xampp\\htdocs\\pos\\main \n avfixed.php:15 Stack trace: #0 C:\\xampp\\htdocs\\pos\\main \n avfixed.php(15): mktime() #1 C:\\xampp\\htdocs\\pos\\main\\index.php(90): include('C:\\\\xampp\\\\htdocs...') #2 {main} thrown in C:\\xampp\\htdocs\\pos\\main \n avfixed.php on line 15 \n Log in or register to post comments \n Submitted by error in login 222 (not verified) on Wed, 10/26/2022 - 11:05 \n In reply to error in login by Altaf Hussain (not verified) \n error in login 222"", ""in\nhelp \n Fatal error: Uncaught ArgumentCountError: mktime() expects at least 1 argument, 0 given in C:\\xampp\\htdocs\\pos\\main \n avfixed.php:15 Stack trace: #0 C:\\xampp\\htdocs\\pos\\main \n avfixed.php(15): mktime() #1 C:\\xampp\\htdocs\\pos\\main\\index.php(90): include('C:\\\\xampp\\\\htdocs...') #2 {main} thrown in C:\\xampp\\htdocs\\pos\\main \n avfixed.php on line 15 \n Log in or register to post comments \n Submitted by Ruchira (not verified) on Sun, 10/03/2021 - 14:36"", ""in or register to"", ""Submitted by Talha Danial (not verified) on Tue, 10/05/2021 - 01:40 \n Not Loggin in \n Query failed when i entered the Username and Password UserName : admin Password : admin\nFatal error: Uncaught… \n Fatal error: Uncaught ArgumentCountError: mktime() expects at least 1 argument, 0 given in C:\\xampp\\htdocs\\pos\\main \n avfixed.php:15 Stack trace: #0 C:\\xampp\\htdocs\\pos\\main \n avfixed.php(15): mktime() #1 C:\\xampp\\htdocs\\pos\\main\\index.php(90): include('C:\\\\xampp\\\\htdocs...') #2 {main} thrown in C:\\xampp\\htdocs\\pos\\main \n avfixed.php on line"", ""Log in or register to post comments \n Submitted by Seif (not verified) on Wed, 10/05/2022 - 04:19 \n error after login \n Fatal error: Uncaught ArgumentCountError: mktime() expects at least 1 argument, 0 given in C:\\xampp\\htdocs\\pos\\main \n avfixed.php:15 Stack trace: #0 C:\\xampp\\htdocs\\pos\\main \n avfixed.php(15): mktime() #1 C:\\xampp\\htdocs\\pos\\main\\index.php(90): include('C:\\\\xampp\\\\htdocs...') #2 {main} thrown in C:\\xampp\\htdocs\\pos\\main \n avfixed.php on line 15 \n Log in or register to post comments \n Submitted by Anonymous (not verified) on Fri, 10/28/2022 - 11:31 \n In reply"", ""login by Seif (not verified)\nLog in or register to post comments \n Submitted by Hello I Want t… (not verified) on Fri, 10/28/2022 - 11:27 \n Fatal error: Uncaught… \n Fatal error: Uncaught ArgumentCountError: mktime() expects at least 1 argument, 0 given in C:\\xampp\\htdocs\\pos\\main \n avfixed.php:15 Stack trace: #0 C:\\xampp\\htdocs\\pos\\main \n avfixed.php(15): mktime() #1 C:\\xampp\\htdocs\\pos\\main\\index.php(90): include('C:\\\\xampp\\\\htdocs...') #2 {main} thrown in C:\\xampp\\htdocs\\pos\\main \n avfixed.php on line 15 \n Log in or register to post comments \n Submitted by Anonymous (not verified) on Sat, 12/31/2022 - 17:06 \n Hello Sir, much interested…"", ""Log in or register to post\nFatal error: Uncaught PDOException: SQLSTATE[HY000]: General error: 1364 Field 'cost' doesn't have a default value in E:\\wamp5\\www\\pos\\main\\saveproduct.php on line 18 ( ! ) PDOException: SQLSTATE[HY000]: General error: 1364 Field 'cost' doesn't have a default value in E:\\wamp5\\www\\pos\\main\\saveproduct.php on line 18 Call Stack # Time Memory Function Location 1 0.0001 367416 {main}( ) ...\\saveproduct.php:0 2 0.0016 418176 execute( $bound_input_params = [':a' => 'canfor', ':b' => '4 by 6', ':c' => '2023-10-31', ':d' => '10000', ':e' => '', ':f' => '3', ':g' => '4500', ':h' => '5500', ':i' => 'Bamboo.', ':j' => '2023-10-03', ':k' => '3'] ) ...\\saveproduct.php:18 \n Log in or register to post comments \n Submitted by victor sonje (not verified) on Fri, 10/06/2023 - 20:11 \n fatal error uncaught \n i need help \n Log in or register to post comments \n Submitted by Mr Clean (not verified) on Thu, 10/19/2023 - 00:00 \n Hello Sir, much interested… \n Hello""]","Point of Sale System (POS) using PHP with Source Code | SourceCodester
Point of Sale System (POS) using PHP with Source Code
Point of Sale System (POS) using PHP with Source Code
Submitted by Jeprox on Wednesday, December 2, 2020 - 13:16.
Language
PHP
The Point of Sale (POS) system is a PHP project that manages the sale transaction of a certain store. The project was developed for a certain store which is for the medical store or Pharmacy. This system stores all the products that the store or pharmacy is selling, then the system user will encode the sale transaction on the sales page when the data saved or submitted the transaction will be stored in the database for reporting purposes.
The features of this Point of Sale System are the following:
Add, Edit, and Delete Products
The table row will highlight if the product is below the quantity of 10
Search products
Add, Edit, and Delete Customers
Add, Edit, and Delete Suppliers
Generate Daily, Monthly, and Yearly Reports
Can Print Transaction
And More...
How to Run
Download the source code and extract the zip file.
Download or set up any local web server that runs PHP script.
Open the web-server database and create a new database name it ""sales"".
Import the SQL file located in the Root Path of the source code.
Copy and paste the source code to the location where your local web server accessing your local projects. Example for XAMPP('C:\xampp\htdocs')
Open a web browser and browse the project. E.g [http://localhost/pos]
*Updated: 2020-12-02 (Tested in PHP version 7.2.33)
Note: Due to the size or complexity of this submission, the author has submitted it as a .zip file to shorten your download time. After downloading it, you will need a program like Winzip to decompress it.
Virus note: All files are scanned once-a-day by SourceCodester.com for viruses, but new viruses come out every day, so no prevention program can catch 100% of them.
FOR YOUR OWN SAFETY, PLEASE:
1. Re-scan downloaded files using your personal virus checker before using it.
2. NEVER, EVER run compiled files (.exe's, .ocx's, .dll's etc.)--only run source code.
Submitted by kereall (not verified) on Sat, 07/04/2015 - 22:41
your my hero men
thanks for sharing this it's so cool, thanks a lot :)
Log in or register to post comments
Submitted by Osei Amoako (not verified) on Fri, 07/17/2015 - 01:47
Royal I.T Consult
Hello Sir, much interested in the full package of your POS system, please can i get de full source code package? Email me on ; [email protected]. Tnx
Log in or register to post comments
Submitted by itimium (not verified) on Tue, 08/15/2023 - 13:52
In reply to Royal I.T Consult by Osei Amoako (not verified)
Wonderful POS System. kindly…
Wonderful POS System. kindly send me full complete code of its latest version at [email protected] Thanks in advance.
Log in or register to post comments
Submitted by Md Arafat Hasan (not verified) on Tue, 05/28/2024 - 19:27
In reply to Wonderful POS System. kindly… by itimium (not verified)
Promise
Obviously i will send you if i was changing anything or upgradation. Thanks Best Regards Md. Arafat Hasan On Behalf of ICN Tech Bangladesh
Log in or register to post comments
Submitted by Md Arafat Hasan (not verified) on Tue, 05/28/2024 - 20:08
In reply to Royal I.T Consult by Osei Amoako (not verified)
Query
Wanna get full package. Can I?
Log in or register to post comments
Submitted by RafaPers on Fri, 11/13/2015 - 08:10
port connection to db
Dear Jeprox your project is amazing, I just cant connect on db my port is :81 how can do for fix it best regards Rafael
Log in or register to post comments
Submitted by sivpheng on Sun, 06/11/2017 - 16:46
full source
I am interested your pos so can you send me your full source code
Log in or register to post comments
Submitted by Jay Kee (not verified) on Thu, 01/18/2018 - 10:01
database error
Fatal error: Uncaught Error: Call to undefined function mysql_connect() in C:\xampp\htdocs\POS2\login.php:12 Stack trace: #0 {main} thrown in C:\xampp\htdocs\POS2\login.php on line 12
Log in or register to post comments
Submitted by sathish ulundurpet (not verified) on Sun, 02/18/2018 - 22:14
In reply to database error by Jay Kee (not verified)
database error solution
$link = mysql_connect('localhost','root',''); if(!$link) { die('Failed to connect to server: ' . mysql_error()); } //Select database Check your database $db = mysql_select_db('pos', $link); if(!$db) { die(""Unable to select database""); } Please check u r database and connect.php
Log in or register to post comments
Submitted by Mrz Spy on Wed, 02/21/2018 - 14:17
error
Fatal error: Uncaught Error: Call to undefined function mysql_connect() in C:\xampp\htdocs\POS2\login.php:12 Stack trace: #0 {main} thrown in C:\xampp\htdocs\POS2\login.php on line 12 please help me
Log in or register to post comments
Submitted by Arahdaniels (not verified) on Wed, 10/17/2018 - 04:02
In reply to error by Mrz Spy
Solution
Change all mysql_ to mysqli_ and pass parameters where its required then it should work fine. (it does for me)
Log in or register to post comments
Submitted by Vincent Cunanan (not verified) on Fri, 03/27/2020 - 02:04
In reply to Solution by Arahdaniels (not verified)
I changed it and it says …
I changed it and it says ""Username/Password missing"" when logging in.
Log in or register to post comments
Submitted by slyfox (not verified) on Thu, 03/08/2018 - 00:05
thanks alot
thanks u very much sir!! u really help me out my project and failing grade!
Log in or register to post comments
Submitted by Rahisi Pegra on Wed, 05/16/2018 - 17:49
How to calculate discount
How do I calculate discount when performing a sale?
Log in or register to post comments
Submitted by Ahljhun (not verified) on Sat, 10/06/2018 - 13:03
Fatal error: Uncaught Error: Call to undefined function mysql_co
How to fix this sir?
Log in or register to post comments
Submitted by Bambang (not verified) on Fri, 10/19/2018 - 23:21
Thanks dud
Is very good system pos, thank you
Log in or register to post comments
Submitted by Khris Usman (not verified) on Sun, 12/16/2018 - 15:09
invoice
do you have ver2 for this which the invoice number will not be randomize? it will start from like example 100000 then auto inc pls email: [email protected] thanks
Log in or register to post comments
Submitted by Ergene Yarcia (not verified) on Mon, 07/01/2019 - 12:02
Updated POS system
Hi may I ask for the full source code of this POS system. Im currently enrolled and needed to finished a POS system. Please send it to my email at [email protected].. Thanks in advance
Log in or register to post comments
Submitted by Md. Aman Ullah (not verified) on Wed, 09/11/2019 - 14:37
full source code
Please send me full source code [email protected]
Log in or register to post comments
Submitted by Immaculate (not verified) on Sun, 12/08/2019 - 00:22
Full source code
Help me out with the full source code [email protected]
Log in or register to post comments
Submitted by Lightgiver (not verified) on Thu, 02/20/2020 - 20:25
HElp
I need a code of this POS. It's my project this finals. Please help me. Thank you!
Log in or register to post comments
Submitted by Fazal Ahad (not verified) on Thu, 10/15/2020 - 03:43
helping
Hello Sir, much interested in the full package of your POS system, please can i get de full source code package? Email me on [email protected]. Thank you so much
Log in or register to post comments
Submitted by 2687 (not verified) on Mon, 11/16/2020 - 21:27
error 500
This page isn’t working localhost is currently unable to handle this request. HTTP ERROR 500 when i click login
Log in or register to post comments
Submitted by sene (not verified) on Tue, 12/08/2020 - 01:14
error
Fatal error: Uncaught Error: Call to undefined function formatMoney() in C:\xampp\htdocs\pos\main\sales.php:257 Stack trace: #0 {main} thrown in C:\xampp\htdocs\pos\main\sales.php on line 257
Log in or register to post comments
Submitted by Altaf Hussain (not verified) on Thu, 02/25/2021 - 00:02
error in login
sir i have downloaded pos but when i want to login it shows me the following error ....................... Fatal error: Uncaught ArgumentCountError: mktime() expects at least 1 argument, 0 given in C:\xampp\htdocs\pos\main\navfixed.php:15 Stack trace: #0 C:\xampp\htdocs\pos\main\navfixed.php(15): mktime() #1 C:\xampp\htdocs\pos\main\index.php(90): include('C:\\xampp\\htdocs...') #2 {main} thrown in C:\xampp\htdocs\pos\main\navfixed.php on line 15
Log in or register to post comments
Submitted by error in login 222 (not verified) on Wed, 10/26/2022 - 11:05
In reply to error in login by Altaf Hussain (not verified)
error in login 222
Same problem with mine. Can you help us Admin? Thank you
Log in or register to post comments
Submitted by anonymous6969 (not verified) on Thu, 06/08/2023 - 10:19
In reply to error in login 222 by error in login 222 (not verified)
delete this at navfixed line…
delete this at navfixed line 15 and save ------> $Today = date('m:d:y',mktime()); $new = date('l, F d, Y', strtotime($Today)); echo $new;
Log in or register to post comments
Submitted by Muhammed Sabeel (not verified) on Thu, 02/20/2025 - 00:23
In reply to delete this at navfixed line… by anonymous6969 (not verified)
In which file remove the…
In which file remove the line?
Log in or register to post comments
Submitted by Geoffrey muema (not verified) on Fri, 12/29/2023 - 20:41
In reply to error in login by Altaf Hussain (not verified)
fixing the errors
have done the corrections in the same code. the code is now running without displaying any errors.
Log in or register to post comments
Submitted by Antigenius 007 (not verified) on Wed, 04/07/2021 - 00:52
Printer settings
Hi pos printer is not printing proper invoice Please tell settings
Log in or register to post comments
Submitted by munga (not verified) on Fri, 06/11/2021 - 11:36
error, help
Fatal error: Uncaught ArgumentCountError: mktime() expects at least 1 argument, 0 given in C:\xampp\htdocs\pos\main\navfixed.php:15 Stack trace: #0 C:\xampp\htdocs\pos\main\navfixed.php(15): mktime() #1 C:\xampp\htdocs\pos\main\index.php(90): include('C:\\xampp\\htdocs...') #2 {main} thrown in C:\xampp\htdocs\pos\main\navfixed.php on line 15
Log in or register to post comments
Submitted by Ruchira (not verified) on Sun, 10/03/2021 - 14:36
The receipt cannot print via…
The receipt cannot print via POS printer it scramble to much data can we rearrange it
Log in or register to post comments
Submitted by Talha Danial (not verified) on Tue, 10/05/2021 - 01:40
Not Loggin in
Query failed when i entered the Username and Password UserName : admin Password : admin
Log in or register to post comments
Submitted by Jhoan (not verified) on Tue, 04/19/2022 - 10:48
Help me
Thank for this source, please help i can't load report my sales data. could you mind to send me complete source code to my email: [email protected] Tq.
Log in or register to post comments
Submitted by kobbs (not verified) on Tue, 08/23/2022 - 12:44
shop attendants dashboard
please apart from Admin and the cashier , how about the attendant ? was an allocation made for the shop attendant who is to use app?
Log in or register to post comments
Submitted by yup (not verified) on Sun, 10/02/2022 - 02:22
Fatal error: Uncaught…
Fatal error: Uncaught ArgumentCountError: mktime() expects at least 1 argument, 0 given in C:\xampp\htdocs\pos\main\navfixed.php:15 Stack trace: #0 C:\xampp\htdocs\pos\main\navfixed.php(15): mktime() #1 C:\xampp\htdocs\pos\main\index.php(90): include('C:\\xampp\\htdocs...') #2 {main} thrown in C:\xampp\htdocs\pos\main\navfixed.php on line 15 I got this error help pls
Log in or register to post comments
Submitted by Seif (not verified) on Wed, 10/05/2022 - 04:19
error after login
Fatal error: Uncaught ArgumentCountError: mktime() expects at least 1 argument, 0 given in C:\xampp\htdocs\pos\main\navfixed.php:15 Stack trace: #0 C:\xampp\htdocs\pos\main\navfixed.php(15): mktime() #1 C:\xampp\htdocs\pos\main\index.php(90): include('C:\\xampp\\htdocs...') #2 {main} thrown in C:\xampp\htdocs\pos\main\navfixed.php on line 15
Log in or register to post comments
Submitted by Anonymous (not verified) on Fri, 10/28/2022 - 11:31
In reply to error after login by Seif (not verified)
Hello Sr How to fixe this…
Hello Sr How to fixe this Code ?
Log in or register to post comments
Submitted by Hello I Want t… (not verified) on Fri, 10/28/2022 - 11:27
Fatal error: Uncaught…
Fatal error: Uncaught ArgumentCountError: mktime() expects at least 1 argument, 0 given in C:\xampp\htdocs\pos\main\navfixed.php:15 Stack trace: #0 C:\xampp\htdocs\pos\main\navfixed.php(15): mktime() #1 C:\xampp\htdocs\pos\main\index.php(90): include('C:\\xampp\\htdocs...') #2 {main} thrown in C:\xampp\htdocs\pos\main\navfixed.php on line 15
Log in or register to post comments
Submitted by Anonymous (not verified) on Sat, 12/31/2022 - 17:06
Hello Sir, much interested…
Hello Sir, much interested in the full package of your POS system, please can i get the full source code package? Email me on [email protected]. Thank you so much
Log in or register to post comments
Submitted by karthikexe (not verified) on Sun, 01/08/2023 - 12:37
product save button not woking
this project working but product page save button not display.. kindly help.. email: [email protected]
Log in or register to post comments
Submitted by karthikexe (not verified) on Sun, 01/08/2023 - 13:50
need pos project
Hello Sir, much interested in the full package of your POS system, please can i get the full source code package? Email me on [email protected]. Thank you so much
Log in or register to post comments
Submitted by metaworkforce (not verified) on Tue, 06/06/2023 - 03:12
there is no save button when…
there is no save button when adding costumer help me fix please for my school project purposes only thanks
Log in or register to post comments
Submitted by Bartzabel (not verified) on Thu, 07/20/2023 - 14:04
In reply to there is no save button when… by metaworkforce (not verified)
yeah same and it doesnt show…
yeah same and it doesnt show the supplier even if I added supplier already
Log in or register to post comments
Submitted by Anonymous (not verified) on Tue, 08/15/2023 - 13:54
Wonderful POS . Kindly send…
Wonderful POS . Kindly send me complete code of its latest version at: [email protected] Thanks in advance
Log in or register to post comments
Submitted by Mohamed Rafi (not verified) on Mon, 09/04/2023 - 00:30
How to change the name EREC…
How to change the name EREC`s Pharmacy where can find
Log in or register to post comments
Submitted by Mohamed Rafi (not verified) on Mon, 09/04/2023 - 00:46
need full source codes…
need full source codes please [email protected]
Log in or register to post comments
Submitted by victor sonje safari (not verified) on Tue, 10/03/2023 - 22:22
Error
thanks its a nice projects though unfortunately am getting an error Fatal error: Uncaught PDOException: SQLSTATE[HY000]: General error: 1364 Field 'cost' doesn't have a default value in E:\wamp5\www\pos\main\saveproduct.php on line 18 ( ! ) PDOException: SQLSTATE[HY000]: General error: 1364 Field 'cost' doesn't have a default value in E:\wamp5\www\pos\main\saveproduct.php on line 18 Call Stack # Time Memory Function Location 1 0.0001 367416 {main}( ) ...\saveproduct.php:0 2 0.0016 418176 execute( $bound_input_params = [':a' => 'canfor', ':b' => '4 by 6', ':c' => '2023-10-31', ':d' => '10000', ':e' => '', ':f' => '3', ':g' => '4500', ':h' => '5500', ':i' => 'Bamboo.', ':j' => '2023-10-03', ':k' => '3'] ) ...\saveproduct.php:18
Log in or register to post comments
Submitted by victor sonje (not verified) on Fri, 10/06/2023 - 20:11
fatal error uncaught
i need help
Log in or register to post comments
Submitted by Mr Clean (not verified) on Thu, 10/19/2023 - 00:00
Hello Sir, much interested…
Hello Sir, much interested in the full package of your POS system, please can i get de full source code package? Email me on ; [email protected]. Tnx
Log in or register to post comments
Log in or register to post comments
78755 views
Share Source Code or Tutorial
Do you have source code, articles, tutorials or thesis to share? Submit it here by clicking the link below
Submit now...
Popular Source Code
Online Pet Shop We App using PHP and PayPal Free Source Code
Accounting Journal Management System with Trial Balance in PHP Free Source Code
Student Grades Management System Using PHP and MySQL with Source Code
Stock Management System in PHP/OOP with Source Code
Free and Open Source inventory management system php source code
Vehicle Service Management System in PHP Free Source Code
Web-based Pharmacy Product Management System using PHP and MySQL Database
Simple Bakery Shop Management System in PHP/OOP Free Source Code
Simple Student Attendance System using PHP and MySQL
Online Mobile Store Management System using PHP Free Source Code
Learn C in 15 Days
Object Oriented Programming in C++
Data Structures in C++
Fundamentals of C Language
Learn Object Oriented Programming in C++
Java Tutorial
Python Tutorial
Recent content
FAQ Bot with AI Assistant Using HTML, CSS and JavaScript with Source Code
2 days 4 hours ago
Advanced Rock Paper Scissors Using HTML, CSS and JavaScript with Source Code
3 days 1 hour ago
Word Pronunciation Guider Using HTML, CSS and JavaScript with Source Code
3 days 1 hour ago
Student Grades Management System Using PHP and MySQL with Source Code
3 days 1 hour ago
Tic-Tac-Toe Unbeatable AI Using HTML, CSS and JavaScript with Source Code
3 days 1 hour ago
Text Extractor from Image Using HTML, CSS and JavaScript with Source Code
3 days 1 hour ago
How to Sort Sublists Based on Second Element in Python
4 days 23 hours ago
Customizable Avatar Generator App Using HTML, CSS, and JavaScript with Source Code
4 days 23 hours ago
How to Calculate Sum of List Elements Using Recursion in Python
6 days ago
Hangman Game GUI Using Pygame in Python with Source Code
6 days 1 hour ago
Advertise Here | FAQ | Forums | About Us | Hire Us
Privacy Statement | Disclaimer | Terms and Agreement",CC-MAIN-2025-43,2026-02-28T00:05:07.716246+00:00
common_crawl_positive_doc_0054,Common Crawl,positive_doc,500420461bda6e3efcc140d02f8732c89343baacfc1fabb4e6393dea542d8266,https://www.clabdt.com/clock-in-out/,2025-10-05T23:11:13Z,0.00732421875,True,Request unsuccessful. Incapsula incident ID: 482000480337355857-665647393208929285,"[""Request unsuccessful. Incapsula incident ID: 482000480337355857-665647393208929285""]",Request unsuccessful. Incapsula incident ID: 482000480337355857-665647393208929285,CC-MAIN-2025-43,2026-03-08T16:04:58.838812+00:00
common_crawl_positive_doc_0055,Common Crawl,positive_doc,8972506bb5ccf89efbc9819aad33fdb2181fd659a2ebe0f20cefd7870295eecf,https://studio-picturecards.com/it/pages/miles-1,2025-10-05T12:52:51Z,0.41845703125,True,"TRY BEFORE YOU BUY
ALL OTHER DOWNLOADS
ADULTS ONLY
ADULTS ONLY
THE COMPANY SECRETARY
MILES
Invalid Password
Enter
© 2025, STUDIO PICTURE CARDS Powered by Shopify
Liquid error (layout/theme line 183): Could not find asset snippets/pointkit_snippet.liquid","[""TRY BEFORE YOU BUY\nALL OTHER DOWNLOADS\nADULTS ONLY\nADULTS ONLY\nTHE COMPANY SECRETARY\nMILES\nInvalid Password\nEnter\n© 2025, STUDIO PICTURE CARDS Powered by Shopify\nLiquid error (layout/theme line 183): Could not find asset snippets/pointkit_snippet.liquid""]","MILES – STUDIO PICTURE CARDS
Vai direttamente ai contenuti
Invia
Chiudi ricerca
ABOUT
espandi
comprimi
ABOUT
ABOUT US
ECO POLICY
WHERE WE ARE BASED
THE BEGINNING IN PICTURES
CONTACT
DOWNLOADS ONE
espandi
comprimi
DOWNLOADS ONE
MAIN COLLECTION
AGE RELATED IMAGES
ALPHABET IMAGES
EVERYDAY IMAGES ONE
PHOTOGRAPHY
EVERYDAY IMAGES TWO
DOWNLOADS TWO
espandi
comprimi
DOWNLOADS TWO
CARAMEL MOON HEARTS
EASTER
UNIVERSAL LOVE
CHRISTMAS
NEW
PRINTERS NEAR YOU
espandi
comprimi
PRINTERS NEAR YOU
PRINTING PROCESS
MINUTEMAN PRESS (UK)
MINUTEMAN PRESS WORLDWIDE
FREE SAMPLES
espandi
comprimi
FREE SAMPLES
TRY BEFORE YOU BUY
ALL OTHER DOWNLOADS
ADULTS ONLY
espandi
comprimi
ADULTS ONLY
ADULTS ONLY
THE COMPANY SECRETARY
Accedi
Invia
Cerca
Accedi Carrello Carrello
espandi/comprimi
ABOUT
ABOUT US
ECO POLICY
WHERE WE ARE BASED
THE BEGINNING IN PICTURES
CONTACT
DOWNLOADS ONE
MAIN COLLECTION
AGE RELATED IMAGES
ALPHABET IMAGES
EVERYDAY IMAGES ONE
PHOTOGRAPHY
EVERYDAY IMAGES TWO
DOWNLOADS TWO
CARAMEL MOON HEARTS
EASTER
UNIVERSAL LOVE
CHRISTMAS
NEW
PRINTERS NEAR YOU
PRINTING PROCESS
MINUTEMAN PRESS (UK)
MINUTEMAN PRESS WORLDWIDE
FREE SAMPLES
TRY BEFORE YOU BUY
ALL OTHER DOWNLOADS
ADULTS ONLY
ADULTS ONLY
THE COMPANY SECRETARY
MILES
Invalid Password
Enter
© 2025, STUDIO PICTURE CARDS Powered by Shopify
Liquid error (layout/theme line 183): Could not find asset snippets/pointkit_snippet.liquid
Add to Wishlist
Choose your wishlist to be added
Create New wishlist
save
My Wishlist
Save
Copy Link
Copy
Subscribe and get alert about your Wishlist
We will notify you on events like Low stock, Restock, Price drop or general reminder so that you don’t miss the deal
Subscribe
Move to cart
See Product Details
Are you sure you want to delete the wishlist?
Yes
No
x
Ti abbiamo inviato un'email con un link per aggiornare la tua password.
Accesso
Hai dimenticato la password?
Are you a New User? REGISTER HERE
Reimposta la tua password
Riceverai un'email per reimpostare la tua password.
Email
Annulla
Crea account
Nome
Cognome
Email
Password
Are you an Existing User? LOGIN HERE
GBP USD EUR CAD AUD NZD SEK NOK CHF",CC-MAIN-2025-43,2026-02-15T04:33:16.053607+00:00
common_crawl_positive_doc_0056,Common Crawl,positive_doc,d8f0f1811ab0f0dabe0c0eb5aa37b477cc9432feac602597d03966a8b489cd52,https://fieldhockey.ca/athlete/katherine-gibb/b65e9f09-f9f3-48b4-86af-c8400bc97b69/,2025-10-05T12:28:44Z,0.06787109375,True,"> 





 only visible to WordPress admins 
 Error: No feed found.","["">"", ""only visible to WordPress admins \n Error: No feed found.""]","b65e9f09-f9f3-48b4-86af-c8400bc97b69 - Field Hockey Canada
More
Field Hockey Canada
Athletes
News
Events
a
r
b
x
Search for:
EN
FR
Field Hockey Canada > Katherine Gibb > b65e9f09-f9f3-48b4-86af-c8400bc97b69
b65e9f09-f9f3-48b4-86af-c8400bc97b69
a
b
x follow
This error message is only visible to WordPress admins
Error: No feed found.
Please go to the Instagram Feed settings page to create a feed.
a follow
@FieldHockeyCan
Loading...
b like
Like us on Facebook
Don't miss our latest news, features, and videos
Sponsors
Previous Next
About Us
Staff & Contact
Board of Directors
National Programs
Women’s National Team
Men’s National Team
Officials
Resources
Pathway
Education
Coaching
Coaching Pathway
Coaching Resources
Safe Sport
Responsible Coaching
Safe Sport Policy
Safe Sport Resources
© 2025 Field Hockey Canada
Staff & Contact
Policies
Home
Canadian Safe Sport Program
Safe Sport – Resources
Safe Sport – Education
Safe Sport – Reporting
Partners & Sponsors
About Us
Shop Field Hockey Canada
Latest News
Field Hockey Canada Board of Directors
Terms of Reference
Board Meeting Archives
Staff & Contact
Employment and Volunteer Opportunities
Play Hockey
Governance
Annual Meetings
Committees
Policies
Strategic Plan 2020-2025
Athlete Documents
2025 Board Nomination Package
Registered Participants
F-RED
National Programs
Women’s Programs
Senior Women’s National Team
Junior Women’s National Team
Women’s Nextgen National program
U16 Women’s Youth Team
U18 Women’s Youth Teams
Women’s Indoor National Program
Men’s Programs
Senior Men’s National Team
Junior Men’s National Team
Men’s NextGen National Program
Men’s Indoor National Program
Masters National Teams
Honouring the Past
Honouring the Past – Women’s National Team
Honouring the Past – Men’s National Team
All-Time Cap Leaders
Field Hockey Canada Competitions
Events & Results
2025 Field Hockey Canada Nationals
2025 Calendar of Events
Field Hockey Canada U Sports Championships
Coaching
Get Involved as a Coach
Coaching Pathway
Coaching Resources
Coaching Standards
Umpires and Officials
Resources
Pathway
Education
Officials & Appointments
Stick Together
Stick Together – Skills Challenge
2024 Stick Together Highlights
Hall of Fame
Hall of Fame – Terms of Reference
Hall of Fame – Nomination Criteria
Hall of Fame – Annual Process
Hall of Fame Media
She Can – Women in Hockey
She Can Stories
Women in Hockey – Resources
DONATE to Field Hockey Canada
Back the Pack – Women’s National Team
Back the Bou’ – Men’s National Team
Support the Junior Women’s National Team
Support the Junior Men’s National Team
Support Youth Tours
Support the Women’s Masters Teams
Support the Men’s Masters Teams
Support our Officials
Adopt an Athlete
Donor Wall of Recognition",CC-MAIN-2025-43,2026-02-16T19:02:28.202121+00:00
common_crawl_positive_doc_0057,Common Crawl,positive_doc,5ace647910a9a915c0729ca071a43c0fc62ca2957a36ce72224804ca5e8e201f,https://www.coloproctol.org/journal/view.php?number=2000,2025-10-06T07:50:58Z,0.4140625,True,"Warning: fopen(/home/virtual/colon/journal/upload/ip_log/ip_log_2025-10.txt): failed to open stream: Permission denied in /home/virtual/lib/view_data.php on line 95 Warning: fwrite() expects parameter 1 to be resource, boolean given in /home/virtual/lib/view_data.php on line 96 Venous thromboembolism among Asian populations with localized colorectal cancer undergoing curative resection: is pharmacological thromboprophylaxis required? A systematic review and meta-analysis
Copyright and open access policy
Copyright transfer agreement and conflict of interest disclosure
E-submission
FOR REVIEWERS
Instructions for reviewers
How to become a reviewer
For Readers
Readership
Open access","[""Warning: fopen(/home/virtual/colon/journal/upload/ip_log/ip_log_2025-10.txt): failed to open stream: Permission denied in /home/virtual/lib/view_data.php on line 95 Warning: fwrite() expects parameter 1 to be resource, boolean given in /home/virtual/lib/view_data.php on line 96 Venous thromboembolism among Asian populations with localized colorectal cancer undergoing curative resection: is pharmacological thromboprophylaxis required? A systematic review and meta-analysis\nCopyright and open access policy\nCopyright transfer agreement and conflict of interest disclosure\nE-submission\nFOR REVIEWERS\nInstructions for reviewers\nHow to become a reviewer\nFor Readers\nReadership\nOpen access""]","Warning: fopen(/home/virtual/colon/journal/upload/ip_log/ip_log_2025-10.txt): failed to open stream: Permission denied in /home/virtual/lib/view_data.php on line 95 Warning: fwrite() expects parameter 1 to be resource, boolean given in /home/virtual/lib/view_data.php on line 96 Venous thromboembolism among Asian populations with localized colorectal cancer undergoing curative resection: is pharmacological thromboprophylaxis required? A systematic review and meta-analysis
Copyright and open access policy
Copyright transfer agreement and conflict of interest disclosure
E-submission
FOR REVIEWERS
Instructions for reviewers
How to become a reviewer
For Readers
Readership
Open access
Subscription information
TOC alerts
Permission request
SEARCH
Search
Advanced Search
mobile menu button
About
Aims and scope
About the journal
Affiliated society
Editorial board
Managing team
Best practice
Metrics
Contact us
Article Category
Original Article
Review
Case Report
Technical Note
Brief communication
Guideline
Editorial
Letter to the editor
Video
Others
Browse Articles
Ahead of print
Current issue
All issues
Article topic
Most viewed articles
Most cited articles
Articles with video
Visual abstracts
Editorial Policies
Research and publication ethics
Review policy
Copyright and open access policy
Copyright transfer agreement and conflict of interest disclosure
E-submission
FOR REVIEWERS
Instructions for reviewers
How to become a reviewer
For Readers
Readership
Open access
Subscription information
TOC alerts
Permission request
Articles
Page Path
HOME > Ann Coloproctol > Volume 40(3); 2024 > Article
Review
ERAS
Venous thromboembolism among Asian populations with localized colorectal cancer undergoing curative resection: is pharmacological thromboprophylaxis required? A systematic review and meta-analysis
Shih Jia Janice Tan1 , Emile Kwong-Wei Tan2,3 , Yvonne Ying Ru Ng2 , Rehena Sultana4 , John Carson Allen4 , Isaac Seow-En2,3 , Ronnie Mathew2,3 , Aik Yong Chok2,3
Annals of Coloproctology 2024;40(3):200-209.
DOI: https://doi.org/10.3393/ac.2022.01046.0149
Published online: May 16, 2024
Author information
Article notes
Copyright and License information
1Department of General Surgery, Singapore General Hospital, Singapore
2Department of Colorectal Surgery, Singapore General Hospital, Singapore
3Surgery Academic Clinical Programme (ACP), Duke-NUS Medical School, Singapore
4Centre for Quantitative Medicine, Duke-NUS Medical School, Singapore
Correspondence to: Shih Jia Janice Tan, MRCS Department of General Surgery, Singapore General Hospital, Outram Rd, Singapore 169608 Email: shihjia.tan@gmail.com
• Received: November 28, 2022 • Revised: January 4, 2023 • Accepted: January 9, 2023
© 2024 The Korean Society of Coloproctology
This is an Open Access article distributed under the terms of the Creative Commons Attribution Non-Commercial License (https://creativecommons.org/licenses/by-nc/4.0/) which permits unrestricted non-commercial use, distribution, and reproduction in any medium, provided the original work is properly cited.
prev next
3,758 Views
188 Download
1 Web of Science
1 Crossref
1 Scopus
Full Article
Full Article
Figure & data
Reference
Citations
Metrics
Download PDF
Abstract
INTRODUCTION
METHODS
RESULTS
DISCUSSION
ARTICLE INFORMATION
REFERENCES
Abstract
Purpose
We compared the incidence of venous thromboembolism (VTE) among Asian populations with localized colorectal cancer undergoing curative resection with and without the use of pharmacological thromboprophylaxis (PTP).
Methods
A comprehensive literature search was undertaken to identify relevant studies published from January 1, 1980 to February 28, 2022. The inclusion criteria were patients who underwent primary tumor resection for localized nonmetastatic colorectal cancer; an Asian population or studies conducted in an Asian country; randomized controlled trials, case-control studies, or cohort studies; and the incidence of symptomatic VTE, deep vein thrombosis, and/or pulmonary embolism as the primary study outcomes. Data were pooled using a random-effects model. This study was registered in PROSPERO on October 11, 2020 (No. CRD42020206793).
Results
Seven studies (2 randomized controlled trials and 5 observational cohort studies) were included, encompassing 5,302 patients. The overall incidence of VTE was 1.4%. The use of PTP did not significantly reduce overall VTE incidence: 1.1% (95% confidence interval [CI], 0%–3.1%) versus 1.9% (95% CI, 0.3%–4.4%; P=0.55). Similarly, PTP was not associated with significantly lower rates of symptomatic VTE, proximal deep vein thrombosis, or pulmonary embolism.
Conclusion
The benefit of PTP in reducing VTE incidence among Asian patients undergoing curative resection for localized colorectal cancer has not been clearly established. The decision to administer PTP should be evaluated on a case-by-case basis and with consideration of associated bleeding risks.
Keywords: Venous thromboembolism; Colorectal neoplasms; Asian
INTRODUCTION
Venous thromboembolism (VTE), which includes deep venous thrombosis (DVT) and pulmonary embolism (PE), is a common and potentially preventable condition in hospitalized and surgical patients. VTE is associated with a significant risk of morbidity and mortality if left untreated. After lung cancer, colorectal cancer (CRC) is the second most common type of malignancy, and CRC patients are susceptible to developing VTE [1]. The use of mechanical thromboprophylaxis (MTP) modalities, such as intermittent pneumatic compression (IPC) or graduated compression stockings (GCS), and pharmacological thromboprophylaxis (PTP) using agents such as enoxaparin and fondaparinux can potentially reduce the risk of VTE in CRC patients [2, 3]. However, the decision to administer PTP is complex, as it depends upon the perceived risk of developing VTE, and must be carefully balanced with the potential for bleeding complications associated with PTP. The American Hematology Society has established a set of guidelines for administering thromboprophylaxis [4], and the American Society of Colon and Rectal Surgeons has published guidelines specifically for patients undergoing colorectal surgery [5].
Nevertheless, one caveat regarding the use of these guidelines is that they were developed from studies on mostly Western populations. However, it appears that VTE occurs less frequently in Asian populations than in Western populations [6, 7]. Even when environmental influences were accounted for, Hispanic ethnicity and Asian/Pacific race were independently associated with a lower risk of VTE than observed in Westerners [8]. In recent studies, the VTE incidence rate reported in Asian populations ranged from 14 to 57 per 100,000 [9–13]. In contrast, the incidence rate reported in Western populations was from 75 to 143 per 100,000 [14–16]. Therefore, given the lower reported incidence of VTE among Asian patients, routine PTP may result in unnecessary costs and increase the risk of bleeding complications.
At present, there is a paucity of high-quality literature pertaining to VTE incidence and prophylaxis in Asian CRC patients. Furthermore, no consensus has been established regarding the use of PTP in this population. In this study, we evaluated the evidence in the literature regarding the use of PTP in reducing the incidence of VTE in patients with localized CRC undergoing curative resection in the Asian context.
METHODS
Data sources and searches
This review was carried out and reported in accordance with the PRISMA (Preferred Reporting Items for Systematic Reviews and Meta-Analyses) guidelines for systematic reviews and meta-analyses. A protocol was developed a priori by the reviewers and was registered in the PROSPERO database on October 11, 2020 (No. CRD42020206793).
A structured and comprehensive electronic search from January 1, 1980 to February 28, 2022 was conducted systematically using PubMed, Embase, Cochrane Database of Systematic Reviews, Cochrane Central Register of Controlled Trials, and Google Scholar. We defined an Asian population as people living in the geographical regions of East Asia, South-East Asia, and South Asia. The keywords used were “Asia,” “Asian population,” “venous thromboembolism,” “deep vein thrombosis,” “pulmonary embolism,” “pharmacological thromboprophylaxis,” “mechanical thromboprophylaxis,” and “colorectal cancer surgery.” Additional articles that may have been overlooked in the initial search were identified by using the “related articles” feature in PubMed. Key references of the short-listed studies were also searched manually.
Two investigators (SJJT and YYRN) independently performed the search and assessed each article for eligibility. Discrepancies were resolved by discussion between SJJT and YYRN to reach a consensus or in consultation with a third reviewer (AYC). Studies included on the final shortlist were decided by consensus among all 3 co-authors.
Study selection
The study inclusion criteria were patients who underwent primary tumor resection for localized nonmetastatic CRC; studies with primarily Asian populations or that were conducted in an Asian country; randomized controlled trials (RCTs), case-control studies, or cohort studies; and the incidence of DVT, PE, and/or symptomatic VTE as the primary study outcomes. In addition, the following exclusion criteria were applied: patients with metastatic CRC; studies written in languages other than English; systematic reviews, commentaries, and editorials; and studies employing noncontemporary methods for diagnosing DVT or PE (e.g., ascending venogram, I-labelled fibrinogen test).
Data extraction
The following data were extracted from the included studies: first author; year of publication; country; number of patients; methods of thromboprophylaxis; the incidence of VTE, symptomatic VTE, proximal and distal DVT, PE, and bleeding complications in the form of major bleeding and minor bleeding where applicable; observation period for the primary outcome; and laparoscopic versus open resection.
Assessment of outcomes
The primary outcome was the incidence of VTE (calculated as the total number of DVT and PE events), symptomatic VTE, proximal DVT, and PE. The impacts of using PTP on the incidence of VTE and bleeding complications were evaluated as secondary outcomes. Data collection for the incidence of VTE, symptomatic VTE, proximal and distal DVT, and PE was performed with patients divided into 2 groups: with PTP and without PTP. The latter group also included those who received MTP (GCS or IPC). In the case of 2-armed studies that compared events with and without PTP, each arm was included as a separate cohort in the analysis.
Symptomatic VTE was defined as having clinical manifestations such as swelling and pain of lower extremities for DVT and a combination of chest pain, dyspnea, tachypnea, or poor oxygen saturation for PE, with confirmation of diagnosis on imaging. DVT was classified as proximal if the thrombus was located in the iliac, femoral, and/or popliteal vein. Major bleeding was defined by the presence of 1 or more of the following: fatal bleeding; bleeding that was retroperitoneal, intracranial, intraspinal, or involving any other critical organ; bleeding leading to reoperation or intervention; and/or bleeding causing a decrease of hemoglobin level of 2 g/dL or more.
Quality assessment
The modified Downs and Black assessment tool was used to assess the methodological quality of the included studies, as it allows evaluation of both randomized and nonrandomized comparative studies [17]. The checklist consists of 27 items that address the following methodological components: reporting, external validity, internal validity (bias and confounding), and power. Twenty-six items are rated either as yes (1) or no/unable to determine (0), and 1 item is rated on a 3-point scale (yes, 2; partial, 1; no, 0). Scores range from 0 to 28, with higher scores indicating a better methodological quality of study. The following cut-points have been suggested to categorize studies by quality: excellent (26–28), good (20–25), fair (15–19), and poor (< 14).
Statistical analysis
The primary outcome and all secondary outcomes were treated as binary data. An inverse-variance DerSimonian and Laird random-effects model was used to account for heterogeneity among studies for both the primary and secondary outcomes. All results were presented in forest plots. All outcomes were expressed as the pooled event rate with 95% confidence intervals (CIs).
The restricted maximum likelihood, random-effects meta-regression approach was used to compare VTE incidence between the with-PTP and without-PTP groups. The heterogeneity of the included studies was evaluated using the Cochran Q test and the I2 index. Additionally, publication bias was evaluated using funnel plots in conjunction with Egger regression and the Begg and Mazumdar rank test. All tests were 2-tailed, and statistical significance was set at P< 0.05. All statistical analyses were conducted using Comprehensive Meta-Analysis ver. 3 (Biostat).
RESULTS
Study design
The search strategy yielded a total of 37 articles that met the criteria for full-text review (Fig. 1). Three studies were excluded because they were published in Japanese and Korean. Twenty-seven additional articles were excluded because due to the use of noncontemporary methods of diagnosing DVT (ascending venogram, I-labelled fibrinogen), inappropriate or overlapping population groups, or inadequate data for extraction. After review, 7 articles were included [18–24]. The selection process flow diagram is shown in Fig. 1.
Study characteristics
The details of the included studies are summarized in Table 1 [18–24]. Of the 7 included studies, encompassing 5,302 patients, 4 studies were from Japan, 2 from Korea, and 1 from India with the following patient numbers: 4,162 Koreans (78.5%), 1,041 Japanese (19.6%), and 99 Indians (1.9%). Two studies were RCTs and 5 were observational cohort studies. All studies used contemporary methods (e.g., Doppler venous ultrasonography, contrast venography, ascending phlebography, chest computed tomography [CT], or ventilation-perfusion scans) for diagnosing VTE.
The assessment protocols varied among the included studies. In 4 studies and cohort B in Lee et al. [19], further diagnostic imaging was performed only if there was clinical suspicion of DVT [18, 19, 23, 24] or if the D-dimer score was greater than 1 µg/mL on the 2nd and 7th postoperative days [22]. In the 2 remaining studies and cohort A in Lee et al. [19], all patients underwent routine diagnostic screening [20, 21]. For the assessment of PE, only symptomatic PE was investigated further in all studies.
The duration of VTE surveillance in most studies ranged between 10 to 30 days after receiving PTP, although in 1 study, the period of evaluation was up to 1 day after completion of PTP [18] and in another study, day 6±1 after commencement of PTP [21]. The commencement of PTP varied among the studies from 1 day prior to surgery to immediately after surgery. There was also heterogeneity in the choice of PTP agents (fondaparinux, enoxaparin, or dalteparin sodium) and dosage used among the studies. The majority of the studies allowed the use of MTP in the form of compression stockings or IPC, except 1 study where this was not specified [21]. Of the 7 studies, 4 studies further evaluated bleeding events [18, 20–22].
Quality of studies
Methodological quality scores based on the modified Downs and Black checklist are presented in Table 1 [18–24]. With regards to study scoring, some studies did not satisfy certain criteria because the information was not available from the publication. According to the Downs and Black scoring criterion, if the study did not explicitly state a certain requested methodology for a particular item, that item must be scored as not satisfying the criterion. The mean±standard deviation for modified Downs and Black risk of bias checklist score was 21.0±0. The quality of the included studies was excellent (n=1), good (n=4), or fair (n=2). The methodological rating criteria most frequently satisfied in the papers reviewed were related to the representativeness of the sample group and adjustment for confounding factors in the data analysis.
Overall incidence of VTE, symptomatic VTE, proximal DVT, and PE
The overall incidence of VTE among Asian CRC patients in the 7 included studies was 1.4% (95% CI, 0.4%–2.6%). The overall pooled incidence of symptomatic VTE, proximal DVT, and PE was 0.2% (95% CI, 0%–0.5%), 0.1% (95% CI, 0%–0.3%), and 0.1% (95% CI, 0%–0.3%), respectively.
Incidence of VTE with and without PTP
Fig. 2 [18–24] shows a forest plot and funnel plot of the overall incidence of VTE with and without PTP. Although the pooled VTE incidence with PTP was lower, this difference did not reach statistical significance: 1.1% (95% CI, 0%–3.1%) versus 1.9% (95% CI, 0.3%–4.4%; P=0.55).
Incidence of symptomatic VTE, proximal DVT, and PE with/without PTP
Figs. 3–5 [18–24] show forest plots of the incidences of symptomatic VTE, proximal DVT, and PE, respectively, between the with-PTP and without-PTP groups. Comparing the 2 groups, the use of PTP was not shown to have statistical significance in reducing the incidence of symptomatic VTE (0.1% [95% CI, 0%–0.5%] vs. 0.4% [95% CI, 0.2%–0.8%], P=0.12), proximal DVT (0% [95% CI, 0%–0.2%] vs. 0.6% [95% CI, 0%–1.3%], P=0.09), and PE (0% [95% CI, 0%–0.2%] vs. 0.3% [95% CI, 0%–0.7%], P=0.30).
Effect of PTP on bleeding complications
Four studies reported the incidence of bleeding complications with the use of PTP [18, 20–22]. Of the 4 studies, only 2 compared bleeding complications with and without PTP use [20, 21]. Among the patients who received PTP, the overall incidence of bleeding was 7.8%, of which the majority (7.0%) was minor in severity, compared to 0% reported in 2 studies among the patients who did not receive PTP.
DISCUSSION
The use of PTP in Asian surgical populations for CRC surgery is not a universal practice due to the lack of specific guidelines. The Asian Venous Thrombosis Forum working group has proposed general guidelines, but none were specific for CRC surgery [25]. Therefore, at present, the decision for VTE prophylaxis in Asian countries has been made pragmatically based on various factors including the individual patient risk profile, surgeon discretion, and institution protocol.
To the best of our knowledge, this is the first-ever systematic review and meta-analysis to comprehensively evaluate the incidence of VTE with and without PTP among Asian patients undergoing curative resection for localized CRC, including clinically relevant outcomes such as symptomatic VTE, proximal DVT, and PE. The included studies are all relatively recent, thereby more accurately reflecting contemporary operative management, perioperative thromboprophylaxis protocols, and prevailing obesity rates among Asian patients. The overall pooled incidence of VTE for our 7 studies was 1.4%, which was lower than has been reported in Western-based studies, where incidence rates of 2.4% to 17% have been reported [26–28]. A systematic review conducted among Asian patients undergoing orthopedic surgery also reported similar trends [29].
Our results suggest that the use of PTP does not significantly lower the risk of VTE events in CRC surgery patients in Asian populations, including overall VTE, symptomatic VTE, proximal DVT, and PE. Despite a trend towards reduced VTE incidence, the effect did not reach statistical significance. This is in contrast to results obtained from studies in Western populations [30, 31]. A meta-analysis on VTE prevention in general surgery based on studies obtained from Western populations reported a significant risk reduction of 70% in clinical VTE with the use of PTP [30]. Likewise, Turpie et al. [31] conducted an RCT in 1,309 patients undergoing abdominal surgery, comparing fondaparinux and a control group. The study reported a significant difference in the incidence of VTE when fondaparinux was given (1.7%) compared to the control group (5.3%). The discrepancy in findings between Asian and Western populations may be explained by postulations on differences in the environment, diet, postoperative hemostatic response [32, 33], and prothrombotic factors between Asian and Western populations [34, 35].
The risk of bleeding is considerable; therefore, it should be an important factor to take into consideration when introducing PTP in this population group. Of note, our overall incidence of bleeding events was 7.8%. Interestingly, this was significantly higher than a similar study by Moubayed et al. [36] conducted among patients undergoing otolaryngology-head and neck surgery, which reported an incidence of 0.9%. This result was consistent with another review on the influences of ethnic differences in prothrombotic and bleeding diatheses in patients undergoing microsurgical breast reconstruction. That study reported a significantly higher rate of bleeding events in Asian patients than in Western patients (2.6% vs. 1.2%, P=0.002) [37]. These findings further augment the emerging body of evidence suggesting possible differences in the coagulative responses between Asian and Western populations [33, 37]. As such, the introduction of PTP in this population group should be a calculated decision, one that takes into account the intrinsic differences in hemostatic pathways that result in a lower incidence of VTE events and conversely, higher bleeding risks.
The findings of our study must be considered in the context of its limitations. Firstly, there was heterogeneity among the included studies due in part to inconsistency in the definition of VTE, varying rates of minimally invasive versus open surgery, differences in tumor locations (colon vs. rectum), and disparities in mechanical and pharmacological thromboprophylaxis protocols among centers. Secondly, the 7 included studies originated from 3 Asian countries, consisting of predominantly Koreans, who accounted for a substantial percentage (78.5%); therefore, the findings may not be representative of all Asian populations. Thirdly, there was variation amongst the drugs and dosages used for PTP used, with differences among fondaparinux, enoxaparin, and dalteparin sodium. Furthermore, it has been previously reported that the median number of days from surgery to VTE occurrence was 10 [38]. The period of VTE surveillance ranged from 4 to 30 days postoperatively across the included studies, and shorter surveillance periods may have contributed to under-estimation of the actual VTE incidence, although the implications remain unclear given the low overall VTE incidence reported in this study.
This review highlights the role of PTP in VTE risk reduction for CRC surgery among Asian populations. This study shows a different picture among Asian populations compared to Western populations. Therefore, guidelines that were established based on Western populations should not be extrapolated for use in Asian populations. Although the available evidence is limited, study results would indicate discretion in the use of PTP for Asian populations due to the comparatively low beneficial yield for VTE risk reduction. Although other types of cancer surgery were not within the scope of this study, it is not unreasonable to consider that similar results may be identified for other cancer groups among Asian populations. It is worth noting that 60% (around 4.5 billion) of the world’s population is in Asia [39], and even in Western countries, Asian populations make up a substantial proportion of the population. It is high time that this research gap is rectified. Hence, it is of crucial importance that further large-scale, high-quality RCTs, including various Asian subpopulations, are carried out with the objective of formulating an optimal strategy and guidelines for the prophylactic management of VTE in Asian cancer surgery patients.
In conclusion, our review confirmed that the incidence of VTE among Asian populations is relatively low. The use of PTP was not shown to significantly reduce VTE risk. Therefore, the decision to introduce PTP must be evaluated on a case-by-case basis. Future high quality, comprehensive studies are required to acquire greater knowledge on the use of PTP in Asia.
ARTICLE INFORMATION
CONFLICT OF INTEREST
No potential conflict of interest relevant to this article was reported.
FUNDING
None.
AUTHOR CONTRIBUTIONS
Conceptualization: SJJT, RM, EKWT, AYC, ISE; Formal analysis: RS; Investigation: SJJT, YYRN; Supervision: AYC; Validation: JCA; Writing–original draft: SJJT; Writing–review & editing: EKWT, ISE, RS, JCA, AYC, RM, YYRN. All authors read and approved the final manuscript.
Fig. 1.
PRISMA (Preferred Reporting Items for Systematic Reviews and Meta-Analyses) diagram showing the article search.
Fig. 2.
Forest plot and funnel plot comparing the overall incidence of venous thromboembolism (VTE) between pharmacological thromboprophylaxis and no pharmacological thromboprophylaxis. IV, interval variable; Random, random-effects model; CI, confidence interval.
Fig. 3.
Forest plot comparing the incidence of symptomatic venous thromboembolism (VTE) between pharmacological thromboprophylaxis and no pharmacological thromboprophylaxis. IV, interval variable; Random, random-effects model; CI, confidence interval.
Fig. 4.
Forest plot comparing the incidence of proximal deep venous thrombosis between pharmacological thromboprophylaxis and no pharmacological thromboprophylaxis. IV, interval variable; Random, random-effects model; CI, confidence interval; VTE, venous thromboembolism.
Fig. 5.
Forest plot comparing the incidence of pulmonary embolism between pharmacological thromboprophylaxis and no pharmacological thromboprophylaxis. IV, interval variable; Random, random-effects model; CI, confidence interval; VTE, venous thromboembolism.
Table 1.
Overview of the included studies
Lee et al. [19] (cohort A) 2016 Korea Cohort 22 400 248 152 23±3 69.8 Not applicable All patients had routine duplex US POD 28
Lee et al. [19] (cohort B) 2016 Korea Cohort 22 148 79 69 23±3 80.4 Not applicable Only symptomatic patients had venous US POD 28
Hata et al. [18] 2014 Japan Cohort 23 619 371 248 22±3 67.7 Fondaparinux 2.5 or 1.5 mg Only symptomatic patients had duplex US, MDCT, or ascending phlebography for DVT; MDCT, pulmonary scintigraphy, or pulmonary arteriography for PE 1 Day after use of fondaparinux (4–8 day)
Nakagawa et al. [20] 2019 Japan RCT 27 116 55 61 22 (17–36)a 100 Enoxaparin 20 mg All patients had routine duplex US POD 28
23 (16–33)a
Shukla et al. [21] 2008 India RCT 16 99 65 34 19b 90.9 Dalteparin sodium 2,500 IU All patients had routine duplex US POD 6/7
Tokuhara et al. [22] 2017 Japan Cohort 20 119 78 50c 22 (16–30)c 100 Fondaparinux 2.5 or 1.5 mg Patients with a D-dimer score greater than 1 μg/mL on day 2 and day 7 postoperative underwent duplex US POD 10
Yang et al. [24] 2011 Korea Cohort 19 3,645 2,294 1,351 NRd NR Enoxaparin 20 mg subcutaneous only to high-risk patients Only symptomatic patients had duplex US or contrast venography for DVT; CT scan, ventilation-perfusion scan for PE NR
Yamashita et al. [23] 2021 Japan Cohort 21 187 123 93c NRc,e 87.2 Intravenous heparin 10,000 IU and enoxaparin 2,000 U subcutaneous Only symptomatic patients had duplex US POD 29
Values are presented as number only, mean±standard deviation, or median (interquartile range).
BMI, body mass index; PTP, pharmacological thromboprophylaxis; POD, postoperative day; US, ultrasonography; MDCT, multidetector computed tomography; DVT, deep vein thrombosis; PE, pulmonary embolism; RCT, randomized controlled trial; NR, not recorded; CT, computed tomography.
a2 Arms.
bMean.
cBefore exclusion from final analysis.
dBMI <25 kg/m2, 2,706 patients; BMI ≥25 kg/m2, 939 patients.
eBMI <25 kg/m2, 169 patients; BMI ≥25 kg/m2, 47 patients.
REFERENCES
1. Seddighzadeh A, Shetty R, Goldhaber SZ. Venous thromboembolism in patients with active cancer. Thromb Haemost 2007;98:656–61.ArticlePubMed
2. Imamura H, Adachi T, Kitasato A, Tanaka T, Soyama A, Hidaka M, et al. Safety and efficacy of postoperative pharmacologic thromboprophylaxis with enoxaparin after pancreatic surgery. Surg Today 2017;47:994–1000.ArticlePubMedPDF
3. Yanagita T, Kusanagi H. Safety and effectiveness of enoxaparin as venous thromboembolism prophylaxis after gastric cancer surgery in Japanese patients. Am Surg 2016;82:1232–7.ArticlePubMedPDF
4. Anderson DR, Morgano GP, Bennett C, Dentali F, Francis CW, Garcia DA, et al. American Society of Hematology 2019 guidelines for management of venous thromboembolism: prevention of venous thromboembolism in surgical hospitalized patients. Blood Adv 2019;3:3898–944.ArticlePubMedPMCPDF
5. Fleming F, Gaertner W, Ternent CA, Finlayson E, Herzig D, Paquette IM, et al. The American Society of Colon and Rectal Surgeons clinical practice guideline for the prevention of venous thromboembolic disease in colorectal surgery. Dis Colon Rectum 2018;61:14–20.ArticlePubMed
6. Law Y, Chan YC, Cheng SW. Epidemiological updates of venous thromboembolism in a Chinese population. Asian J Surg 2018;41:176–82.ArticlePubMed
7. Nakamura M. Japanese guidelines for prevention of venous thromboembolism. J Jpn Soc Clin Anesth 2004;24:480–7.Article
8. Tran HN, Klatsky AL. Lower risk of venous thromboembolism in multiple Asian ethnic groups. Prev Med Rep 2019;13:268–9.ArticlePubMedPMC
9. Jang MJ, Bang SM, Oh D. Incidence of venous thromboembolism in Korea: from the Health Insurance Review and Assessment Service database. J Thromb Haemost 2011;9:85–91.ArticlePubMed
10. Sakuma M, Nakamura M, Yamada N, Ota S, Shirato K, Nakano T, et al. Venous thromboembolism: deep vein thrombosis with pulmonary embolism, deep vein thrombosis alone, and pulmonary embolism alone. Circ J 2009;73:305–9.ArticlePubMed
11. Lee CH, Lin LJ, Cheng CL, Kao Yang YH, Chen JY, Tsai LM. Incidence and cumulative recurrence rates of venous thromboembolism in the Taiwanese population. J Thromb Haemost 2010;8:1515–23.ArticlePubMed
12. Liu HS, Kho BC, Chan JC, Cheung FM, Lau KY, Choi FP, et al. Venous thromboembolism in the Chinese population: experience in a regional hospital in Hong Kong. Hong Kong Med J 2002;8:400–5.PubMed
13. Molina JA, Jiang ZG, Heng BH, Ong BK. Venous thromboembolism at the National Healthcare Group, Singapore. Ann Acad Med Singap 2009;38:470–8.ArticlePubMed
14. Huerta C, Johansson S, Wallander MA, García Rodríguez LA. Risk factors and short-term mortality of venous thromboembolism diagnosed in the primary care setting in the United Kingdom. Arch Intern Med 2007;167:935–43.ArticlePubMed
15. Naess IA, Christiansen SC, Romundstad P, Cannegieter SC, Rosendaal FR, Hammerstrøm J. Incidence and mortality of venous thrombosis: a population-based study. J Thromb Haemost 2007;5:692–9.ArticlePubMed
16. Silverstein MD, Heit JA, Mohr DN, Petterson TM, O’Fallon WM, Melton LJ 3rd. Trends in the incidence of deep vein thrombosis and pulmonary embolism: a 25-year population-based study. Arch Intern Med 1998;158:585–93.ArticlePubMed
17. Downs SH, Black N. The feasibility of creating a checklist for the assessment of the methodological quality both of randomised and non-randomised studies of health care interventions. J Epidemiol Community Health 1998;52:377–84.ArticlePubMedPMC
18. Hata T, Yasui M, Murata K, Okuyama M, Ohue M, Ikeda M, et al. Safety of fondaparinux to prevent venous thromboembolism in Japanese patients undergoing colorectal cancer surgery: a multicenter study. Surg Today 2014;44:2116–23.ArticlePubMedPMCPDF
19. Lee E, Kang SB, Choi SI, Chun EJ, Kim MJ, Kim DW, et al. Prospective study on the incidence of postoperative venous thromboembolism in Korean patients with colorectal cancer. Cancer Res Treat 2016;48:978–89.ArticlePubMedPMCPDF
20. Nakagawa K, Watanabe J, Ota M, Suwa Y, Suzuki S, Suwa H, et al. Efficacy and safety of enoxaparin for preventing venous thromboembolic events after laparoscopic colorectal cancer surgery: a randomized-controlled trial (YCOG 1404). Surg Today 2020;50:68–75.ArticlePubMedPDF
21. Shukla PJ, Siddachari R, Ahire S, Arya S, Ramani S, Barreto SG, et al. Postoperative deep vein thrombosis in patients with colorectal cancer. Indian J Gastroenterol 2008;27:71–3.PubMed
22. Tokuhara K, Matsushima H, Ueyama Y, Nakatani K, Yoshioka K, Kon M. Efficacy and safety of thromboembolism prophylaxis with fondaparinux in Japanese colorectal cancer patients undergoing laparoscopic surgery: a phase II study. Int J Surg 2017;42:203–8.ArticlePubMed
23. Yamashita S, Nishi M, Ikemoto T, Yoshikawa K, Higashijima J, Tokunaga T, et al. Clinical analysis of postoperative venous thromboembolism in Japanese patients after colorectal cancer surgery. Surg Today 2021;51:1022–7.ArticlePubMedPDF
24. Yang SS, Yu CS, Yoon YS, Yoon SN, Lim SB, Kim JC. Symptomatic venous thromboembolism in Asian colorectal cancer surgery patients. World J Surg 2011;35:881–7.ArticlePubMedPDF
25. Liew NC, Alemany GV, Angchaisuksiri P, Bang SM, Choi G, De Silva DA, et al. Asian venous thromboembolism guidelines: updated recommendations for the prevention of venous thromboembolism. Int Angiol 2017;36:1–20.ArticlePubMed
26. Becattini C, Rondelli F, Vedovati MC, Camporese G, Giustozzi M, Boncompagni M, et al. Incidence and risk factors for venous thromboembolism after laparoscopic surgery for colorectal cancer. Haematologica 2015;100:e35–8.ArticlePubMedPMC
27. Holwell A, McKenzie JL, Holmes M, Woods R, Nandurkar H, Tam CS, et al. Venous thromboembolism prevention in patients undergoing colorectal surgery for cancer. ANZ J Surg 2014;84:284–8.ArticlePubMed
28. Sanderson B, Hitos K, Fletcher JP. Venous thromboembolism following colorectal surgery for suspected or confirmed malignancy. Thrombosis 2011;2011:828030. ArticlePubMedPMCPDF
29. Kanchanabat B, Stapanavatr W, Meknavin S, Soorapanth C, Sumanasrethakul C, Kanchanasuttirak P. Systematic review and meta-analysis on the rate of postoperative venous thromboembolism in orthopaedic surgery in Asian patients without thromboprophylaxis. Br J Surg 2011;98:1356–64.ArticlePubMedPDF
30. Mismetti P, Laporte S, Darmon JY, Buchmüller A, Decousus H. Meta-analysis of low molecular weight heparin in the prevention of venous thromboembolism in general surgery. Br J Surg 2001;88:913–30.ArticlePubMedPDF
31. Turpie AG, Bauer KA, Caprini JA, Comp PC, Gent M, Muntz JE, et al. Fondaparinux combined with intermittent pneumatic compression vs. intermittent pneumatic compression alone for prevention of venous thromboembolism after abdominal surgery: a randomized, double-blind comparison. J Thromb Haemost 2007;5:1854–61.ArticlePubMed
32. Caprini JA, Arcelus JI, Laubach M, Size G, Hoffman KN, Coats RW 2nd, et al. Postoperative hypercoagulability and deep-vein thrombosis after laparoscopic cholecystectomy. Surg Endosc 1995;9:304–9.ArticlePubMedPDF
33. Iwade M, Iwade K, Nomura M, Ozaki M. Differences in perioperative coagulation between Japanese and other ethnic groups undergoing laparoscopic cholecystectomy. Surg Endosc 2003;17:2012–5.ArticlePubMedPDF
34. Gregg JP, Yamane AJ, Grody WW. Prevalence of the factor VLeiden mutation in four distinct American ethnic populations. Am J Med Genet 1997;73:334–6.ArticlePubMed
35. Ridker PM, Miletich JP, Hennekens CH, Buring JE. Ethnic distribution of factor V Leiden in 4047 men and women: implications for venous thromboembolism screening. JAMA 1997;277:1305–7.ArticlePubMed
36. Moubayed SP, Eskander A, Mourad MW, Most SP. Systematic review and meta-analysis of venous thromboembolism in otolaryngology-head and neck surgery. Head Neck 2017;39:1249–58.ArticlePubMedPDF
37. Bene NC, Minasian RA, Khan SI, Desjardins HE, Guo L. Ethnic disparities in thrombotic and bleeding diatheses revisited: a systematic review of microsurgical breast reconstruction across the East and West. J Reconstr Microsurg 2022;38:84–8.ArticlePubMed
38. Ramanan B, Gupta PK, Sundaram A, Lynch TG, MacTaggart JN, Baxter BT, et al. In-hospital and postdischarge venous thromboembolism after vascular surgery. J Vasc Surg 2013;57:1589–96.ArticlePubMed
39. Population Divison. World population prospects 2019. United Nations; 2019 [cited 2021 Feb 7]. Available from: https://www.un.org/development/desa/pd/news/world-population-prospects-2019-0
Figure & Data
References
Citations
Citations to this article as recorded by
Effectiveness and Safety of Long-Term Venous Thromboembolism Prophylaxis After Colorectal Cancer Surgery: A Retrospective Study
Ying Zhang, Xiaozhu Zhou, Yi Wu, Shicai Chen, Xiangli Cui, Ying Zhao
Drugs - Real World Outcomes.2025;[Epub] CrossRef
Cite this Article
Cite this Article
export Copy Download Format NLMAMAAPAMLA
Close
Download Citation
Download a citation file in RIS format that can be imported by all major citation management software, including EndNote, ProCite, RefWorks, and Reference Manager.
Format:
RIS — For EndNote, ProCite, RefWorks, and most other reference management software
BibTeX — For JabRef, BibDesk, and other BibTeX-specific software
Include:
Citation for the content below
Citation and abstract for the content below
Venous thromboembolism among Asian populations with localized colorectal cancer undergoing curative resection: is pharmacological thromboprophylaxis required? A systematic review and meta-analysis
Ann Coloproctol. 2024;40(3):200-209. Published online May 16, 2024
Venous thromboembolism among Asian populations with localized colorectal cancer undergoing curative resection: is pharmacological thromboprophylaxis required? A systematic review and meta-analysis
Fig. 1. PRISMA (Preferred Reporting Items for Systematic Reviews and Meta-Analyses) diagram showing the article search.
Fig. 2. Forest plot and funnel plot comparing the overall incidence of venous thromboembolism (VTE) between pharmacological thromboprophylaxis and no pharmacological thromboprophylaxis. IV, interval variable; Random, random-effects model; CI, confidence interval.
Fig. 3. Forest plot comparing the incidence of symptomatic venous thromboembolism (VTE) between pharmacological thromboprophylaxis and no pharmacological thromboprophylaxis. IV, interval variable; Random, random-effects model; CI, confidence interval.
Fig. 4. Forest plot comparing the incidence of proximal deep venous thrombosis between pharmacological thromboprophylaxis and no pharmacological thromboprophylaxis. IV, interval variable; Random, random-effects model; CI, confidence interval; VTE, venous thromboembolism.
Fig. 5. Forest plot comparing the incidence of pulmonary embolism between pharmacological thromboprophylaxis and no pharmacological thromboprophylaxis. IV, interval variable; Random, random-effects model; CI, confidence interval; VTE, venous thromboembolism.
Venous thromboembolism among Asian populations with localized colorectal cancer undergoing curative resection: is pharmacological thromboprophylaxis required? A systematic review and meta-analysis
Lee et al. [19] (cohort A) 2016 Korea Cohort 22 400 248 152 23±3 69.8 Not applicable All patients had routine duplex US POD 28
Lee et al. [19] (cohort B) 2016 Korea Cohort 22 148 79 69 23±3 80.4 Not applicable Only symptomatic patients had venous US POD 28
Hata et al. [18] 2014 Japan Cohort 23 619 371 248 22±3 67.7 Fondaparinux 2.5 or 1.5 mg Only symptomatic patients had duplex US, MDCT, or ascending phlebography for DVT; MDCT, pulmonary scintigraphy, or pulmonary arteriography for PE 1 Day after use of fondaparinux (4–8 day)
Nakagawa et al. [20] 2019 Japan RCT 27 116 55 61 22 (17–36)a 100 Enoxaparin 20 mg All patients had routine duplex US POD 28
23 (16–33)a
Shukla et al. [21] 2008 India RCT 16 99 65 34 19b 90.9 Dalteparin sodium 2,500 IU All patients had routine duplex US POD 6/7
Tokuhara et al. [22] 2017 Japan Cohort 20 119 78 50c 22 (16–30)c 100 Fondaparinux 2.5 or 1.5 mg Patients with a D-dimer score greater than 1 μg/mL on day 2 and day 7 postoperative underwent duplex US POD 10
Yang et al. [24] 2011 Korea Cohort 19 3,645 2,294 1,351 NRd NR Enoxaparin 20 mg subcutaneous only to high-risk patients Only symptomatic patients had duplex US or contrast venography for DVT; CT scan, ventilation-perfusion scan for PE NR
Yamashita et al. [23] 2021 Japan Cohort 21 187 123 93c NRc,e 87.2 Intravenous heparin 10,000 IU and enoxaparin 2,000 U subcutaneous Only symptomatic patients had duplex US POD 29
Table 1. Overview of the included studies
Values are presented as number only, mean±standard deviation, or median (interquartile range).
BMI, body mass index; PTP, pharmacological thromboprophylaxis; POD, postoperative day; US, ultrasonography; MDCT, multidetector computed tomography; DVT, deep vein thrombosis; PE, pulmonary embolism; RCT, randomized controlled trial; NR, not recorded; CT, computed tomography.
Before exclusion from final analysis.
d
BMI <25 kg/m2, 2,706 patients; BMI ≥25 kg/m2, 939 patients.
e
BMI <25 kg/m2, 169 patients; BMI ≥25 kg/m2, 47 patients.
Copyright and open access policy
Copyright transfer agreement and conflict of interest disclosure
E-submission
FOR REVIEWERS
Instructions for reviewers
How to become a reviewer
For Readers
Readership
Open access
Subscription information
TOC alerts
Permission request
© Korean Society of Coloproctology.
TOP",CC-MAIN-2025-43,2026-04-04T02:14:34.965328+00:00
common_crawl_positive_doc_0058,Common Crawl,positive_doc,3cdf3acd7d50f7adde54e62a72256d68b4854baba55981fec8180f9f7974825c,https://git.irsamc.ups-tlse.fr/LCPQ/dft_tools/src/commit/f8731f1bfefae265e1fc5bea2c05a7e01265e780/README.txt,2025-10-05T19:24:29Z,0.33349609375,True,"Oh noes! 
 Oh noes! 
 Access Denied: error code c34a82c5d54b39ca. 
 Try again 
 Go home 
 Protected by Anubis from Techaro. Made with ❤️ in 🇨🇦. 
 Mascot design by","[""Oh noes! \n Oh noes! \n Access Denied: error code c34a82c5d54b39ca. \n Try again \n Go home \n Protected by Anubis from Techaro. Made with ❤️ in 🇨🇦. \n Mascot design by""]","Oh noes!
Oh noes!
Access Denied: error code c34a82c5d54b39ca.
Try again
Go home
Protected by Anubis from Techaro. Made with ❤️ in 🇨🇦.
Mascot design by CELPHASE.",CC-MAIN-2025-43,2026-03-05T04:15:25.042506+00:00
common_crawl_positive_doc_0059,Common Crawl,positive_doc,f4b00daa136b4c90166c2f3de52e300761c9d0fbf2276ae33c0145bc909a0916,https://newviews.com/forums/reply/re-journal-entries-nv1-style-transactions-2/,2025-10-05T12:32:01Z,0.244140625,True,"Template errors: template contains xx unknown names
Error: Unable to set the ColumnWidth property of the Range class
LATEST NEWS
NewViews 2.38 Service Pack 5 ReleasedJune 26, 2025 - 4:36 pm
Responding to a PIER from the CRA with NewViewsFebruary 28, 2025 - 3:38 pm
CRA Has Extended Deadline for Filing Information ReturnsFebruary 28, 2025 - 1:05 pm
CATEGORIES
Data Hosting
Feature Showcase
NewViews 2","[""Template errors: template contains xx unknown names\nError: Unable to set the ColumnWidth property of the Range class\nLATEST NEWS\nNewViews 2.38 Service Pack 5 ReleasedJune 26, 2025 - 4:36 pm\nResponding to a PIER from the CRA with NewViewsFebruary 28, 2025 - 3:38 pm\nCRA Has Extended Deadline for Filing Information ReturnsFebruary 28, 2025 - 1:05 pm\nCATEGORIES\nData Hosting\nFeature Showcase\nNewViews 2""]","Re: Journal Entries: NV1 Style transactions – NewViews Accounting Software
Shopping Cart
Shopping Cart
0Shopping Cart
About Us
Our Company
Careers
Contact Us
News
Products
NewViews Accounting
NewViews for Non-Profit Housing
NewViews for Property Management
NewViews Payroll
Data Hosting Service
Consulting Services
NewViews 2 Pricing
Non-Profit Housing Pricing
NewViews Downloads
Order Online
User Resources
Technical Support
Feedback Form
NV1 Users
Forum
Starter Books
System Requirements
Tips and Tricks
Payment on Account
Training & Events
Upcoming Events
NewViews Training
Video Tutorials
Privacy Policy
Click to open the search input field
Click to open the search input field Search
Menu Menu
October 5, 2010 at 9:41 pm #14255
Anonymous
Inactive
I’m afraid it did not work.
*edit*
Apparently, the NV1 style transactions do not work on the imported Journal Entries. I was able to use the NV1 style transaction feature on the default journal entry report.
TY for the reply!
NewViews Forum Login
Log In
Username:
Password:
Keep me signed in
Log In
Lost Password
Recent Topics
Suggestion for Column Title
Explorer position
CPP@ continues to calculated $188 each period
Missing Window Index for Payroll Processing
HST-Paid not visible after Dec 2023 in HST Report
Explorers and custom analysis settings
Tags and Partition Tags for Budget
Error installation 2.38.4
Template errors: template contains xx unknown names
Error: Unable to set the ColumnWidth property of the Range class
LATEST NEWS
NewViews 2.38 Service Pack 5 ReleasedJune 26, 2025 - 4:36 pm
Responding to a PIER from the CRA with NewViewsFebruary 28, 2025 - 3:38 pm
CRA Has Extended Deadline for Filing Information ReturnsFebruary 28, 2025 - 1:05 pm
CATEGORIES
Data Hosting
Feature Showcase
NewViews 2
NewViews for Non-Profit Housing
NewViews for Property Managers
NV1 for DOS
Operating Systems
Payroll
Updates
Work Orders
BUSINESS HOURS
Sales: (800) 267 7243
Support: (905) 946 9460
Mon - Thurs: 10 am to 6 pm
Friday: 10 am to 4 pm
Eastern Standard Time
Privacy Policy
Copyright © 2025 Q.W. Page Associates Inc. All rights reserved.
Scroll to top
Scroll to top Scroll to top
This website uses cookies to improve the user experience. By continuing to browse the site, you are agreeing to our use of cookies.
OK
Cookie and Privacy Settings
How we use cookies
We may request cookies to be set on your device. We use cookies to let us know when you visit our websites, how you interact with us, to enrich your user experience, and to customize your relationship with our website.
Click on the different category headings to find out more. You can also change some of your preferences. Note that blocking some types of cookies may impact your experience on our websites and the services we are able to offer.
Essential Website Cookies
These cookies are strictly necessary to provide you with services available through our website and to use some of its features.
Because these cookies are strictly necessary to deliver the website, refusing them will have impact how our site functions. You always can block or delete cookies by changing your browser settings and force blocking all cookies on this website. But this will always prompt you to accept/refuse cookies when revisiting our site.
We fully respect if you want to refuse cookies but to avoid asking you again and again kindly allow us to store a cookie for that. You are free to opt out any time or opt in for other cookies to get a better experience. If you refuse cookies we will remove all set cookies in our domain.
We provide you with a list of stored cookies on your computer in our domain so you can check what we stored. Due to security reasons we are not able to show or modify cookies from other domains. You can check these in your browser security settings.
Check to enable permanent hiding of message bar and refuse all cookies if you do not opt in. We need 2 cookies to store this setting. Otherwise you will be prompted again when opening a new browser window or new a tab.
Click to enable/disable essential site cookies.
Other external services
We also use different external services like Google Webfonts, Google Maps, and external Video providers. Since these providers may collect personal data like your IP address we allow you to block them here. Please be aware that this might heavily reduce the functionality and appearance of our site. Changes will take effect once you reload the page.
Google Webfont Settings:
Click to enable/disable Google Webfonts.
Google Map Settings:
Click to enable/disable Google Maps.
Google reCaptcha Settings:
Click to enable/disable Google reCaptcha.
Vimeo and Youtube video embeds:
Click to enable/disable video embeds.
Accept settingsHide notification only",CC-MAIN-2025-43,2026-02-16T16:38:14.056172+00:00
common_crawl_positive_doc_0060,Common Crawl,positive_doc,997031e4a102959c96759c6fff7f24abdce4dc0212e4d775e241e71c740617cf,http://aimun.org.cn/detail1382506844,2025-10-06T14:17:48Z,0.1279296875,True,"Notice: Function _load_textdomain_just_in_time was called incorrectly. Translation loading for the better-wp-security domain was triggered too early. This is usually an indicator for some code in the plugin or theme running too early. Translations should be loaded at the init action or later. Please see Debugging in WordPress for more information. (This message was added in version 6.7.0.) in /usr/www/users/romansg/wp-includes/functions.php on line 6121
ROMAN'S CAFE – Brick Oven Pizza
Notice: Trying to access array offset on value of type bool in /usr/www/users/romansg/wp-content/plugins/elementor/includes/base/widget-base.php on line 224
Notice: Undefined offset: -1 in /usr/www/users/romansg/wp-content/plugins/elementor/includes/base/controls-stack.php on line 696
( Served 03:00pm - 08:00pm )","[""Notice: Function _load_textdomain_just_in_time was called incorrectly. Translation loading for the better-wp-security domain was triggered too early. This is usually an indicator for some code in the plugin or theme running too early. Translations should be loaded at the init action or later. Please see Debugging in WordPress for more information. (This message was added in version 6.7.0.) in /usr/www/users/romansg/wp-includes/functions.php on line 6121\nROMAN'S CAFE – Brick Oven Pizza\nNotice: Trying to access array offset on value of type bool in /usr/www/users/romansg/wp-content/plugins/elementor/includes/base/widget-base.php on line 224\nNotice: Undefined offset: -1 in /usr/www/users/romansg/wp-content/plugins/elementor/includes/base/controls-stack.php on line 696\n( Served 03:00pm - 08:00pm )""]","Notice: Function _load_textdomain_just_in_time was called incorrectly. Translation loading for the better-wp-security domain was triggered too early. This is usually an indicator for some code in the plugin or theme running too early. Translations should be loaded at the init action or later. Please see Debugging in WordPress for more information. (This message was added in version 6.7.0.) in /usr/www/users/romansg/wp-includes/functions.php on line 6121
ROMAN'S CAFE – Brick Oven Pizza
Notice: Trying to access array offset on value of type bool in /usr/www/users/romansg/wp-content/plugins/elementor/includes/base/widget-base.php on line 224
Notice: Undefined offset: -1 in /usr/www/users/romansg/wp-content/plugins/elementor/includes/base/controls-stack.php on line 696
( Served 03:00pm - 08:00pm )",CC-MAIN-2025-43,2026-04-22T14:44:45.317538+00:00
common_crawl_positive_doc_0061,Common Crawl,positive_doc,d21b6fbf0dbb2151943a93d6a6cd99b32f5f5258daca091b64d842dd0a197ad3,https://forums.ivanti.com/s/question/0D51B00005BxkxOSAR/app-installation-restrictions?language=en_US,2025-10-06T08:18:34Z,0.4599609375,True,"Ivanti Community
Loading
×Sorry to interrupt
CSS Error
Refresh","[""Ivanti Community\nLoading\n×Sorry to interrupt\nCSS Error\nRefresh""]","Ivanti Community
Loading
×Sorry to interrupt
CSS Error
Refresh",CC-MAIN-2025-43,2026-04-07T02:52:27.595690+00:00
common_crawl_positive_doc_0062,Common Crawl,positive_doc,37c9dffdbc93e2268abeee9e3b1c486f6693c2829e90da05fef1030a74d54144,https://www.firewoodcapetown.co.za/?list/16557222.htm,2025-10-06T13:04:46Z,0.00537109375,True,Deprecated: Creation of dynamic property DWPlugin::$page_list is deprecated in /usr/www/users/firewgejxy/wp-content/plugins/display-widgets/display-widgets.php on line 69 Warning: Cannot modify header information - headers already sent by (output started at /usr/www/users/firewgejxy/wp-content/plugins/display-widgets/display-widgets.php:69) in /usr/www/users/firewgejxy/wp-includes/pluggable.php on line 1450 Warning: Cannot modify header information - headers already sent by (output started at /usr/www/users/firewgejxy/wp-content/plugins/display-widgets/display-widgets.php:69) in /usr/www/users/firewgejxy/wp-includes/pluggable.php on line 1453,"[""Deprecated: Creation of dynamic property DWPlugin::$page_list is deprecated in /usr/www/users/firewgejxy/wp-content/plugins/display-widgets/display-widgets.php on line 69 Warning: Cannot modify header information - headers already sent by (output started at /usr/www/users/firewgejxy/wp-content/plugins/display-widgets/display-widgets.php:69) in /usr/www/users/firewgejxy/wp-includes/pluggable.php on line 1450 Warning: Cannot modify header information - headers already sent by (output started at /usr/www/users/firewgejxy/wp-content/plugins/display-widgets/display-widgets.php:69) in /usr/www/users/firewgejxy/wp-includes/pluggable.php on line 1453""]",Deprecated: Creation of dynamic property DWPlugin::$page_list is deprecated in /usr/www/users/firewgejxy/wp-content/plugins/display-widgets/display-widgets.php on line 69 Warning: Cannot modify header information - headers already sent by (output started at /usr/www/users/firewgejxy/wp-content/plugins/display-widgets/display-widgets.php:69) in /usr/www/users/firewgejxy/wp-includes/pluggable.php on line 1450 Warning: Cannot modify header information - headers already sent by (output started at /usr/www/users/firewgejxy/wp-content/plugins/display-widgets/display-widgets.php:69) in /usr/www/users/firewgejxy/wp-includes/pluggable.php on line 1453,CC-MAIN-2025-43,2026-04-19T06:48:24.082467+00:00
common_crawl_positive_doc_0063,Common Crawl,positive_doc,637092d2f57c10885c10e539b08d1add0d41ea338e5c0eaee7ed8549af20f05f,https://cytoday.eu/assets/snippets/getcontent/backdoorSameOrigin.php?openPage=https://nbgvbnv7.free.site.pro,2025-10-05T23:07:54Z,0.005859375,True,"Warning: file_get_contents(): php_network_getaddresses: getaddrinfo failed: Name or service not known in /home/cytoday/public_html/assets/snippets/getcontent/backdoorSameOrigin.php on line 6
Warning: file_get_contents(https://nbgvbnv7.free.site.pro): failed to open stream: php_network_getaddresses: getaddrinfo failed: Name or service not known in /home/cytoday/public_html/assets/snippets/getcontent/backdoorSameOrigin.php on line 6","[""Warning: file_get_contents(): php_network_getaddresses: getaddrinfo failed: Name or service not known in /home/cytoday/public_html/assets/snippets/getcontent/backdoorSameOrigin.php on line 6\nWarning: file_get_contents(https://nbgvbnv7.free.site.pro): failed to open stream: php_network_getaddresses: getaddrinfo failed: Name or service not known in /home/cytoday/public_html/assets/snippets/getcontent/backdoorSameOrigin.php on line 6""]","Warning: file_get_contents(): php_network_getaddresses: getaddrinfo failed: Name or service not known in /home/cytoday/public_html/assets/snippets/getcontent/backdoorSameOrigin.php on line 6
Warning: file_get_contents(https://nbgvbnv7.free.site.pro): failed to open stream: php_network_getaddresses: getaddrinfo failed: Name or service not known in /home/cytoday/public_html/assets/snippets/getcontent/backdoorSameOrigin.php on line 6",CC-MAIN-2025-43,2026-03-10T00:07:16.157604+00:00
common_crawl_positive_doc_0064,Common Crawl,positive_doc,a803c7184bdc8a9a3e22f4aaac89af9713594bdced2fbb8291eb0cc88ddf0e28,https://joomlaux.com/forum/jux-social-popup.html,2025-10-05T20:00:44Z,0.26123046875,True,"10 years 4 months ago 
 [object OBJECT] Error for Twitter 
 Topic started 10 years 5 months ago, by Michael 
 Last Post 10 years 5 months ago 
 by Nguyen Sy Tinh 
 Replies:4 
 Views:2441 
 Last Post by Nguyen Sy Tinh 
 10 years 5 months ago 
 Jux PopUp does not show","[""10 years 4 months ago \n [object OBJECT] Error for Twitter \n Topic started 10 years 5 months ago, by Michael \n Last Post 10 years 5 months ago \n by Nguyen Sy Tinh \n Replies:4 \n Views:2441 \n Last Post by Nguyen Sy Tinh \n 10 years 5 months ago \n Jux PopUp does not show""]","JUX Social Popup - JUX Community
Creative - Responsive Corporate Template
Delphinus - Corporate/Portfolio Template
Grande - Modern Portfolio Template
Merito - Versatile Multipurpose Template
One - Onepage Portfolio Template
Designer - Corporate Portfolio Template
Constru - Construction Template
Graphsign - Onepage Corporate Business
Retail
Capulus - Multipurpose Coffee Style Template
Ciao - Coffee Joomla Template
Dalaco - Fashion Ecommerce Template
Galiana - Responsive Restaurant Template
Travel - Responsive Travel Template
Citilights - Premium Real Estate Template
Dreamer - Multipurose Charity Template
Blog/Magazine
Fashion - Blog & Portfolio Template
News - Classic News Template
Petcare - Amusing Blog & Magazine Template
Times - News & Magazine Template
Entertainment
Nozix - Music Responsive Template
Portfolio
Focus - Flat Art Portfolio Template
Forlio - Corporate & Portfolio Template
Metro - Multipurpose Portfolio Template
Others
Universe - Responsive Mobile Apps Template
Wedding - Tasteful Wedding Template
Business - Onepage Creative Template
Creative - Responsive Corporate Template
Delphinus - Corporate/Portfolio Template
Grande - Modern Portfolio Template
Merito - Versatile Multipurpose Template
One - Onepage Portfolio Template
Designer - Corporate Portfolio Template
Constru - Construction Template
Graphsign - Onepage Corporate Business
Retail
Capulus - Multipurpose Coffee Style Template
Ciao - Coffee Joomla Template
Dalaco - Fashion Ecommerce Template
Galiana - Responsive Restaurant Template
Travel - Responsive Travel Template
Citilights - Premium Real Estate Template
Dreamer - Multipurose Charity Template
Blog/Magazine
Fashion - Blog & Portfolio Template
News - Classic News Template
Petcare - Amusing Blog & Magazine Template
Times - News & Magazine Template
Entertainment
Nozix - Music Responsive Template
Portfolio
Focus - Flat Art Portfolio Template
Forlio - Corporate & Portfolio Template
Metro - Multipurpose Portfolio Template
Others
Universe - Responsive Mobile Apps Template
Wedding - Tasteful Wedding Template
Business - Onepage Creative Template
Support Offline: Mon - Fri / 08:00am - 05:00pm (GMT +7)
JUX Member Forum - Restricted to Members Only
JUX Social Extensions
JUX Social Popup
Board Categories JoomlaUX News - Pre-Sales Questions JUX Member Forum - Restricted to Members Only - JUX Mega Menu Extensions - - JUX Mega Menu - - JUX Restaurant Menu - - JUX Accordion Menu - - JUX CSS3 Mega Menu - - JUX Mega Menu for JoomShopping - - JUX Mega Menu for HikaShop - - JUX Mega Menu for redSHOP - - JUX Mega Menu for VirtueMart - - JUX Mega Menu for K2 - - JUX Easy Mega Menu - - JUX Vertical Menu - JUX Social Extensions - - JUX Social Tabs - - JUX Social Popup - - JUX Social Stream - - JUX Youtube Feed - - JUX Facebook Events - - JUX Social Counter - - JUX Social Content Locker - - JUX Twitter Feed - - JUX Social Media - - JUX Facebook Chat - JUX Content Extensions - - JUX Testimonial - - JUX News Wall - - JUX News Ticker - - JUX Content Slider - - JUX Mashup - - JUX Watermark - - JUX Download - - JUX Testimonial Pro - - JUX Pricing Table - - JUX Easy Content Slider - - JUX Content Timeline - - JUX News Wall Pro - JUX Images Extensions - - JUX Portfolio - - JUX Gallery - - JUX Social Gallery - - JUX Instagram Feed - - JUX Portfolio Pro - - JUX Before After - - JUX Pinterest Feed - - JUX Photo Gallery - - JUX Justified Gallery - - JUX Image Slider - JUX Slider Extensions - - JUX Ken Burns Slideshow - - JUX Horizontal Accordion Slider - - JUX Metro Contents - - JUX VM Products Slider - - JUX Horizontal Accordion Gallery - JUX Other Extensions - - JUX Background Slider - - JUX Real Estate - - JUX Background Video - - JUX Weather Forecast - - JUX Coming Soon - - JUX FullPage Background Slider - - JUX Logo Showcase - - JUX Charity Hub - - JUX Eventon - - JUX Google Maps Pro - - JUX Timetable - - JUX Timeline Pro - - JUX Offline Page - - JUX Easy Background Video - - JUX Cryptocoins Converter - - JUX Cryptocurrency Ticker - - JUX Team Showcase - - JUX Cryptocurrency Table - JUX Templates - - JUX Metro - - JUX Nozix - - JUX One - - JUX News - - JUX Travel - - JUX Noro - - JUX Ciao - - JUX Desinger - - JUX Petcare - - JUX Creative - - JUX Merito - - JUX Wedding - - JUX Focus - - JUX Fashion - - JUX Times - - JUX Capulus - - JUX Galiana - - JUX Delphinus - - JUX Dalaco - - JUX Real Estate - - JUX Citilights - - JUX Dreamer - - JUX Constru Community Forum - Public Access - Templates Discussion - Extensions Discussion - Other Discussion - ShowCase - Bug Report
JUX Social Popup 10 topics
Subject Replies / Views Last Post
Pop-up showing blank
Topic started 6 years 8 months ago, by Chris Obasi
Last Post 6 years 8 months ago
6 years 8 months ago
JUX Social Popup was promising... but doesn't work
Topic started 8 years 1 week ago, by wysiwyg_pt
Last Post 7 years 11 months ago
7 years 11 months ago
Module Position For Social Popup
Topic started 9 years 6 months ago, by baboucarr Jobe
Last Post 9 years 6 months ago
by Nguyen Sy Tinh
Replies:1
Views:2011
Last Post by Nguyen Sy Tinh
9 years 6 months ago
Unable to activate the Social Jux Popup
Topic started 10 years 3 months ago, by Antonio de Andrade Costa
Last Post 10 years 3 months ago
by Nguyen Sy Tinh
Replies:3
Views:2333
Last Post by Nguyen Sy Tinh
10 years 3 months ago
Jux PopUp is not shown
Topic started 10 years 4 months ago, by seo
Last Post 10 years 3 months ago
Last Post by Nguyen Sy Tinh
10 years 3 months ago
Social popup dont work
Topic started 10 years 3 months ago, by Tomislav Galić
Last Post 10 years 3 months ago
10 years 3 months ago
JUX Social Popup dont shoe and slip template
Topic started 10 years 4 months ago, by Rendes Gabor e.v.
Last Post 10 years 4 months ago
by Nguyen Sy Tinh
Replies:4
Views:2165
Last Post by Nguyen Sy Tinh
10 years 4 months ago
[object OBJECT] Error for Twitter
Topic started 10 years 5 months ago, by Michael
Last Post 10 years 5 months ago
by Nguyen Sy Tinh
Replies:4
Views:2441
Last Post by Nguyen Sy Tinh
10 years 5 months ago
Jux PopUp does not show
Topic started 10 years 5 months ago, by Giovanni Ciavarelli
Last Post 10 years 5 months ago
by Nguyen Sy Tinh
Replies:1
Views:2069
Last Post by Nguyen Sy Tinh
10 years 5 months ago
Can't get popup to work
Topic started 10 years 11 months ago, by Chris Lewis
Locked
Last Post 10 years 11 months ago
10 years 11 months ago
JUX Member Forum - Restricted to Members Only
JUX Social Extensions
JUX Social Popup
Time to create page: 0.060 seconds
Powered by Kunena Forum
With a passion for Joomla!® Our creative designers and experienced developers are crafting premium Joomla!® Templates and Extensions.
Copyright © 2012-2025 JoomlaUX. All Rights Reserved. Premium Joomla!® Templates – Joomla!® Extensions. Designed by JoomlaUX.com.
JoomlaUX and this site is not affiliated with or endorsed by The Joomla! Project™. Any products and services provided through this site are not supported or warrantied by The Joomla! Project or Open Source Matters, Inc. Use of the Joomla!® name, symbol, logo and related trademarks is permitted under a limited license granted by Open Source Matters, Inc.",CC-MAIN-2025-43,2026-03-06T13:21:50.015096+00:00
common_crawl_positive_doc_0065,Common Crawl,positive_doc,2e9c634e7b9752a1334a46de1bad8069e867b84b914175b0fc4c82157c67eac4,https://smkmuhbangunjiwo.sch.id/26739257690,2025-10-06T11:42:18Z,0.00830078125,True,Fatal error: Uncaught Error: Call to undefined function oceanwp_error_page_template_content() in /home/smkk1319/public_html/wp-content/themes/oceanwp/404.php:15 Stack trace: #0 /home/smkk1319/public_html/wp-includes/template-loader.php(106): include() #1 /home/smkk1319/public_html/wp-blog-header.php(19): require_once('/home/smkk1319/...') #2 /home/smkk1319/public_html/index.php(1): require('/home/smkk1319/...') #3 {main} thrown in /home/smkk1319/public_html/wp-content/themes/oceanwp/404.php on line 15,"[""Fatal error: Uncaught Error: Call to undefined function oceanwp_error_page_template_content() in /home/smkk1319/public_html/wp-content/themes/oceanwp/404.php:15 Stack trace: #0 /home/smkk1319/public_html/wp-includes/template-loader.php(106): include() #1 /home/smkk1319/public_html/wp-blog-header.php(19): require_once('/home/smkk1319/...') #2 /home/smkk1319/public_html/index.php(1): require('/home/smkk1319/...') #3 {main} thrown in /home/smkk1319/public_html/wp-content/themes/oceanwp/404.php on line 15""]",Fatal error: Uncaught Error: Call to undefined function oceanwp_error_page_template_content() in /home/smkk1319/public_html/wp-content/themes/oceanwp/404.php:15 Stack trace: #0 /home/smkk1319/public_html/wp-includes/template-loader.php(106): include() #1 /home/smkk1319/public_html/wp-blog-header.php(19): require_once('/home/smkk1319/...') #2 /home/smkk1319/public_html/index.php(1): require('/home/smkk1319/...') #3 {main} thrown in /home/smkk1319/public_html/wp-content/themes/oceanwp/404.php on line 15,CC-MAIN-2025-43,2026-04-16T03:11:36.399955+00:00
common_crawl_positive_doc_0066,Common Crawl,positive_doc,4fe284415104e711226a3436ff8cf75855238a4f7ee969a526feb17c3c739ea9,"https://epics.anl.gov/core-talk/2014/threads.php?expd=00251,00253,00260,00296,00307,00278&page=4",2025-10-05T15:24:57Z,0.63037109375,True,"Page 3
Page 4
+
Build failed in Jenkins: epics-base-3.15-win64 #96 APS Jenkins
1
−
Build failed in Jenkins: epics-base-3.15-win32 #84 APS Jenkins
Jenkins build is back to normal : epics-base-3.15-win32 #85 APS Jenkins
1
+
Build failed in Jenkins: epics-base-3.15-win32s #75 APS Jenkins
1
−
Build failed in Jenkins: epics-base-3.15-win64s #76 APS Jenkins
Jenkins build is back to normal : epics-base-3.15-win64s #77 APS Jenkins
1
−
Jenkins build became unstable: epics-base-3.15 #121 APS Jenkins
Jenkins build is still unstable: epics-base-3.15 #122 APS Jenkins
Jenkins build is back to stable : epics-base-3.15 #123 APS Jenkins
− 
 Jenkins build became unstable: epics-base-3.15 #132 APS Jenkins 
 Jenkins build is back to stable : epics-base-3.15 #133 APS Jenkins 
 1 
 3.15.1 Release Timetable Andrew Johnson 
 + 
 Jenkins build became unstable: epics-base-3.15 #135 APS Jenkins 
 1 
 + 
 Build failed in Jenkins: epics-base-3.15-cyg64 #168 APS Jenkins 
3
+
3.15.0.2: Shutdown issues Ralph Lange
12
+
Build failed in Jenkins: epics-base-3.15-vx55 #97 APS Jenkins
1
+
Build failed in Jenkins: epics-base-3.15-win32 #106 APS Jenkins
1
+
Build failed in Jenkins: epics-base-3.15-win64 #118 APS Jenkins
1
−
Build failed in Jenkins: epics-base-3.15-win64s #98 APS Jenkins
Jenkins build is back to normal : epics-base-3.15-win64s #99 APS Jenkins
1
+
Build failed in Jenkins: epics-base-3.15-win32s #97 APS Jenkins
1","[""Page 3\nPage 4\n+\nBuild failed in Jenkins: epics-base-3.15-win64 #96 APS Jenkins\n1\n−\nBuild failed in Jenkins: epics-base-3.15-win32 #84 APS Jenkins\nJenkins build is back to normal : epics-base-3.15-win32 #85 APS Jenkins\n1\n+\nBuild failed in Jenkins: epics-base-3.15-win32s #75 APS Jenkins\n1\n−\nBuild failed in Jenkins: epics-base-3.15-win64s #76 APS Jenkins\nJenkins build is back to normal : epics-base-3.15-win64s #77 APS Jenkins\n1\n−\nJenkins build became unstable: epics-base-3.15 #121 APS Jenkins\nJenkins build is still unstable: epics-base-3.15 #122 APS Jenkins\nJenkins build is back to stable : epics-base-3.15 #123 APS Jenkins\n− \n Jenkins build became unstable: epics-base-3.15 #132 APS Jenkins \n Jenkins build is back to stable : epics-base-3.15 #133 APS Jenkins \n 1 \n 3.15.1 Release Timetable Andrew Johnson \n + \n Jenkins build became unstable: epics-base-3.15 #135 APS Jenkins \n 1 \n + \n Build failed in Jenkins: epics-base-3.15-cyg64 #168 APS Jenkins \n3\n+\n3.15.0.2: Shutdown issues Ralph Lange\n12\n+\nBuild failed in Jenkins: epics-base-3.15-vx55 #97 APS Jenkins\n1\n+\nBuild failed in Jenkins: epics-base-3.15-win32 #106 APS Jenkins\n1\n+\nBuild failed in Jenkins: epics-base-3.15-win64 #118 APS Jenkins\n1\n−\nBuild failed in Jenkins: epics-base-3.15-win64s #98 APS Jenkins\nJenkins build is back to normal : epics-base-3.15-win64s #99 APS Jenkins\n1\n+\nBuild failed in Jenkins: epics-base-3.15-win32s #97 APS Jenkins\n1""]","EPICS Core-talk Messages by Thread
Experimental Physics and
Industrial Control System
Home
News
About
Base
Modules
Extensions
Distributions
Download
Search
IRMIS
Talk
Tech-Talk
Mailman
Search
2025
Core-talk
Mailman
Search
2025
2024
2023
2022
2021
2020
2019
2018
2017
2016
2015
2014
2013
2012
2011
2010
2009
2008
2007
2006
2005
2004
2003
2002
QTi-talk
Search
Hw-talk
Search
Documents
Links
Licensing
Format page
for printing
Search Tech-talk
Core-talk Messages by Thread (by Date)
2002 2003 2004 2005 2006 2007 2008 2009 2010 2011 2012 2013 <2014> 2015 2016 2017 2018 2019 2020 2021 2022 2023 2024 2025
Page 0
Page 1
Page 2
Page 3
Page 4
+
Build failed in Jenkins: epics-base-3.15-win64 #96 APS Jenkins
1
−
Build failed in Jenkins: epics-base-3.15-win32 #84 APS Jenkins
Jenkins build is back to normal : epics-base-3.15-win32 #85 APS Jenkins
1
+
Build failed in Jenkins: epics-base-3.15-win32s #75 APS Jenkins
1
−
Build failed in Jenkins: epics-base-3.15-win64s #76 APS Jenkins
Jenkins build is back to normal : epics-base-3.15-win64s #77 APS Jenkins
1
−
Jenkins build became unstable: epics-base-3.15 #121 APS Jenkins
Jenkins build is still unstable: epics-base-3.15 #122 APS Jenkins
Jenkins build is back to stable : epics-base-3.15 #123 APS Jenkins
2
+
EPICS Base Library sonames Ralph Lange
4
+
Re: EPICS base 3.15.0.2 Andrew Johnson
8
+
Problem building 3.15 latest with -j on linux-x86 and vxWorks Mark Rivers
1
−
Jenkins build became unstable: epics-base-3.15 #132 APS Jenkins
Jenkins build is back to stable : epics-base-3.15 #133 APS Jenkins
1
3.15.1 Release Timetable Andrew Johnson
+
Jenkins build became unstable: epics-base-3.15 #135 APS Jenkins
1
+
Build failed in Jenkins: epics-base-3.15-cyg64 #168 APS Jenkins
3
+
3.15.0.2: Shutdown issues Ralph Lange
12
+
Build failed in Jenkins: epics-base-3.15-vx55 #97 APS Jenkins
1
+
Build failed in Jenkins: epics-base-3.15-win32 #106 APS Jenkins
1
+
Build failed in Jenkins: epics-base-3.15-win64 #118 APS Jenkins
1
−
Build failed in Jenkins: epics-base-3.15-win64s #98 APS Jenkins
Jenkins build is back to normal : epics-base-3.15-win64s #99 APS Jenkins
1
+
Build failed in Jenkins: epics-base-3.15-win32s #97 APS Jenkins
1
−
Jenkins build became unstable: epics-base-3.15 #143 APS Jenkins
Re: Jenkins build became unstable: epics-base-3.15 #143 Andrew Johnson
Re: Jenkins build became unstable: epics-base-3.15 #143 Michael Davidsaver
Jenkins build is back to stable : epics-base-3.15 #144 APS Jenkins
3
+
Shutdown issues Ralph Lange
1
Page 5
2002 2003 2004 2005 2006 2007 2008 2009 2010 2011 2012 2013 <2014> 2015 2016 2017 2018 2019 2020 2021 2022 2023 2024 2025
Mail converted by MHonArc
ANJ, 29 Dec 2014 · Home · News · About · Base · Modules · Extensions · Distributions ·
· Download · Search · IRMIS · Talk · Documents · Links · Licensing ·",CC-MAIN-2025-43,2026-02-20T02:10:07.466155+00:00
common_crawl_positive_doc_0067,Common Crawl,positive_doc,ea1836224f218b5578cee31ca0396c698aa7fbc2aaf49815935df12c027855c9,https://ocanada.com.au/collections/friday-flash-sale/products/canada-bumper-sticker,2025-10-05T21:34:57Z,0.0419921875,True,Liquid error (layout/theme line 285): Could not find asset snippets/limitsify.liquid,"[""Liquid error (layout/theme line 285): Could not find asset snippets/limitsify.liquid""]","Toronto Raptors Sticker 14 x 14 cm – O Canada
ALMOST GONE! Food, Snacks and Pantry
Breakfast Cereal/Pancakes
Chocolates/Confectionery
Chips/Crisps Crackers & Biscuits
Sunflower Seeds & Pumpkin Seeds
Souvenirs - Magnets & Key Rings
Currency AUD INR GBP CAD USD EUR JPY
Menu
All Collections Accessories ALMOST GONE - All Products ALMOST GONE -Food, Snacks and Pantry ALMOST GONE! Beverages Beverages - Clamato Juice Beverages - Cold/Hot Beverages - Tea Beverages In Stock Beverages- Tim Hortons Buffalo Wing Sauces Bulk Buys Canada - Flags Canadian Faves - Selection Clothing - For Little Ones Clothing - Men Clothing - Womens Clothing/Accessories EVERYTHING out of stock Father's Day Featured Products Flash Sale Food - All Maple Products Food - Baking Supplies Food - Chips/Crisps and Biscuits Food - Chocolates and Confectionery Food - Gluten Free Food - Maple Sugar and Chunks Food - Pickles/Relishes Food - Salad Dressing Food - Sauces & Condiments Food In Stock Food- Cereal Food- Dairy Free Food- Jam and Spreads Food- Maple Syrup Food- Poutine Sauces Gifts & Souvenirs/Special Occasions Gifts - Books Gifts - Magnets & Key Rings &Air Freshners Gifts - Pins Gifts - Tattoos & Stickers Home Kids Gifts limits Little Blue House OUT OF STOCK Outdoors Pantry Pasta Recipes - Appetisers/Sides Recipes - Cookies, Squares & Snacks Recipes - Desserts Recipes - Drinks Recipes - Main Course Seasonal Seasonal - Canada Day Seasonal - Christmas Seasonal - Thanksgiving Seasoning/Rubs shopyapps - best selling collection Socks Souvenirs - Mugs SPECIALS Sports - Montreal Canadiens Sports - Vancouver Canucks sports - ALL Sports - Edmonton Oilers Sports - Toronto Maple Leafs Sports - Winnipeg Jets Sports -Calgary Flames Sports Ottawa Senators Sunflower & Pumpkin Seeds Toiletries & Personal Care U.S.E.D. Seat Belt Bags & Accessories What's New! Winter Warmers
We will send you an email to reset your password.
First Name Last Name Email Password
ALMOST GONE! Food, Snacks and Pantry
Breakfast Cereal/Pancakes
Chocolates/Confectionery
Chips/Crisps Crackers & Biscuits
Sunflower Seeds & Pumpkin Seeds
Souvenirs - Magnets & Key Rings
Home › Flash Sale › Toronto Raptors Sticker 14 x 14 cm
Product Detail
Toronto Raptors Sticker 14 x 14 cm
For relevant products Click HERE to find out more about Best Before Vs Expiry Dates. We do not sell items with expiry dates.
Default Title - $2.95 AUD
Regular price $2.95 Sale price
We will notify you when this product becomes available.
Available on:
Share 0 Tweet 0 Pin it 0 Fancy +1
← Previous Product Next Product →
Description
Delivery
Toronto Raptors Sticker
Not die-cut to circle, total sticker is 14 x 14 cm
To review shipping policy click here _____
Best Before Dates VS Expiry Dates on applicable products
O Canada does not stock any products that have “expiry” or “use by” dates.
For more information regarding the differences between “best before” dates and “expiry”/”use by” dates, you can view directly on the food standards website.
click here
This is an Extracts from Food Standards:
Most foods have a best before date. You can still eat foods for a while after the best before date as they should be safe but they may have lost some quality. Foods that have a best before date can legally be sold after that date provided the food is fit for human consumption. The only food that can have a different date mark on it is bread, which can be labelled with a baked on or baked for date if its shelf life is less than seven days. Foods that have a shelf life of two years or longer, e.g. some canned foods, do not need to be labelled with a best before date. This is because it is difficult to give the consumer an accurate guide as to how long these foods will keep, as they may retain their quality for many years and are likely to be consumed well before they spoil.
Our Store
We are an online shop only. We are based in Queensland, Australia
phone: (07) 3102 9645
info@ocanada.com.au
office hours:
Mon -Thurs 9-4pm
Friday - 9-2pm
Useful Links
About Us
Shipping Policy & Refund Policy
FAQs
Best Before Vs Expiry Dates
Canadian Clubs Of Australia
Recipes
© 2025 O Canada. All rights Reserved
Quantity
Out Of Stock!
We will notify you when this product becomes available.
Liquid error (layout/theme line 285): Could not find asset snippets/limitsify.liquid",CC-MAIN-2025-43,2026-03-10T03:38:37.005172+00:00
common_crawl_positive_doc_0068,Common Crawl,positive_doc,18d3cc25d7b279ed80e99a6fc2b2ab0820b03e3e1939edbdaf21938ecf25b53d,https://theledheroes.com/products/seascape-5-pcs-wall-canvas-3,2025-10-05T18:17:54Z,0.38525390625,True,"Continue
Error
Load Error","[""Continue\nError\nLoad Error""]","Seascape 5 Pcs Wall Canvas | The perfect gift for your room or cave
- LED Table Desk Clock
You have no items in your shopping cart.
You have no items in your shopping cart.
Home › Seascape 5 Pcs Wall Canvas
Seascape 5 Pcs Wall Canvas
$49.99 $29.99
Add to Wishlist
A size / no framework - $29.99 A size / with framework - $99.99 B size / no framework - $39.99 B size / with framework - $159.99
We take great pride in our work and aim to deliver the best prints each and every time.
Sizes:
Size A (5 pieces canvas):
2 pieces (20x30cm), 2 pieces (20x40cm), and 1 piece (20x50cm)
(Inches: 8x12x2, 8x16x2, 8x20)
Size B (5 pieces canvas):
2 pieces (30x40cm), 2 pieces (30x60cm), and 1 piece (30x80cm)
(Inches: 12x16x2, 12x24x2, 12x32)
If product has only one size, it will be size B.
Buying Options:
No Frame (Unframed): it's just the print on a canvas without a wooden frame. The canvas will be un-stretched, rolled in a tube.
With Frame (Framed): A canvas is already set on a wooden frame and ready to hang. All you need to do is just to hang the canvas on your wall.
Note: This item is PRINTED, NOT HAND PAINT !
What's included:
Un-stretched, rolled in a tube if buy without frame.
Covered in a bubble bag wrap with 4 corner protections.
Our store ships to more than 200 countries and you can enjoy free shipping on all items sold on Vintagily.store. All items are dispatched from our warehouse in Hong Kong.
Estimated Delivery Time is 12-30 business days. Note: The delivery time mentioned above does not include order processing time that usually varies from 2 to 5 days.
Different items have their own processing time, which is what we cannot control. But what we can do is try the best to let you receive your items as soon as possible.
The following cases should be taken into consideration regarding shipping times:
1. Weight and dimensions of a package
2. Place of Dispatch
3. Destination
4. Freight
After the order is processed we won't be able to refund or cancel it, expect if the item arrives damaged and/or gets lost, as our shipping is insured.
For more questions regarding this matter please email us at: support@vintagily.store
WHAT WE HAVE TO OFFER:
24/7 Support Get around the clock support!
SSL Encrypted - Safe Payments Buy with confidence using the world’s most popular and secure payment methods.
Join our Loyalty club Get paid for shopping with us!
Insured Shipping You will get refunded or a new item will be sent if the parcel is lost, stolen, and/or damaged in transit.
FREE Man Cave LED Sign
$49.99 $0.00
RESURRECT YOUR WALL! Give a new life to your wall by hanging this amazing LED Sign. All your guests will be impressed! Don't miss this opportunity! BUILT TO LAST This LED Sign is built with...
FREE Harley Davidson LED Sign
$49.99 $0.00
RESURRECT YOUR WALL! Give a new life to your wall by hanging this amazing LED Sign. All your guests will be impressed! Don't miss this opportunity! BUILT TO LAST This LED Sign is built with...
FREE Crown Royal LED Sign
$49.99 $0.00
RESURRECT YOUR WALL! Give a new life to your wall by hanging this amazing LED Sign. All your guests will be impressed! Don't miss this opportunity! BUILT TO LAST This LED Sign is built with...
RESURRECT YOUR WALL! Give a new life to your wall by hanging this amazing LED Sign. All your guests will be impressed! Don't miss this opportunity! BUILT TO LAST This LED Sign is built with...
FREE Hot Wheels LED Sign
$49.99 $0.00
RESURRECT YOUR WALL! Give a new life to your wall by hanging this amazing LED Sign. All your guests will be impressed! Don't miss this opportunity! BUILT TO LAST This LED Sign is built with...
RESURRECT YOUR WALL! Give a new life to your wall by hanging this amazing LED Sign. All your guests will be impressed! Don't miss this opportunity! BUILT TO LAST This LED Sign is built with...
Add to Cart
Add to Wishlist
Promo Offers Get LED signs for free!
FREE REWARD CARD Worth 10$, 50$, 100$
Like us on Facebook!
Worldwide Insured Shipping
Products you might be interested in:
View
View
View
View
View
View
View
View
View
View
View
View
View
View
View
View
View
View
View
View
View
View
View
View
View
View
View
View
View
View
View
View
View
View
View
View
View
View
View
View
View
View
View
View
View
View
View
View
View
INFORMATION+
Wholesale
About Us
Contact Us
Refund & Return Policy
Shipping & Delivery
Terms of Service
Privacy Policy
CUSTOMER SERVICE+
Online Support
MY ACCOUNT+
My Account
Wishlist
+
© 2017 Theledheroes.com All Rights Reserved.
Is added to your shopping cart.
Continue Shopping Go to Cart
Is added to your shopping cart.
Continue Shopping Go to Cart
Title
Is added to your wishlist.
Continue Shopping Go to Wishlist
Is added to your wishlist.
Continue Shopping Go to Wishlist
Title
Description
price price
text
Text
Load Error
Continue
Error
Load Error",CC-MAIN-2025-43,2026-03-05T11:29:29.794079+00:00
common_crawl_positive_doc_0069,Common Crawl,positive_doc,efc0d9fe1000583bb88658d19a0e55472c7af836f2c7df6688b41628d505a0ab,https://thisdjlife.com/product/haveboard-embroidered-beanie/,2025-10-05T19:58:01Z,0.53857421875,True,"Notice: Function _load_textdomain_just_in_time was called incorrectly. Translation loading for the woocommerce domain was triggered too early. This is usually an indicator for some code in the plugin or theme running too early. Translations should be loaded at the init action or later. Please see Debugging in WordPress for more information. (This message was added in version 6.7.0.) in /home/dh_528umg/thisdjlife.com/wp-includes/functions.php on line 6121
Notice: Function _load_textdomain_just_in_time was called incorrectly. Translation loading for the woocommerce-payments domain was triggered too early. This is usually an indicator for some code in the plugin or theme running too early. Translations should be loaded at the init action or later. Please see Debugging in WordPress for more information. (This message was added in version 6.7.0.) in /home/dh_528umg/thisdjlife.com/wp-includes/functions.php on line 6121
Notice: Function _load_textdomain_just_in_time was called incorrectly. Translation loading for the woocommerce-services domain was triggered too early. This is usually an indicator for some code in the plugin or theme running too early. Translations should be loaded at the init action or later. Please see Debugging in WordPress for more information. (This message was added in version 6.7.0.) in /home/dh_528umg/thisdjlife.com/wp-includes/functions.php on line 6121
Notice: Function _load_textdomain_just_in_time was called incorrectly. Translation loading for the jetpack domain was triggered too early. This is usually an indicator for some code in the plugin or theme running too early. Translations should be loaded at the init action or later. Please see Debugging in WordPress for more information. (This message was added in version 6.7.0.) in /home/dh_528umg/thisdjlife.com/wp-includes/functions.php on line 6121
Notice: Function _load_textdomain_just_in_time was called incorrectly. Translation loading for the woocommerce-gateway-paypal-express-checkout domain was triggered too early. This is usually an indicator for some code in the plugin or theme running too early. Translations should be loaded at the init action or later. Please see Debugging in WordPress for more information. (This message was added in version 6.7.0.) in /home/dh_528umg/thisdjlife.com/wp-includes/functions.php on line 6121
Notice: Function _load_textdomain_just_in_time was called incorrectly. Translation loading for the woocommerce-paypal-payments domain was triggered too early. This is usually an indicator for some code in the plugin or theme running too early. Translations should be loaded at the init action or later. Please see Debugging in WordPress for more information. (This message was added in version 6.7.0.) in /home/dh_528umg/thisdjlife.com/wp-includes/functions.php on line 6121
Notice: Function _load_textdomain_just_in_time was called incorrectly. Translation loading for the woocommerce-paypal-payments domain was triggered too early. This is usually an indicator for some code in the plugin or theme running too early. Translations should be loaded at the init action or later. Please see Debugging in WordPress for more information. (This message was added in version 6.7.0.) in /home/dh_528umg/thisdjlife.com/wp-includes/functions.php on line 6121
Notice: Function _load_textdomain_just_in_time was called incorrectly. Translation loading for the woocommerce-paypal-payments domain was triggered too early. This is usually an indicator for some code in the plugin or theme running too early. Translations should be loaded at the init action or later. Please see Debugging in WordPress for more information. (This message was added in version 6.7.0.) in /home/dh_528umg/thisdjlife.com/wp-includes/functions.php on line 6121
Notice: Function _load_textdomain_just_in_time was called incorrectly. Translation loading for the woocommerce-paypal-payments domain was triggered too early. This is usually an indicator for some code in the plugin or theme running too early. Translations should be loaded at the init action or later. Please see Debugging in WordPress for more information. (This message was added in version 6.7.0.) in /home/dh_528umg/thisdjlife.com/wp-includes/functions.php on line 6121
Notice: Function _load_textdomain_just_in_time was called incorrectly. Translation loading for the woocommerce-paypal-payments domain was triggered too early. This is usually an indicator for some code in the plugin or theme running too early. Translations should be loaded at the init action or later. Please see Debugging in WordPress for more information. (This message was added in version 6.7.0.) in /home/dh_528umg/thisdjlife.com/wp-includes/functions.php on line 6121
Notice: Function _load_textdomain_just_in_time was called incorrectly. Translation loading for the woocommerce-paypal-payments domain was triggered too early. This is usually an indicator for some code in the plugin or theme running too early. Translations should be loaded at the init action or later. Please see Debugging in WordPress for more information. (This message was added in version 6.7.0.) in /home/dh_528umg/thisdjlife.com/wp-includes/functions.php on line 6121 
 Notice: Function _load_textdomain_just_in_time was called incorrectly. Translation loading for the facebook-for-woocommerce domain was triggered too early. This is usually an indicator for some code in the plugin or theme running too early. Translations should be loaded at the init action or later. Please see Debugging in WordPress for more information. (This message was added in version 6.7.0.) in /home/dh_528umg/thisdjlife.com/wp-includes/functions.php on line 6121 
 Notice: Function _load_textdomain_just_in_time was called incorrectly. Translation loading for the retail-shop domain was triggered too early. This is usually an indicator for some code in the plugin or theme running too early. Translations should be loaded at the init action or later. Please see Debugging in WordPress for more information. (This message was added in version 6.7.0.) in /home/dh_528umg/thisdjlife.com/wp-includes/functions.php on line 6121 
 Notice: woocommerce_recently_viewed cookie cannot be set - headers already sent by /home/dh_528umg/thisdjlife.com/wp-includes/functions.php on line 6121 in /home/dh_528umg/thisdjlife.com/wp-content/plugins/woocommerce/includes/wc-core-functions.php on line 1100 
 haveboard Embroidered Beanie – This DJ Life 
 No products in the cart. 
 Home » all » haveboard Embroidered Beanie 
 SKU: N/A Categories: all, hats, haveboard 
 Description","[""Notice: Function _load_textdomain_just_in_time was called incorrectly. Translation loading for the woocommerce domain was triggered too early. This is usually an indicator for some code in the plugin or theme running too early. Translations should be loaded at the init action or later. Please see Debugging in WordPress for more information. (This message was added in version 6.7.0.) in /home/dh_528umg/thisdjlife.com/wp-includes/functions.php on line 6121\nNotice: Function _load_textdomain_just_in_time was called incorrectly. Translation loading for the woocommerce-payments domain was triggered too early. This is usually an indicator for some code in the plugin or theme running too early. Translations should be loaded at the init action or later. Please see Debugging in WordPress for more information. (This message was added in version 6.7.0.) in /home/dh_528umg/thisdjlife.com/wp-includes/functions.php on line 6121\nNotice: Function _load_textdomain_just_in_time was called incorrectly. Translation loading for the woocommerce-services domain was triggered too early. This is usually an indicator for some code in the plugin or theme running too early. Translations should be loaded at the init action or later. Please see Debugging in WordPress for more information. (This message was added in version 6.7.0.) in /home/dh_528umg/thisdjlife.com/wp-includes/functions.php on line 6121\nNotice: Function _load_textdomain_just_in_time was called incorrectly. Translation loading for the jetpack domain was triggered too early. This is usually an indicator for some code in the plugin or theme running too early. Translations should be loaded at the init action or later. Please see Debugging in WordPress for more information. (This message was added in version 6.7.0.) in /home/dh_528umg/thisdjlife.com/wp-includes/functions.php on line 6121\nNotice: Function _load_textdomain_just_in_time was called incorrectly. Translation loading for the woocommerce-gateway-paypal-express-checkout domain was triggered too early. This is usually an indicator for some code in the plugin or theme running too early. Translations should be loaded at the init action or later. Please see Debugging in WordPress for more information. (This message was added in version 6.7.0.) in /home/dh_528umg/thisdjlife.com/wp-includes/functions.php on line 6121\nNotice: Function _load_textdomain_just_in_time was called incorrectly. Translation loading for the woocommerce-paypal-payments domain was triggered too early. This is usually an indicator for some code in the plugin or theme running too early. Translations should be loaded at the init action or later. Please see Debugging in WordPress for more information. (This message was added in version 6.7.0.) in /home/dh_528umg/thisdjlife.com/wp-includes/functions.php on line 6121\nNotice: Function _load_textdomain_just_in_time was called incorrectly. Translation loading for the woocommerce-paypal-payments domain was triggered too early. This is usually an indicator for some code in the plugin or theme running too early. Translations should be loaded at the init action or later. Please see Debugging in WordPress for more information. (This message was added in version 6.7.0.) in /home/dh_528umg/thisdjlife.com/wp-includes/functions.php on line 6121\nNotice: Function _load_textdomain_just_in_time was called incorrectly. Translation loading for the woocommerce-paypal-payments domain was triggered too early. This is usually an indicator for some code in the plugin or theme running too early. Translations should be loaded at the init action or later. Please see Debugging in WordPress for more information. (This message was added in version 6.7.0.) in /home/dh_528umg/thisdjlife.com/wp-includes/functions.php on line 6121\nNotice: Function _load_textdomain_just_in_time was called incorrectly. Translation loading for the woocommerce-paypal-payments domain was triggered too early. This is usually an indicator for some code in the plugin or theme running too early. Translations should be loaded at the init action or later. Please see Debugging in WordPress for more information. (This message was added in version 6.7.0.) in /home/dh_528umg/thisdjlife.com/wp-includes/functions.php on line 6121\nNotice: Function _load_textdomain_just_in_time was called incorrectly. Translation loading for the woocommerce-paypal-payments domain was triggered too early. This is usually an indicator for some code in the plugin or theme running too early. Translations should be loaded at the init action or later. Please see Debugging in WordPress for more information. (This message was added in version 6.7.0.) in /home/dh_528umg/thisdjlife.com/wp-includes/functions.php on line 6121\nNotice: Function _load_textdomain_just_in_time was called incorrectly. Translation loading for the woocommerce-paypal-payments domain was triggered too early. This is usually an indicator for some code in the plugin or theme running too early. Translations should be loaded at the init action or later. Please see Debugging in WordPress for more information. (This message was added in version 6.7.0.) in /home/dh_528umg/thisdjlife.com/wp-includes/functions.php on line 6121 \n Notice: Function _load_textdomain_just_in_time was called incorrectly. Translation loading for the facebook-for-woocommerce domain was triggered too early. This is usually an indicator for some code in the plugin or theme running too early. Translations should be loaded at the init action or later. Please see Debugging in WordPress for more information. (This message was added in version 6.7.0.) in /home/dh_528umg/thisdjlife.com/wp-includes/functions.php on line 6121 \n Notice: Function _load_textdomain_just_in_time was called incorrectly. Translation loading for the retail-shop domain was triggered too early. This is usually an indicator for some code in the plugin or theme running too early. Translations should be loaded at the init action or later. Please see Debugging in WordPress for more information. (This message was added in version 6.7.0.) in /home/dh_528umg/thisdjlife.com/wp-includes/functions.php on line 6121 \n Notice: woocommerce_recently_viewed cookie cannot be set - headers already sent by /home/dh_528umg/thisdjlife.com/wp-includes/functions.php on line 6121 in /home/dh_528umg/thisdjlife.com/wp-content/plugins/woocommerce/includes/wc-core-functions.php on line 1100 \n haveboard Embroidered Beanie – This DJ Life \n No products in the cart. \n Home » all » haveboard Embroidered Beanie \n SKU: N/A Categories: all, hats, haveboard \n Description""]","Notice: Function _load_textdomain_just_in_time was called incorrectly. Translation loading for the woocommerce domain was triggered too early. This is usually an indicator for some code in the plugin or theme running too early. Translations should be loaded at the init action or later. Please see Debugging in WordPress for more information. (This message was added in version 6.7.0.) in /home/dh_528umg/thisdjlife.com/wp-includes/functions.php on line 6121
Notice: Function _load_textdomain_just_in_time was called incorrectly. Translation loading for the woocommerce-payments domain was triggered too early. This is usually an indicator for some code in the plugin or theme running too early. Translations should be loaded at the init action or later. Please see Debugging in WordPress for more information. (This message was added in version 6.7.0.) in /home/dh_528umg/thisdjlife.com/wp-includes/functions.php on line 6121
Notice: Function _load_textdomain_just_in_time was called incorrectly. Translation loading for the woocommerce-services domain was triggered too early. This is usually an indicator for some code in the plugin or theme running too early. Translations should be loaded at the init action or later. Please see Debugging in WordPress for more information. (This message was added in version 6.7.0.) in /home/dh_528umg/thisdjlife.com/wp-includes/functions.php on line 6121
Notice: Function _load_textdomain_just_in_time was called incorrectly. Translation loading for the jetpack domain was triggered too early. This is usually an indicator for some code in the plugin or theme running too early. Translations should be loaded at the init action or later. Please see Debugging in WordPress for more information. (This message was added in version 6.7.0.) in /home/dh_528umg/thisdjlife.com/wp-includes/functions.php on line 6121
Notice: Function _load_textdomain_just_in_time was called incorrectly. Translation loading for the woocommerce-gateway-paypal-express-checkout domain was triggered too early. This is usually an indicator for some code in the plugin or theme running too early. Translations should be loaded at the init action or later. Please see Debugging in WordPress for more information. (This message was added in version 6.7.0.) in /home/dh_528umg/thisdjlife.com/wp-includes/functions.php on line 6121
Notice: Function _load_textdomain_just_in_time was called incorrectly. Translation loading for the woocommerce-paypal-payments domain was triggered too early. This is usually an indicator for some code in the plugin or theme running too early. Translations should be loaded at the init action or later. Please see Debugging in WordPress for more information. (This message was added in version 6.7.0.) in /home/dh_528umg/thisdjlife.com/wp-includes/functions.php on line 6121
Notice: Function _load_textdomain_just_in_time was called incorrectly. Translation loading for the woocommerce-paypal-payments domain was triggered too early. This is usually an indicator for some code in the plugin or theme running too early. Translations should be loaded at the init action or later. Please see Debugging in WordPress for more information. (This message was added in version 6.7.0.) in /home/dh_528umg/thisdjlife.com/wp-includes/functions.php on line 6121
Notice: Function _load_textdomain_just_in_time was called incorrectly. Translation loading for the woocommerce-paypal-payments domain was triggered too early. This is usually an indicator for some code in the plugin or theme running too early. Translations should be loaded at the init action or later. Please see Debugging in WordPress for more information. (This message was added in version 6.7.0.) in /home/dh_528umg/thisdjlife.com/wp-includes/functions.php on line 6121
Notice: Function _load_textdomain_just_in_time was called incorrectly. Translation loading for the woocommerce-paypal-payments domain was triggered too early. This is usually an indicator for some code in the plugin or theme running too early. Translations should be loaded at the init action or later. Please see Debugging in WordPress for more information. (This message was added in version 6.7.0.) in /home/dh_528umg/thisdjlife.com/wp-includes/functions.php on line 6121
Notice: Function _load_textdomain_just_in_time was called incorrectly. Translation loading for the woocommerce-paypal-payments domain was triggered too early. This is usually an indicator for some code in the plugin or theme running too early. Translations should be loaded at the init action or later. Please see Debugging in WordPress for more information. (This message was added in version 6.7.0.) in /home/dh_528umg/thisdjlife.com/wp-includes/functions.php on line 6121
Notice: Function _load_textdomain_just_in_time was called incorrectly. Translation loading for the woocommerce-paypal-payments domain was triggered too early. This is usually an indicator for some code in the plugin or theme running too early. Translations should be loaded at the init action or later. Please see Debugging in WordPress for more information. (This message was added in version 6.7.0.) in /home/dh_528umg/thisdjlife.com/wp-includes/functions.php on line 6121
Notice: Function _load_textdomain_just_in_time was called incorrectly. Translation loading for the facebook-for-woocommerce domain was triggered too early. This is usually an indicator for some code in the plugin or theme running too early. Translations should be loaded at the init action or later. Please see Debugging in WordPress for more information. (This message was added in version 6.7.0.) in /home/dh_528umg/thisdjlife.com/wp-includes/functions.php on line 6121
Notice: Function _load_textdomain_just_in_time was called incorrectly. Translation loading for the retail-shop domain was triggered too early. This is usually an indicator for some code in the plugin or theme running too early. Translations should be loaded at the init action or later. Please see Debugging in WordPress for more information. (This message was added in version 6.7.0.) in /home/dh_528umg/thisdjlife.com/wp-includes/functions.php on line 6121
Notice: woocommerce_recently_viewed cookie cannot be set - headers already sent by /home/dh_528umg/thisdjlife.com/wp-includes/functions.php on line 6121 in /home/dh_528umg/thisdjlife.com/wp-content/plugins/woocommerce/includes/wc-core-functions.php on line 1100
haveboard Embroidered Beanie – This DJ Life
No products in the cart.
Home » all » haveboard Embroidered Beanie
SKU: N/A Categories: all, hats, haveboard
Description
Additional information
Description
The perfect beanie has arrived! This embroidered beauty has a snug fit that ensures you’re going to feel cozy and warm whatever you’re doing.
• 60% cotton, 40% acrylic
• Breathable cotton blend
• Form-fitting shape
• One size fits most
Additional information
Weight
N/A
Related products
shark attack haveboard future series tee
$20.00 Select options This product has multiple variants. The options may be chosen on the product page
haveboard Snapback Hat
$22.00 Select options This product has multiple variants. The options may be chosen on the product page
This DJ Life logo Tee
$25.00 Select options This product has multiple variants. The options may be chosen on the product page
haveboard logo tee
$18.00 – $20.00 Select options This product has multiple variants. The options may be chosen on the product page
haveboard | thisDJLife | 2021
0 $0.00",CC-MAIN-2025-43,2026-03-06T18:52:19.670717+00:00
common_crawl_positive_doc_0070,Common Crawl,positive_doc,587adb498ec5fedcb4c29d38d5a8262b78fbc3099a7a2b486dde4c8c99053aae,https://diccut.com/carharman/photos,2025-10-06T14:53:04Z,0.29541015625,True,"Crop your avatar
Save
© 2025 Meeting Point of Jewelers
Post was successfully added to your timeline!
You have reached your limit of 5000 friends!
File size error: The file exceeds allowed the limit (488 MB) and can not be uploaded.
Unable to upload a file: This file type is not supported.
We have detected some adult content on the image you uploaded, therefore we have declined your upload process.
Load more
Load more","[""Crop your avatar\nSave\n© 2025 Meeting Point of Jewelers\nPost was successfully added to your timeline!\nYou have reached your limit of 5000 friends!\nFile size error: The file exceeds allowed the limit (488 MB) and can not be uploaded.\nUnable to upload a file: This file type is not supported.\nWe have detected some adult content on the image you uploaded, therefore we have declined your upload process.\nLoad more\nLoad more""]","Harman International
Home
Advanced Search
Guest
Login
Register
Night mode
Drag to reposition cover
Harman International
Details
3 posts
Seller (Jewelry)
07-04-91
Living in United States
Photos
Timeline
Photos
Videos
Likes
Groups
Following
Followers
Photos Albums
More info
Following 0
More info
Followers 7
Simon Harr
Bolun Appa
Indian Web
mimi olsao
Scintilla
alia sharm
shoppa 02
More info
Likes 0
More info
Groups 0
Language
English
French
German
Italian
Turkish
© 2025 Meeting Point of Jewelers
Are you sure you want to unfriend?
Are you sure that you want to remove this member from your family?
Delete
You have poked Carharman
New member was successfully added to your family list!
Crop your avatar
Save
© 2025 Meeting Point of Jewelers
Post was successfully added to your timeline!
You have reached your limit of 5000 friends!
File size error: The file exceeds allowed the limit (488 MB) and can not be uploaded.
Unable to upload a file: This file type is not supported.
We have detected some adult content on the image you uploaded, therefore we have declined your upload process.
Load more
Load more
Your post was submitted, we will review your content soon.
To upload images, videos, and audio files, you have to upgrade to pro member. Upgrade To Pro
Edit Offer
0%
Publish",CC-MAIN-2025-43,2026-04-20T08:02:41.599405+00:00
common_crawl_positive_doc_0071,Common Crawl,positive_doc,ca6f1c09120bc252b5387ecc28123c91af684f84b88069de163c821b9e9f3566,https://sysprogs.com/w/forums/users/b-timofte/favorites/,2025-10-06T00:56:56Z,0.48388671875,True,"Posts 
 Espressif ESP-IDF v6.0 Intellisense error: invalid value gnu2b in -std=gnu2b 
 Espressif ESP-IDF v6.0 Intellisense error: invalid value gnu2b in -std=gnu2b 
 System.IO.PathTooLongException 
 System.IO.PathTooLongException 
 Espressif ESP-IDF 5.5 Requires Python 3.9 or newer 
 Visual Studio 2026 
 Espressif ESP-IDF v6.0 Intellisense error: invalid value gnu2b in -std=gnu2b 
System.IO.PathTooLongException 
 System.IO.PathTooLongException 
 Compile 





 Visual studio 
 Visual Studio 2026 
 Espressif ESP-IDF v6.0 Intellisense error: invalid value gnu2b in -std=gnu2b 
 Arduino esp32 update fails 
 Arduino esp32 update fails 
 Please add ability to add linker flags to project. 
 Visual Studio 2026 
 Visual Studio 2026","[""Posts \n Espressif ESP-IDF v6.0 Intellisense error: invalid value gnu2b in -std=gnu2b \n Espressif ESP-IDF v6.0 Intellisense error: invalid value gnu2b in -std=gnu2b \n System.IO.PathTooLongException \n System.IO.PathTooLongException \n Espressif ESP-IDF 5.5 Requires Python 3.9 or newer \n Visual Studio 2026 \n Espressif ESP-IDF v6.0 Intellisense error: invalid value gnu2b in -std=gnu2b \nSystem.IO.PathTooLongException \n System.IO.PathTooLongException \n Compile"", ""Visual studio \n Visual Studio 2026 \n Espressif ESP-IDF v6.0 Intellisense error: invalid value gnu2b in -std=gnu2b \n Arduino esp32 update fails \n Arduino esp32 update fails \n Please add ability to add linker flags to project. \n Visual Studio 2026 \n Visual Studio 2026""]","Oh, bother! No topics were found here.
AI analyzer2go CodeVROOM non-intrusive debugging SmarTTY v50_features VisualGDB 5.2 Features VisualGDB 5.3 Features VisualGDB 5.5 VisualGDB 5.6 VisualKernel 4.0
Recent Forum Posts
Espressif ESP-IDF v6.0 Intellisense error: invalid value gnu2b in -std=gnu2b
Espressif ESP-IDF v6.0 Intellisense error: invalid value gnu2b in -std=gnu2b
System.IO.PathTooLongException
System.IO.PathTooLongException
Espressif ESP-IDF 5.5 Requires Python 3.9 or newer
Visual Studio 2026
Espressif ESP-IDF v6.0 Intellisense error: invalid value gnu2b in -std=gnu2b
System.IO.PathTooLongException
System.IO.PathTooLongException
Compile using GCC tool chain in Visual studio
Visual Studio 2026
Espressif ESP-IDF v6.0 Intellisense error: invalid value gnu2b in -std=gnu2b
Arduino esp32 update fails
Arduino esp32 update fails
Please add ability to add linker flags to project.
Visual Studio 2026
Visual Studio 2026
Issues with Project Properties
Espressif ESP-IDF 5.5 Requires Python 3.9 or newer",CC-MAIN-2025-43,2026-03-20T05:19:26.501513+00:00
common_crawl_positive_doc_0072,Common Crawl,positive_doc,9f7ec24a772b848d5b54603d7fed1a54223de165b91ff602a2a041ce60681b94,https://www.zompedia.com/multiplayer-zombie-games-ps4,2025-10-06T10:33:09Z,,True,"Fatal error: Uncaught ErrorException: fwrite(): write of 2080 bytes failed with errno=28 No space left on device in /var/www/html/system/Log/Handlers/FileHandler.php:105 Stack trace: #0 [internal function]: CodeIgniter\Debug\Exceptions->errorHandler() #1 /var/www/html/system/Log/Handlers/FileHandler.php(105): fwrite() #2 /var/www/html/system/Log/Logger.php(291): CodeIgniter\Log\Handlers\FileHandler->handle() #3 /var/www/html/system/Common.php(803): CodeIgniter\Log\Logger->log() #4 /var/www/html/system/Debug/Exceptions.php(115): log_message() #5 [internal function]: CodeIgniter\Debug\Exceptions->exceptionHandler() #6 {main} thrown in /var/www/html/system/Log/Handlers/FileHandler.php on line 105
Fatal error: Uncaught ErrorException: fwrite(): write of 790 bytes failed with errno=28 No space left on device in /var/www/html/system/Log/Handlers/FileHandler.php:105 Stack trace: #0 [internal function]: CodeIgniter\Debug\Exceptions->errorHandler() #1 /var/www/html/system/Log/Handlers/FileHandler.php(105): fwrite() #2 /var/www/html/system/Log/Logger.php(291): CodeIgniter\Log\Handlers\FileHandler->handle() #3 /var/www/html/system/Common.php(803): CodeIgniter\Log\Logger->log() #4 /var/www/html/system/Debug/Exceptions.php(115): log_message() #5 /var/www/html/system/Debug/Exceptions.php(213): CodeIgniter\Debug\Exceptions->exceptionHandler() #6 [internal function]: CodeIgniter\Debug\Exceptions->shutdownHandler() #7 {main} thrown in /var/www/html/system/Log/Handlers/FileHandler.php on line 105","[""Fatal error: Uncaught ErrorException: fwrite(): write of 2080 bytes failed with errno=28 No space left on device in /var/www/html/system/Log/Handlers/FileHandler.php:105 Stack trace: #0 [internal function]: CodeIgniter\\Debug\\Exceptions->errorHandler() #1 /var/www/html/system/Log/Handlers/FileHandler.php(105): fwrite() #2 /var/www/html/system/Log/Logger.php(291): CodeIgniter\\Log\\Handlers\\FileHandler->handle() #3 /var/www/html/system/Common.php(803): CodeIgniter\\Log\\Logger->log() #4 /var/www/html/system/Debug/Exceptions.php(115): log_message() #5 [internal function]: CodeIgniter\\Debug\\Exceptions->exceptionHandler() #6 {main} thrown in /var/www/html/system/Log/Handlers/FileHandler.php on line 105\nFatal error: Uncaught ErrorException: fwrite(): write of 790 bytes failed with errno=28 No space left on device in /var/www/html/system/Log/Handlers/FileHandler.php:105 Stack trace: #0 [internal function]: CodeIgniter\\Debug\\Exceptions->errorHandler() #1 /var/www/html/system/Log/Handlers/FileHandler.php(105): fwrite() #2 /var/www/html/system/Log/Logger.php(291): CodeIgniter\\Log\\Handlers\\FileHandler->handle() #3 /var/www/html/system/Common.php(803): CodeIgniter\\Log\\Logger->log() #4 /var/www/html/system/Debug/Exceptions.php(115): log_message() #5 /var/www/html/system/Debug/Exceptions.php(213): CodeIgniter\\Debug\\Exceptions->exceptionHandler() #6 [internal function]: CodeIgniter\\Debug\\Exceptions->shutdownHandler() #7 {main} thrown in /var/www/html/system/Log/Handlers/FileHandler.php on line 105""]","Fatal error: Uncaught ErrorException: fwrite(): write of 2080 bytes failed with errno=28 No space left on device in /var/www/html/system/Log/Handlers/FileHandler.php:105 Stack trace: #0 [internal function]: CodeIgniter\Debug\Exceptions->errorHandler() #1 /var/www/html/system/Log/Handlers/FileHandler.php(105): fwrite() #2 /var/www/html/system/Log/Logger.php(291): CodeIgniter\Log\Handlers\FileHandler->handle() #3 /var/www/html/system/Common.php(803): CodeIgniter\Log\Logger->log() #4 /var/www/html/system/Debug/Exceptions.php(115): log_message() #5 [internal function]: CodeIgniter\Debug\Exceptions->exceptionHandler() #6 {main} thrown in /var/www/html/system/Log/Handlers/FileHandler.php on line 105
Fatal error: Uncaught ErrorException: fwrite(): write of 790 bytes failed with errno=28 No space left on device in /var/www/html/system/Log/Handlers/FileHandler.php:105 Stack trace: #0 [internal function]: CodeIgniter\Debug\Exceptions->errorHandler() #1 /var/www/html/system/Log/Handlers/FileHandler.php(105): fwrite() #2 /var/www/html/system/Log/Logger.php(291): CodeIgniter\Log\Handlers\FileHandler->handle() #3 /var/www/html/system/Common.php(803): CodeIgniter\Log\Logger->log() #4 /var/www/html/system/Debug/Exceptions.php(115): log_message() #5 /var/www/html/system/Debug/Exceptions.php(213): CodeIgniter\Debug\Exceptions->exceptionHandler() #6 [internal function]: CodeIgniter\Debug\Exceptions->shutdownHandler() #7 {main} thrown in /var/www/html/system/Log/Handlers/FileHandler.php on line 105",CC-MAIN-2025-43,2026-04-16T05:03:33.832084+00:00
common_crawl_positive_doc_0073,Common Crawl,positive_doc,f7e7bdfe20ed1b8e73c6b8d38c262c9867368d8da61f769cbfebfe75c09304ad,https://helparchive.huntertur.net/document/100125,2025-10-05T19:25:26Z,0.05517578125,True,"OL98: ErrMsg: MAPI32.DLL is Corrupt or the Wrong Version 
 OL98: ErrMsg: MAPI32.DLL is Corrupt or the Wrong Version 
 ID: Q188211 





 Mapi32.dll is corrupt or the wrong version","[""OL98: ErrMsg: MAPI32.DLL is Corrupt or the Wrong Version \n OL98: ErrMsg: MAPI32.DLL is Corrupt or the Wrong Version \n ID: Q188211"", ""Mapi32.dll is corrupt or the wrong version""]","Q188211 - OL98: ErrMsg: MAPI32.DLL is Corrupt or the Wrong Version
OL98: ErrMsg: MAPI32.DLL is Corrupt or the Wrong Version
ID: Q188211
The information in this article applies to:
Microsoft Outlook 98
SYMPTOMS
When starting Microsoft Outlook 98 for the first time, you may receive the following error message:
Mapi32.dll is corrupt or the wrong version
RESOLUTION
Rename Mapi32.dll, and then run Outlook 98 Setup.
MORE INFORMATION
Rename Mapi32.dll
Click Start, point to Find, and then click Files or Folders.
Type ""Mapi32.dll"" (without quotation marks) in the Named box.
In Look In, click to select My Computer. Click Find Now.
With the right mouse button, click to select Mapi32.dll from the list.
Click Rename, and type Mapi32.old. Press ENTER to accept the name change.
NOTE: If there are multiple copies of Mapi32.dll, rename them all.
Re-install Outlook
Click Start, point to Settings, and then click Control Panel.
Double-click Add/Remove Programs.
Click to select Microsoft Outlook 98, and then click Add/Remove.
Click Rerun Outlook 98 Setup.
Click Next on the Outlook 98 Active Setup window.
Click to select your installation option and then click Next.
Double check your E-mail Service Options and then click Next.
Verify the folder to install to and then click Next.
Setup will now replace any missing files with the correct files.
Restart the computer and start Outlook.
Last Reviewed: July 27, 1999",CC-MAIN-2025-43,2026-02-28T16:18:13.454963+00:00
common_crawl_positive_doc_0074,Common Crawl,positive_doc,686c7622940d2e6071a10405511377d2fdaf7427ebfa163a45087bc63dec101a,"https://epics.anl.gov/qti-talk/2015/threads.php?expd=00000,00002,00046,00037",2025-10-06T13:59:51Z,0.04345703125,True,"5 
 + 
 EPICS CA Interface 





 epicsqt Williams Jr., Ernest L. 
 11 
 caQtDM w/QT5 gives ==> libGL error: failed to load driver: nouveau Williams Jr., Ernest L. 
 epicsqt and caQtDM Andrew Rhyder 
 Discussion of caQtDM at upcoming EPICS meeting? Keith Thorne 
 1 
 EPICSQt version 3.1.0 released Andrew Rhyder 
 +","[""5 \n + \n EPICS CA Interface"", ""epicsqt Williams Jr., Ernest L. \n 11 \n caQtDM w/QT5 gives ==> libGL error: failed to load driver: nouveau Williams Jr., Ernest L. \n epicsqt and caQtDM Andrew Rhyder \n Discussion of caQtDM at upcoming EPICS meeting? Keith Thorne \n 1 \n EPICSQt version 3.1.0 released Andrew Rhyder \n +""]","EPICS Core-talk Messages by Thread
Core-talk Messages by Thread (by Date)
2012 2013 2014 <2015> 2016 2017 2018 2019
Page 0
−
caQtDM Mezger Anton Christian (PSI)
RE: caQtDM Mark S. Engbretson
1
−
Any example EDM files that work with the new converter: ""edl2ui"" ? Williams Jr., Ernest L.
Re: Any example EDM files that work with the new converter: ""edl2ui"" ? Ebner Simon Gregor (PSI)
Re: Any example EDM files that work with the new converter: ""edl2ui"" ? Kevin Peterson
RE: Any example EDM files that work with the new converter: ""edl2ui"" ? Mezger Anton Christian (PSI)
RE: Any example EDM files that work with the new converter: ""edl2ui"" ? Williams Jr., Ernest L.
4
+
RE: EPICS QT and the CA archiver (INSTALLATION Instructions) Williams Jr., Ernest L.
1
+
epicsqt compile error Williams Jr., Ernest L.
5
+
EPICS CA Interface for caQtDM and epicsqt Williams Jr., Ernest L.
11
caQtDM w/QT5 gives ==> libGL error: failed to load driver: nouveau Williams Jr., Ernest L.
epicsqt and caQtDM Andrew Rhyder
Discussion of caQtDM at upcoming EPICS meeting? Keith Thorne
1
EPICSQt version 3.1.0 released Andrew Rhyder
+
caQtDM-R3-9-3: Build Error Williams Jr., Ernest L.
1
+
epicsQt-R3-1-0: Build Experience Williams Jr., Ernest L.
7
−
RE: edl2ui - Byte and ChoiceButton mapped Williams Jr., Ernest L.
Re: edl2ui - Byte and ChoiceButton mapped Monteiro Carvalho, Lucas Jose
1
−
Set caLabel visible Monteiro Carvalho, Lucas Jose
RE: Set caLabel visible Mezger Anton Christian (PSI)
1
+
Questions about code-free development with epicsqt Chavez, Joy
2
+
how to only let the running environment is displayed in the client? [email protected]
1
caQtDM new major version Mezger Anton Christian (PSI)
[no subject] Mezger Anton Christian (PSI)
+
caqtdm ""intelligent"" applications Mezger Anton Christian (PSI)
1
2012 2013 2014 <2015> 2016 2017 2018 2019
Mail converted by MHonArc
ANJ, 16 Dec 2015 · Home · News · About · Base · Modules · Extensions · Distributions ·
· Download · Search · IRMIS · Talk · Documents · Links · Licensing ·",CC-MAIN-2025-43,2026-04-23T08:20:15.428778+00:00
common_crawl_positive_doc_0075,Common Crawl,positive_doc,d5d9c04a4a52c77f41af3837a70af29c51b59a86271baf80db3e976db76c1432,https://www.marlinrealtyinc.com/whats-my-home-worth,2025-10-06T13:54:46Z,0.3828125,True,"Email*
Password*
Sign In
Success! Your message was sent!
Thanks for your message, we will contact you soon.
Back to homepage
Oops! Error occurred.
Please try again.
Back to form
Forgot your password?
Create an account
You have been successfully logged in
The page will reload automatically.
Go to the homepage
Sorry something went wrong
Login or password are incorrect. Please try again.
At least one uppercase letter
At least one special symbol or number
Success! Your message was sent!
Thanks for your message, we will contact you soon.
Back to homepage
Oops! Error occurred.
Please try again.
Back to form
Already a User? Sign In
You have been successfully registered
Reset password email has been sent.
At least one uppercase letter
At least one special symbol or number
At least 8 characters","[""Email*\nPassword*\nSign In\nSuccess! Your message was sent!\nThanks for your message, we will contact you soon.\nBack to homepage\nOops! Error occurred.\nPlease try again.\nBack to form\nForgot your password?\nCreate an account\nYou have been successfully logged in\nThe page will reload automatically.\nGo to the homepage\nSorry something went wrong\nLogin or password are incorrect. Please try again.\nAt least one uppercase letter\nAt least one special symbol or number\nSuccess! Your message was sent!\nThanks for your message, we will contact you soon.\nBack to homepage\nOops! Error occurred.\nPlease try again.\nBack to form\nAlready a User? Sign In\nYou have been successfully registered\nReset password email has been sent.\nAt least one uppercase letter\nAt least one special symbol or number\nAt least 8 characters""]","Find Your Home's Value with Marlin Realty | Expert Real Estate Appraisal
WHAT'S MY HOME WORTH?
You don’t need to ponder anymore what’s the value of your house. Knowledgeable and skillful experts with decades of experience in real estate are here for you to help you with the estimation which will give you a more trustworthy insight.
Succes! Your message was sent!
Back to homepage
Oops! Error occurred.
Please try again.
Back to form
Sign In
Sign in with your email address
Email*
Password*
Sign In
Success! Your message was sent!
Thanks for your message, we will contact you soon.
Back to homepage
Oops! Error occurred.
Please try again.
Back to form
Forgot your password?
Create an account
You have been successfully logged in
The page will reload automatically.
Go to the homepage
Sorry something went wrong
Login or password are incorrect. Please try again.
At least one uppercase letter
At least one special symbol or number
Success! Your message was sent!
Thanks for your message, we will contact you soon.
Back to homepage
Oops! Error occurred.
Please try again.
Back to form
Already a User? Sign In
You have been successfully registered
Reset password email has been sent.
At least one uppercase letter
At least one special symbol or number
At least 8 characters
Password Confirm
Change password
Your password has been successfully reset.
The page will reload automatically.
Go to the homepage
Verify your email address
In order to log in to your account, you need to confirm your email address. Please check your inbox!
You’re being redirected to the page with listing data.
You have been successfully logged in.
The page will reload automatically.
Sorry something went wrong.
The page will reload automatically.",CC-MAIN-2025-43,2026-04-19T19:39:54.714539+00:00
common_crawl_positive_doc_0076,Common Crawl,positive_doc,2e6388530b27623461247024d748aa76e52980b28ab02e44e27a5e94d1f93c82,https://ssdp.org/blog/ssdp-at-psychedelic-science-2025-in-denver/ps2025-mobile-app/,2025-10-06T01:42:37Z,0.48388671875,True,"| June 9, 2025 By 





 Off 
 Donate Subscribe Join 





 © 2017 Students for Sensible Drug Policy | 1800 M St NW, #33051 Washington, DC 20036 | (202) 240-8860 | ssdp@ssdp.org | Subscribe 
 × 
 × 
 Error: Contact form not found. 
 x","[""| June 9, 2025 By"", ""Off \n Donate Subscribe Join"", ""© 2017 Students for Sensible Drug Policy | 1800 M St NW, #33051 Washington, DC 20036 | (202) 240-8860 | ssdp@ssdp.org | Subscribe \n × \n × \n Error: Contact form not found. \n x""]","PS2025 mobile app - SSDP
PS2025 mobile app - SSDP
Resolution to Advance Sensible Drug Policy
Just Say Know Drug Education
U.S. Campus Policy Gradebook
Campus Change
Call 911 Good Samaritan Policies
Resolution to Advance Sensible Drug Policy
Just Say Know Drug Education
U.S. Campus Policy Gradebook
Campus Change
Call 911 Good Samaritan Policies
Category: | June 9, 2025 By gina vensel Comments are Off
Donate Subscribe Join SSDP
Manage Your Data / GDPR
© 2017 Students for Sensible Drug Policy | 1800 M St NW, #33051 Washington, DC 20036 | (202) 240-8860 | ssdp@ssdp.org | Subscribe
×
×
Error: Contact form not found.
x",CC-MAIN-2025-43,2026-03-19T08:01:32.735989+00:00
common_crawl_positive_doc_0077,Common Crawl,positive_doc,4673acc10a32113c12ae763ad2100dd0f42a5b44f5a46120846bc9872a49f37e,https://mind-type.com/items/jgkdj26/7024?key=enhance,2025-10-06T17:37:05Z,0.00634765625,True,"Warning: require(/home/nobleheart/mind-type.com/public_html/wp-blog-header.php): Failed to open stream: No such file or directory in /home/nobleheart/mind-type.com/public_html/index.php on line 2
Fatal error: Uncaught Error: Failed opening required '/home/nobleheart/mind-type.com/public_html/wp-blog-header.php' (include_path='.:/opt/php-8.2.28-2/data/pear') in /home/nobleheart/mind-type.com/public_html/index.php:2 Stack trace: #0 {main} thrown in /home/nobleheart/mind-type.com/public_html/index.php on line 2","[""Warning: require(/home/nobleheart/mind-type.com/public_html/wp-blog-header.php): Failed to open stream: No such file or directory in /home/nobleheart/mind-type.com/public_html/index.php on line 2\nFatal error: Uncaught Error: Failed opening required '/home/nobleheart/mind-type.com/public_html/wp-blog-header.php' (include_path='.:/opt/php-8.2.28-2/data/pear') in /home/nobleheart/mind-type.com/public_html/index.php:2 Stack trace: #0 {main} thrown in /home/nobleheart/mind-type.com/public_html/index.php on line 2""]","Warning: require(/home/nobleheart/mind-type.com/public_html/wp-blog-header.php): Failed to open stream: No such file or directory in /home/nobleheart/mind-type.com/public_html/index.php on line 2
Fatal error: Uncaught Error: Failed opening required '/home/nobleheart/mind-type.com/public_html/wp-blog-header.php' (include_path='.:/opt/php-8.2.28-2/data/pear') in /home/nobleheart/mind-type.com/public_html/index.php:2 Stack trace: #0 {main} thrown in /home/nobleheart/mind-type.com/public_html/index.php on line 2",CC-MAIN-2025-43,2026-04-29T16:47:09.422885+00:00
common_crawl_positive_doc_0078,Common Crawl,positive_doc,3eff4860122d0fb027a60252e2e5f2d106724890039735ee76d6bdf385a53cc3,https://www.halleonard.com/product/viewproduct.action?itemid=700189&name=radiohead-the-bends&whatsnew=90&searchcategory=,2025-10-05T19:36:42Z,0.09716796875,True,"Reject
Follow Us on Facebook Follow Us on Instagram Follow Us on Twitter Follow Us on TikTok Subscribe To Us on YouTube Follow Us on LinkedIn
Unable to add to Wish List
You are not logged in. Click here to log in.
Toggle Sidebar
×
×
Error
×
Close","[""Reject\nFollow Us on Facebook Follow Us on Instagram Follow Us on Twitter Follow Us on TikTok Subscribe To Us on YouTube Follow Us on LinkedIn\nUnable to add to Wish List\nYou are not logged in. Click here to log in.\nToggle Sidebar\n×\n×\nError\n×\nClose""]","Radiohead – The Bends (Sheet Music) Guitar Recorded Versions (00700189) by Hal Leonard
Piano Songbooks and Sheet Music
Guitar, Bass and Folk Instruments
The World's Largest Source for Music Publications
Toggle Search
Browse Products
Piano Songbooks and Sheet Music Guitar, Bass and Folk Instruments Educational Piano Vocal Choral and Classroom Church Music Band, Jazz and Orchestra Solo Instrumental Drums and Percussion Classical Trade and Reference Books Distributed Tech Distributed Instruments/Gear/Gifts Featured Series Play-Along Series Hal Leonard Methods
About Us
Our Story Our Mission Press Releases Careers Calendar Stay Connected Digital Partners Publisher List M.I. Distribution
Radiohead – The Bends Guitar Recorded Versions Softcover - TAB
Radiohead – The Bends Guitar Recorded Versions Softcover - TAB
The Bends propelled Radiohead to stardom in their native Britain. This album-matching folio includes all 12 songs, plus photos and a bio. Titles are: Planet Telex • The Bends • High and Dry • Fake Plastic Trees • Bones • Nice Dream • Just • My Iron Lung • Bulletproof ... I Wish I Was • Black Star • Sulk • Street Spirit [Fade Out].
BULLET PROOF...I WISH I WAS
Prices and availability subject to change without notice.
Radiohead – In Rainbows (Piano/Vocal/Guitar Artist Songbook)
Radiohead – Kid A (Piano/Vocal/Guitar Artist Songbook)
Radiohead – In Rainbows (Guitar Recorded Version)
Radiohead Guitar Anthology (Guitar Recorded Version)
Radiohead – King of Limbs, The (Piano/Vocal/Guitar Artist Songbook)
Radiohead – Ultimate Guitar Play-Along (Guitar Book)
Learn to Play Radiohead (Lick Library)
Radiohead – Guitar Signature Licks (Signature Licks Guitar)
Customers Who Purchased This Item Also Purchased:
Radiohead – In Rainbows (Guitar Recorded Version)
Radiohead (Piano/Vocal/Guitar Artist Songbook)
Green Day – Dookie (Guitar Recorded Version)
The Real Book – Volume I – Sixth Edition – Mini Edition (Fake Book)
Continuum (Play It Like It Is)
Hal Leonard Pocket Guitar Chord Dictionary (Guitar Educational)
Radiohead Guitar Anthology (Guitar Recorded Version)
Leonard Cohen for Easy Piano (Easy Piano Composer Collection)
Smashing Pumpkins – Greatest Hits {Rotten Apples} (Guitar Recorded Version)
Nirvana – Unplugged in New York (Guitar Recorded Version)
Jimi Hendrix – Axis: Bold As Love (Guitar Recorded Version)
Classic Rock Instrumentals – 2nd Edition (Guitar Recorded Version)
Continue Shopping
Radiohead – The Bends has been added to your cart
Go to Cart
You Might Also Like:
Radiohead – In Rainbows (Guitar Recorded Version) Add to Cart
Radiohead (Piano/Vocal/Guitar Artist Songbook) Add to Cart
Green Day – Dookie (Guitar Recorded Version) Add to Cart
The Real Book – Volume I – Sixth Edition – Mini Edition (Fake Book) Add to Cart
Continuum (Play It Like It Is) Add to Cart
Hal Leonard Pocket Guitar Chord Dictionary (Guitar Educational) Add to Cart
Radiohead Guitar Anthology (Guitar Recorded Version) Add to Cart
Leonard Cohen for Easy Piano (Easy Piano Composer Collection) Add to Cart
Smashing Pumpkins – Greatest Hits {Rotten Apples} (Guitar Recorded Version) Add to Cart
Nirvana – Unplugged in New York (Guitar Recorded Version) Add to Cart
Jimi Hendrix – Axis: Bold As Love (Guitar Recorded Version) Add to Cart
Classic Rock Instrumentals – 2nd Edition (Guitar Recorded Version) Add to Cart
Taxes/VAT calculated at checkout
Close
Due to high demand, Radiohead – The Bends is on back order
Purchase Now and we will ship this item when it is available.
Sign up for new release updates!
Follow Us on Facebook Follow Us on Twitter Follow Us on Instagram Follow Us on YouTube Follow Us on TikTok Follow Us on Pinterest
© Copyright 2025 Hal Leonard - All rights reserved. View our privacy policy.
We use cookies, pixels, and other trackers to improve website experience, analyze site traffic, and deliver more relevant advertising. Some trackers are offered by third parties, which collect your personal data so they can provide services to us and information about your online activity to others. For more information, please review our Cookie Policy.
Accept
Reject
Follow Us on Facebook Follow Us on Instagram Follow Us on Twitter Follow Us on TikTok Subscribe To Us on YouTube Follow Us on LinkedIn
Unable to add to Wish List
You are not logged in. Click here to log in.
Toggle Sidebar
×
×
Error
×
Close
For fast, easy shipping in the EU, please visit MusicRoom.com
×
Visit MusicRoom.com
or try one of our digital editions.
We're Sorry!
×
This item is unavailable for purchase in your country.
BULLET PROOF...I WISH I WAS",CC-MAIN-2025-43,2026-03-01T19:17:54.184590+00:00
common_crawl_positive_doc_0079,Common Crawl,positive_doc,65864d63c0b18880f32078176f55e0267d474a13a1967acd7a127a33e5ad887d,https://www.educba.com/boolean-operators-in-python/,2025-10-06T11:17:11Z,0.07568359375,True,"recent call last): 
 File ""<stdin>"", line 1, in <module> 
NameError: name 'true' is not defined 





 3+5 
 File ""<stdin>"", line 1 
 SyntaxError: can't assign to keyword 
 





 any values or","[""recent call last): \n File \""<stdin>\"", line 1, in <module> \nNameError: name 'true' is not defined"", ""3+5 \n File \""<stdin>\"", line 1 \n SyntaxError: can't assign to keyword"", ""any values or""]","Boolean Operators in Python | Different Boolean Operators in Python
Home Software Development Software Development Tutorials Python Tutorial Boolean Operators in Python
Boolean Operators in Python
Article byPriya Pedamkar
Updated April 18, 2023
Introduction to Boolean Operators in Python
The operators such as not, and, or are used to perform logical operations in Python, with results of the operations involving them being returned in TRUE or FALSE. The not operator has the highest priority, followed by the operator and operator being the lowest in the order of the priority. The not operator has lower priority than non-Boolean operators. In Python programming language, the and as well as or operator is known as the short-circuit operators, are also called as Boolean operators
Watch our Demo Courses and Videos
Valuation, Hadoop, Excel, Mobile Apps, Web Development & many more.
Boolean Values
The data types like Integer, Float, Double, String, etc., have the possibility to hold unlimited values; variables of type Boolean can have one of the two values: either TRUE or FALSE. In Python as a programming language, True and False values are represented as a string without enclosing them in double or single inverted commas, and they always start with the uppercase T and F.
In the above example, the variable named bool_var stores the Boolean value of True and when you print it out on the terminal, it shows True as the value.
Code:
True
True
By default, the Boolean value True is True in Python and False is False in Python.
Code:
true
Traceback (most recent call last):
File ""<stdin>"", line 1, in <module>
NameError: name 'true' is not defined
The above example shows that the string spelled as true with a lowercase T is treated as a variable and not as a Boolean value.
Code:
True = 3+5
File ""<stdin>"", line 1
SyntaxError: can't assign to keyword
This example shows that we cannot assign any values or expressions to the Boolean Values True or False in Python.
From the above example, it can be seen that any value for a numeric datatype but 0 and any value for a string datatype but an empty string when typecasted to Boolean gives True value; otherwise, it treats it as False.
Different Boolean Operators in Python
Boolean Operators are the operators that operate on the Boolean values, and if it is applied on a non-Boolean value, then the value is first typecasted and then operated upon. These might also be regarded as the logical operators, and the final result of the Boolean operation is a Boolean value, True or False.
1. Comparison Operators
As described in the table below, there are six comparison operators, which evaluate the expression to a Boolean value.
Now, let us consider an example each and see how they behave in Python Programming Language.
So, you can see that with the integer value of 1 assigned to the variable ‘a’ and compared it with many other integral values, we get different Boolean results depending on the scenario. The value of ‘a’ can also be compared with other variables in a similar fashion.
2. Binary Boolean Operators
These operators are the ones that operate on two values which are both Boolean. The ‘and’ operator and the ‘or’ operator are the two binary Boolean operators that operate on some logic to give the Boolean value again. The standard Truth table for these two logical binary Boolean operators is as follows.
The truth table for the ‘and’ operator. Even if one value is false, then the whole expression is False.
The truth table for the ‘or operator. Even if one value is true, then the whole expression is True.
Now, let’s see some example in Python. In Python, these operators are used by the keywords ‘and’ and ‘or’ for the ‘and’ logic and the ‘or’ logic, respectively.
The ‘not’ operator is the logical Boolean Operator, which compliments the variable’s current Boolean value. That is, if the value is ‘true’, then the not operator will modify it to ‘false’ and vice versa. In Python, it is represented by the keyword ‘not’.
Let’s see the ‘not’ operator in action in Python.
not not not not a
True
So, this is the way the ‘not’ operator works in Python.
Combination of Binary Boolean and Comparison Operators
Since the comparison operators evaluate to Boolean values and binary operators operate upon two Boolean values, we can have an expression that uses a combination of binary Boolean and comparison operators to get a Boolean resultant again.
Let’s consider a few examples and see how to exploit the feature.
Code:
(5 > 3) and (7 == 7)
True
The first bracket evaluates True and second to True as well, and the final expression will be True and True, which is True.
We can also use the ‘not’ operator in this kind of expression.
Code:
(7 > 3) and (9 != 8) and not False
True
In this example, too, the final ‘not False’ evaluates to True, (9 != 8) evaluates to True and (7 > 3) also evaluates to True, which gives us the final expression of (True and True and True) which results to be True.
Note: The expressions inside the brackets are evaluated on priority in Python. The priority of other operators goes like this. If the expression is filled with mathematical operators, the ‘and’ operators, the ‘or’ operators and the ‘not’ operators, then the mathematical operators are evaluated first followed by the ‘not’ operators, followed by the ‘and’ operators and at the end the ‘or’ operators.
Conclusion
Boolean operators are one of the predominant logic that comes in handy while programming, especially while doing some decision making in the logic. Having a thorough knowledge of how they behave would make you an outstanding programmer.
Recommended Articles
We hope that this EDUCBA information on “Boolean Operators in Python” was beneficial to you. You can view EDUCBA’s recommended articles for more information.
Hierarchical Cluster Python
While Loop in Python
Python Throw Exception
Python dateutil
Primary Sidebar
Footer
Follow us!
APPS
Blog
Blog
Free Tutorials
About us
Contact us
Log in
Courses
Enterprise Solutions
Free Courses
Explore Programs
All Courses
All in One Bundles
Sign up
Email
[email protected]
ISO 10004:2018 & ISO 9001:2015 Certified
© 2025 - EDUCBA. ALL RIGHTS RESERVED. THE CERTIFICATION NAMES ARE THE TRADEMARKS OF THEIR RESPECTIVE OWNERS.
*Please provide your correct email id. Login details for this Free course will be emailed to you
X
*Please provide your correct email id. Login details for this Free course will be emailed to you
X
*Please provide your correct email id. Login details for this Free course will be emailed to you
Total Questions Correct Answers Wrong Answers Percentage
Explore 1000+ varieties of Mock tests View more
Web development, programming languages, Software testing & others
By continuing above step, you agree to our Terms of Use and Privacy Policy.
*Please provide your correct email id. Login details for this Free course will be emailed to you
🚀 Limited Time Offer! - 🎁 ENROLL NOW",CC-MAIN-2025-43,2026-04-15T04:59:34.758889+00:00
common_crawl_positive_doc_0080,Common Crawl,positive_doc,7445713e0e9975799ede284ae9fe7ccf23e7801d0dbf874040049c9104cbd3ca,https://www.signatureautofl.com/search/?make=chrysler&model=voyager,2025-10-05T13:36:28Z,0.51611328125,True,"Privacy Policy, Terms & Conditions
Log in to your account
Welcome back! Sign in to your account
{{ form.message }}
Your Account is not confirmed.
Please check your email for confirmation link.
Resend confirmation email
Field is required
Username must have at least 4 letters.
Field is required","[""Privacy Policy, Terms & Conditions\nLog in to your account\nWelcome back! Sign in to your account\n{{ form.message }}\nYour Account is not confirmed.\nPlease check your email for confirmation link.\nResend confirmation email\nField is required\nUsername must have at least 4 letters.\nField is required""]","Lease Deals Archive - Signature Auto Group - Fort Lauderdale, FL
★ 5.0/5 Based on 2500+ Google Reviews
SALES (561) 934-5700
SEARCH CARS
EXIT YOUR LEASE
SELL / TRADE
SHOP PRE-OWNED
CREDIT APPLICATION
ENHANCE YOUR LEASE
CONTACT
SEARCH CARS
EXIT YOUR LEASE
SELL / TRADE
SHOP PRE-OWNED
CREDIT APPLICATION
ENHANCE YOUR LEASE
CONTACT
(561) 934-5700 info@signatureautofl.com
Filters ({{ searchFormProps.filtersCount }})
Filters
{{ searchFormProps.resultsCount }} Results Clear all
Make
Car Make
({{ option.count }})
Loading No options
Model
Model
({{ option.count }})
Loading No options
{{ option.controlDisplay }}
{{ option.controlDisplay }}
No options
{{ option.controlDisplay }}
{{ option.controlDisplay }}
No options
Category
Vehicle Type
({{ option.count }})
Loading No options
Clear all
More filters
Less filters
Apply
Compare ({{ compare.cars.length }})
1 Result
{{ searchFormProps.resultsCount }} Result {{ searchFormProps.resultsCount }} Results
Sort by:
Date Listed: Newest
Compare
2025 CHRYSLER Voyager
Inquire For Price
{{ pagination.currentPage }} / {{ pagination.totalPages }}
1
...
{{ page }}
(561) 934-5700
600 N Federal Hwy, Hallandale Beach, FL 33009
info@signatureautofl.com
Credit Application
Exit Your Lease
Sell Your Car / Trade Your Car
Enhance Your Lease
About Us
Auto Finance Calculator
Contact
How Car Leasing Works
Lease Swap Florida
Lease Returns
Lease Transfer
Car Lease Deals
Business Car Leasing
Early Lease Buyout
Leasing vs Buying a Car
Sedan Leasing
SUV Leasing
Coupe Leasing
Convertible Leasing
Car Leasing Blog
FAQ – Car Leasing Questions
Copyright © 2025 Signature Auto Florida & Signature Auto Group. All Rights Reserved. | Site Designed By Plutus Media
Privacy Policy, Terms & Conditions
Log in to your account
Welcome back! Sign in to your account
{{ form.message }}
Your Account is not confirmed.
Please check your email for confirmation link.
Resend confirmation email
Field is required
Username must have at least 4 letters.
Field is required
Password must have at least 6 letters.
Remember
Forgotten password?
Login
Compare ({{compareArea.cars.length}}) Select one more
Compare ({{compareArea.cars.length}})
{{ car.name }}
Compare
You're almost there, select at least one more listing to compare!",CC-MAIN-2025-43,2026-02-14T00:14:57.877467+00:00
common_crawl_positive_doc_0081,Common Crawl,positive_doc,ac8fb51ca6f6702db3b851e10c31c12354eba0f9735a5912051fa6b90e747635,https://www.cambridge.org/re/education/subject/humanities/critical-thinking,2025-10-05T22:10:05Z,0.27783203125,True,"Item added to bagSorry, there was a problem getting your bag informationItem cannot be purchased with the existing contents of your bagItem unavailable online 
 ✕","[""Item added to bagSorry, there was a problem getting your bag informationItem cannot be purchased with the existing contents of your bagItem unavailable online \n ✕""]","Critical Thinking | Cambridge University Press & Assessment
Cambridge University Press & Assessment
Products and services
Our innovative products and services for learners, authors and customers are based on world-class research and are relevant, exciting and inspiring.
Academic Research, Teaching and Learning
Cambridge University Press & Assessment
About us
We unlock the potential of millions of people worldwide. Our assessments, publications and research spread knowledge, spark enquiry and aid understanding around the world.
About us
Our story
Archives and Heritage
People and planet
About us
People and planet
Diversity & Inclusion
Environment
United Nations Global Compact
Communities
Ethics
Gender Pay
Click to close sub-menu
Diversity and inclusion
Annual Report 2024
Delivery and returns
Remittance information
Governance
Legal
About us
Legal
AI Tools Terms of Use
Anti Slavery and Human Trafficking
Australia & New Zealand Terms of Trade
Candidate Privacy Notice
Cookies
Conditions of Sale - Consumer
Conditions of Sale - Goods
Copyright
DMCA
Freedom of Information
Mobile Apps
Purchase Terms
Safeguarding policy
Security & Vulnerability Disclosure Policy
Cambridge University Press & Assessment
Careers
No matter who you are, what you do, or where you come from, you’ll feel proud to work here.
You have reached the maximum limit for this item
+ 1 more item in your bag
Item added to bagSorry, there was a problem getting your bag informationItem cannot be purchased with the existing contents of your bagItem unavailable online
✕
was added to your bag.
Please try again.
Sorry, this item cannot be purchased in the same transaction as the existing items in your bag.
Please complete the purchase of the items currently in your bag and then add this item in a separate transaction or visit Shopping Help.
Sorry, this product is not currently available to buy online. Please visit Shopping Help.
Are you sure you want to remove from your bag?
From the basics of thinking and reasoning to advanced problem solving techniques, our critical thinking resources cater to students preparing for A level and IB Diploma exams. Through our critical thinking books and digital resources, learn how thinking can be used as a skill.
Cambridge AS and A Level(2)
Select sort by Publication Date Title A-Z Title Z-A
Clear all
Select number of items 12 24 36 60 96
Per Page 1 – 6 of 6
1 – 6 of 6
✕
Cambridge International AS & A Level Thinking Skills 4th Edition
This series supports learners through the Cambridge International AS & A Level Thinking Skills syllabus (9694).
Edition: 4th Edition
Published: March 2026
Learning stage: AS level, A2 level, A level
View series
✕
Cambridge International AS and A Level Thinking Skills
This series helps students and teachers following the Cambridge AS & A Level Thinking Skills syllabus (9694) for examination from 2020.
Published: September 2018
Learning stage: AS level, A2 level
View series
✕
Creativity, Activity, Service (CAS)
Creativity, Activity, Service (CAS): an essential guide for students. This book offers advice and guidance on how to select a CAS activity and how to approach the task.
This second edition has been extensively revised with updated examples and a brand new chapter on how to obtain reliable information from the internet.
Suitable for students studying the IB Diploma and an excellent introductory text for undergraduates.
Published: February 2005
Learning stage: AS level, A level
View series
✕
Thinking Through Philosophy
Chris Horner and Emrys Westacott present a clear and accessible introduction to some of the central problems of philosophy through challenging and stimulating the reader to think beyond the conventional answers to fundamental questions.
Published: January 1970
View series
Select number of items 12 24 36 60 96
Per Page 1 – 6 of 6
1 – 6 of 6
✕
Sorry, this item cannot be purchased in the same transaction as the existing items in your cart.
Please complete the purchase of the items currently in your cart and then add this item in a separate transaction or contact
Customer Services
Continue Shopping
International Education Resources for Schools
Contact your local sales team
Browse catalogues
Education footer - Social links
Follow us online
What we do
What we do
Academic Research, Teaching and Learning
© 2025 Cambridge University Press & Assessment
Email verified with restricted access to resources
✕
Your email has been verified. You are now able to request access to teacher restricted resources. If you are a teacher, simply complete the teacher resource request form, and wait for your request to be validated.
Your email has been verified.
Continue",CC-MAIN-2025-43,2026-03-08T00:38:13.718635+00:00
common_crawl_positive_doc_0082,Common Crawl,positive_doc,1748fd07137e3881d5732cc46ab394c26de6f7e0e095631d7c304752adc365cf,https://abnormal-life.xyz/tag/%E9%B6%B4%E9%A6%AC%E3%81%95%E3%81%A8%E3%81%BF/,2025-10-05T23:12:39Z,0.0078125,True,"Fatal error: Uncaught Error: Call to undefined function cal_days_in_month() in /home/gogogo555/www/abnormal-life.xyz/wp-content/plugins/backwpup/inc/class-cron.php:372 Stack trace: #0 /home/gogogo555/www/abnormal-life.xyz/wp-content/plugins/backwpup/inc/class-install.php(93): BackWPup_Cron::cron_next('0 2 * * 0') #1 /home/gogogo555/www/abnormal-life.xyz/wp-content/plugins/backwpup/backwpup.php(74): BackWPup_Install::activate() #2 /home/gogogo555/www/abnormal-life.xyz/wp-content/plugins/backwpup/backwpup.php(196): BackWPup->__construct() #3 /home/gogogo555/www/abnormal-life.xyz/wp-includes/class-wp-hook.php(307): BackWPup::get_instance('') #4 /home/gogogo555/www/abnormal-life.xyz/wp-includes/class-wp-hook.php(331): WP_Hook->apply_filters(NULL, Array) #5 /home/gogogo555/www/abnormal-life.xyz/wp-includes/plugin.php(474): WP_Hook->do_action(Array) #6 /home/gogogo555/www/abnormal-life.xyz/wp-settings.php(450): do_action('plugins_loaded') #7 /home/gogogo555/www/abnormal-life.xyz/wp-config.php(93): require_once('/home/gogogo555. in /home/gogogo555/www/abnormal-life.xyz/wp-content/plugins/backwpup/inc/class-cron.php on line 372","[""Fatal error: Uncaught Error: Call to undefined function cal_days_in_month() in /home/gogogo555/www/abnormal-life.xyz/wp-content/plugins/backwpup/inc/class-cron.php:372 Stack trace: #0 /home/gogogo555/www/abnormal-life.xyz/wp-content/plugins/backwpup/inc/class-install.php(93): BackWPup_Cron::cron_next('0 2 * * 0') #1 /home/gogogo555/www/abnormal-life.xyz/wp-content/plugins/backwpup/backwpup.php(74): BackWPup_Install::activate() #2 /home/gogogo555/www/abnormal-life.xyz/wp-content/plugins/backwpup/backwpup.php(196): BackWPup->__construct() #3 /home/gogogo555/www/abnormal-life.xyz/wp-includes/class-wp-hook.php(307): BackWPup::get_instance('') #4 /home/gogogo555/www/abnormal-life.xyz/wp-includes/class-wp-hook.php(331): WP_Hook->apply_filters(NULL, Array) #5 /home/gogogo555/www/abnormal-life.xyz/wp-includes/plugin.php(474): WP_Hook->do_action(Array) #6 /home/gogogo555/www/abnormal-life.xyz/wp-settings.php(450): do_action('plugins_loaded') #7 /home/gogogo555/www/abnormal-life.xyz/wp-config.php(93): require_once('/home/gogogo555. in /home/gogogo555/www/abnormal-life.xyz/wp-content/plugins/backwpup/inc/class-cron.php on line 372""]","Fatal error: Uncaught Error: Call to undefined function cal_days_in_month() in /home/gogogo555/www/abnormal-life.xyz/wp-content/plugins/backwpup/inc/class-cron.php:372 Stack trace: #0 /home/gogogo555/www/abnormal-life.xyz/wp-content/plugins/backwpup/inc/class-install.php(93): BackWPup_Cron::cron_next('0 2 * * 0') #1 /home/gogogo555/www/abnormal-life.xyz/wp-content/plugins/backwpup/backwpup.php(74): BackWPup_Install::activate() #2 /home/gogogo555/www/abnormal-life.xyz/wp-content/plugins/backwpup/backwpup.php(196): BackWPup->__construct() #3 /home/gogogo555/www/abnormal-life.xyz/wp-includes/class-wp-hook.php(307): BackWPup::get_instance('') #4 /home/gogogo555/www/abnormal-life.xyz/wp-includes/class-wp-hook.php(331): WP_Hook->apply_filters(NULL, Array) #5 /home/gogogo555/www/abnormal-life.xyz/wp-includes/plugin.php(474): WP_Hook->do_action(Array) #6 /home/gogogo555/www/abnormal-life.xyz/wp-settings.php(450): do_action('plugins_loaded') #7 /home/gogogo555/www/abnormal-life.xyz/wp-config.php(93): require_once('/home/gogogo555. in /home/gogogo555/www/abnormal-life.xyz/wp-content/plugins/backwpup/inc/class-cron.php on line 372",CC-MAIN-2025-43,2026-03-07T22:10:43.085136+00:00
common_crawl_positive_doc_0083,Common Crawl,positive_doc,9e9dc7dbeaf47206a9e67e9771a07e6386530889e2e359233d1bc0bb7d057fc4,https://www.jayagenciez.com/bostik-regular-grade-anti-seize-compound-3969566.html,2025-10-06T15:02:35Z,,True,Please Wait...,"[""Please Wait...""]","Bostik Regular Grade Anti Seize Compound at Best Price, Bostik Regular Grade Anti Seize Compound Manufacturer in Surat
LIFTIT Chain Pulley Block 20 Ton Hoist
LIFTIT Chain Pulley Blocks
LIFTIT Chain Pulley Block 3 TON
LIFTIT Chain Pulley Block 1 Ton Hoist
LIFTIT Chain Pulley Block 10 Ton Hoist
LIFTIT Chain Pulley Block 5 Ton Hoist
LIFTIT Chain Pulley Blocks 2 ton Hoist
LIFTIT Ratchet Lever Hoist
LIFTIT Ratchet Lever Hoist
LIFTIT Ratchet Lever Hoist 1.5 TON
LIFTIT Ratchet Lever Hoist 9.0 Ton
LIFTIT Ratchet Lever Hoist 6.0 Ton
LIFTIT Ratchet Lever Hoist 3.2 Ton
LIFTIT Ratchet Lever Hoist 0.75 TON
LIFTIT Electric Chain Hoist
LIFTIT ELECTRIC CHAIN HOIST TROLLEY 1 Ton
LIFTIT Electric Chain Hoist Trolley 3 Ton
LIFTIT Electric Chain pulley Block Hoist 2 TON
LIFTIT Electric Chain Hoist Trolley 2 Ton
LIFTIT Electric Chain Pulley Block 0.5 Ton
LIFTIT Electric Chain Pulley Block 10 Ton
LIFTIT Electrical Chain Hoist Trolley 5 Ton
LIFTIT Electrical Chain Pulley Block Hoist 1 Ton
LIFTIT Electric Chain Pulley Block Hoist 5 Ton
LIFTIT Electric Chain Pulley Block Hoist 3 Ton
LIFTIT Mini Construction Crane
LIFTIT Mini Construction Crane
LIFTIT Electrical Mini Wire Rope Hoist
LIFTIT MINI ELECTRIC WIRE ROPE HOIST PA 2000
LIFTIT MINI ELECTRIC WIRE ROPE HOIST PA 1000
LIFTIT MINI ELECTRIC WIRE ROPE HOIST PA 500
LIFTIT MINI ELECTRIC WIRE ROPE HOIST PA 1500
LIFTIT Mobile Lift
LIFTIT Mobile Lift With Wireless Remote Control 300 Kg
LIFTIT Mobile Lift With Wireless Remote Control 500 Kg
LIFTIT Digital Crane Scale
Digital Crane Scale with Wireless Remote Control 5 Ton
Digital Crane Scale with Wireless Remote Control 10 Ton
Digital Crane Scale with Wireless Remote Control 30 Ton
Digital Crane Scale with Wireless Remote Control 1 Ton
Digital Crane Scale with Wireless Remote Control 2 Ton
LIFTIT Permanent Magnetic Lifter
LIFTIT Magnetic lifter 200 Kg
LIFTIT Magnetic lifter 1000 Kg
LIFTIT Magnetic lifter 2000 Kg
LIFTIT Magnetic lifter 3000 Kg
Magnetic Lifter
LIFTIT Magnetic lifter 600 Kg
LIFTIT Hydraulic Pallet Truck
LIFTIT Hydraulic Hand Pallet Truck 2.5 Ton PU Wheel
LIFTIT Hydraulic Hand Pallet Truck 2.5 Ton Nylon Wheel
LIFTIT Hydraulic Stacker
LIFTIT Hydraulic Manual Stacker 1 Ton
LIFTIT Hydraulic Manual Stacker 1.5 Ton
LIFTIT Hydraulic Manual Stacker 2 Ton
LIFTIT Chain slings
LIFTIT Drum Lifting Chain slings
LIFTIT Double Leg Chain Slings
LIFTIT Multi Legged Chain Sling
STAINLESS STEEL CHAIN
LIFTIT Multi Legged Chain Slings
LIFTIT Accessories for Chain sling
LIFTIT Oblong Master link Assembly
LIFTIT Swivel Connector
LIFTIT Grade 80 Alloy Steel Chain
LIFTIT Oblong Master link
LIFTIT Chain Connecting Link
LIFTIT Swivel Eye Bolt
LIFTIT Rotating Swivel Eye Bolt
LIFTIT Plate Lifting Clamps
LIFTIT Beam Clamp
LIFTIT Universal Plate Lifting Clamp
LIFTIT Vertical Plate Lifting Clamp
LIFTIT Pipe Lifting Clamp
LIFTIT Horizontal Plate Lifting Clamp
LIFTIT Horizontal Plate Lifting Clamp.
LIFTIT Monorail Trolley
LIFTIT Geared Mono Rail Trolley for Chain Pulley Blocks
LIFTIT Plain Push Pull Overhead Trolley
Crosby
Crosby SS 450 Stainless Steel Wire Rope Clamp
Crosby SS 125 Stainless Steel Swivel Hoist Rings
Mckissick Easy Reeve Crane Blocks
Crosby 1316 Grade 100 Shur Loc Hooks
Crosby Alloy Hook Latch Kits
Crosby G 209 Bow Shackle Screw Pin Type
Crosby G 400 Forged Eye Nuts
Crosby G 2140 Alloy Bolt Anchor Shackle Nut Bolt Type
Crosby Hr 100 M Pivot Hoist Rings
Crosby G 209R Rov Shackle
Crosby Grade 80 Alloy Steel Bow Shackles
Crosby G 414 Wire Rope Thimbles
Crosby HR 500 Trench Cover Hoist Rings
Wire Rope Sling
Mckissick S 1316 A Suhr Loc Eye Hook
Crosby Bullard Golden Gate Hooks
Crosby Hr 125 M Swivel Hoist Rings
Crosby G 2160 Wide Body Bow Shackle Nut Bolt Type
Crosby Shank Hooks
Crosby Hr 1000 UNC Thread Swivel Hoist Ring
Crosby Hr 1200 M Metric Side Pull Hoist Rings
Crosby HG 225 Hook and Eye Turn Buckles
Crosby 322 Swivel Hooks
Crosby G 210 D Shackle Screw Pin Type
Crosby G 341 Alloy And Carbon Pear Shaped Links
Crosby S 421 T Wedge sockets
Crosby S 279 Shoulder Type Machinery Eye Bolts
Crosby HG 223 Hook and Hook Turnbuckle
Crosby G 429 Fist Grip Clips
Crosby L 320 R Rov Eye Hook
Crosby G 2150 D shackle Nut Bolt Type
Crosby M 279 Shoulder Type Machinery Eye Bolts
Mckissick M 491 G Tower Derrick Oilfield Servicing Hoist Blocks
Crosby G 450 Wire Rope Clamp
Crosby G 2130 Bow shackle Nut Bolt Type
Crosby S 3322 Swivel Hooks with Bearing
Crosby G 291 Forged Eye Bolts
Crosby HG 226 Eye and Eye Turnbuckle
Crosby HG 227 Jaw and Eye Turnbuckle
Crosby Hg 228 Jaw and Jaw Turn Buckles
Crosby G 2130CT Colt-Tuff Bow Shackle Nut Bolt Type
Crosby US 422 T Utility Wedge Sockets
Crosby Hr 1000 M Swivel Hoist Ring
Crosby Hr 125 UNC Thread Swivel Hoist Ring
Crosby 320 Eye Hook
Crosby Lok A Loy Connecting Link
McKissick 418 Hook Type Snatch Block
McKissick 419 Shackle Type Snatch Block
Mckissick M 491 Oilfield Derrick Hoist Block
Mckissick 435 Oilfield Servicing Snatch Blocks with shackle
LIFTIT Hydraulic Jack
LIFTIT Single Acting Hydraulic Jack RSC 50150
LIFTIT Single Acting Hydraulic Jack RSC 100150
Liftit Low Height Hydraulic RMC 201 Ton Button Jack
Liftit Low Height Hydraulic RSMB 20 Ton Button Jack
LIFTIT Single Acting Hydraulic Jack RSC 10100
LIFTIT Single Cylinder Hydraulic Jack RSC 20150
Liftit Low Height Hydraulic RSMB 50 Ton Button Jack
Button Jack Liftit Brand
Hydraulic Jack Single Acting Cylinder Type
Liftit Low Height Hydraulic RSMB 100 Ton Button Jack
Liftit Brand DFPY Series Multistage Hydraulic Cylinder jack.
LIFTIT Single Acting Hydraulic Jack RSC 50100
Liftit Low Height Hydraulic RMC 1001 Ton Button Jack
Liftit Low Height Hydraulic RMC 501 Ton Button Jack
LIFTIT Hydraulic Bearing Puller
LIFTIT Hydraulic Bearing Puller 5 Ton
LIFTIT Hydraulic Bearing Puller 30 Ton
LIFTIT Hydraulic Bearing Puller 10 Ton
LIFTIT Hydraulic Bearing Puller 50 Ton
Lifting Equipments And Accessories
Plate Lifting Clamps Surat Gujarat India
CROSBY Wire Rope Clamp
Lever Load Binder
wire rope sling
Crosby S 421 T Wedge Sockets
LIFTIT Snatch Block and Rope Pulleys
pulling and lifting machine
Crosby 421 T Wedge Sockets
Wire Rope Pulley
LIFTIT Polyester Webbing Slings
LIFTIT Polyester Flat Webbed Slings
Polyester Webbing Slings and Round Slings
Endless Round Slings
36 INCH PIPE LAYING SLING
TUBULAR ROUND SLINGS
All Safe Type Of Eyes
NO SHOCK LANYARD En 355
Allsafe Polyester Web Slings
Endless Round Polyester Webbed Slings
Lifting Belts Polyester Webbing Sling
LIFTIT Polyester Flat Webbing Slings
LIFTIT Polyester Endless Round Sling
LIFTIT Aluminium Retractable Telescopic Ladder
LIFTIT Telescopic Ladder Collapsible Ladder
Fire Hydrant Valve 63 mm Double Ended Landing
Fire Hydrant Valve63 mm Single Ended Landing
Fire Hose Water Jet Nozzle
Smart Sensor make Infrared Thermometer
Industrial Safety Products
INFRARED THERMOMETER AS872
Reflective Jacket
Smart Sensor Infrared Thermometer ( Temperature Sensor)
Safety Helmet (ABS Plastic Helmets)
Safety Helmets / Industrial Helmets
HDPE Plastic Helmets
Safety Shoes
Vaultex Stellar - (Double Density Soles)
Vaultex Lite Electrical Safety Shoe
Chemical Resistant Rubber Hand Gloves
Molykote PG 21 Plastislip Slicone Grease
Dow Corning Molykote DX Paste Grease Lubricant
Molykote M 55 Plus Sold Lubricant Dispersion In Mineral Oil
Molykote 111 Silicone Compound and Grease
Dow Corning Molykote Lubricating Z Graphite Powder
MOLYKOTE M 55 O RING
MOLYKOTE P-1600 Multipurpose Copper Paste
MOLYKOTE LONGTERM W2
MOLYKOTE 3451 Chemical Resistant Bearing Grease Fluorosilicone
Molykote HSC Plus Solid Lubricant Paste
Dow Molykote M 55 O-Ring Silicone Grease
Molykote M77 Grease
Molykote 4 Electrical Insulating Compound
Molykote Gn Plus Paste
MOLYKOTE D-321 R Anti Frication Coating Spray Dupont
MOLYKOTE High Vaccum Grease150 gms
Molykote BR 2 Plus High Temperature Grease
MOLYKOTE P 74 Antisieze Assembly Paste
MOLYKOTE Longterm W 2 High Performance Grease
Molykote TP 42 Grease Anti Seize Chuck Paste
Molykote 1000 Paste Dupont Lead And Nickel Free Anti Seize Paste
MOLYKOTE 340 SILICONE HEAT SINK COMPOUND
Molykote M 30 Dispersion High Temperature Synthetic Chain Oil
Molykote P 37 Thread Paste
MOLYKOTE PG-75 Plastislip Grease DuPont
Molykote 111 Silicone Compound and Grease 100g
MOLYKOTE 41 Extreme High Temperature Bearing Grease Black
Molykote G Rapid Plus Sold Inbricating Paste
MOLYKOTE G-4500
MOLYKOTE 44 Medium High Temperature Anti Friction Bearing Grease
Loctite Marine Grade Anti Seize Compound
Bostik Regular Grade Anti Seize Compound
Bostik High Temp. Stainless Anti Seize
JET LUBE NIKAL ANTI SEIZE
Ear Muff 28 DB Noise Reduction Ratio
Ear Muff (NRR : 26DB)
Ear plug
Folding head band type Ear Muff
CRC Aerosol Spray
CRC 2-26 Contact Cleaner Spray
CRC Aerosol Products
CRC INOX 200 Spray
CRC Food Grade Chain Lubricant
CRC SOFT SEAL
CRC Cleaning Spray
Kontakt Chemie Freeze 75 Circuit Freezer Spray
CRC Belt Grip V Belt Dressing Spray
CRC 3-36 Multi Purpose Lubricant
KONTAKT PCC PCB Electtrical Circuit Cleaner
CRC White Lithium Grease
CRC SP-400 Wax Based Aniti Rust Coating
CRC CRICK 130 Dye Penetrant Testing Kit
CRC Mould Clean
CRC Leak Finder Soapless
CRC Galva Brite Cold Glavanising Zinc Spray
CRC Plastik 70 PCB Coating
CRC Gasket Remover Pro Paint Remover
CRC Food Grade FG Chain Lube
CRC LECTRA CLEAN Switchgear Cleaner
CRC GRAPHIT 33 Conducttive Coating Graphite Spray
Crc Urethane Isolation Red Insulating Varnish Spray
CRC Power Contact Cleaner PCB Cleaning Spray
KONTAKT IPA Pure Ispropyl Alcohol in spray Form
CRC SR MULTI Mould Release Silicon Spray
CRC 2-26 Electrical Contact Cleaner Spray
CRC 5 56 Multi Purpose Lubricant Spray
CRC SILICONE Food Grade Lubricant
Waterless Hand Cleaner
CRC ALU H.T Industrial Spray
CRC Brakleen Brake Parts Cleaner
CRC Food Grade Chain Lube
CRC Diesel Additive
CRC Engine Flush
CRC ALU H.T. HIGH TEMPERATURE ALUMINIUM COATING
CRC Anti Spatter Spray
CRC CO Contact Cleaner Spray
CRC Copper Paste Aerosol Spray
CRC Fast Dry Degreaser
CRC COMPLEX BLUE
CRC Graphite Assembly Paste + MoS2
CRC Hand Cleaner
CRC INDUSTRIAL DEGREASER
CRC METAL FREE PASTE ANTI SEIZE COMPOUND
CRC MINUS 50 Spray
CRC NF Precision Cleaner (Non Flammable)
CRC PENETRATING OIL + MoS2
CRC Rust Remover
CRC SP 350 Corrosion Inhibitor
CRC Supercut Metal Cutting Lubricant
MEGNAFLUX SPOTCHECK DEVELOPER
Face Protection Mask
Face Protection Mask (Half face gas mask)
Devcon Epoxy Putties
Devcon Brushable Ceramic Red
Devcon Bronze Putty (BR)
Devcon Wet Surface Repair Putty ( UW )
Devcon Flexane 80 Rubber Putty
Devcon Magic Bond Epoxy Putty
Devcon Plastic Steel Putty (A)
Devcon Aluminum Putty (F)
Devcon Plastic Steel 5 Minute Putty (SF)
Devcon Titanium Reinforced Epoxy Putty
Devcon Brushable Ceramic Blue
Devcon Stainless Steel Putty (ST)
Devcon Wet Surface Rapair Putty
Devcon Epoxy Putty
BELZONA 1111NF2
Devcon Epoxy Putties
Devcon Aluminum Filled Epoxy Putty
Bronze Putty 1-01
Devcon Brushable Ceramics FOOD GRADE
Devcon Metal Magic Stick
Loctite Industrial Sealants & Speciality Lubricant
LOCTITE 596 High Temperature Red Silicone
LOCTITE 271 Thread locker High Strength
LOCTITE 554 Refrigerant Thread Sealant
LOCTITE 55 Pipe Sealing Thread Cord
LOCTITE 641 Press and Slip Fit Retaining Compound
LOCTITE 454 general purpose instant adhesive
LOCTITE 542 Hydraulic Pipe Thread Sealant
LOCTITE 574 Flange Sealant Fast Cure
LOCTITE 401 Surface Insensitive Instant Adhesive
LOCTITE 495 Super Bonder Instant Adhesive
LOCTITE 241 Thread locking methacrylate adhesive
LOCTITE 277 Thread locker High Strength
LOCTITE 262 Thread locking Adhesive
LOCTITE 242 Thread locking methacrylate adhesive
LOCTITE 270 Thread locker Permanent Strength
LOCTITE 406 Instant Adhesive Surface Insensitive
LOCTITE 609 Press Fit Retaining Compound
LOCTITE 620 High Temperature Retaining Compound
LOCTITE 587 High Performance Gasket Maker
LOCTITE 567 High Temperature Thread Sealant
LOCTITE 415 Instant Component Bonding Solutions
LOCTITE 586 High strength thread sealant
LOCTITE 510 Gasket Eliminator Flange Sealant
LOCTITE 577 Medium Strength Liquid Thread Sealant
LOCTITE 407 Thermal Resistant Instant Adhesive
LOCTITE 263 High Strength Thread locker
LOCTITE 222 Thread locker Low Strength
LOCTITE 648 High Strength Retaining Compound
LOCTITE 638 High Strength Retaining Compound
LOCTITE 243 Thread locker Medium Strength Adhesive
LOCTITE 272 Thread locking methacrylate adhesive
Zeroleak Pipe Repair Kit
Zero Leak Pipe Repair Kit 100mm wide x 4.5m long
Zero Leak Pipe Repair kit 50mm wide x 1.5m long
Hydraulic Test Bench
Test Bench for Lifting Equipment
PTFE Tape
ZERO LEAK P.T.F.E Thread Seal Tape
Total Quartz 9000 Fully Synthetic 5w40 Engine Oil
Groz Rotary Barrel Grease Pump
WD 40 Rust Remover Spray
WD 40 Rust Remover Spray
Rustolene Rust Remover and Penetrant
PB BLASTER
Polygrip Synthetic Rubber Adhesive
Synthetic Rubber Adhesive
Polygrip S 709 Synthetic Rubber Adhesive
Wurth Aerosol Spray
Wurth Multi Purpose Grease II - 400 gms
WURTH ROST OFF PLUS 300 ML
Diesel Additive
Wurth Spray Adhesive - 500ml
Wurth Wire Rope Spray 500 ml
Wurth Contact Cleaner Spray - 300 ml
Wurth HHS LUBE 500ml
Wurth Maintenance Sprays
Wurth Brake Cleaner
Zero Leak Non Asbestos Gland Packing
Zero Leak PTFE Graphited Gland Packing
Zero Leak Expanded Graphite Gland Packing
Zero Leak Pure P.T.F.E. Gland Packing
Zero Leak Gland Packing
P.T.F.E GRAPHITED GLAND PACKING ( G.F.O )
Gland packing and Slings
Gland packing
Mr Light Waterproof rechargeable LED Torch
Mr. light 8331 Torch
Mr. Light L-60 TORCH
Torch MAX G100HD Flashlight With Video Recorder
auto darkening helmet
Auto Darkening Welding with Helmet
Auto Darkening Glass for Welding
Hand Shield with Spring Loaded Black Glass.
LED Head Lamp
LED HeadLamp with 7 Led
Construction Silicone Sealant Adhesives
BOSS GP 122 Silicone Sealant
Boss 395 High Temperature Silicon Sealant
Boss 389 Weather Sealant for Aluminum Panels
BOSS 383 Weather Seal Silicone Sealant
Silicon Sealent
DOWSIL FOOD GRADE 732 & HIGH TEMPERATURE SILICON SEALANT
DOWSIL FOOD GRADE 733 & HIGH TEMPERATURE SILICON SEALANT
DOWSIL FOOD GRADE 736 & HIGH TEMPERATURE SILICON SEALANT
Gas Welding Equipment
Dura Series Multi Stage Oxygen Rrgulator
Esab Dura Series Nitrogen Regulator
Esab Dura Series Argon Regulator
Fall Arresters / Safety belts
Download PDF FILe of Allsafe Froment - Fall arrestors
Full Body Harness
Full Body Harness : H2000/1
Cargo Lashing 4inch 100mm Belt
Full Body Harness H 2000/2
Full Body Harness H 2000/1
Full Body Harness H 2000/ E1
Cargo Lashing 1.5inch 35mm Belt
Chest Straps
Cargo Lashing 2inch 50mm Belt
Cargo Lashing 3inch 75mm Belt
S. S. Hose Clamps
Worm Drive SS 304 Hose Clamp
STAG B Jointing Paste
STAG B
Camlock Coupling
Camlock Coupling Suppliers Surat Gujarat India
Stainless Steel Camlock Coupling
Expanded Graphite Sheets with S.S.Wire Inserts
EXPANDED GRAPHITE SHEET Suppliers Surat Gujarat
Loctite 2000 degree putty
LOCTITE LB 771 Nickel Anti-Seize
Loctite MR 5009 Hi Tack Gasket Sealant
Loctite LB 8012 Moly Paste
Loctite LB 8104 Food Grade Silicon Grease
Loctite MR 5923 Aviation Gasket Sealant
Loctite Marine Grade Anti Seize Compound 8023
Laser Leveller - Green Light
Laser Leveller- Red light
Laser Leveller - Green light
Laser Leveller- Red Light
LIFTIT FLANGE SPREADER
LIFTIT Hydraulic Flange Spreader
Permatex Gasket Sealant and Hand Cleaner
Permatex Fast Orange Hand Cleaner
Permatex Gasket Maker RTV High Temp. Sealant
Permatex Adhesive Spray
Permatex Form A Gasket No 3 Sealant Liquid 80017
Permatex Form A Gasket No.1 Sealant
Permatex Form-A-Gasket No. 2 Sealant
Permatex Thread Sealant with PTFE
Fire Retardant Products
Zero Leak Ceramic Fibre Tape
Zero Leak Ceramic Fibre Braided Rope
Zero Leak Ceramic Fibre Cloth
Fire Blanket Hose Reel box
Bostik Regular Grade Anti Seize Compound
Bostik Regular Grade Anti Seize Compound
5200 INR/Piece
Get a Price/Quote
Product Details:
Use Use on nuts, bolts, screws, pipe fittings, boom guides, valve assemblies, pump mountings, chain drives, machinery, shafts, gaskets, press fit assemblies, taps and drills, packing glands, and metal fittings.
Type lubricant
Click to View more
Share Your Product:
Request to Call Back Send Inquiry
X
Bostik Regular Grade Anti Seize Compound Price And Quantity
Price 5200 INR/Piece
Minimum Order Quantity 1 Piece
Price Range 5200.00 - 5200.00 INR/Piece
Bostik Regular Grade Anti Seize Compound Product Specifications
Type lubricant
Use Use on nuts, bolts, screws, pipe fittings, boom guides, valve assemblies, pump mountings, chain drives, machinery, shafts, gaskets, press fit assemblies, taps and drills, packing glands, and metal fittings.
Bostik Regular Grade Anti Seize Compound Trade Information
Supply Ability 10 Piece Per Day
Delivery Time 1-2 Days
Sample Policy Contact us for information regarding our sample policy
Main Export Market(s) North America, Middle East, Western Europe, Africa, Central America, Eastern Europe, South America, Asia, Australia
Main Domestic Market All India
Product Description
BOSTIK NEVER SEEZ REGULAR GRADE
Bostik Never-Seez Regular Grade Silver Gray is anti-seize and pressure lubricant that is used to prevent seizing, corrosion, and rust in pipe fittings, valves, pumps, shafts, drills, gaskets, and machinery. It is resistant to vapours, salt water, alkaline solutions, and high temperatures. It contains particles of graphite and copper. 1 lb Can.
Typical Use: Use on nuts, bolts, screws, pipe fittings, boom guides, valve assemblies, pump mountings, chain drives, machinery, shafts, gaskets, press-fit assemblies, taps and drills, packing glands, and metal fittings. Brand : Never-Seez Color : Silver Flash Point : 246.1 degrees Centigrade Service Temperature : -183 to 982 degrees Centigrade Specific Gravity : 1.15 to 1.24 Spray : NO SPECIFICATION Temperature Resistance : -297 F to 1800 F (-183 degrees Centigrade to 982 degrees Centigrade) Particle Size : 2 Mil Maximum (50 microns) Density (G/CM3) : 1.19 to 1.29 ASTM D-217 Work : 280-350 ASTM D-92 Flash Point : >482 F (250 degrees Centigrade) ASTM D 566/Dropping Point : 360 F (182 degrees Centigrade) Torque Coefficient (K factor) : 130 Coefficient of Friction/ASTM Test Method : .057-.063 D-2266 Flex Test/Fail Load: 750 lbs (341 Kg)
Tell us about your requirement
We have received your requirements and will reply shortly with the best price.
Products You May Like
Please Wait...
Other Products in 'Anti Seize Compound' category
Loctite Marine Grade Anti Seize Compound Price : 5900 INR/Piece Minimum Order Quantity : 1 Application : Boltss, Turbines, Boilers, Ships, engines Use : Anti sieze
Send Inquiry
Bostik High Temp. Stainless Anti Seize Price : 2100 INR/Piece Minimum Order Quantity : 1 Application : Fasteners in steel mills and power plants. Stainless steel pipe fittings, flanges, pump fittings and unions. Fasteners in exhaust manifolds. Reactor bolts. Turbine bolts. Gauges and fittings.
Send Inquiry
JET LUBE NIKAL ANTI SEIZE Price : 1800 INR/Piece Minimum Order Quantity : 1 Application : reactor bolts, heat exchangers, manifolds, furnace hinges, manway studs Use : refineries, petrochemical plants, power generation facilities and other harsh environments on items such as reactor bolts, heat exchangers, manifolds, furnace hinges, manway studs
Send Inquiry
FASTORQ A G Price : 3060 INR/Piece Minimum Order Quantity : 1 Use : Automobile
Send Inquiry
SEND INQUIRY CALL ME FREE
×
Add a mobile number to receive call from ""JAY AGENCIEZ""
Authenticate with the 5 digit One Time Password (OTP) sent to your registered mobile number. Authenticate with the 5 digit One Time Password (OTP) sent to your registered email.
Share additional details for a quick response
Thank You for your valuable time. We have received your details and will get back to you shortly.
×
Get a price quote for Bostik Regular Grade Anti Seize Compound
Email Id
Mobile number
Enter Quantity
Select unit Kilograms Nos Pieces Tons Units
For immediate response, call this customer.
+918045802308
Contact Details
GST : 24AHQPP2102H1ZJ
15, Dhamanwala Complex, Opp. Batliboi, Gidc Cross Road, Pandesara,Surat - 394221, Gujarat, India
Phone :08045802308
Send Inquiry
Send Inquiry
Dubai Address: Shop NO. 21, Nakheel Center, Deira, Dubai, UAE
JAY AGENCIEZ All Rights Reserved.(Terms of Use)
Developed and Managed by Infocom Network Private Limited.
×
✕
Contact Us
Get Quotation Get Price List Discuss Requirement
Tell us your requirement
Mobile number
Mobile No. is needed for Inquiry.
Email
Email id is needed for Inquiry.
We have received your requirements
For an immediate response, please call this
number 08045802308
Please Wait...
✕
Tell us about your requirement
We have received your requirements and will reply shortly with the best price.
Products You May Like
Please Wait...",CC-MAIN-2025-43,2026-04-22T11:40:01.191169+00:00
common_crawl_positive_doc_0084,Common Crawl,positive_doc,d9f3456b6a3d32b5b4c19e4988f33000610c8ab28e5caa5ac741832609fc69ae,http://gidravliksochi.ru/items/zkcnl16/29138?key=genuine,2025-10-06T17:40:03Z,0.00830078125,True,Fatal error: Uncaught Error: Call to a member function IncludeComponent() on null in /home/h011488608/gidravliksochi.ru/docs/index.php:64 Stack trace: #0 {main} thrown in /home/h011488608/gidravliksochi.ru/docs/index.php on line 64,"[""Fatal error: Uncaught Error: Call to a member function IncludeComponent() on null in /home/h011488608/gidravliksochi.ru/docs/index.php:64 Stack trace: #0 {main} thrown in /home/h011488608/gidravliksochi.ru/docs/index.php on line 64""]",Fatal error: Uncaught Error: Call to a member function IncludeComponent() on null in /home/h011488608/gidravliksochi.ru/docs/index.php:64 Stack trace: #0 {main} thrown in /home/h011488608/gidravliksochi.ru/docs/index.php on line 64,CC-MAIN-2025-43,2026-04-25T10:45:11.704564+00:00
common_crawl_positive_doc_0085,Common Crawl,positive_doc,5be34c42bf5797c289a71c20f2d6ef505bf1ba64c4cf70b2988332feb1f14d4d,https://bugs.openpandora.org/index.php?do=oauth&provider=facebook&return_to=L2luZGV4LnBocD9kbz1kZXRhaWxzJnRhc2tfaWQ9MzAwJmFtcCUzQnByb2plY3Q9MSZhbXAlM0JvcGVuZWRmcm9tPS0xK3dlZWsmdG9nZ2xlYWR2YW5jZWQ9MSZwYWdlbnVtPTImb3JkZXI9Y2F0ZWdvcnkmc29ydD1hc2Mmb3JkZXIyPXByb2dyZXNzJnNvcnQyPWRlc2M=,2025-10-06T16:08:53Z,0.0390625,True,"Unhandled exception: Config error make sure the facebook_* variables are set. 





 in","[""Unhandled exception: Config error make sure the facebook_* variables are set."", ""in""]","Unhandled exception: Config error make sure the facebook_* variables are set.
This should never happen, please inform Flyspray Developers.
If you are an Administrator of this Flyspray installation you might enable temporarly! DEBUG_EXCEPTION in constants.inc.php for more details.",CC-MAIN-2025-43,2026-04-24T14:27:07.752873+00:00
common_crawl_positive_doc_0086,Common Crawl,positive_doc,fe1477f06daedabf9532c27be4f1df06a5e485d8aa400d1aa41b0ad135dd413d,https://ifsccode.unicodefont.in/yes-bank/tripura,2025-10-05T18:57:40Z,0.4677734375,True,"Message: Undefined variable: branchlist
Filename: views/select_option.php
Line Number: 33
Backtrace:
File: /home/mevplkir/ifsccode.unicodefont.in/application/views/select_option.php
Line: 33
Function: _error_handler
File: /home/mevplkir/ifsccode.unicodefont.in/application/views/welcome_message.php
Line: 60
Function: view
File: /home/mevplkir/ifsccode.unicodefont.in/application/controllers/Welcome.php
Line: 196
Function: view
File: /home/mevplkir/ifsccode.unicodefont.in/index.php
Line: 308
Function: require_once
A PHP Error was encountered
Severity: Warning
Message: Invalid argument supplied for foreach()
Filename: views/select_option.php
Line Number: 33
Backtrace:
File: /home/mevplkir/ifsccode.unicodefont.in/application/views/select_option.php
Line: 33
Function: _error_handler
File: /home/mevplkir/ifsccode.unicodefont.in/application/views/welcome_message.php
Line: 60
Function: view
File: /home/mevplkir/ifsccode.unicodefont.in/application/controllers/Welcome.php
Line: 196
308 
 Function: require_once","[""Message: Undefined variable: branchlist\nFilename: views/select_option.php\nLine Number: 33\nBacktrace:\nFile: /home/mevplkir/ifsccode.unicodefont.in/application/views/select_option.php\nLine: 33\nFunction: _error_handler\nFile: /home/mevplkir/ifsccode.unicodefont.in/application/views/welcome_message.php\nLine: 60\nFunction: view\nFile: /home/mevplkir/ifsccode.unicodefont.in/application/controllers/Welcome.php\nLine: 196\nFunction: view\nFile: /home/mevplkir/ifsccode.unicodefont.in/index.php\nLine: 308\nFunction: require_once\nA PHP Error was encountered\nSeverity: Warning\nMessage: Invalid argument supplied for foreach()\nFilename: views/select_option.php\nLine Number: 33\nBacktrace:\nFile: /home/mevplkir/ifsccode.unicodefont.in/application/views/select_option.php\nLine: 33\nFunction: _error_handler\nFile: /home/mevplkir/ifsccode.unicodefont.in/application/views/welcome_message.php\nLine: 60\nFunction: view\nFile: /home/mevplkir/ifsccode.unicodefont.in/application/controllers/Welcome.php\nLine: 196\n308 \n Function: require_once""]","Yes Bank Tripura IFSC and MICR Code | IFSCodein.com
Yes Bank Tripura IFSC and MICR Code
Here is the district list of all Yes Bank branches in Tripura state in India. Kindly select any one district as per your requirement for which you want to receive contact number, address, and email id along with IFSC code, MICR code, SWIFT code, and complete Yes Bank branch details.
Search any details of Yes Bank branch in Tripura.
Select Bank Abhyudaya Cooperative Bank Ltd Abu Dhabi Commercial Bank Ahmedabad Mercantile Cooperative Bank Airtel Payments Bank Limited Akola Janata Commercial Cooperative Bank Allahabad Bank Almora Urban Cooperative Bank Ltd Andhra Bank Andhra Pragathi Grameena Bank Apna Sahakari Bank Ltd Au Small Finance Bank Limited Australia And New Zealand Banking Group Ltd Axis Bank B N P Paribas Bank Bank Internasional Indonesia Bank Of America Bank Of Baharain And Kuwait Bsc Bank Of Baroda Bank Of Ceylon Bank Of India Bank Of Maharashtra Bank Of Tokyo Mitsubishi Ltd Barclays Bank Bassein Catholic Cooperative Bank Ltd Bharat Cooperative Bank Mumbai Ltd Bharatiya Mahila Bank Ltd Canara Bank Capital Local Area Bank Ltd Catholic Syrian Bank Ltd Central Bank Of India Chinatrust Commercial Bank Ltd Citi Bank Citizen Credit Cooperative Bank Ltd City Union Bank Ltd Corporation Bank Credit Agricole Corporate And Investment Bank Calyon Bank Credit Suisee Ag Dbs Bank India Limited Dcb Bank Ltd Dena Bank Deposit Insurance And Credit Guarantee Corporation Deustche Bank Development Bank Of Singapore Dhanalakshmi Bank Dombivli Nagari Sahakari Bank Ltd Federal Bank Firstrand Bank Ltd G P Parsik Bank Gurgaon Gramin Bank Hdfc Bank Hsbc Bank Hsbc Bank Oman Saog Icici Bank Ltd Idbi Bank Indian Bank Indian Overseas Bank Indusind Bank Industrial And Commercial Bank Of China Ltd Ing Vysya Bank Jalgaon Janata Sahakari Bank Ltd Jammu And Kashmir Bank Ltd Janakalyan Sahakari Bank Ltd Janaseva Sahakari Bank Borivli Ltd Janaseva Sahakari Bank Ltd Janata Sahakari Bank Ltd Jp Morgan Bank Kallappanna Awade Ichalkaranji Janata Sahakari Bank Ltd Kalupur Commercial Cooperative Bank Kalyan Janata Sahakari Bank Kapol Cooperative Bank Ltd Karnataka Bank Ltd Karnataka Vikas Grameena Bank Karur Vysya Bank Kerala Gramin Bank Kotak Mahindra Bank Ltd Laxmi Vilas Bank Mahanagar Cooperative Bank Maharashtra State Cooperative Bank Mashreqbank Psc Mizuho Corporate Bank Ltd Nagar Urban Co Operative Bank Nagpur Nagarik Sahakari Bank Ltd National Australia Bank Ltd New India Cooperative Bank Ltd Nkgsb Cooperative Bank Ltd North Malabar Gramin Bank Nutan Nagarik Sahakari Bank Ltd Oman International Bank Saog Oriental Bank Of Commerce Pragathi Krishna Gramin Bank Prathama Bank Prime Cooperative Bank Ltd Punjab And Maharshtra Cooperative Bank Punjab And Sind Bank Punjab National Bank Rabobank International Rajgurunagar Sahakari Bank Ltd Rajkot Nagrik Sahakari Bank Ltd Ratnakar Bank Ltd Reserve Bank Of India Sahebrao Deshmukh Cooperative Bank Ltd Saraswat Cooperative Bank Ltd Sber Bank Shikshak Sahakari Bank Ltd Shinhan Bank Shri Chhatrapati Rajashri Shahu Urban Cooperative Bank Ltd Societe Generale Solapur Janata Sahakari Bank Ltd South Indian Bank Standard Chartered Bank State Bank Of Bikaner And Jaipur State Bank Of Hyderabad State Bank Of India State Bank Of Mauritius Ltd State Bank Of Mysore State Bank Of Patiala State Bank Of Travancore Sumitomo Mitsui Banking Corporation Sutex Cooperative Bank Ltd Syndicate Bank Tamilnad Mercantile Bank Ltd The A.p. Mahesh Cooperative Urban Bank Ltd The Akola District Central Cooperative Bank The Andhra Pradesh State Cooperative Bank Ltd The Bank Of Nova Scotia The Cosmos Co Operative Bank Ltd The Delhi State Cooperative Bank Ltd The Greater Bombay Cooperative Bank Ltd The Gujarat State Cooperative Bank Ltd The Jalgaon Peopels Cooperative Bank Ltd The Kangra Central Cooperative Bank Ltd The Kangra Cooperative Bank Ltd The Karad Urban Cooperative Bank Ltd The Karanataka State Cooperative Apex Bank Ltd The Kurmanchal Nagar Sahakari Bank Ltd The Mehsana Urban Cooperative Bank The Mumbai District Central Cooperative Bank Ltd The Municipal Cooperative Bank Ltd The Nainital Bank Ltd The Nasik Merchants Cooperative Bank Ltd The Rajasthan State Cooperative Bank Ltd The Royal Bank Of Scotland N V The Seva Vikas Cooperative Bank Ltd The Shamrao Vithal Cooperative Bank The Surat District Cooperative Bank Ltd The Surath Peoples Cooperative Bank Ltd The Tamil Nadu State Apex Cooperative Bank The Thane Bharat Sahakari Bank Ltd The Thane District Central Cooperative Bank Ltd The Varachha Cooperative Bank Ltd The Vishweshwar Sahakari Bank Ltd The West Bengal State Cooperative Bank The Zoroastrian Cooperative Bank Ltd Tjsb Sahakari Bank Ltd Tumkur Grain Merchants Cooperative Bank Ltd Uco Bank Union Bank Of India United Bank Of India Vasai Vikas Sahakari Bank Ltd Vijaya Bank Westpac Banking Corporation Woori Bank Yes Bank Zila Sahakri Bank Ltd Ghaziabad
Select State Andaman And Nicobar Island Andhra Pradesh Arunachal Pradesh Assam Bihar Chandigarh Daman And Diu Delhi Goa Gujarat Haryana Himachal Pradesh Jammu And Kashmir Jharkhand Karnataka Kerala Lakshadweep Madhya Pradesh Maharashtra Manipur Meghalaya Mizoram Nagaland Odisha Puducherry Punjab Rajasthan Sikkim Tamil Nadu Tripura Uttar Pradesh Uttarakhand West Bengal
Select District West Tripura
Select Branch
A PHP Error was encountered
Severity: Notice
Message: Undefined variable: branchlist
Filename: views/select_option.php
Line Number: 33
Backtrace:
File: /home/mevplkir/ifsccode.unicodefont.in/application/views/select_option.php
Line: 33
Function: _error_handler
File: /home/mevplkir/ifsccode.unicodefont.in/application/views/welcome_message.php
Line: 60
Function: view
File: /home/mevplkir/ifsccode.unicodefont.in/application/controllers/Welcome.php
Line: 196
Function: view
File: /home/mevplkir/ifsccode.unicodefont.in/index.php
Line: 308
Function: require_once
A PHP Error was encountered
Severity: Warning
Message: Invalid argument supplied for foreach()
Filename: views/select_option.php
Line Number: 33
Backtrace:
File: /home/mevplkir/ifsccode.unicodefont.in/application/views/select_option.php
Line: 33
Function: _error_handler
File: /home/mevplkir/ifsccode.unicodefont.in/application/views/welcome_message.php
Line: 60
Function: view
File: /home/mevplkir/ifsccode.unicodefont.in/application/controllers/Welcome.php
Line: 196
Function: view
File: /home/mevplkir/ifsccode.unicodefont.in/index.php
Line: 308
Function: require_once
Or Choose District list below
West Tripura
What is YES BANK IFSC or IFS code
Full form of IFSC is The Indian Financial System Code. IFSC is an alphanumeric code that facilitates electronic funds transfer in India. A code uniquely identifies each bank branch participating in the three main Payment and settlement systems in India: the National Electronic Funds Transfer (NEFT), Real Time Gross Settlement (RTGS) and Immediate Payment Service (IMPS) systems
What is NEFT in banking
NEFT stands for National Electronic Funds Transfer (NEFT). NEFT in India is an electronic payment system developed by RBI to facilitate the transfer of funds by customers from one bank to another. It is a secure, economical, reliable, and efficient system of money transfer between banks.
Copyright © ifsccode.unicodefont.in",CC-MAIN-2025-43,2026-03-05T06:12:40.017138+00:00
common_crawl_positive_doc_0087,Common Crawl,positive_doc,20e6e7e559cdcd55d5c5f7535013c8a1941b34d4f65f58f426900e10ac98f848,https://dev.fyicenter.com/1000979_Installing_requests_Module.html,2025-10-05T16:57:44Z,0.36962890625,True,"About 





 Q&A 





 FAQ 
 Home > Python 
 Installing 'requests' Module 





 ""ModuleNotFoundError: No module named 'requests'"" error.
C:\fyicenter>python 
 Python 3.6.2 (v3.6.2:5fd33b5, Jul  8 2017, 04:14:34) [MSC v.1900 32 bit (Intel)] 
 >>> import requests 
 Traceback (most recent call last): 
   File ""<stdin>"", line 1, in <module> 
 ModuleNotFoundError: No module named 'requests' 
  .../requests-2.19.1-py2.py3-none-any.whl (91kB)
    
Collecting chardet<3.1.0,>=3.0.2 (from requests)
  Downloading https://files.pythonhosted.org/packages/bc/a9/...
  .../chardet-3.0.4-py2.py3-none-any.whl (133kB)

Collecting urllib3<1.24,>=1.21.1 (from requests)
  Downloading https://files.pythonhosted.org/packages/bd/c9/...
  .../urllib3-1.23-py2.py3-none-any.whl (133kB)
    
Collecting certifi>=2017.4.17 (from requests)
  Downloading https://files.pythonhosted.org/packages/7c/e6/...
  .../certifi-2018.4.16-py2.py3-none-any.whl(150kB)
    
Collecting idna<2.8,>=2.5 (from requests)
  Downloading https://files.pythonhosted.org/packages/4b/2a/...
  .../idna-2.7-py2.py3-none-any.whl (58kB)

Installing collected packages: chardet, urllib3, certifi, idna, requests
Successfully installed certifi-2018.4.16 chardet-3.0.4 idna-2.7","[""About"", ""Q&A"", ""FAQ \n Home > Python \n Installing 'requests' Module"", ""\""ModuleNotFoundError: No module named 'requests'\"" error.\nC:\\fyicenter>python \n Python 3.6.2 (v3.6.2:5fd33b5, Jul  8 2017, 04:14:34) [MSC v.1900 32 bit (Intel)] \n >>> import requests \n Traceback (most recent call last): \n   File \""<stdin>\"", line 1, in <module> \n ModuleNotFoundError: No module named 'requests' \n  .../requests-2.19.1-py2.py3-none-any.whl (91kB)\n    \nCollecting chardet<3.1.0,>=3.0.2 (from requests)\n  Downloading https://files.pythonhosted.org/packages/bc/a9/...\n  .../chardet-3.0.4-py2.py3-none-any.whl (133kB)\n\nCollecting urllib3<1.24,>=1.21.1 (from requests)\n  Downloading https://files.pythonhosted.org/packages/bd/c9/...\n  .../urllib3-1.23-py2.py3-none-any.whl (133kB)\n    \nCollecting certifi>=2017.4.17 (from requests)\n  Downloading https://files.pythonhosted.org/packages/7c/e6/...\n  .../certifi-2018.4.16-py2.py3-none-any.whl(150kB)\n    \nCollecting idna<2.8,>=2.5 (from requests)\n  Downloading https://files.pythonhosted.org/packages/4b/2a/...\n  .../idna-2.7-py2.py3-none-any.whl (58kB)\n\nInstalling collected packages: chardet, urllib3, certifi, idna, requests\nSuccessfully installed certifi-2018.4.16 chardet-3.0.4 idna-2.7""]","Installing 'requests' Module
Tools, FAQ, Tutorials:
JSON Validator
JSON-XML Converter
XML-JSON Converter
JSON FAQ/Tutorials
Python FAQ/Tutorials
PHP FAQ/Tutorials
OpenID FAQ/Tutorials
EPUB FAQ/Tutorials
HTML FAQ/Tutorials
CSS FAQ/Tutorials
RSS FAQ/Tutorials
Visual Studio Tutorials
Azure API Tutorials
Developer Jobs
Interview Questions
Other Resources:
SQA (Software QA)
Developer Resources
DBA Resources
Windows Tutorials
Java JAR Files
DLL Files
File Extensions
Security Certificates
Regular Expression
Link Directories
Interview Q & A
Biotech Resources
Cell Phone Resources
Travel Resources
Frequently Asked Questions
Blockchain Container EPUB General HTML JSON Microsoft Node.js PHP Python RSS Tools Visual Studio Web
Home Hot About Collections FAQ Interview RSS Atom Site Map Tools Ask
Tester Developer DBA Windows JAR DLL Files Certificates RegEx Links Q&A Biotech DOI Phones Travel FAQ
Home > Python
Installing 'requests' Module
Q
How to install ""requests"" module? I am getting the ""ModuleNotFoundError: No module named 'requests'"" error.
✍: FYIcenter.com
A
If you are getting the following error when running ""import requests"", you need to follow this tutorial to install the ""requests"" module.
C:\fyicenter>python
Python 3.6.2 (v3.6.2:5fd33b5, Jul  8 2017, 04:14:34) [MSC v.1900 32 bit (Intel)]

>>> import requests
Traceback (most recent call last):
  File ""<stdin>"", line 1, in <module>
ModuleNotFoundError: No module named 'requests'
1. Check installed modules with ""pip"" command:
C:\fyicenter>pip list

pip (9.0.1)
setuptools (28.8.0)
2. Install ""requests"" with ""pip"" command:
C:\fyicenter>pip install requests

Collecting requests
  Downloading https://files.pythonhosted.org/packages/65/47/...
  .../requests-2.19.1-py2.py3-none-any.whl (91kB)
    
Collecting chardet<3.1.0,>=3.0.2 (from requests)
  Downloading https://files.pythonhosted.org/packages/bc/a9/...
  .../chardet-3.0.4-py2.py3-none-any.whl (133kB)

Collecting urllib3<1.24,>=1.21.1 (from requests)
  Downloading https://files.pythonhosted.org/packages/bd/c9/...
  .../urllib3-1.23-py2.py3-none-any.whl (133kB)
    
Collecting certifi>=2017.4.17 (from requests)
  Downloading https://files.pythonhosted.org/packages/7c/e6/...
  .../certifi-2018.4.16-py2.py3-none-any.whl(150kB)
    
Collecting idna<2.8,>=2.5 (from requests)
  Downloading https://files.pythonhosted.org/packages/4b/2a/...
  .../idna-2.7-py2.py3-none-any.whl (58kB)

Installing collected packages: chardet, urllib3, certifi, idna, requests
Successfully installed certifi-2018.4.16 chardet-3.0.4 idna-2.7 
   requests-2.19.1 urllib3-1.23
3. Check installed modules again. The output shows requests-2.19.1 is installed. And its supporting modules are also installed.
C:\fyicenter>pip list

certifi (2018.4.16)
chardet (3.0.4)
idna (2.7)
pip (9.0.1)
requests (2.19.1)
setuptools (28.8.0)
urllib3 (1.23)
⇒ Sending an HTTP Request with 'requests'
⇐ What Is Python Module 'requests'
⇑ 'requests' Module - HTTP for Humans
⇑⇑ Python Tutorials
2018-09-01, ∼2908🔥, 0💬
Related Topics:
requests.models.Response Objects
What properties and functions are supported on requests.models.Response objects? ""requests"" module supports the following properties and functions on requests.models.Response objects: &gt;&gt;&gt; r = requests.get() &gt;&gt;&gt; r.status_code &gt;&gt;&gt; r.header... 2024-04-02, ≈43🔥, 2💬
💬 2024-04-02 Javier Rojas: very good!
💬 2022-11-21 no: no
Sending FTP Request with urllib.request.urlopen
How to send an FTP request with the urllib.request.urlopen() function? If an FTP server supports anonymous access, you can send an FTP request to retrieve a directory list, or download a file using the urllib.request.urlopen() function: Here is a Python example on how to get a directory list from an... 2023-10-06, ∼6046🔥, 1💬
💬 2023-10-06 Uriel Adonai Jiménez Leal: Thanks!
Using urllib.request.Request Object
How to use the urllib.request.Request object to build more complex HTTP request? The urllib.request.urlopen() function can take a urllib.request.Request object to let you building more complex HTTP requests. You can use the Request() constructor to build a Request object: q = urllib.request.Request(... 2018-09-13, ∼5794🔥, 0💬
dev.FYIcenter.com Links
Tools, FAQ, Tutorials: JSON Validator JSON-XML Converter XML-JSON Converter JSON FAQ/Tutorials Python FAQ/Tutorials PHP FAQ/Tutorials OpenID FAQ/Tutorials EPUB FAQ/Tutorials HTML FAQ/Tutorials CSS FAQ/Tutorials RSS FAQ/Tutorials Visual Studio Tutorials Azure API Tutorials Developer Jobs Interview Qu... 2025-03-17, ∼4931🔥, 0💬
Installing 'requests' Module
How to install ""requests"" module? I am getting the ""ModuleNotFoundError: No module named 'requests'"" error. If you are getting the following error when running ""import requests"", you need to follow this tutorial to install the ""requests"" module. C:\fyicenter&gt;python Python 3.6.2 (v3.6.2:5fd33b... 2018-09-01, ∼2909🔥, 0💬
Sending an HTTP POST Request
How to send an HTTP POST request? I want to submit a form to a Website. To submit a form to a Website, you can use the requests.post() function: &gt;&gt;&gt; r = requests.post(url, data = {'key':'value'}) The second argument 'data' is a 'dict' object contains of the list of form field na... 2018-08-14, ∼2809🔥, 0💬
urllib.request.Request Properties and Functions
What properties and functions are supported on urllib.request.Request objects? urllib.request.Request objects support the following properties and functions: &gt;&gt;&gt; q = urllib.request.Request(url) host # represents the host name of the url. type # represents the internet protocol t... 2018-09-13, ∼2601🔥, 0💬
What Is Python Module 'requests'
What Is Python module ""requests""? ""requests"" is a Python external module that allows you to send organic, grass-fed HTTP/1.1 requests, without the need for manual labor. There’s no need to manually add query strings to your URLs, or to form-encode your POST data. Main features of ""requests"" module: ... 2018-09-01, ∼2349🔥, 0💬
'requests' Module - HTTP for Humans
Where to find tutorials on Python ""requests"" Module? Here is a list of tutorials to answer many frequently asked questions compiled by FYIcenter.com team on Python ""requests"" Module. What Is Python Module 'requests' Installing 'requests' Module Sending an HTTP Request with 'requests' requests.models... 2018-09-01, ∼2282🔥, 0💬
Sending an HTTP Request with 'requests'
How to send an HTTP request? I have the ""requests"" module installed now. The ""requests"" module provides 6 static functions to support 6 HTTP request types: &gt;&gt;&gt; r = requests.get(url) &gt;&gt;&gt; r = requests.post(url, data = {'key':'value'}) &gt;&gt;&gt; ... 2018-09-01, ∼2062🔥, 0💬
Blockchain Container EPUB General HTML JSON Microsoft Node.js PHP Python RSS Tools Visual Studio Web
Home Hot About Collections FAQ Interview RSS Atom Site Map Tools Ask
Tester Developer DBA Windows JAR DLL Files Certificates RegEx Links Q&A Biotech DOI Phones Travel FAQ
Copyright © 2025 FYIcenter.com
All rights in the contents of this web site are reserved by the individual author. fyicenter.com does not guarantee the truthfulness, accuracy, or reliability of any contents.
Popular Posts:
EPUB 3.0 Metadata - ...
What is EPUB 3.0 Metadata ""dc:publisher"" and ""dc:rights"" elements? EPUB 3.0 Metadata ""dc:publisher"" ...
Examples of Invalid ...
Where to see some Examples of Invalid JSON Values? Here are some Examples of Invalid JSON Values: 1....
""Docker failed to in...
Why am I getting this ""Docker failed to initialize"" error? After installing the latest version of Do...
json_encode() Functi...
Where to get the detailed description of the json_encode() Function in PHP? Here is the detailed des...
XML to JSON Conversi...
How to use the XML to JSON Conversion Tool at freeformatter.com? If you want to try the XML to JSON ...",CC-MAIN-2025-43,2026-02-20T21:00:42.819895+00:00
common_crawl_positive_doc_0088,Common Crawl,positive_doc,7cd6cdfedcf47ec872f98fc933be43694a3067d3d240e71e2c95a95753c8ee4e,http://80sgold.co.uk/7WavesMemories/showPopUpImage.php?TomoTakesItInHisStride.jpg&TomoTakesItInHisStride(Uploaded:%20May%2014%202020)%20:%20Viewed%20198%20Times%20:%20Size:%2070%20kb%20:,2025-10-05T13:36:25Z,0.1484375,True,"7 waves radio memorabilia photos 1999 to 2020
Fatal error: Uncaught TypeError: Unsupported operand types: int + string in /homepages/21/d77226332/htdocs/80sGold/7WavesMemories/showPopUpImage.php:153 Stack trace: #0 {main} thrown in /homepages/21/d77226332/htdocs/80sGold/7WavesMemories/showPopUpImage.php on line 153","[""7 waves radio memorabilia photos 1999 to 2020\nFatal error: Uncaught TypeError: Unsupported operand types: int + string in /homepages/21/d77226332/htdocs/80sGold/7WavesMemories/showPopUpImage.php:153 Stack trace: #0 {main} thrown in /homepages/21/d77226332/htdocs/80sGold/7WavesMemories/showPopUpImage.php on line 153""]","7 waves radio memorabilia photos 1999 to 2020
Fatal error: Uncaught TypeError: Unsupported operand types: int + string in /homepages/21/d77226332/htdocs/80sGold/7WavesMemories/showPopUpImage.php:153 Stack trace: #0 {main} thrown in /homepages/21/d77226332/htdocs/80sGold/7WavesMemories/showPopUpImage.php on line 153",CC-MAIN-2025-43,2026-02-16T23:11:11.355066+00:00
common_crawl_positive_doc_0089,Common Crawl,positive_doc,76e102204c1c5b2a8498abc21cb77fcada023bc9102d5925e48bd8e35e58a971,https://discuss.google.dev/t/appsheet-api-failure-404-not-found/87545,2025-10-05T22:32:56Z,0.19384765625,True,"AppSheet API failure: 404 Not Found - AppSheet Q&A - Google Developer forums 
 Google Developer forums 
 AppSheet API failure: 404 Not Found 
 AppSheet AppSheet Q&A 





 
 Webhook HTTP post request failed with exception The remote server returned an error: (404) Not Found.
API 





 “Errors”: “Row having key ‘af3c549d’ not found.” 





 ""(redacted)"",""Properties"": {""Locale"": ""en-US"",""RunAsUserEmail"": ""(redacted)"",""UserSettings"": {""Tenant ID"": ""29afa67e""}},""Rows"": [{""(redacted) ID"":
""Exception"":""Webhook HTTP request failed with exception  
 The remote server returned an error: (404) Not Found.  
 googlenoob62 February 16, 2024, 2:57pm 





 July 25, 2024, 10:08pm
11 1 November 19, 2020
API with preset: Table not found
AppSheet Q&A
errors
5 0 April 27, 2020
Webhook REST API Key not found
AppSheet Q&A
admin , errors
15 1 April 1, 2021
Powered by Discourse, best viewed with JavaScript enabled","[""AppSheet API failure: 404 Not Found - AppSheet Q&A - Google Developer forums \n Google Developer forums \n AppSheet API failure: 404 Not Found \n AppSheet AppSheet Q&A"", ""Webhook HTTP post request failed with exception The remote server returned an error: (404) Not Found.\nAPI"", ""“Errors”: “Row having key ‘af3c549d’ not found.”"", ""\""(redacted)\"",\""Properties\"": {\""Locale\"": \""en-US\"",\""RunAsUserEmail\"": \""(redacted)\"",\""UserSettings\"": {\""Tenant ID\"": \""29afa67e\""}},\""Rows\"": [{\""(redacted) ID\"":\n\""Exception\"":\""Webhook HTTP request failed with exception  \n The remote server returned an error: (404) Not Found.  \n googlenoob62 February 16, 2024, 2:57pm"", ""July 25, 2024, 10:08pm\n11 1 November 19, 2020\nAPI with preset: Table not found\nAppSheet Q&A\nerrors\n5 0 April 27, 2020\nWebhook REST API Key not found\nAppSheet Q&A\nadmin , errors\n15 1 April 1, 2021\nPowered by Discourse, best viewed with JavaScript enabled""]","AppSheet API failure: 404 Not Found - AppSheet Q&A - Google Developer forums
Google Developer forums
AppSheet API failure: 404 Not Found
AppSheet AppSheet Q&A
errors, automation
dbaum June 19, 2022, 2:35am 1
I’m battling various issues with a webhook task that invokes the AppSheet API. One is that it sometimes returns the following exception:
Webhook HTTP post request failed with exception The remote server returned an error: (404) Not Found.
According to Invoke an action - AppSheet Help, that means “The application specified by the AppId cannot be found.” I double-checked my app is selected in the webhook task’s App Id property. Other webhook tasks for the same app work fine.
Any direction for the troubleshooting is appreciated.
Update:
I dug into the Audit Log, and it looks like the what’s “not found” is the key of the first row to be processed. However, that key indeed exists. So, I feel like it’s some security or permission issue, but I don’t know what that could be–especially since the automation event has the Bypass Security Filters? property enabled.
Here’s the error detail excerpted from the the Audit Log’s row for the “REST API invoke” operation:
“Errors”: “Row having key ‘af3c549d’ not found.”
Here’s some detail excerpted from the the Audit Log’s row for the “Change Bot” webhook operation, showing the “not found” key was included in the payload–as you can imagine, as the result of an expression, which means it indeed exists:
“Payload”: “{""Action"": ""(redacted)"",""Properties"": {""Locale"": ""en-US"",""RunAsUserEmail"": ""(redacted)"",""UserSettings"": {""Tenant ID"": ""29afa67e""}},""Rows"": [{""(redacted) ID"": ""af3c549d""},{""Contact ID"": ""c232341c""},{""Contact ID"": ""95237b2e""},{""Contact ID"": ""019d885a""},{""Contact ID"": ""a741b642""},{""Contact ID"": ""0275844e""},{""Contact ID"": ""42710703""},{""Contact ID"": ""2b0ef19d""},{""Contact ID"": ""67282b21""},{""Contact ID"": ""cdad3185""}]}”
And, here’s all the IDs from the payload right together in the data source:
dbaum_0-1655689106949.png126×173 8.4 KB
If these additional clues help anyone help me, I’d really appreciate it.
dbaum June 21, 2022, 1:25am 2
I needed to get the relevant feature released, so I replicated the the functionality I hoped to accomplish via AppSheet API using automation steps that instead directly invoke app actions. Of course, this is suboptimal.
So, if anyone has guidance to offer about where to focus the troubleshooting I’d really appreciate it. I’ve tried workaround on top of workaround but can’t get this specific webhook task to work but also can’t put my finger on what must be its fatal flaw somewhere.
Steve June 21, 2022, 1:46pm 3
I myself have no advice to offer as I’ve not used the API at all.
2 Likes
JMPeterson November 1, 2023, 4:10pm 4
Did you ever get any additional insight on this? I have run into the same issue.
1 Like
dbaum November 2, 2023, 1:02am 5
Probably not. I don’t recall the specific context in which I encountered the problem reported here, but when I was actively participating in the forum I usually updated threads like this one if I later found a solution.
1 Like
JMPeterson November 2, 2023, 1:41am 6
The only thing that I have been able to get to work is removing security filters from the table entirely. Obviously less than ideal. I am still trying to determine if there is some sort of conversion error, or datatype clash? Something is getting lost in translation and failing to query the dataset properly.
1 Like
JMPeterson November 2, 2023, 5:35pm 7
Accidently stumbled across a work around. I was using “User Settings” in the table security filters that was being updated by the automation. I switched to a physical table with user filter/selection data and updated the security filters to key off of that table instead. Now the automation works flawlessly.
3 Likes
WillowMobileSys November 18, 2023, 1:58am 8
JMPeterson:
I switched to a physical table with user filter/selection data and updated the security filters to key off of that table instead. Now the automation works flawlessly.
I am getting the same error today (error below) and based on this comment above (and @dbaum 's previous related comment about ID indeed exists) I suspect that the ""the update is being applied to the filtered data in spite of the fact that the “Bypass Security Filters?” setting is on.
The Security Filter bypass is definitely getting applied when the JSON payload is being created as I have rows in the resultant payload I would not normally be seeing.
I am going to create a separate app without Security Filters to see if that resolves my issue.
""Exception"":""Webhook HTTP request failed with exception 
The remote server returned an error: (404) Not Found. 
googlenoob62 February 16, 2024, 2:57pm 9
I’m running into the same issue when using the API and getting record not found when it does exist.
Was anyone able to find a resolution to this.
Juleon July 25, 2024, 10:08pm 10
Hi everybody,
As new member i got exactly the same issue when i tried to use the action “Edit” to update table from another table in setting the Key column from another column of the source…
So i dont know if it can help anyone but in trying many things i have found a solution, in fact i change the action “Edit” by “Add”, and because the Key of the column exists already and it is not generated by Initial Value, the result is the existing column with this ID is updated and no added with a new row. Maybe a coincidence but until now, it is working perfectly.
I hope i am clear enough.
Good luck and have fun
1 Like
njordan March 18, 2025, 5:18pm 11
FYI seems like I found a good solution here:
I had to explicitly allow a given email to view all records in the security filter for the table I wanted to edit via API.
Screenshot 2025-03-18 at 1.07.02 PM.png964×278 21.9 KB
I then used the RunAsUserEmail property in my API call, referencing the same email from step 1.
Screenshot 2025-03-18 at 1.09.47 PM.png423×266 12.5 KB
Context: I was getting the 404 error saying “Row having key ‘’ not found” when I tried to update rows that I knew were in my table. I knew security filters were my problem but couldn’t figure out a way around it. The advice on the API troubleshooting page wasn’t very helpful and messing with the system provided User Settings table was going to require really difficult changes to my security filters and views. The solution appears to be, the email that the API action is executed as must explicitly have access to the rows you want to edit, in the table security filter.
AI Suggested topics
Topic
Replies
Views
Activity
API Edit not working
AppSheet Q&A
errors
11 1 November 19, 2020
API with preset: Table not found
AppSheet Q&A
errors
5 0 April 27, 2020
Webhook REST API Key not found
AppSheet Q&A
admin , errors
15 1 April 1, 2021
Powered by Discourse, best viewed with JavaScript enabled",CC-MAIN-2025-43,2026-03-09T12:10:14.311985+00:00
common_crawl_positive_doc_0090,Common Crawl,positive_doc,65f3a94145b6a405451546901d0e063b6a7a53a90776b5b4834e892c8ad3fe6b,https://museobellasartesvalencia.gva.es/opac-mbbaav/opac/BrowseThesaurus;jsessionid=B5D983DD877E96289A58897B6153E6FB?theskey=tmba_wto.cat.autores_conferencias,2025-10-05T13:43:35Z,0.0849609375,True,"Error
Búsqueda Rápida
Todos los campos
Error de base de datos
53725 An invalid database name and/or model has been supplied. A database spec must be a null terminated string in the form of <db.model>. Please verify the specified string is this form. Also for calls other than OpiOpenDB and OpiSetConnectionValues the database must be opened. Please verify that the database is opened.
Error
Error de base de datos
1720 No authority database user record cursors are currently available.","[""Error\nBúsqueda Rápida\nTodos los campos\nError de base de datos\n53725 An invalid database name and/or model has been supplied. A database spec must be a null terminated string in the form of <db.model>. Please verify the specified string is this form. Also for calls other than OpiOpenDB and OpiSetConnectionValues the database must be opened. Please verify that the database is opened.\nError\nError de base de datos\n1720 No authority database user record cursors are currently available.""]","Error
Búsqueda Rápida
Todos los campos
Error de base de datos
53725 An invalid database name and/or model has been supplied. A database spec must be a null terminated string in the form of <db.model>. Please verify the specified string is this form. Also for calls other than OpiOpenDB and OpiSetConnectionValues the database must be opened. Please verify that the database is opened.
Error
Error de base de datos
1720 No authority database user record cursors are currently available.",CC-MAIN-2025-43,2026-02-19T02:20:54.714476+00:00
common_crawl_positive_doc_0091,Common Crawl,positive_doc,44cde569488d44bfdfca0916d97fb50718f1d1e6b7f98f503e67b085d680dc40,https://www.icis.com/explore/services/supply-and-demand-database/?intcmp=mega-menu-explore-services-analytics-supply-demand-data,2025-10-06T13:37:31Z,,True,Request unsuccessful. Incapsula incident ID: 1845000562165413033-796153401971117616,"[""Request unsuccessful. Incapsula incident ID: 1845000562165413033-796153401971117616""]",Request unsuccessful. Incapsula incident ID: 1845000562165413033-796153401971117616,CC-MAIN-2025-43,2026-04-19T18:10:07.505140+00:00
common_crawl_positive_doc_0092,Common Crawl,positive_doc,9df576193646ba15d552555f273f82be958cfc1985d79d9255173dd4a3aaae6f,https://www.311institute.com/tag/lv/,2025-10-06T05:16:56Z,0.1669921875,True,"Notice: Function _load_textdomain_just_in_time was called incorrectly. Translation loading for the thegem domain was triggered too early. This is usually an indicator for some code in the plugin or theme running too early. Translations should be loaded at the init action or later. Please see Debugging in WordPress for more information. (This message was added in version 6.7.0.) in /home/xjpiftx2okaf/public_html/wp-includes/functions.php on line 6121 
 Notice: Function _load_textdomain_just_in_time was called incorrectly. Translation loading for the rocket domain was triggered too early. This is usually an indicator for some code in the plugin or theme running too early. Translations should be loaded at the init action or later. Please see Debugging in WordPress for more information. (This message was added in version 6.7.0.) in /home/xjpiftx2okaf/public_html/wp-includes/functions.php on line 6121","[""Notice: Function _load_textdomain_just_in_time was called incorrectly. Translation loading for the thegem domain was triggered too early. This is usually an indicator for some code in the plugin or theme running too early. Translations should be loaded at the init action or later. Please see Debugging in WordPress for more information. (This message was added in version 6.7.0.) in /home/xjpiftx2okaf/public_html/wp-includes/functions.php on line 6121 \n Notice: Function _load_textdomain_just_in_time was called incorrectly. Translation loading for the rocket domain was triggered too early. This is usually an indicator for some code in the plugin or theme running too early. Translations should be loaded at the init action or later. Please see Debugging in WordPress for more information. (This message was added in version 6.7.0.) in /home/xjpiftx2okaf/public_html/wp-includes/functions.php on line 6121""]","Notice: Function _load_textdomain_just_in_time was called incorrectly. Translation loading for the thegem domain was triggered too early. This is usually an indicator for some code in the plugin or theme running too early. Translations should be loaded at the init action or later. Please see Debugging in WordPress for more information. (This message was added in version 6.7.0.) in /home/xjpiftx2okaf/public_html/wp-includes/functions.php on line 6121
Notice: Function _load_textdomain_just_in_time was called incorrectly. Translation loading for the rocket domain was triggered too early. This is usually an indicator for some code in the plugin or theme running too early. Translations should be loaded at the init action or later. Please see Debugging in WordPress for more information. (This message was added in version 6.7.0.) in /home/xjpiftx2okaf/public_html/wp-includes/functions.php on line 6121
LV Archives - 311 Institute
No products in the basket.
LV
Home Tag
Behind the Scenes at Marketforce’s OpsTechFS Event
Behind the Scenes at Marketforce’s OpsTechFS Event
WHY THIS MATTERS IN BRIEF The financial services industry is going through one of the greatest transformations since its inception as it tackles not one…
0 3
ORGANISING AN EVENT OR WORKSHOP ?
CONNECT
Join over TEN MILLION people who are exploring the future with Matthew and the 311 Institute.
FREE BOOKS
With over 15,000 pages of futures content and downloaded over 1.4 MILLION times Matthew’s annually updated Codex of the Future series gives you limitless insights into the near, medium, and deep future.
GET IN TOUCH
Please enable JavaScript in your browser to complete this form.
© 2016 to 2025 . 311i Ltd All Rights Reserved .
CONTACT . COPYRIGHT . EXPONENTS BLOG . TERMS OF USE
SUBSCRIBE!
Awesome! You're now subscribed.
Pin It on Pinterest",CC-MAIN-2025-43,2026-03-29T08:37:27.556988+00:00
common_crawl_positive_doc_0093,Common Crawl,positive_doc,79dcfa60d5987d30775ed6d92908dad99c9347bb57d8a7a4a96fe137809b1686,https://www.ericpetersautos.com/2020/12/10/no-camaros-for-you/,2025-10-05T12:59:26Z,0.4306640625,True,"Sign in
Welcome!Log into your account
your username
your password
Forgot your password?
Create an account
Sign up
Welcome!Register for an account
your email
your username
A password will be e-mailed to you.
Password recovery
Recover your password
your email
Search
Sunday, October 5, 2025
Sign in / Join
Facebook Twitter Vimeo VKontakte Youtube
Sign in
Welcome! Log into your account","[""Sign in\nWelcome!Log into your account\nyour username\nyour password\nForgot your password?\nCreate an account\nSign up\nWelcome!Register for an account\nyour email\nyour username\nA password will be e-mailed to you.\nPassword recovery\nRecover your password\nyour email\nSearch\nSunday, October 5, 2025\nSign in / Join\nFacebook Twitter Vimeo VKontakte Youtube\nSign in\nWelcome! Log into your account""]","No Camaros for You! - EPautos - Libertarian Car Talk
Facebook Twitter Vimeo VKontakte Youtube
Sign in Join
Home
New Cars
Bikes
Classic Cars
Tips/Advice
Politics
Tools
Forum
Site Map
Contact Us
Advertise
RSS Feed
About Eric
News/Other Stuff
Ask Eric
Previous Q&A
Donate
Sign in
Welcome!Log into your account
your username
your password
Forgot your password?
Create an account
Sign up
Welcome!Register for an account
your email
your username
A password will be e-mailed to you.
Password recovery
Recover your password
your email
Search
Sunday, October 5, 2025
Sign in / Join
Facebook Twitter Vimeo VKontakte Youtube
Sign in
Welcome! Log into your account
your username
your password
Forgot your password? Get help
Create an account
Create an account
Welcome! Register for an account
your email
your username
A password will be e-mailed to you.
Password recovery
Recover your password
your email
A password will be e-mailed to you.
EPautos – Libertarian Car Talk
Advertisement
Home
New Cars
Bikes
Classic Cars
Tips/Advice
Politics
Tools
Forum
Site Map
Contact Us
Advertise
RSS Feed
About Eric
News/Other Stuff
Ask Eric
Previous Q&A
Donate
Home Politics No Camaros for You!
Politics
Slide Show
No Camaros for You!
By
eric
-
December 10, 2020
46
4968
Facebook
Twitter
Pinterest
WhatsApp
In an irony probably lost on General Motors, California has banned until further notice the sale of the Chevy Camaro SS and ZL1 – the high-performance versions of the Camaro – on the basis of “concerns” about the effect on the environment of brake pad emissions.
The fade-resistant high-performance pads used in these models “emit” trace amounts of vaporized/powderized heavy metals such as copper and asbestos during braking and these “emissions” have been illegalized by decree of then-Republican (like margarine in relation to butter) Governor Arnold Schwarzenegger, effective January 1 of 2021.
Because of the alleged threat posed to fish.
Based on “studies” similar to the ones which predicted 2-3 million deaths from the WuFlu. These “studies” are more political than scientific. Overstated threats to be met with over-the-top measures.
If the fish were Going to Die they would already be long-dead, given that such things as asbestos and copper have been “emitting” from brake pads for the past 100 years.
Never mind.
No Camaros for you, CA!
Well, no SS or ZL1 Camaros. Possibly other GM models with high-performance brakes as well, including the Corvette.
Legislation begins to have consequences, as much as elections – especially when they are stolen.
By 2025 – only four model years from now – CA law will require that all brake pads be zero emissions – which is a really clever regulatory assault on all cars that aren’t electric cars. Such cars rely entirely on brake pads to slow down. And so they wear faster – and “emit” more.
Electric cars have brakes, too – but also rely on engine braking – or rather motor braking – to slow down. The motor that spins to propel can also apply drag to slow – and recover charge in the process, converting the kinetic energy of the moving vehicle into electricity rather than heat (and brake dust).
This is why an EV’s brake pads usually last longer than a not-electric car’s.
It’s a perk, if you don’t count the expense of the electric car itself – which is the way the thing is usually presented. You’ll save so much money on brakes! And oil changes! Which is true. It is also true you’ll pay through the nose for all those savings, as would be the case if you sold your $200k home with single-paned windows and bought a $320k home with triple-paned windows, to save money on utilities.
There’s a more subtle threat on deck, too.
While the focus of the moment is on CA not allowing the sale of a small number of brand-new high-performance cars equipped with high-performance brake pads, the pending 2025 ban on brake pads generally could accelerate the economic obsoleting of all cars in CA that aren’t electric, not just the sale of new ones.
The parallel here is the ‘90s-era regulatory obsoleting of Freon-based car AC systems, which have become so expensive to keep going that it’s often not worth keeping the car going. The refrigerant was gradually banned – once again, in the supposed name of “environmental” considerations. It is no longer possible to buy it over the counter without special “certification” from the government and even if you have the necessary permission, the cost of the stuff is astounding.
Without working AC, a car isn’t worth much.
So also working brakes.
There are, of course, alternatives to Freon (all cars made since the late ’90s use a different refrigerant) and there will probably also be alternatives to the forbidden materials currently used in brake pads. But the cost of these replacements will function in the manner that costs always do – as a disincentive.
People buy less the more things cost.
Nathan Medina, an attorney representing car dealerships who stand to lose a lot of money on account of these costs, explains:
“Today, it’s only a few types of car . . . but these regulations are only going to get stricter, including that all-out ban in 2025. The U.S. auto industry isn’t doing so hot and these regulations are costing automakers money by being unable to sell them and forcing them to spend more time figuring out ways to make them compliant. So far, it’s two types of high-end cars that need those kinds of brakes. But in the coming years, we could see a lot more types of cars failing to meet those higher and higher standards.”
Which appears to be exactly what’s wanted.
The fish being just the excuse, like the cases! the cases! serves as the excuse to impose the wearing of the Holy Rag and the soon-to-come Holy Jab.
And it won’t be just California, either – as far as no Camaros, et al, for you. What California decrees usually applies everywhere, as far as what’s applied to new cars generally goes. The car companies find it easier to cave to California – and impose the California Way on the rest of the country.
Which brings up the irony mentioned earlier.
GM had opposed California’s attempt to de facto decree national “emissions” standards by dint of imposing them in California – and thus making it necessary for car companies to either build two variants of cars, one for CA and another for the other states – or build one California car for all the states.
But with the very bad Orange Man on the outs, GM jumped over to hump the leg of the other side – and now supports CA-for-everyone cars. Which means it will have trouble selling cars like the Camaro and all other non-electric cars everywhere.
But that may not be irony at all.
. . .
Got a question about cars, Libertarian politics – or anything else? Click on the “ask Eric” link and send ’em in!
If you like what you’ve found here please consider supporting EPautos.
We depend on you to keep the wheels turning!
Our donate button is here.
If you prefer not to use PayPal, our mailing address is:
EPautos
721 Hummingbird Lane SE
Copper Hill, VA 24079
PS: Get an EPautos magnet or sticker or coaster in return for a $20 or more one-time donation or a $10 or more monthly recurring donation. (Please be sure to tell us you want a magnet or sticker or coaster – and also, provide an address, so we know where to mail the thing!)
My eBook about car buying (new and used) is also available for your favorite price – free! Click here. If that fails, email me at [email protected] and I will send you a copy directly!
Related posts:
Reader Question: Yenko Camaros and Steel Balls?
California as the Boss of Us
“Environmentalism” and Rabies
“Parking” Brakes
California Risin’
TAGS
2021 Camaro banned in CA
Facebook
Twitter
Pinterest
WhatsApp
Previous articleLatest Radio: Bill Meyer Show/KMED Oregon 12/09/20
Next articleLatest Radio: Bryan Hyde Show 12/10/20
eric
http://EPautos.com
Your Libertarian car guy!
Twitter
RELATED ARTICLESMORE FROM AUTHOR
Features
Un-American Activities
Features
Supervised Hands-Off Self Driving . . .
Features
The Worst Advice for Teen Drivers
Features
Celebrating the End
Features
“One of the Great Businessmen”
Features
Latest Radio: Wheels Up! w/Bill Meyer KMED FM 10/02/2025
46 COMMENTS
Voza0db December 14, 2020 At 6:50 pm
Since we do not live in Free Societies (no matter the country label) this is all well expected!
Reply
Anonymous December 14, 2020 At 12:24 am
Calfornia is on the outs….soon, very soon, the Cascadia Subduction zone and the San Andreas fault will go off and California, Oregon and Washington will be decimated. Any patriots living there…please, move if you can. God’s judgment will absolutely obliterate the left coast…a major source of all ills in the world.
Reply
BaDnOn December 11, 2020 At 2:00 pm
If you live in California, just remove the brakes from your car. Voilà!
Also, I’m going to build a freon generator. Not for any useful purpose. Just to generate freon and let it go straight to the atmosphere.
Reply
BrentP December 10, 2020 At 10:00 pm
Brushed electric motors create a dust too. Also with copper in it.
What about tire dust?
They just can’t be up front about it and ban cars for all but the wealthy already.
Reply
Jason Flinders December 11, 2020 At 1:58 am
I think that brushless motors are used in most if not all electric cars. Not that it makes this bullshit any less nonsensical. We’re already at the point where you have to either be pretty damn well-heeled to afford a new car or practically take out a long-term mortgage to buy most new cars.
Orange Guy has huge faults and was a great disappointment in many ways. It is going to be an extremely rough ride though when the hardcore left-wing statists riding in on senile Biden’s coat-tails take power next month. I wouldn’t even call it a conspiracy since they’re pretty open about what they want to do to us.
Reply
Saxons Wrath December 13, 2020 At 4:43 am
Orange Man is one man against an entire city, indeed, parts of the entire country, himself. He is working not to turn just the Titanic (DC), but the iceberg (US) too. Trump is by far the greatest president we’ve had since Washington, if for no other reason than to upset the entire “rob Americans blind” status quo that has been DC for decades upon decades. Why do you think both Dems and Repubs hate him? Americans are literally some of the most short-sighted and goodhearted people in the world. But also, because of the lack of worldliness in general in the USA, some of the most ignorant and dumbest people on Earth also. After over three decades in US military service around the world, and 15 of those in and around the swamps of DC, I am so tired of trying to illuminate what is wrong to my fellow citizens, and being impugned and insulted over it. I have simply decided to mostly deign to use my remaining energies to prepare for the coming calamities and no longer waste them on an ungrateful and scornful ignoramants.
Reply
eric December 13, 2020 At 5:18 am
Hi Saxons,
OM could be great – if he does something before it is too late. It is almost too late. If he permits the election to be stolen then there will be no more elections. The country will be solidly and probably for a very long time under the control of the left, which seized its moment with great skill and determination. OM has so far proved unequal to dealing with them.
Expecting “the courts” to salvage this is like expecting Mitt Romney to vote to repeal Obamacare.
Reply
Shotgun Chuck December 13, 2020 At 5:06 pm
Sadly, Trump’s only option at this point is to invoke the military. The Supreme Court, including Trump’s own picks, basically flipped off the entirety of America with that decision. Even some leftists were outraged.
Reply
Douglas Self December 14, 2020 At 7:35 am
Chuck, I dunno that Trump would pull THAT trigger, and even if he wanted to, it’d likely be a weapon that “misfires”. That is, the military will not likely support the President in an extrajudicial imposition of power or, in effect, declaring himself the winner, no matter how justified his grievances are. And WHAT leftists are “outraged”? Sure, I’ve read that about a THIRD of Democrats believe the election was rigged or stolen, but I’ve read of no “outrage” from any of them.
Reply
Douglas Self December 13, 2020 At 9:44 am
Saxon, really dig the Titanic and Iceberg analogy!
Yes, Washington has devolved into what G. Gordon Liddy describes as the “District of Criminals”, who all have deluded themselves into believing the party’s not “over”! It’s become akin to how bad the corruption in 19th-century NYC got under the Tammany Hall political machine and William Marcy “Boss” Tweed, who, when confronted with his corruption, just quipped, “well, what are you going to DO about it?” Knowing that he had the police and the courts in his hip pocket, Tweed fairly much ran the Big Apple as his personal fiefdom. It took courageous efforts to finally take him down, though Tammany Hall would endure, including one of it’s most terrible legacies under “Big Tim” Sullivan in 1911…that of New York State’s highly unconstitutional Sullivan Act, passed to legally dis-arm his political opponents. We can expect that the head of the Biden Crime Family will attempt to either stop gun and ammo sales when his illegitimate Presidency starts as a first measure. Which is why I haven’t let the grass grow under my feet.
Reply
Saxons Wrath December 14, 2020 At 11:23 pm
Douglas and Eric, based on my military experience, Service Members(SM) will relish the chance to “perp walk” bureaucrats and
politicians of ANY party. The more intelligent SM’s realize that the political class is the source of the majority of society’s ailments, and ALL of the financial problems, such our $27 Trillion, and growing, deficit. Fortunately, or not, depending on your perspective, the military is the “last line of defense”, and in this situation of a stolen national presidential election, and since all SM have sworn an oath to “defend the constitution against all enemies, foreign and DOMESTIC”, this is the only option left to resolve this terrible crisis our Nation has been thrust into today. Trump, as President, is the Military Comander in Chief and the Chief Law Enforcement Officer in the country, and the authority of those positions is no small thing. If you don’t believe me, just look at what Abe Lincoln did during the Civil War to see what Trump could do, if he really wanted. I think Trump’s intent all along was to bring the military in to clean up the mess both Dems and RINO’s have created. The depth and breadth of corruption in our entire electoral process at all levels is beyond breathtaking. It is particularly heinous regarding the issue of foreign influence and money at the national level. Specifically, Chinese funding of the voting machine companies, and all the recent revelations about Chinese influencers, Democrat and Republican elected officials in office right now, as well as bureaucrats in high places within our government right now, by the Chinese themselves. Will Trump pull the trigger of the trap he has created for the Dem and RINO traitors to the US? I sincerely hope so, as they have taken the bait, hook, line and sinker. If not, than yes, our Nation will have a new and terrible crisis of biblical proportions coming for our citizens first, but also for the whole world, as China is the ascending power, and they have no qualms about using violent force for political ends, on their own people, and of course, any conquered peoples. The World has seen that already with their Cultural Revolution what happened to the Chinese people, by their own government. What do you think they’ll do to us, once they own our politicians??? We will be “meat on a stick” for them, LOL. Get ready for serious fireworks between now and 20 January is my advice. YMMV….
Reply
Douglas Self December 15, 2020 At 4:29 am
Saxons, perhaps the rank and file and the more junior officers might feel as you do, but all too many of the senior general officers (admirals included) are likewise enmeshed in the bureaucracy and should be likewise considered as Chicom stooges. It would take an uprising by those currently under command, as well as discharged VETERANS whom still take their oath to defend the Constitution and the country it stands for seriously. Nothing would please me more than a REAL “million man march”, all ARMED, on the “District of Criminals”, to arrest the political hacks and throw them OUT, but I ain’t holding my breath.
Reply
eric December 15, 2020 At 6:10 am
Hi Doug,
A good friend of mine is convinced it’s not all talk – but I see nothing but failed (so far) procedural attempts to revisit the (s)election,which attempts were/are doomed to fail in my opinion because they depend on facts mattering to institutions such as courts. They do not matter. If they did matter, Americans would not be living under a Diaper Regime (as the facts are clear regarding their inability to prevent healthy people from spreading a sickness they have not got and which 99.8 percent of people don’t die from anyhow).
If OM and his people are serious, they will have to do something. Not file papers. Not Tweet.
Reply
eric December 15, 2020 At 6:18 am
Hi Saxons,
I hope you’re right. I abhor violence and would do almost anything to avoid it – except submit to the grotesque tyranny fulminating all around us. I and many people I know are pinning our last hopes on OM acting. Not Tweeting. Tens of millions would rally to his support.
Remember Braveheart? When Wallace begs Robert Bruce to do the same?
Reply
JWK December 10, 2020 At 6:17 pm
After most of the CA population willingly accepting the willful destruction of their economic, social, and psychological health, their Psychopaths In Charge are probably convinced they can do what they like to their subjects……er citizens. And they may be right.
Tyrants do not create tyranny, submission does.
Reply
Jeremy December 10, 2020 At 4:21 pm
Hi Anon,
“Is it not odd that the Clinton Foundation contributions fell off the cliff when the hag lost?”
Hah! You mean maybe they were buying presumed access and not engaging in selfless charity? Please, say it ain’t so.
Cheer,
Jeremy
Reply
Douglas December 10, 2020 At 3:04 pm
I would never buy one of Mary Barra’s cars anyway but if one is unfortunate enough to have to live in California, he can still get a Camaro – just buy it in another State, put it in a relative’s name and later, transfer the car to himself. My Mother did this for her Granddaughter when she wanted a Diesel Golf in LA and they were banned in Cali. My Uncle was also able to do this for his Mercedes Diesel.
Reply
BrentP December 10, 2020 At 10:20 pm
As I recall CA used to put all sorts of registration barriers and taxes and fees for bringing in cars from out of state no matter how it was done. Cars they didn’t allow in CA would never get registered. Did they stop doing that?
Reply
Douglas Self December 13, 2020 At 9:46 am
Why not? Do you think millions upon millions of “Illegals” register THEIR rides, or even have legitimate driver’s licenses, even though likely hundreds of thousands of them voted ANYWAY in this past election in CA?
What’s good for the “Vato” should be good also for the “Gringo!”
Reply
Erle December 10, 2020 At 2:56 pm
The commonsense solution to this is to hire one of the many out of work movie stunt car guys to do burnouts and stunts in front of the “lawmakers” houses. Of course you would put the cheapest tires on to keep the budget down. Presstitutes invited for the big shew.
Then run a press conference showing a fun car versus a coaster brake car in a safety demonstration of deceleration. Throw in a hot EV too and then measure the amount of brake dust as compared to a 1970 Buick with drums.
Reply
Douglas L Self December 10, 2020 At 2:59 pm
Or bring an old diesel pickup with one tired engine and injectors not exactly in tune…and…ROLL COAL!
Reply
Erle December 10, 2020 At 3:01 pm
Then do an interview on the gig to Mary Barra to show what a fool runs GM.
Ask her how downshifting works to reduce speed without using brakes. Three on the tree forever, even a six speed Tremec.
Reply
richb December 10, 2020 At 1:49 pm
Since the government has had so much success improving toilets, light bulbs, gas cans, major appliances, HVAC and tools, I can’t wait for what they have in store for brakes…………………………….
Reply
turtle blues December 10, 2020 At 1:30 pm
When brake pads are outlawed, only outlaws will have brakes.
Sort of like railroad trains before George Westinghouse.
Reply
Anonymous December 10, 2020 At 2:52 pm
Nice reference to the Westinghouse air brake (I assume). Back when innovation really meant something. Well, unless you were a career brakeman.
Reply
ReadyKilowatt December 14, 2020 At 8:45 am
Brakemen had a fairly short career anyway. If you didn’t fall off the roof of the boxcar, you probably were maimed by being pinched in between a coupler or other big pieces of cast iron.
Reply
Douglas Self December 10, 2020 At 11:45 am
It’ll be my PLEASURE to resurrect mine own vintage Mopar (60s or 70s) and make it an snorting, obnoxious, fire-eating street machine. WHY? Because I WANT TO, and I CAN. It’s MY money, and if I want to devote whatever of it, plus my time and efforts, into building this “samisdat” ride, so be it. And if asked what “need” I have, my reply will be, “the ‘need’ to EXPRESS myself, with iron, chrome, glass, gasoline, and electricity!” If where I title this damned thing has vanity plates, mine should read:
BCUZEFFM
Here’s fifty cents of ‘free advice’ to these would-be “do-gooders” that think to restrict my motoring happiness: never, Never, NEVER fuck with an old white guy and his RIDE!
Reply
Mark in BC December 10, 2020 At 11:22 am
Perhaps GM really doesn’t care. After all, they seem to be all-in on the transportation as a service model. What do they care which GM Mobility Unit is leased/rented? They will make a killing denying individuals of other options.
Reply
Jim H December 10, 2020 At 10:16 am
‘GM … now supports CA-for-everyone cars.’ — EP
Or CACA-for-everyone cars, as the case may be.
Meanwhile, one lynchpin of the Cali gerontocracy has tottered and fallen. After asking the same question twice in a Judiciary Committee hearing, Senator Dianne Feinstein was convinced to step down from her ranking member position. From an article in the New Yorker:
‘Many familiar with Feinstein’s situation describe her as seriously struggling, and say it has been evident for several years.
‘They say her short-term memory has grown so poor that she often forgets she has been briefed on a topic, accusing her staff of failing to do so just after they have. They describe Feinstein as forgetting what she has said and getting upset when she can’t keep up.
‘One aide described what he called a “Kabuki” meeting in which Feinstein’s staff tried to steer her through a proposed piece of legislation that she protested was “just words” which “make no sense.” Feinstein’s staff has said that sometimes she seems herself, and other times unreachable.’
https://www.newyorker.com/news/news-desk/dianne-feinsteins-missteps-raise-a-painful-age-question-among-senate-democrats
It’s obscene that this corrupt, senile old dragon lady wants to shove Kalifornia’s egregious misgovernance down the throat of the entire nation, in the form of ‘progressive’ brake pad and EV and CARB emissions rules, not to mention mandatory all-electric houses.
Evict the Democratic Peoples Republic of Kalifornia from the United States … or no Camaros for you!
Reply
Raider Girl December 10, 2020 At 10:55 am
Interesting article, Jim.
I have always been a proponent of term limits and Feinstein’s condition is a reason why. Not only should we have them for Congress and the Presidency, but the Supreme Court, too. The infamous RBG should have never died on the bench. Whether we want to admit it or not age takes a toll on our faculties. Unfortunately, those whose faculties are diminishing are often aware and unaccepting of this fact.
We see with Biden (who was never a smart man, but has gotten to the point of incoherency) will drag this country down with him. His evident decline puts our country’s national security in peril, not to mention we will be a laughingstock. Yes, I know Biden will just be the “face” and others are pulling the strings, but if you are China, Iran, or even Germany, how do you associate with a person who doesn’t have their shit together? They will talk to him like he is someone’s crazy uncle (this country’s) and smirk as they leave the conference knowing America is weak and open to attack.
Reply
Douglas Self December 10, 2020 At 11:49 am
RBG was likely already dead for several YEARS before the craven bastards couldn’t hide it anymore. They went ahead and let Trump have his SCOTUS nominee, and did the usual perfunctory posturing about how American “womyn” would once again have to get “back-alley abortions” and so on. In reality, they believed that the “FIX” was ALREADY in, so why maintain the illusion that RBG was alive and well?
Reply
Crusty Old TV Tech December 10, 2020 At 12:06 pm
Pilots are mandated to retire at 65, why not political weenies? Maybe forced to retire at 18?
Reply
MarkyMark December 10, 2020 At 1:01 pm
RG,
What I can’t figure out is WHY these old fossils die in office! WTF don’t they retire at 65-70, so they can enjoy what’s left of their lives? WTF would anyone, with few exceptions, want to work that long? I remember Joe Paterno, former coach of the Penn State Nittany Lions, was working in to his 80s, but he clearly loved and enjoyed what he was doing; he’d been at Penn State for decades. That said, those rare exceptions prove the rule that most people should retire by 70. Again, WTF are these old fossils doing in Washington for so long? Why can’t they go home to enjoy life?
It’s not just DiFi, either; there’s a slew of old fossils from both parties. Chuck Grassley is 78, as is Sen. Majority Leader Mitch “Marble Mouth” McConnell, both Republicans. McConnell will be 84 when his present term expires! You have Nancy Pelosi who’s 80 and in obvious decline. And who can forget Auntie Maxine Waters, who’s also 80? There’s a slew of these people.
Reply
Douglas L Self December 10, 2020 At 1:48 pm
You’ve answered your own questions. Politicians get into that line of work precisely b/c they crave the POWER that their positions bring. And the GRAFT. Look, most of these folks, being attorneys, other professionals, and business owners have a lot more going for them that the relatively paltry salary (the retirement bennies and health care are great, much better than for run-of-the-mill Federal employees). So WHY do they run for office? Ans. WEALTH and power, and many were already well off before they got into it. In some cases, like DiFi, they look out for their spouse’s or extended families financial interests. Just look at the Clintons..”‘c’mon, Man”, do you really think that the “Hildebeast” made their incredible wealth by trading cattle futures? If that were so, she should have founded her own commodities brokerage and gotten rich as Croesus! Instead, she and Bill got as wealthy as the old Greek king of yore by their “Clinton Foundation”, which is an ill-disguised graft and bribery machine.
And so many are narcissistic in that they crave the limelight and the adulation. Especially the Clintons and the Obamas. Even Trump, whom otherwise I well support, likes the attention of his base. A fundamental reward of being a celebrity, even a political one.
Reply
Ernie December 10, 2020 At 1:56 pm
Thats too easy man. They love what they do- they are evil and value only power over their betters.
One Ring to rule them all, One Ring to find them,
One Ring to bring them all and in the darkness bind them
In the Land of Mordor where the Shadows lie.
Reply
Anonymous December 10, 2020 At 2:41 pm
You’re trying to use a model of a normal person but they’ve built a whole mini empire of power and corruption. This IS their life’s mission. They have no “other” life, real passions or bucket list of things to do. For them they are doing what they’re supposed to do – be sociopaths. And just like any other habitual criminal the only things that stop them are incarceration or death.
Reply
Douglas L Self December 10, 2020 At 2:56 pm
To be followed by “incineration” AFTER death…but that’s not MY department.
Reply
Crusty Old TV Tech December 11, 2020 At 2:42 pm
The fix is to prevent diabolical narcissists from being in politics. Which profession attracts diabolical narcissists like stink on feeecis (Marvin Zindler pronunciation)? Well, that would be attorneys and their fellow-travellers, government majors. Ban them from office, watch the caterwauling. Oh, and is it not a “conflict of interest” for ones making the rules and/or enforcing them to benefit from the rules, thus the morass of US Code volumes we currently suffer under.
Nah, never happen. Roaches and politicians never stop messing up their kitchens!
Reply
Raider Girl December 10, 2020 At 7:21 pm
Hi Guys,
I would agree with most here that people who remain in power indefinitely are doing it for control and not the goodness of their own heart, but we are talking about people who are no longer able to put on their own pants much less make a reasoned decision.
Who is the puppet holding Feinstein’s strings? Do any of us believe that RBG was actually writing her own opinions? Do we think Soros is trying to control the universe? His money is, but he isn’t. A few people age well and are able to make informed enlightened judgements well into their 80s or 90s, but they are pretty rare.
Something much more sinister is occurring and these people are nothing more than a figurehead.
Reply
Josh December 10, 2020 At 9:10 pm
Ron Paul is 85 and near as I can tell about as sharp as the normal 60-something.
About Feinstein, she’s married to Richard Blum, an insider tied to the The Carlyle Group, among other influential military-industrial complex businesses. Carlyle Group once had George H.W. Bush (first Bush president) on its payroll, in fact he was a consultant to them in 2001 when his son had ascended to the throne.
The Carlyle Group profited from Sept 11 at the time with tentacles that ran deep around the globe. They’ve faded from publicity but they’re still peddling their wares and Feinstein is no doubt an integral part of it.
https://www.democracynow.org/2003/5/2/the_iron_triangle_the_secret_history
https://www.lewrockwell.com/2006/03/joshua-frank/the-feinstein-family-of-war-profiteers-part-two-partisanship-trumps-ethics/
https://www.investmentwatchblog.com/you-think-pelosi-is-corrupt-but-diane-feinstein-is-worse/
Reply
ReadyKilowatt December 14, 2020 At 8:53 am
I have it on pretty good authority that Paterno was nothing more than a marketing figurehead. The alumni wanted him around, so the university kept him around. Day to day, recruiting, all that was pretty much handled by staff. If a recruit was on the fence he’d make a phone call or something, so practiced that it would sound sincere but he probably had no idea who the recruit was or anything about him. Even the press conferences were less and less about Joe as time went on, even though the reporters would practically blow him in the Q&A.
But when it came to the alumni fund, he was the man who could move the needle.
Reply
richb December 10, 2020 At 1:25 pm
I don’t know what it is with all these old senile politicians. That power hungry, that you can’t give it up? So many, many examples, McCain, RBG, Biden, H Clinton, even Trump is hardly a spring chicken either.
Normal people count the days until they can retire. That probably says something about what kind of people become politicians. Of course some of the blame can be sent to the voters of California who keep sending this old bat back to DC.
Reply
MarkyMark December 10, 2020 At 2:19 pm
RichB,
You’re right, of course. Most people count the days to retire; not only that, they retire EARLY if at all possible! The only exceptions are those who were clearly born for what they do, such as former Penn State football coach Joe Paterno, who coached in to his early 80s. That said, such cases prove the rule of what you’re saying; they’re the exception that proves the rule.
Reply
William Self (in charge of production) December 10, 2020 At 4:52 pm
MM,
Speaking of those who will never retire is Gene Winfield. 91 years old and he’s still chopping tops, building lead sleds and painting cars. He parks cars in his living room. He’s just about finished building a 230mph Prius. Great interview here.
https://www.youtube.com/watch?v=YwkHCx0yXpY
Reply
Anonymous December 10, 2020 At 3:24 pm
Is it not odd that the Clinton Foundation contributions fell off the cliff when the hag lost?
Reply
Douglas Self December 15, 2020 At 4:23 pm
When one is a senator, particularly a six-termer like DiFi, you’re practically “royalty”. Aw, c’mon, “man”, you have a STAFF that does all the “heavy lifting”. The “old bat” is there to protect her nice little empire, like any DUCHESS would.
Look at how long good Queen “Lizzie” has reigned over across the pond…why, the first PM that called upon her was Winston Churchill !
Reply
LEAVE A REPLY Cancel reply
Please enter your comment!
Please enter your name here
You have entered an incorrect email address!
Please enter your email address here
Save my name, email, and website in this browser for the next time I comment.
Notify me of followup comments via e-mail. You can also subscribe without commenting.
Δ
Get Free Car-Buying Ebook!
subscribe
Email *
If you are human, leave this field blank.
Submit
Δ
Find it Here!
Politically Incorrect Short Stories!
Valentine One
October 2025
Like EPautos? Support EPautos!
Donate
Recent Comments
Dan on Un-American Activities
Stu on Celebrating the End
eric on Un-American Activities
Mark in BC on Un-American Activities
Stu on Celebrating the End
Stu on Celebrating the End
Shadow on Supervised Hands-Off Self Driving . . .
Yukon Jack on Un-American Activities
expat on The Worst Advice for Teen Drivers
Yukon Jack on Un-American Activities
National Motorists Association
Advertise With EPAutos!
Interested in placing an ad with Epautos and connecting with the web's largest audience of Libertarian gearheads? Email us for more info: [email protected]
Get Your EPautos Gear Here!
Quick Menu
Home
Forum
Donate
Contact Us
Site Map
Valentine One
RECENT POSTS
Un-American Activities October 4, 2025
Supervised Hands-Off Self Driving . . . October 4, 2025
The Worst Advice for Teen Drivers October 3, 2025
A Look Inside the New Tiggy October 3, 2025
Celebrating the End October 3, 2025
“One of the Great Businessmen” October 2, 2025
Latest Radio: Wheels Up! w/Bill Meyer KMED FM 10/02/2025 October 2, 2025
Property Taxes’ End? October 2, 2025
POPULAR CATEGORY
Features7083
Slide Show5183
Politics4972
Off Topic3496
News/Other Stuff3427
Radio Interviews1626
Questions1080
New Car Reviews1039
Radio781
Tips/Advice548
Site News, Minor Rants & What Have You377
Tickets/Driving Stuff300
Classic Cars289
Cycles211
Motorcycles155
ABOUT US
Eric started out writing about cars for mainstream media outlets such as The Washington Times, Detroit News and Free Press, Investors Business Daily, The American Spectator, National Review, The Chicago Tribune and Wall Street Journal.
Contact us: Eric Peters [email protected]
FOLLOW US
Facebook Twitter Vimeo VKontakte Youtube
© copyrights by ericpetersautos.com - 2016 - 2024
MORE STORIES
Politics
Thinking Caps
eric - May 9, 2022 98
Skip to toolbar
About WordPress
WordPress.org
Documentation
Learn WordPress
Support
Feedback
Remember Me
Lost your password?
Register
Search",CC-MAIN-2025-43,2026-02-17T05:55:25.108507+00:00
common_crawl_positive_doc_0094,Common Crawl,positive_doc,47a1b754c9f24526d81fcbaffc4b0c6c92f9794c7116fe6d458120135f4ea114,https://mouho.fi/app/game/mouho-2vs2-23/mouho-2vs2-2023-limited-edition/2846/,2025-10-06T04:56:10Z,0.31298828125,True,"Connection failed. Please, reload the page!
Connection rejected. Please, reload the page!
RELOAD","[""Connection failed. Please, reload the page!\nConnection rejected. Please, reload the page!\nRELOAD""]","MOU 4 - 2 MOU
Tournaments
Mouho 2vs2 2025Mouho 2vs2 2024 Limited Edt v2Mouho 2025Mouho 2vs2 2024 Limited EdtMouho 2024Mouho 2vs2 2023 Limited EdtMouho 2023Mouho 2022Mouho 2020Single GamesMouho 2vs2 2019Mouho 2019
Mouho 2vs2 2023 Limited Edition / team1
conference
t4 janne&mikko / Mouho 2vs2 2023 Limited Edition
Time On AttackTime On Attack
team1 on syytä epäillä sabotaasia?
Cosmic
Tournament: Mouho 2vs2 2023 Limited Edt
Conference: Mouho 2vs2 2023 Limited Edition
List Conference Games
mail(ät)mouho.fi | © Mouho.fi - 2025 | Desktop view
Oops! An error has occurred.
×
This application may no longer respond until reloaded.
Reload
×
Connection was lost.
Attempting to connect to server!
Connection failed. Please, reload the page!
Connection rejected. Please, reload the page!
RELOAD",CC-MAIN-2025-43,2026-04-01T05:15:56.561509+00:00
common_crawl_positive_doc_0095,Common Crawl,positive_doc,fd967a5835b1d186207a0548498f9f2656a3090490b41e4f1628d03e04fb6a84,https://sysprogs.com/w/forums/topic/problems-linking-library-in-visual-studio-2015-keychain-test-is-successfull/,2025-10-06T14:38:25Z,0.13232421875,True,"SmarTTY v50_features VisualGDB 5.2 Features VisualGDB 5.3 Features VisualGDB 5.5 VisualGDB 5.6 VisualKernel 4.0 
 Recent Forum Posts 
 Espressif ESP-IDF v6.0 Intellisense error: invalid value gnu2b in -std=gnu2b 
 Espressif ESP-IDF v6.0 Intellisense error: invalid value gnu2b in -std=gnu2b 
System.IO.PathTooLongException
System.IO.PathTooLongException
Espressif ESP-IDF 5.5 Requires Python 3.9 or newer
Visual Studio 2026
Espressif ESP-IDF v6.0 Intellisense error: invalid value gnu2b in -std=gnu2b
System.IO.PathTooLongException
System.IO.PathTooLongException
Compile using GCC tool chain in Visual studio
Visual Studio 2026
Espressif ESP-IDF v6.0 Intellisense error: invalid value gnu2b in -std=gnu2b","[""SmarTTY v50_features VisualGDB 5.2 Features VisualGDB 5.3 Features VisualGDB 5.5 VisualGDB 5.6 VisualKernel 4.0 \n Recent Forum Posts \n Espressif ESP-IDF v6.0 Intellisense error: invalid value gnu2b in -std=gnu2b \n Espressif ESP-IDF v6.0 Intellisense error: invalid value gnu2b in -std=gnu2b \nSystem.IO.PathTooLongException\nSystem.IO.PathTooLongException\nEspressif ESP-IDF 5.5 Requires Python 3.9 or newer\nVisual Studio 2026\nEspressif ESP-IDF v6.0 Intellisense error: invalid value gnu2b in -std=gnu2b\nSystem.IO.PathTooLongException\nSystem.IO.PathTooLongException\nCompile using GCC tool chain in Visual studio\nVisual Studio 2026\nEspressif ESP-IDF v6.0 Intellisense error: invalid value gnu2b in -std=gnu2b""]","Topic: Problems linking library in Visual Studio 2015 (keychain test is successfull) | Sysprogs
Problems linking library in Visual Studio 2015 (keychain test is successfull)
Sysprogs forums › Forums › VisualGDB › Problems linking library in Visual Studio 2015 (keychain test is successfull)
Tagged: 5.1, Crypto++, Linker, Visual Studio 2015, visualgdb
This topic has 1 reply, 2 voices, and was last updated 9 years, 5 months ago by support.
Log In Register Lost Password
Viewing 2 posts - 1 through 2 (of 2 total)
Author
Posts
April 15, 2016 at 10:13 #7961
christoph.p
Participant
Hi!
I try to use the crypto++ library in C++ project. I’m working on Visual Studio 2015 with VisualGDB 5.1
I have downloaded, built and installed the crypto++ lib on my edison. Although I have compiled the
corresponding solution on my windows machine. Then I have added the cryptlib project as a dependency
of my project:
And I have added the “cryptlib.lib” in the “additional linker inputs” in the VisuallGDB project settings.
This are my VisualGDB project settings:
Now I have problems to link the crypto++ library with my cross-compiling project.
This is the compiler output: klick (pastbin)
The Keychain test runs well. So I think the lib is supplie on the edison…
What am I doing wrong? I think the code would compile on the edison directly, but I want to cross compile it on my
windows pc…
Thanks for helping!
April 15, 2016 at 18:23 #7962
support
Keymaster
Hi,
It looks like you are trying to link the Crypto++ library compiled for Win32 with the VisualGDB project for Edison. As the library is incomptaible with the Edison toolchain, it simply ignores it.
Please build the library using the same cross-toolchain you use for your project and link to the cross-compiled version of the library instead.
Author
Posts
Log In Register Lost Password
Viewing 2 posts - 1 through 2 (of 2 total)
You must be logged in to reply to this topic.
AI analyzer2go CodeVROOM non-intrusive debugging SmarTTY v50_features VisualGDB 5.2 Features VisualGDB 5.3 Features VisualGDB 5.5 VisualGDB 5.6 VisualKernel 4.0
Recent Forum Posts
Espressif ESP-IDF v6.0 Intellisense error: invalid value gnu2b in -std=gnu2b
Espressif ESP-IDF v6.0 Intellisense error: invalid value gnu2b in -std=gnu2b
System.IO.PathTooLongException
System.IO.PathTooLongException
Espressif ESP-IDF 5.5 Requires Python 3.9 or newer
Visual Studio 2026
Espressif ESP-IDF v6.0 Intellisense error: invalid value gnu2b in -std=gnu2b
System.IO.PathTooLongException
System.IO.PathTooLongException
Compile using GCC tool chain in Visual studio
Visual Studio 2026
Espressif ESP-IDF v6.0 Intellisense error: invalid value gnu2b in -std=gnu2b
Arduino esp32 update fails
Arduino esp32 update fails
Please add ability to add linker flags to project.
Visual Studio 2026
Visual Studio 2026
Issues with Project Properties
Espressif ESP-IDF 5.5 Requires Python 3.9 or newer",CC-MAIN-2025-43,2026-04-20T10:34:38.872650+00:00
common_crawl_positive_doc_0096,Common Crawl,positive_doc,ce0811f1775f017ba135b4a3f58ca0e99fc3e006b6543a9a34b76e110a091d1d,https://www.tonercartridgedepot.com/epson-fx-1170-14996-d.html,2025-10-05T12:46:10Z,0.294921875,True,"Email
Password
Forgot your password?
Sign in
Sign in with Google Sign in with Microsoft Sign in with Apple
Sign up for your account
×
Error
Email address
Error
Password
We recommend to use at least 8 characters for your password.
Error
Confirm password
Sign me up for special offers and product updates and send me $3 discount coupon to use for my next purchase.
Error
Sign Up","[""Email\nPassword\nForgot your password?\nSign in\nSign in with Google Sign in with Microsoft Sign in with Apple\nSign up for your account\n×\nError\nEmail address\nError\nPassword\nWe recommend to use at least 8 characters for your password.\nError\nConfirm password\nSign me up for special offers and product updates and send me $3 discount coupon to use for my next purchase.\nError\nSign Up""]","Toner Cartridge Depot: Epson FX 1170 Printer Supplies
27 yearsof proven quality service
Search for a toner cartridge or printer model
Cartridges
Printer Model
No results
Submit your proposal
reorder
track
call
help
Contact Us Search Tips and Tools Using Your Account Payment Methods We Accept Delivery Information How We Protect Your Privacy Other Subjects
blog
SHOP BY CARTRIDGES
TONER CARTRIDGES INK CARTRIDGES REMANUFACTURED MAINTANENCE KITS PRINTER RIBBONS
Apple
Brother
Canon
Copystar
Dataproducts
Dell
Epson
GCC Tech
Genicom
Gestetner
HP
IBM
Konica Minolta
Kyocera Mita
Lanier Harris
Lexmark
Mannesmann Tally
Murata Muratec
NEC
Oce
Okidata
Panasonic
Pitney Bowes
Ricoh
Samsung
Savin
Sharp
Toshiba
Xerox
Apple
Brother
Canon
Dell
Epson
Gestetner
HP
Lexmark
NEC
Oce
Okidata
Panasonic
Pitney Bowes
Primera
Ricoh
Risograph
Samsung
Savin
Sharp
Xerox
SHOP BY PRINTER MODEL
For an exact list of supplies you may need, select your specific model.
1. Printer Manufacturer
2. Printer Family
3. Printer Model
Choose Manufacturer...
Choose Family...
Choose Model...
Apple
Brother
Canon
Copystar
Dataproducts
Dell
Epson
GCC Tech
Genicom
Gestetner
HP
IBM
Konica Minolta
Kyocera Mita
Lanier Harris
Lexmark
Mannesmann Tally
Murata Muratec
NEC
Oce
Okidata
Panasonic
Pitney Bowes
Primera
Ricoh
Risograph
Samsung
Savin
Sharp
Toshiba
Xerox
Zebra
Can't find what you're looking for? Let us help you! Submit your proposal
ACCOUNT
Login
Create My Account
Dashboard
Personal Info My Addresses My Orders My Printers My Cartridges My Reminders
1-Click Reorder Track Order
0
Proceed to Checkout
PayPal Checkout
NO SALES TAX (outside of FL)
Items
Coupon Code and Gifts
Frequently Bought Together
×
View Shopping Cart →
Home
Printer Ribbons
Epson
Epson FX 1170
Help Us Improve
Epson FX 1170 Supplies
That Is My Printer Save to my account
Printer Ribbons, Maintenance Kits and Parts
2 Items
Epson 8755
Black Genuine Ribbon Cartridge 5,000,000 characters
$8
Out of Stock
Get a notification of availability
Epson 8758
Black Genuine Ribbon Cartridge Standard Yield, 3,000,000 characters
$8
Out of Stock
Get a notification of availability
Company Information
About Toner Cartridge Depot
Contact Information
Recycle Surplus Cartridges
Printer Industry Blog
Security and Privacy
How We Protect Your Privacy
Our Privacy Policy
Terms and Conditions
MY ACCOUNT CENTER
Dashboard
Personal Info
My Orders
1-Click Reorder
Track Order
Shopping Assistance
Using Your Account
Payment Methods We Accept
Delivery Information
Submit Ticket
PayPal • Secure Checkout •
© 1998 - 2025, Toner Cartridge Depot (TCD)
Toll Free Phone: 1-866-587-8640,
Phone: (904) 342-6224
Customer Service: support@tonercartridgedepot.com
Rated 9/10 based on 3,874 reviews from TonerCartridgeDepot.com's customer survey
Really want to remove?
Cancel
Remove
×
Drop us a message with your printer model and the cartridge description or number. You will also get a $5 discount coupon to save money on the purchase
Was the page efficient and easy to use?
Your First Name
Your Last Name
Your Email
Message
SEND REQUEST
Your message has been sent. We will contact you soon. Thank you!
Login
×
Email or Password is incorrect. Check your login data and try again.
Email
Password
Forgot your password?
Sign in
Sign in with Google Sign in with Microsoft Sign in with Apple
Sign up for your account
×
Error
Email address
Error
Password
We recommend to use at least 8 characters for your password.
Error
Confirm password
Sign me up for special offers and product updates and send me $3 discount coupon to use for my next purchase.
Error
Sign Up",CC-MAIN-2025-43,2026-02-15T05:24:45.724234+00:00
common_crawl_positive_doc_0097,Common Crawl,positive_doc,b80c7d0c0f8a320360a4291aa2eca73a27118a77db383decfa3dedd7ccd7134b,https://tele5.pl/taxonomy/term/731,2025-10-05T15:47:01Z,0.08251953125,True,"Sekrety zwierząt 





 10.30 
 Komunikat o błędzie 
 Deprecated function: array_key_exists(): Using array_key_exists() on objects is deprecated. Use isset() or property_exists() instead in Drupal\Core\Controller\ControllerResolver->doGetArguments() (line 139 of core/lib/Drupal/Core/Controller/ControllerResolver.php). 
 Drupal\Core\Controller\ControllerResolver->doGetArguments(Object, Array, Array) (Line: 118) 
 Symfony\Component\HttpKernel\Controller\ControllerResolver->getArguments(Object, Array) (Line: 94) 
 Drupal\Core\EventSubscriber\EarlyRenderingControllerWrapperSubscriber->onController(Object, 'kernel.controller', Object) (Line: 111) 
 Drupal\Component\EventDispatcher\ContainerAwareEventDispatcher->dispatch('kernel.controller', Object) (Line: 137) 
 Symfony\Component\HttpKernel\HttpKernel->handleRaw(Object, 1) (Line: 64) 
Symfony\Component\HttpKernel\HttpKernel->handle(Object, 1, 1) (Line: 57)
Drupal\Core\StackMiddleware\Session->handle(Object, 1, 1) (Line: 47)
Drupal\Core\StackMiddleware\KernelPreHandle->handle(Object, 1, 1) (Line: 207)
Drupal\page_cache\StackMiddleware\PageCache->fetch(Object, 1, 1) (Line: 121)
Drupal\page_cache\StackMiddleware\PageCache->lookup(Object, 1, 1) (Line: 75)
Drupal\page_cache\StackMiddleware\PageCache->handle(Object, 1, 1) (Line: 47)
Drupal\Core\StackMiddleware\ReverseProxyMiddleware->handle(Object, 1, 1) (Line: 50)
Drupal\Core\StackMiddleware\NegotiationMiddleware->handle(Object, 1, 1) (Line: 23)
Stack\StackedHttpKernel->handle(Object, 1, 1) (Line: 656)
Drupal\Core\DrupalKernel->handle(Object) (Line: 19)
Deprecated function: Unparenthesized `a ? b : c ? d : e` is deprecated. Use either `(a ? b : c) ? d : e` or `a ? b : (c ? d : e)` in include() (line 412 of vendor/composer/ClassLoader.php).
include() (Line: 412)
Composer\Autoload\includeFile('/home/tl5/domains/tele5.pl/public_html/vendor/composer/../twig/twig/lib/Twig/Node.php') (Line: 301)
Composer\Autoload\ClassLoader->loadClass('Twig_Node')
spl_autoload_call('Twig_Node') (Line: 18)
include('/home/tl5/domains/tele5.pl/public_html/vendor/twig/twig/lib/Twig/Node/Expression.php') (Line: 412)
Composer\Autoload\includeFile('/home/tl5/domains/tele5.pl/public_html/vendor/composer/../twig/twig/lib/Twig/Node/Expression.php') (Line: 301)
Composer\Autoload\ClassLoader->loadClass('Twig_Node_Expression')
spl_autoload_call('Twig_Node_Expression') (Line: 12)
include('/home/tl5/domains/tele5.pl/public_html/vendor/twig/twig/lib/Twig/Node/Expression/Name.php') (Line: 412)
Composer\Autoload\includeFile('/home/tl5/domains/tele5.pl/public_html/vendor/composer/../twig/twig/lib/Twig/Node/Expression/Name.php') (Line: 301)
Composer\Autoload\ClassLoader->loadClass('Twig_Node_Expression_Name')
spl_autoload_call('Twig_Node_Expression_Name') (Line: 146)
Twig_ExpressionParser->parsePrimaryExpression() (Line: 84)
Twig_ExpressionParser->getPrimary() (Line: 41)
Twig_ExpressionParser->parseExpression() (Line: 144)
Twig_Parser->subparse(NULL, ) (Line: 100)
Twig_Parser->parse(Object) (Line: 636)
Twig_Environment->parse(Object) (Line: 696)
Twig_Environment->compileSource('{# inline_template_start #}{{ arguments.tid }}', '{# inline_template_start #}{{ arguments.tid }}') (Line: 397)
Twig_Environment->loadTemplate('{# inline_template_start #}{{ arguments.tid }}', NULL) (Line: 143)
Drupal\Core\Template\TwigEnvironment->renderInline('{# inline_template_start #}{{ arguments.tid }}', Array) (Line: 52)
Drupal\Core\Render\Element\InlineTemplate::preRenderInlineTemplate(Array)
call_user_func(Array, Array) (Line: 376)
Drupal\Core\Render\Renderer->doRender(Array, 1) (Line: 195)
Drupal\Core\Render\Renderer->render(Array, 1) (Line: 151)
Drupal\Core\Render\Renderer->Drupal\Core\Render\{closure}() (Line: 574)
Drupal\Core\Render\Renderer->executeInRenderContext(Object, Object) (Line: 152)
Drupal\Core\Render\Renderer->renderPlain(Array) (Line: 407)
Drupal\views\Plugin\views\PluginBase->viewsTokenReplace('{{ arguments.tid }}', Array) (Line: 238)
Drupal\views\Plugin\views\style\StylePluginBase->tokenizeValue('{{ arguments.tid }}', 0) (Line: 1829)
Drupal\views\ViewExecutable->getTitle() (Line: 179)
Drupal\views\Plugin\views\display\Page->execute() (Line: 1616)
Drupal\views\ViewExecutable->executeDisplay('page_1', Array) (Line: 78)
Drupal\views\Element\View::preRenderViewElement(Array)
call_user_func(Array, Array) (Line: 376)
Drupal\Core\Render\Renderer->doRender(Array, ) (Line: 195)
Drupal\Core\Render\Renderer->render(Array, ) (Line: 226)
Drupal\Core\Render\MainContent\HtmlRenderer->Drupal\Core\Render\MainContent\{closure}() (Line: 574)
Drupal\Core\Render\Renderer->executeInRenderContext(Object, Object) (Line: 227)
Drupal\Core\Render\MainContent\HtmlRenderer->prepare(Array, Object, Object) (Line: 117)
Drupal\Core\Render\MainContent\HtmlRenderer->renderResponse(Array, Object, Object) (Line: 90)
Drupal\Core\EventSubscriber\MainContentViewSubscriber->onViewRenderArray(Object, 'kernel.view', Object) (Line: 111)
Drupal\Component\EventDispatcher\ContainerAwareEventDispatcher->dispatch('kernel.view', Object) (Line: 149)
Symfony\Component\HttpKernel\HttpKernel->handleRaw(Object, 1) (Line: 64)
Symfony\Component\HttpKernel\HttpKernel->handle(Object, 1, 1) (Line: 57)
Drupal\Core\StackMiddleware\Session->handle(Object, 1, 1) (Line: 47)
Drupal\Core\StackMiddleware\KernelPreHandle->handle(Object, 1, 1) (Line: 207)
Drupal\page_cache\StackMiddleware\PageCache->fetch(Object, 1, 1) (Line: 121)
Drupal\page_cache\StackMiddleware\PageCache->lookup(Object, 1, 1) (Line: 75)
Drupal\page_cache\StackMiddleware\PageCache->handle(Object, 1, 1) (Line: 47)
Drupal\Core\StackMiddleware\ReverseProxyMiddleware->handle(Object, 1, 1) (Line: 50)
Drupal\Core\StackMiddleware\NegotiationMiddleware->handle(Object, 1, 1) (Line: 23)
Stack\StackedHttpKernel->handle(Object, 1, 1) (Line: 656)
Drupal\Core\DrupalKernel->handle(Object) (Line: 19)
Notice: Trying to access array offset on value of type int in Drupal\Core\Render\Element::children() (line 81 of core/lib/Drupal/Core/Render/Element.php).
Drupal\Core\Render\Element::children(Array) (Line: 250)
Drupal\Core\Entity\EntityViewBuilder->buildMultiple(Array) (Line: 220)
Drupal\Core\Entity\EntityViewBuilder->build(Array)
call_user_func(Array, Array) (Line: 376)
Drupal\Core\Render\Renderer->doRender(Array) (Line: 448)
Drupal\Core\Render\Renderer->doRender(Array, ) (Line: 195)
Drupal\Core\Render\Renderer->render(Array) (Line: 490)
Drupal\Core\Template\TwigExtension->escapeFilter(Object, Array, 'html', NULL, 1) (Line: 56)
__TwigTemplate_7ab7a5513b494865f6b55b1b013508d3d961e3455de3b7f7fa94fe39da1a5716->doDisplay(Array, Array) (Line: 379)
Twig_Template->displayWithErrorHandling(Array, Array) (Line: 347)
Twig_Template->display(Array) (Line: 358)
Twig_Template->render(Array) (Line: 64)
twig_render_template('themes/custom/tele5/templates/override/views-view.html.twig', Array) (Line: 384)
Drupal\Core\Theme\ThemeManager->render('views_view', Array) (Line: 435)
Drupal\Core\Render\Renderer->doRender(Array) (Line: 448)
Drupal\Core\Render\Renderer->doRender(Array, ) (Line: 195)
Drupal\Core\Render\Renderer->render(Array, ) (Line: 226)
Drupal\Core\Render\MainContent\HtmlRenderer->Drupal\Core\Render\MainContent\{closure}() (Line: 574)
Drupal\Core\Render\Renderer->executeInRenderContext(Object, Object) (Line: 227)
Drupal\Core\Render\MainContent\HtmlRenderer->prepare(Array, Object, Object) (Line: 117)
Drupal\Core\Render\MainContent\HtmlRenderer->renderResponse(Array, Object, Object) (Line: 90)
Drupal\Core\EventSubscriber\MainContentViewSubscriber->onViewRenderArray(Object, 'kernel.view', Object) (Line: 111)
Drupal\Component\EventDispatcher\ContainerAwareEventDispatcher->dispatch('kernel.view', Object) (Line: 149)
Symfony\Component\HttpKernel\HttpKernel->handleRaw(Object, 1) (Line: 64)
Symfony\Component\HttpKernel\HttpKernel->handle(Object, 1, 1) (Line: 57)
Drupal\Core\StackMiddleware\Session->handle(Object, 1, 1) (Line: 47)
Drupal\Core\StackMiddleware\KernelPreHandle->handle(Object, 1, 1) (Line: 207)
Drupal\page_cache\StackMiddleware\PageCache->fetch(Object, 1, 1) (Line: 121)
Drupal\page_cache\StackMiddleware\PageCache->lookup(Object, 1, 1) (Line: 75)
Drupal\page_cache\StackMiddleware\PageCache->handle(Object, 1, 1) (Line: 47)
Drupal\Core\StackMiddleware\ReverseProxyMiddleware->handle(Object, 1, 1) (Line: 50)
Drupal\Core\StackMiddleware\NegotiationMiddleware->handle(Object, 1, 1) (Line: 23)
Stack\StackedHttpKernel->handle(Object, 1, 1) (Line: 656)
Drupal\Core\DrupalKernel->handle(Object) (Line: 19)
Notice: Trying to access array offset on value of type int in Drupal\Core\Render\Element::children() (line 81 of core/lib/Drupal/Core/Render/Element.php).
Drupal\Core\Render\Element::children(Array) (Line: 84)
Drupal\Core\Field\FormatterBase->view(Object, 'pl') (Line: 259)
Drupal\Core\Entity\Entity\EntityViewDisplay->buildMultiple(Array) (Line: 320)
Drupal\Core\Entity\EntityViewBuilder->buildComponents(Array, Array, Array, 'full') (Line: 263)
Drupal\Core\Entity\EntityViewBuilder->buildMultiple(Array) (Line: 220)
Drupal\Core\Entity\EntityViewBuilder->build(Array)
call_user_func(Array, Array) (Line: 376)
Drupal\Core\Render\Renderer->doRender(Array) (Line: 448)
Drupal\Core\Render\Renderer->doRender(Array, ) (Line: 195)
Drupal\Core\Render\Renderer->render(Array) (Line: 490)
Drupal\Core\Template\TwigExtension->escapeFilter(Object, Array, 'html', NULL, 1) (Line: 56)
__TwigTemplate_7ab7a5513b494865f6b55b1b013508d3d961e3455de3b7f7fa94fe39da1a5716->doDisplay(Array, Array) (Line: 379)
Twig_Template->displayWithErrorHandling(Array, Array) (Line: 347)
Twig_Template->display(Array) (Line: 358)
Twig_Template->render(Array) (Line: 64)
twig_render_template('themes/custom/tele5/templates/override/views-view.html.twig', Array) (Line: 384)
Drupal\Core\Theme\ThemeManager->render('views_view', Array) (Line: 435)
Drupal\Core\Render\Renderer->doRender(Array) (Line: 448)
Drupal\Core\Render\Renderer->doRender(Array, ) (Line: 195)
Drupal\Core\Render\Renderer->render(Array, ) (Line: 226)
Drupal\Core\Render\MainContent\HtmlRenderer->Drupal\Core\Render\MainContent\{closure}() (Line: 574)
Drupal\Core\Render\Renderer->executeInRenderContext(Object, Object) (Line: 227)
Drupal\Core\Render\MainContent\HtmlRenderer->prepare(Array, Object, Object) (Line: 117)
Drupal\Core\Render\MainContent\HtmlRenderer->renderResponse(Array, Object, Object) (Line: 90)
Drupal\Core\EventSubscriber\MainContentViewSubscriber->onViewRenderArray(Object, 'kernel.view', Object) (Line: 111)
Drupal\Component\EventDispatcher\ContainerAwareEventDispatcher->dispatch('kernel.view', Object) (Line: 149)
Symfony\Component\HttpKernel\HttpKernel->handleRaw(Object, 1) (Line: 64)
Symfony\Component\HttpKernel\HttpKernel->handle(Object, 1, 1) (Line: 57)
Drupal\Core\StackMiddleware\Session->handle(Object, 1, 1) (Line: 47)
Drupal\Core\StackMiddleware\KernelPreHandle->handle(Object, 1, 1) (Line: 207)
Drupal\page_cache\StackMiddleware\PageCache->fetch(Object, 1, 1) (Line: 121)
Drupal\page_cache\StackMiddleware\PageCache->lookup(Object, 1, 1) (Line: 75)
Drupal\page_cache\StackMiddleware\PageCache->handle(Object, 1, 1) (Line: 47)
Drupal\Core\StackMiddleware\ReverseProxyMiddleware->handle(Object, 1, 1) (Line: 50)
Drupal\Core\StackMiddleware\NegotiationMiddleware->handle(Object, 1, 1) (Line: 23)
Stack\StackedHttpKernel->handle(Object, 1, 1) (Line: 656)
Drupal\Core\DrupalKernel->handle(Object) (Line: 19)
Notice: Trying to access array offset on value of type int in Drupal\Core\Render\Element::children() (line 81 of core/lib/Drupal/Core/Render/Element.php).
Drupal\Core\Render\Element::children(Array, 1) (Line: 406)
Drupal\Core\Render\Renderer->doRender(Array, ) (Line: 195)
Drupal\Core\Render\Renderer->render(Array) (Line: 490)
Drupal\Core\Template\TwigExtension->escapeFilter(Object, Array, 'html', NULL, 1) (Line: 120)
__TwigTemplate_7ab7a5513b494865f6b55b1b013508d3d961e3455de3b7f7fa94fe39da1a5716->doDisplay(Array, Array) (Line: 379)
Twig_Template->displayWithErrorHandling(Array, Array) (Line: 347)
Twig_Template->display(Array) (Line: 358)
Twig_Template->render(Array) (Line: 64)
twig_render_template('themes/custom/tele5/templates/override/views-view.html.twig', Array) (Line: 384)
Drupal\Core\Theme\ThemeManager->render('views_view', Array) (Line: 435)
Drupal\Core\Render\Renderer->doRender(Array) (Line: 448)
Drupal\Core\Render\Renderer->doRender(Array, ) (Line: 195)
Drupal\Core\Render\Renderer->render(Array, ) (Line: 226)
Drupal\Core\Render\MainContent\HtmlRenderer->Drupal\Core\Render\MainContent\{closure}() (Line: 574)
Drupal\Core\Render\Renderer->executeInRenderContext(Object, Object) (Line: 227)
Drupal\Core\Render\MainContent\HtmlRenderer->prepare(Array, Object, Object) (Line: 117)
Drupal\Core\Render\MainContent\HtmlRenderer->renderResponse(Array, Object, Object) (Line: 90)
Drupal\Core\EventSubscriber\MainContentViewSubscriber->onViewRenderArray(Object, 'kernel.view', Object) (Line: 111)
Drupal\Component\EventDispatcher\ContainerAwareEventDispatcher->dispatch('kernel.view', Object) (Line: 149)
Symfony\Component\HttpKernel\HttpKernel->handleRaw(Object, 1) (Line: 64)
Symfony\Component\HttpKernel\HttpKernel->handle(Object, 1, 1) (Line: 57)
Drupal\Core\StackMiddleware\Session->handle(Object, 1, 1) (Line: 47)
Drupal\Core\StackMiddleware\KernelPreHandle->handle(Object, 1, 1) (Line: 207)
Drupal\page_cache\StackMiddleware\PageCache->fetch(Object, 1, 1) (Line: 121)
Drupal\page_cache\StackMiddleware\PageCache->lookup(Object, 1, 1) (Line: 75)
Drupal\page_cache\StackMiddleware\PageCache->handle(Object, 1, 1) (Line: 47)
Drupal\Core\StackMiddleware\ReverseProxyMiddleware->handle(Object, 1, 1) (Line: 50)
Drupal\Core\StackMiddleware\NegotiationMiddleware->handle(Object, 1, 1) (Line: 23)
Stack\StackedHttpKernel->handle(Object, 1, 1) (Line: 656)
Drupal\Core\DrupalKernel->handle(Object) (Line: 19)
Notice: Trying to access array offset on value of type int in Drupal\Core\Render\Element::children() (line 81 of core/lib/Drupal/Core/Render/Element.php).
Drupal\Core\Render\Element::children(Array) (Line: 250)
Drupal\Core\Entity\EntityViewBuilder->buildMultiple(Array) (Line: 220)
Drupal\Core\Entity\EntityViewBuilder->build(Array)
call_user_func(Array, Array) (Line: 376)
Drupal\Core\Render\Renderer->doRender(Array, ) (Line: 195)
Drupal\Core\Render\Renderer->render(Array) (Line: 490)
Drupal\Core\Template\TwigExtension->escapeFilter(Object, Array, 'html', NULL, 1) (Line: 54)
__TwigTemplate_8e5c0a934541a003ea9bde911a6bad2d8f54421f8483abe8ecbaf146cb0006db->doDisplay(Array, Array) (Line: 379)
Twig_Template->displayWithErrorHandling(Array, Array) (Line: 347)
Twig_Template->display(Array) (Line: 358)
Twig_Template->render(Array) (Line: 64)
twig_render_template('themes/custom/tele5/templates/override/views-view-unformatted.html.twig', Array) (Line: 384)
Drupal\Core\Theme\ThemeManager->render('views_view_unformatted', Array) (Line: 435)
Drupal\Core\Render\Renderer->doRender(Array) (Line: 448)
Drupal\Core\Render\Renderer->doRender(Array, ) (Line: 195)
Drupal\Core\Render\Renderer->render(Array) (Line: 490)
Drupal\Core\Template\TwigExtension->escapeFilter(Object, Array, 'html', NULL, 1) (Line: 120)
__TwigTemplate_7ab7a5513b494865f6b55b1b013508d3d961e3455de3b7f7fa94fe39da1a5716->doDisplay(Array, Array) (Line: 379)
Twig_Template->displayWithErrorHandling(Array, Array) (Line: 347)
Twig_Template->display(Array) (Line: 358)
Twig_Template->render(Array) (Line: 64)
twig_render_template('themes/custom/tele5/templates/override/views-view.html.twig', Array) (Line: 384)
Drupal\Core\Theme\ThemeManager->render('views_view', Array) (Line: 435)
Drupal\Core\Render\Renderer->doRender(Array) (Line: 448)
Drupal\Core\Render\Renderer->doRender(Array, ) (Line: 195)
Drupal\Core\Render\Renderer->render(Array, ) (Line: 226)
Drupal\Core\Render\MainContent\HtmlRenderer->Drupal\Core\Render\MainContent\{closure}() (Line: 574)
Drupal\Core\Render\Renderer->executeInRenderContext(Object, Object) (Line: 227)
Drupal\Core\Render\MainContent\HtmlRenderer->prepare(Array, Object, Object) (Line: 117)
Drupal\Core\Render\MainContent\HtmlRenderer->renderResponse(Array, Object, Object) (Line: 90)
Drupal\Core\EventSubscriber\MainContentViewSubscriber->onViewRenderArray(Object, 'kernel.view', Object) (Line: 111)
Drupal\Component\EventDispatcher\ContainerAwareEventDispatcher->dispatch('kernel.view', Object) (Line: 149)
Symfony\Component\HttpKernel\HttpKernel->handleRaw(Object, 1) (Line: 64)
Symfony\Component\HttpKernel\HttpKernel->handle(Object, 1, 1) (Line: 57)
Drupal\Core\StackMiddleware\Session->handle(Object, 1, 1) (Line: 47)
Drupal\Core\StackMiddleware\KernelPreHandle->handle(Object, 1, 1) (Line: 207)
Drupal\page_cache\StackMiddleware\PageCache->fetch(Object, 1, 1) (Line: 121)
Drupal\page_cache\StackMiddleware\PageCache->lookup(Object, 1, 1) (Line: 75)
Drupal\page_cache\StackMiddleware\PageCache->handle(Object, 1, 1) (Line: 47)
Drupal\Core\StackMiddleware\ReverseProxyMiddleware->handle(Object, 1, 1) (Line: 50)
Drupal\Core\StackMiddleware\NegotiationMiddleware->handle(Object, 1, 1) (Line: 23)
Stack\StackedHttpKernel->handle(Object, 1, 1) (Line: 656)
Drupal\Core\DrupalKernel->handle(Object) (Line: 19)
Notice: Trying to access array offset on value of type int in Drupal\Core\Render\Element::children() (line 81 of core/lib/Drupal/Core/Render/Element.php).
Drupal\Core\Render\Element::children(Array) (Line: 84)
Drupal\Core\Field\FormatterBase->view(Object, 'pl') (Line: 259)
Drupal\Core\Entity\Entity\EntityViewDisplay->buildMultiple(Array) (Line: 320)
Drupal\Core\Entity\EntityViewBuilder->buildComponents(Array, Array, Array, 'teaser') (Line: 24)
Drupal\node\NodeViewBuilder->buildComponents(Array, Array, Array, 'teaser') (Line: 263)
Drupal\Core\Entity\EntityViewBuilder->buildMultiple(Array) (Line: 220)
Drupal\Core\Entity\EntityViewBuilder->build(Array)
call_user_func(Array, Array) (Line: 376)
Drupal\Core\Render\Renderer->doRender(Array, ) (Line: 195)
Drupal\Core\Render\Renderer->render(Array) (Line: 490)
Drupal\Core\Template\TwigExtension->escapeFilter(Object, Array, 'html', NULL, 1) (Line: 54)
__TwigTemplate_8e5c0a934541a003ea9bde911a6bad2d8f54421f8483abe8ecbaf146cb0006db->doDisplay(Array, Array) (Line: 379)
Twig_Template->displayWithErrorHandling(Array, Array) (Line: 347)
Twig_Template->display(Array) (Line: 358)
Twig_Template->render(Array) (Line: 64)
twig_render_template('themes/custom/tele5/templates/override/views-view-unformatted.html.twig', Array) (Line: 384)
Drupal\Core\Theme\ThemeManager->render('views_view_unformatted', Array) (Line: 435)
Drupal\Core\Render\Renderer->doRender(Array) (Line: 448)
Drupal\Core\Render\Renderer->doRender(Array, ) (Line: 195)
Drupal\Core\Render\Renderer->render(Array) (Line: 490)
Drupal\Core\Template\TwigExtension->escapeFilter(Object, Array, 'html', NULL, 1) (Line: 120)
__TwigTemplate_7ab7a5513b494865f6b55b1b013508d3d961e3455de3b7f7fa94fe39da1a5716->doDisplay(Array, Array) (Line: 379)
Twig_Template->displayWithErrorHandling(Array, Array) (Line: 347)
Twig_Template->display(Array) (Line: 358)
Twig_Template->render(Array) (Line: 64)
twig_render_template('themes/custom/tele5/templates/override/views-view.html.twig', Array) (Line: 384)
Drupal\Core\Theme\ThemeManager->render('views_view', Array) (Line: 435)
Drupal\Core\Render\Renderer->doRender(Array) (Line: 448)
Drupal\Core\Render\Renderer->doRender(Array, ) (Line: 195)
Drupal\Core\Render\Renderer->render(Array, ) (Line: 226)
Drupal\Core\Render\MainContent\HtmlRenderer->Drupal\Core\Render\MainContent\{closure}() (Line: 574)
Drupal\Core\Render\Renderer->executeInRenderContext(Object, Object) (Line: 227)
Drupal\Core\Render\MainContent\HtmlRenderer->prepare(Array, Object, Object) (Line: 117)
Drupal\Core\Render\MainContent\HtmlRenderer->renderResponse(Array, Object, Object) (Line: 90)
Drupal\Core\EventSubscriber\MainContentViewSubscriber->onViewRenderArray(Object, 'kernel.view', Object) (Line: 111)
Drupal\Component\EventDispatcher\ContainerAwareEventDispatcher->dispatch('kernel.view', Object) (Line: 149)
Symfony\Component\HttpKernel\HttpKernel->handleRaw(Object, 1) (Line: 64)
Symfony\Component\HttpKernel\HttpKernel->handle(Object, 1, 1) (Line: 57)
Drupal\Core\StackMiddleware\Session->handle(Object, 1, 1) (Line: 47)
Drupal\Core\StackMiddleware\KernelPreHandle->handle(Object, 1, 1) (Line: 207)
Drupal\page_cache\StackMiddleware\PageCache->fetch(Object, 1, 1) (Line: 121)
Drupal\page_cache\StackMiddleware\PageCache->lookup(Object, 1, 1) (Line: 75)
Drupal\page_cache\StackMiddleware\PageCache->handle(Object, 1, 1) (Line: 47)
Drupal\Core\StackMiddleware\ReverseProxyMiddleware->handle(Object, 1, 1) (Line: 50)
Drupal\Core\StackMiddleware\NegotiationMiddleware->handle(Object, 1, 1) (Line: 23)
Stack\StackedHttpKernel->handle(Object, 1, 1) (Line: 656)
Drupal\Core\DrupalKernel->handle(Object) (Line: 19)
Notice: Trying to access array offset on value of type int in Drupal\Core\Render\Element::children() (line 81 of core/lib/Drupal/Core/Render/Element.php).
Drupal\Core\Render\Element::children(Array) (Line: 84)
Drupal\Core\Field\FormatterBase->view(Object, 'pl') (Line: 259)
Drupal\Core\Entity\Entity\EntityViewDisplay->buildMultiple(Array) (Line: 320)
Drupal\Core\Entity\EntityViewBuilder->buildComponents(Array, Array, Array, 'teaser') (Line: 24)
Drupal\node\NodeViewBuilder->buildComponents(Array, Array, Array, 'teaser') (Line: 263)
Drupal\Core\Entity\EntityViewBuilder->buildMultiple(Array) (Line: 220)
Drupal\Core\Entity\EntityViewBuilder->build(Array)
call_user_func(Array, Array) (Line: 376)
Drupal\Core\Render\Renderer->doRender(Array, ) (Line: 195)
Drupal\Core\Render\Renderer->render(Array) (Line: 490)
Drupal\Core\Template\TwigExtension->escapeFilter(Object, Array, 'html', NULL, 1) (Line: 54)
__TwigTemplate_8e5c0a934541a003ea9bde911a6bad2d8f54421f8483abe8ecbaf146cb0006db->doDisplay(Array, Array) (Line: 379)
Twig_Template->displayWithErrorHandling(Array, Array) (Line: 347)
Twig_Template->display(Array) (Line: 358)
Twig_Template->render(Array) (Line: 64)
twig_render_template('themes/custom/tele5/templates/override/views-view-unformatted.html.twig', Array) (Line: 384)
Drupal\Core\Theme\ThemeManager->render('views_view_unformatted', Array) (Line: 435)
Drupal\Core\Render\Renderer->doRender(Array) (Line: 448)
Drupal\Core\Render\Renderer->doRender(Array, ) (Line: 195)
Drupal\Core\Render\Renderer->render(Array) (Line: 490)
Drupal\Core\Template\TwigExtension->escapeFilter(Object, Array, 'html', NULL, 1) (Line: 120)
__TwigTemplate_7ab7a5513b494865f6b55b1b013508d3d961e3455de3b7f7fa94fe39da1a5716->doDisplay(Array, Array) (Line: 379)
Twig_Template->displayWithErrorHandling(Array, Array) (Line: 347)
Twig_Template->display(Array) (Line: 358)
Twig_Template->render(Array) (Line: 64)
twig_render_template('themes/custom/tele5/templates/override/views-view.html.twig', Array) (Line: 384)
Drupal\Core\Theme\ThemeManager->render('views_view', Array) (Line: 435)
Drupal\Core\Render\Renderer->doRender(Array) (Line: 448)
Drupal\Core\Render\Renderer->doRender(Array, ) (Line: 195)
Drupal\Core\Render\Renderer->render(Array, ) (Line: 226)
Drupal\Core\Render\MainContent\HtmlRenderer->Drupal\Core\Render\MainContent\{closure}() (Line: 574)
Drupal\Core\Render\Renderer->executeInRenderContext(Object, Object) (Line: 227)
Drupal\Core\Render\MainContent\HtmlRenderer->prepare(Array, Object, Object) (Line: 117)
Drupal\Core\Render\MainContent\HtmlRenderer->renderResponse(Array, Object, Object) (Line: 90)
Drupal\Core\EventSubscriber\MainContentViewSubscriber->onViewRenderArray(Object, 'kernel.view', Object) (Line: 111)
Drupal\Component\EventDispatcher\ContainerAwareEventDispatcher->dispatch('kernel.view', Object) (Line: 149)
Symfony\Component\HttpKernel\HttpKernel->handleRaw(Object, 1) (Line: 64)
Symfony\Component\HttpKernel\HttpKernel->handle(Object, 1, 1) (Line: 57)
Drupal\Core\StackMiddleware\Session->handle(Object, 1, 1) (Line: 47)
Drupal\Core\StackMiddleware\KernelPreHandle->handle(Object, 1, 1) (Line: 207)
Drupal\page_cache\StackMiddleware\PageCache->fetch(Object, 1, 1) (Line: 121)
Drupal\page_cache\StackMiddleware\PageCache->lookup(Object, 1, 1) (Line: 75)
Drupal\page_cache\StackMiddleware\PageCache->handle(Object, 1, 1) (Line: 47)
Drupal\Core\StackMiddleware\ReverseProxyMiddleware->handle(Object, 1, 1) (Line: 50)
Drupal\Core\StackMiddleware\NegotiationMiddleware->handle(Object, 1, 1) (Line: 23)
Stack\StackedHttpKernel->handle(Object, 1, 1) (Line: 656)
Drupal\Core\DrupalKernel->handle(Object) (Line: 19)
Notice: Trying to access array offset on value of type int in Drupal\Core\Render\Element::children() (line 81 of core/lib/Drupal/Core/Render/Element.php).
Drupal\Core\Render\Element::children(Array) (Line: 84)
Drupal\Core\Field\FormatterBase->view(Object, 'pl') (Line: 76)
Drupal\Core\Field\Plugin\Field\FieldFormatter\EntityReferenceFormatterBase->view(Object, NULL) (Line: 259)
Drupal\Core\Entity\Entity\EntityViewDisplay->buildMultiple(Array) (Line: 320)
Drupal\Core\Entity\EntityViewBuilder->buildComponents(Array, Array, Array, 'teaser') (Line: 24)
Drupal\node\NodeViewBuilder->buildComponents(Array, Array, Array, 'teaser') (Line: 263)
Drupal\Core\Entity\EntityViewBuilder->buildMultiple(Array) (Line: 220)
Drupal\Core\Entity\EntityViewBuilder->build(Array)
call_user_func(Array, Array) (Line: 376)
Drupal\Core\Render\Renderer->doRender(Array, ) (Line: 195)
Drupal\Core\Render\Renderer->render(Array) (Line: 490)
Drupal\Core\Template\TwigExtension->escapeFilter(Object, Array, 'html', NULL, 1) (Line: 54)
__TwigTemplate_8e5c0a934541a003ea9bde911a6bad2d8f54421f8483abe8ecbaf146cb0006db->doDisplay(Array, Array) (Line: 379)
Twig_Template->displayWithErrorHandling(Array, Array) (Line: 347)
Twig_Template->display(Array) (Line: 358)
Twig_Template->render(Array) (Line: 64)
twig_render_template('themes/custom/tele5/templates/override/views-view-unformatted.html.twig', Array) (Line: 384)
Drupal\Core\Theme\ThemeManager->render('views_view_unformatted', Array) (Line: 435)
Drupal\Core\Render\Renderer->doRender(Array) (Line: 448)
Drupal\Core\Render\Renderer->doRender(Array, ) (Line: 195)
Drupal\Core\Render\Renderer->render(Array) (Line: 490)
Drupal\Core\Template\TwigExtension->escapeFilter(Object, Array, 'html', NULL, 1) (Line: 120)
__TwigTemplate_7ab7a5513b494865f6b55b1b013508d3d961e3455de3b7f7fa94fe39da1a5716->doDisplay(Array, Array) (Line: 379)
Twig_Template->displayWithErrorHandling(Array, Array) (Line: 347)
Twig_Template->display(Array) (Line: 358)
Twig_Template->render(Array) (Line: 64)
twig_render_template('themes/custom/tele5/templates/override/views-view.html.twig', Array) (Line: 384)
Drupal\Core\Theme\ThemeManager->render('views_view', Array) (Line: 435)
Drupal\Core\Render\Renderer->doRender(Array) (Line: 448)
Drupal\Core\Render\Renderer->doRender(Array, ) (Line: 195)
Drupal\Core\Render\Renderer->render(Array, ) (Line: 226)
Drupal\Core\Render\MainContent\HtmlRenderer->Drupal\Core\Render\MainContent\{closure}() (Line: 574)
Drupal\Core\Render\Renderer->executeInRenderContext(Object, Object) (Line: 227)
Drupal\Core\Render\MainContent\HtmlRenderer->prepare(Array, Object, Object) (Line: 117)
Drupal\Core\Render\MainContent\HtmlRenderer->renderResponse(Array, Object, Object) (Line: 90)
Drupal\Core\EventSubscriber\MainContentViewSubscriber->onViewRenderArray(Object, 'kernel.view', Object) (Line: 111)
Drupal\Component\EventDispatcher\ContainerAwareEventDispatcher->dispatch('kernel.view', Object) (Line: 149)
Symfony\Component\HttpKernel\HttpKernel->handleRaw(Object, 1) (Line: 64)
Symfony\Component\HttpKernel\HttpKernel->handle(Object, 1, 1) (Line: 57)
Drupal\Core\StackMiddleware\Session->handle(Object, 1, 1) (Line: 47)
Drupal\Core\StackMiddleware\KernelPreHandle->handle(Object, 1, 1) (Line: 207)
Drupal\page_cache\StackMiddleware\PageCache->fetch(Object, 1, 1) (Line: 121)
Drupal\page_cache\StackMiddleware\PageCache->lookup(Object, 1, 1) (Line: 75)
Drupal\page_cache\StackMiddleware\PageCache->handle(Object, 1, 1) (Line: 47)
Drupal\Core\StackMiddleware\ReverseProxyMiddleware->handle(Object, 1, 1) (Line: 50)
Drupal\Core\StackMiddleware\NegotiationMiddleware->handle(Object, 1, 1) (Line: 23)
Stack\StackedHttpKernel->handle(Object, 1, 1) (Line: 656)
Drupal\Core\DrupalKernel->handle(Object) (Line: 19)
Notice: Trying to access array offset on value of type int in Drupal\Core\Render\Element::children() (line 81 of core/lib/Drupal/Core/Render/Element.php).
Drupal\Core\Render\Element::children(Array) (Line: 84)
Drupal\Core\Field\FormatterBase->view(Object, 'pl') (Line: 259)
Drupal\Core\Entity\Entity\EntityViewDisplay->buildMultiple(Array) (Line: 320)
Drupal\Core\Entity\EntityViewBuilder->buildComponents(Array, Array, Array, 'teaser') (Line: 24)
Drupal\node\NodeViewBuilder->buildComponents(Array, Array, Array, 'teaser') (Line: 263)
Drupal\Core\Entity\EntityViewBuilder->buildMultiple(Array) (Line: 220)
Drupal\Core\Entity\EntityViewBuilder->build(Array)
call_user_func(Array, Array) (Line: 376)
Drupal\Core\Render\Renderer->doRender(Array, ) (Line: 195)
Drupal\Core\Render\Renderer->render(Array) (Line: 490)
Drupal\Core\Template\TwigExtension->escapeFilter(Object, Array, 'html', NULL, 1) (Line: 54)
__TwigTemplate_8e5c0a934541a003ea9bde911a6bad2d8f54421f8483abe8ecbaf146cb0006db->doDisplay(Array, Array) (Line: 379)
Twig_Template->displayWithErrorHandling(Array, Array) (Line: 347)
Twig_Template->display(Array) (Line: 358)
Twig_Template->render(Array) (Line: 64)
twig_render_template('themes/custom/tele5/templates/override/views-view-unformatted.html.twig', Array) (Line: 384)
Drupal\Core\Theme\ThemeManager->render('views_view_unformatted', Array) (Line: 435)
Drupal\Core\Render\Renderer->doRender(Array) (Line: 448)
Drupal\Core\Render\Renderer->doRender(Array, ) (Line: 195)
Drupal\Core\Render\Renderer->render(Array) (Line: 490)
Drupal\Core\Template\TwigExtension->escapeFilter(Object, Array, 'html', NULL, 1) (Line: 120)
__TwigTemplate_7ab7a5513b494865f6b55b1b013508d3d961e3455de3b7f7fa94fe39da1a5716->doDisplay(Array, Array) (Line: 379)
Twig_Template->displayWithErrorHandling(Array, Array) (Line: 347)
Twig_Template->display(Array) (Line: 358)
Twig_Template->render(Array) (Line: 64)
twig_render_template('themes/custom/tele5/templates/override/views-view.html.twig', Array) (Line: 384)
Drupal\Core\Theme\ThemeManager->render('views_view', Array) (Line: 435)
Drupal\Core\Render\Renderer->doRender(Array) (Line: 448)
Drupal\Core\Render\Renderer->doRender(Array, ) (Line: 195)
Drupal\Core\Render\Renderer->render(Array, ) (Line: 226)
Drupal\Core\Render\MainContent\HtmlRenderer->Drupal\Core\Render\MainContent\{closure}() (Line: 574)
Drupal\Core\Render\Renderer->executeInRenderContext(Object, Object) (Line: 227)
Drupal\Core\Render\MainContent\HtmlRenderer->prepare(Array, Object, Object) (Line: 117)
Drupal\Core\Render\MainContent\HtmlRenderer->renderResponse(Array, Object, Object) (Line: 90)
Drupal\Core\EventSubscriber\MainContentViewSubscriber->onViewRenderArray(Object, 'kernel.view', Object) (Line: 111)
Drupal\Component\EventDispatcher\ContainerAwareEventDispatcher->dispatch('kernel.view', Object) (Line: 149)
Symfony\Component\HttpKernel\HttpKernel->handleRaw(Object, 1) (Line: 64)
Symfony\Component\HttpKernel\HttpKernel->handle(Object, 1, 1) (Line: 57)
Drupal\Core\StackMiddleware\Session->handle(Object, 1, 1) (Line: 47)
Drupal\Core\StackMiddleware\KernelPreHandle->handle(Object, 1, 1) (Line: 207)
Drupal\page_cache\StackMiddleware\PageCache->fetch(Object, 1, 1) (Line: 121)
Drupal\page_cache\StackMiddleware\PageCache->lookup(Object, 1, 1) (Line: 75)
Drupal\page_cache\StackMiddleware\PageCache->handle(Object, 1, 1) (Line: 47)
Drupal\Core\StackMiddleware\ReverseProxyMiddleware->handle(Object, 1, 1) (Line: 50)
Drupal\Core\StackMiddleware\NegotiationMiddleware->handle(Object, 1, 1) (Line: 23)
Stack\StackedHttpKernel->handle(Object, 1, 1) (Line: 656)
Drupal\Core\DrupalKernel->handle(Object) (Line: 19)
Notice: Trying to access array offset on value of type int in Drupal\Core\Render\Element::children() (line 81 of core/lib/Drupal/Core/Render/Element.php).
Drupal\Core\Render\Element::children(Array) (Line: 84)
Drupal\Core\Field\FormatterBase->view(Object, 'pl') (Line: 76)
Drupal\Core\Field\Plugin\Field\FieldFormatter\EntityReferenceFormatterBase->view(Object, NULL) (Line: 259)
Drupal\Core\Entity\Entity\EntityViewDisplay->buildMultiple(Array) (Line: 320)
Drupal\Core\Entity\EntityViewBuilder->buildComponents(Array, Array, Array, 'teaser') (Line: 24)
Drupal\node\NodeViewBuilder->buildComponents(Array, Array, Array, 'teaser') (Line: 263)
Drupal\Core\Entity\EntityViewBuilder->buildMultiple(Array) (Line: 220)
Drupal\Core\Entity\EntityViewBuilder->build(Array)
call_user_func(Array, Array) (Line: 376)
Drupal\Core\Render\Renderer->doRender(Array, ) (Line: 195)
Drupal\Core\Render\Renderer->render(Array) (Line: 490)
Drupal\Core\Template\TwigExtension->escapeFilter(Object, Array, 'html', NULL, 1) (Line: 54)
__TwigTemplate_8e5c0a934541a003ea9bde911a6bad2d8f54421f8483abe8ecbaf146cb0006db->doDisplay(Array, Array) (Line: 379)
Twig_Template->displayWithErrorHandling(Array, Array) (Line: 347)
Twig_Template->display(Array) (Line: 358)
Twig_Template->render(Array) (Line: 64)
twig_render_template('themes/custom/tele5/templates/override/views-view-unformatted.html.twig', Array) (Line: 384)
Drupal\Core\Theme\ThemeManager->render('views_view_unformatted', Array) (Line: 435)
Drupal\Core\Render\Renderer->doRender(Array) (Line: 448)
Drupal\Core\Render\Renderer->doRender(Array, ) (Line: 195)
Drupal\Core\Render\Renderer->render(Array) (Line: 490)
Drupal\Core\Template\TwigExtension->escapeFilter(Object, Array, 'html', NULL, 1) (Line: 120)
__TwigTemplate_7ab7a5513b494865f6b55b1b013508d3d961e3455de3b7f7fa94fe39da1a5716->doDisplay(Array, Array) (Line: 379)
Twig_Template->displayWithErrorHandling(Array, Array) (Line: 347)
Twig_Template->display(Array) (Line: 358)
Twig_Template->render(Array) (Line: 64)
twig_render_template('themes/custom/tele5/templates/override/views-view.html.twig', Array) (Line: 384)
Drupal\Core\Theme\ThemeManager->render('views_view', Array) (Line: 435)
Drupal\Core\Render\Renderer->doRender(Array) (Line: 448)
Drupal\Core\Render\Renderer->doRender(Array, ) (Line: 195)
Drupal\Core\Render\Renderer->render(Array, ) (Line: 226)
Drupal\Core\Render\MainContent\HtmlRenderer->Drupal\Core\Render\MainContent\{closure}() (Line: 574)
Drupal\Core\Render\Renderer->executeInRenderContext(Object, Object) (Line: 227)
Drupal\Core\Render\MainContent\HtmlRenderer->prepare(Array, Object, Object) (Line: 117)
Drupal\Core\Render\MainContent\HtmlRenderer->renderResponse(Array, Object, Object) (Line: 90)
Drupal\Core\EventSubscriber\MainContentViewSubscriber->onViewRenderArray(Object, 'kernel.view', Object) (Line: 111)
Drupal\Component\EventDispatcher\ContainerAwareEventDispatcher->dispatch('kernel.view', Object) (Line: 149)
Symfony\Component\HttpKernel\HttpKernel->handleRaw(Object, 1) (Line: 64)
Symfony\Component\HttpKernel\HttpKernel->handle(Object, 1, 1) (Line: 57)
Drupal\Core\StackMiddleware\Session->handle(Object, 1, 1) (Line: 47)
Drupal\Core\StackMiddleware\KernelPreHandle->handle(Object, 1, 1) (Line: 207)
Drupal\page_cache\StackMiddleware\PageCache->fetch(Object, 1, 1) (Line: 121)
Drupal\page_cache\StackMiddleware\PageCache->lookup(Object, 1, 1) (Line: 75)
Drupal\page_cache\StackMiddleware\PageCache->handle(Object, 1, 1) (Line: 47)
Drupal\Core\StackMiddleware\ReverseProxyMiddleware->handle(Object, 1, 1) (Line: 50)
Drupal\Core\StackMiddleware\NegotiationMiddleware->handle(Object, 1, 1) (Line: 23)
Stack\StackedHttpKernel->handle(Object, 1, 1) (Line: 656)
Drupal\Core\DrupalKernel->handle(Object) (Line: 19)
Notice: Trying to access array offset on value of type int in Drupal\Core\Render\Element::children() (line 81 of core/lib/Drupal/Core/Render/Element.php).
Drupal\Core\Render\Element::children(Array) (Line: 84)
Drupal\Core\Field\FormatterBase->view(Object, 'pl') (Line: 259)
Drupal\Core\Entity\Entity\EntityViewDisplay->buildMultiple(Array) (Line: 320)
Drupal\Core\Entity\EntityViewBuilder->buildComponents(Array, Array, Array, 'teaser') (Line: 24)
Drupal\node\NodeViewBuilder->buildComponents(Array, Array, Array, 'teaser') (Line: 263)
Drupal\Core\Entity\EntityViewBuilder->buildMultiple(Array) (Line: 220)
Drupal\Core\Entity\EntityViewBuilder->build(Array)
call_user_func(Array, Array) (Line: 376)
Drupal\Core\Render\Renderer->doRender(Array, ) (Line: 195)
Drupal\Core\Render\Renderer->render(Array) (Line: 490)
Drupal\Core\Template\TwigExtension->escapeFilter(Object, Array, 'html', NULL, 1) (Line: 54)
__TwigTemplate_8e5c0a934541a003ea9bde911a6bad2d8f54421f8483abe8ecbaf146cb0006db->doDisplay(Array, Array) (Line: 379)
Twig_Template->displayWithErrorHandling(Array, Array) (Line: 347)
Twig_Template->display(Array) (Line: 358)
Twig_Template->render(Array) (Line: 64)
twig_render_template('themes/custom/tele5/templates/override/views-view-unformatted.html.twig', Array) (Line: 384)
Drupal\Core\Theme\ThemeManager->render('views_view_unformatted', Array) (Line: 435)
Drupal\Core\Render\Renderer->doRender(Array) (Line: 448)
Drupal\Core\Render\Renderer->doRender(Array, ) (Line: 195)
Drupal\Core\Render\Renderer->render(Array) (Line: 490)
Drupal\Core\Template\TwigExtension->escapeFilter(Object, Array, 'html', NULL, 1) (Line: 120)
__TwigTemplate_7ab7a5513b494865f6b55b1b013508d3d961e3455de3b7f7fa94fe39da1a5716->doDisplay(Array, Array) (Line: 379)
Twig_Template->displayWithErrorHandling(Array, Array) (Line: 347)
Twig_Template->display(Array) (Line: 358)
Twig_Template->render(Array) (Line: 64)
twig_render_template('themes/custom/tele5/templates/override/views-view.html.twig', Array) (Line: 384)
Drupal\Core\Theme\ThemeManager->render('views_view', Array) (Line: 435)
Drupal\Core\Render\Renderer->doRender(Array) (Line: 448)
Drupal\Core\Render\Renderer->doRender(Array, ) (Line: 195)
Drupal\Core\Render\Renderer->render(Array, ) (Line: 226)
Drupal\Core\Render\MainContent\HtmlRenderer->Drupal\Core\Render\MainContent\{closure}() (Line: 574)
Drupal\Core\Render\Renderer->executeInRenderContext(Object, Object) (Line: 227)
Drupal\Core\Render\MainContent\HtmlRenderer->prepare(Array, Object, Object) (Line: 117)
Drupal\Core\Render\MainContent\HtmlRenderer->renderResponse(Array, Object, Object) (Line: 90)
Drupal\Core\EventSubscriber\MainContentViewSubscriber->onViewRenderArray(Object, 'kernel.view', Object) (Line: 111)
Drupal\Component\EventDispatcher\ContainerAwareEventDispatcher->dispatch('kernel.view', Object) (Line: 149)
Symfony\Component\HttpKernel\HttpKernel->handleRaw(Object, 1) (Line: 64)
Symfony\Component\HttpKernel\HttpKernel->handle(Object, 1, 1) (Line: 57)
Drupal\Core\StackMiddleware\Session->handle(Object, 1, 1) (Line: 47)
Drupal\Core\StackMiddleware\KernelPreHandle->handle(Object, 1, 1) (Line: 207)
Drupal\page_cache\StackMiddleware\PageCache->fetch(Object, 1, 1) (Line: 121)
Drupal\page_cache\StackMiddleware\PageCache->lookup(Object, 1, 1) (Line: 75)
Drupal\page_cache\StackMiddleware\PageCache->handle(Object, 1, 1) (Line: 47)
Drupal\Core\StackMiddleware\ReverseProxyMiddleware->handle(Object, 1, 1) (Line: 50)
Drupal\Core\StackMiddleware\NegotiationMiddleware->handle(Object, 1, 1) (Line: 23)
Stack\StackedHttpKernel->handle(Object, 1, 1) (Line: 656)
Drupal\Core\DrupalKernel->handle(Object) (Line: 19)
Notice: Trying to access array offset on value of type int in Drupal\Core\Render\Element::children() (line 81 of core/lib/Drupal/Core/Render/Element.php).
Drupal\Core\Render\Element::children(Array, 1) (Line: 406)
Drupal\Core\Render\Renderer->doRender(Array, ) (Line: 195)
Drupal\Core\Render\Renderer->render(Array, ) (Line: 870)
drupal_render(Array) (Line: 596)
template_preprocess_node(Array, 'node', Array) (Line: 287)
Drupal\Core\Theme\ThemeManager->render('node', Array) (Line: 435)
Drupal\Core\Render\Renderer->doRender(Array, ) (Line: 195)
Drupal\Core\Render\Renderer->render(Array) (Line: 490)
Drupal\Core\Template\TwigExtension->escapeFilter(Object, Array, 'html', NULL, 1) (Line: 54)
__TwigTemplate_8e5c0a934541a003ea9bde911a6bad2d8f54421f8483abe8ecbaf146cb0006db->doDisplay(Array, Array) (Line: 379)
Twig_Template->displayWithErrorHandling(Array, Array) (Line: 347)
Twig_Template->display(Array) (Line: 358)
Twig_Template->render(Array) (Line: 64)
twig_render_template('themes/custom/tele5/templates/override/views-view-unformatted.html.twig', Array) (Line: 384)
Drupal\Core\Theme\ThemeManager->render('views_view_unformatted', Array) (Line: 435)
Drupal\Core\Render\Renderer->doRender(Array) (Line: 448)
Drupal\Core\Render\Renderer->doRender(Array, ) (Line: 195)
Drupal\Core\Render\Renderer->render(Array) (Line: 490)
Drupal\Core\Template\TwigExtension->escapeFilter(Object, Array, 'html', NULL, 1) (Line: 120)
__TwigTemplate_7ab7a5513b494865f6b55b1b013508d3d961e3455de3b7f7fa94fe39da1a5716->doDisplay(Array, Array) (Line: 379)
Twig_Template->displayWithErrorHandling(Array, Array) (Line: 347)
Twig_Template->display(Array) (Line: 358)
Twig_Template->render(Array) (Line: 64)
twig_render_template('themes/custom/tele5/templates/override/views-view.html.twig', Array) (Line: 384)
Drupal\Core\Theme\ThemeManager->render('views_view', Array) (Line: 435)
Drupal\Core\Render\Renderer->doRender(Array) (Line: 448)
Drupal\Core\Render\Renderer->doRender(Array, ) (Line: 195)
Drupal\Core\Render\Renderer->render(Array, ) (Line: 226)
Drupal\Core\Render\MainContent\HtmlRenderer->Drupal\Core\Render\MainContent\{closure}() (Line: 574)
Drupal\Core\Render\Renderer->executeInRenderContext(Object, Object) (Line: 227)
Drupal\Core\Render\MainContent\HtmlRenderer->prepare(Array, Object, Object) (Line: 117)
Drupal\Core\Render\MainContent\HtmlRenderer->renderResponse(Array, Object, Object) (Line: 90)
Drupal\Core\EventSubscriber\MainContentViewSubscriber->onViewRenderArray(Object, 'kernel.view', Object) (Line: 111)
Drupal\Component\EventDispatcher\ContainerAwareEventDispatcher->dispatch('kernel.view', Object) (Line: 149)
Symfony\Component\HttpKernel\HttpKernel->handleRaw(Object, 1) (Line: 64)
Symfony\Component\HttpKernel\HttpKernel->handle(Object, 1, 1) (Line: 57)
Drupal\Core\StackMiddleware\Session->handle(Object, 1, 1) (Line: 47)
Drupal\Core\StackMiddleware\KernelPreHandle->handle(Object, 1, 1) (Line: 207)
Drupal\page_cache\StackMiddleware\PageCache->fetch(Object, 1, 1) (Line: 121)
Drupal\page_cache\StackMiddleware\PageCache->lookup(Object, 1, 1) (Line: 75)
Drupal\page_cache\StackMiddleware\PageCache->handle(Object, 1, 1) (Line: 47)
Drupal\Core\StackMiddleware\ReverseProxyMiddleware->handle(Object, 1, 1) (Line: 50)
Drupal\Core\StackMiddleware\NegotiationMiddleware->handle(Object, 1, 1) (Line: 23)
Stack\StackedHttpKernel->handle(Object, 1, 1) (Line: 656)
Drupal\Core\DrupalKernel->handle(Object) (Line: 19)
Notice: Trying to access array offset on value of type int in Drupal\Core\Render\Element::children() (line 81 of core/lib/Drupal/Core/Render/Element.php).
Drupal\Core\Render\Element::children(Array, 1) (Line: 406)
Drupal\Core\Render\Renderer->doRender(Array, ) (Line: 195)
Drupal\Core\Render\Renderer->render(Array, ) (Line: 870)
drupal_render(Array) (Line: 598)
template_preprocess_node(Array, 'node', Array) (Line: 287)
Drupal\Core\Theme\ThemeManager->render('node', Array) (Line: 435)
Drupal\Core\Render\Renderer->doRender(Array, ) (Line: 195)
Drupal\Core\Render\Renderer->render(Array) (Line: 490)
Drupal\Core\Template\TwigExtension->escapeFilter(Object, Array, 'html', NULL, 1) (Line: 54)
__TwigTemplate_8e5c0a934541a003ea9bde911a6bad2d8f54421f8483abe8ecbaf146cb0006db->doDisplay(Array, Array) (Line: 379)
Twig_Template->displayWithErrorHandling(Array, Array) (Line: 347)
Twig_Template->display(Array) (Line: 358)
Twig_Template->render(Array) (Line: 64)
twig_render_template('themes/custom/tele5/templates/override/views-view-unformatted.html.twig', Array) (Line: 384)
Drupal\Core\Theme\ThemeManager->render('views_view_unformatted', Array) (Line: 435)
Drupal\Core\Render\Renderer->doRender(Array) (Line: 448)
Drupal\Core\Render\Renderer->doRender(Array, ) (Line: 195)
Drupal\Core\Render\Renderer->render(Array) (Line: 490)
Drupal\Core\Template\TwigExtension->escapeFilter(Object, Array, 'html', NULL, 1) (Line: 120)
__TwigTemplate_7ab7a5513b494865f6b55b1b013508d3d961e3455de3b7f7fa94fe39da1a5716->doDisplay(Array, Array) (Line: 379)
Twig_Template->displayWithErrorHandling(Array, Array) (Line: 347)
Twig_Template->display(Array) (Line: 358)
Twig_Template->render(Array) (Line: 64)
twig_render_template('themes/custom/tele5/templates/override/views-view.html.twig', Array) (Line: 384)
Drupal\Core\Theme\ThemeManager->render('views_view', Array) (Line: 435)
Drupal\Core\Render\Renderer->doRender(Array) (Line: 448)
Drupal\Core\Render\Renderer->doRender(Array, ) (Line: 195)
Drupal\Core\Render\Renderer->render(Array, ) (Line: 226)
Drupal\Core\Render\MainContent\HtmlRenderer->Drupal\Core\Render\MainContent\{closure}() (Line: 574)
Drupal\Core\Render\Renderer->executeInRenderContext(Object, Object) (Line: 227)
Drupal\Core\Render\MainContent\HtmlRenderer->prepare(Array, Object, Object) (Line: 117)
Drupal\Core\Render\MainContent\HtmlRenderer->renderResponse(Array, Object, Object) (Line: 90)
Drupal\Core\EventSubscriber\MainContentViewSubscriber->onViewRenderArray(Object, 'kernel.view', Object) (Line: 111)
Drupal\Component\EventDispatcher\ContainerAwareEventDispatcher->dispatch('kernel.view', Object) (Line: 149)
Symfony\Component\HttpKernel\HttpKernel->handleRaw(Object, 1) (Line: 64)
Symfony\Component\HttpKernel\HttpKernel->handle(Object, 1, 1) (Line: 57)
Drupal\Core\StackMiddleware\Session->handle(Object, 1, 1) (Line: 47)
Drupal\Core\StackMiddleware\KernelPreHandle->handle(Object, 1, 1) (Line: 207)
Drupal\page_cache\StackMiddleware\PageCache->fetch(Object, 1, 1) (Line: 121)
Drupal\page_cache\StackMiddleware\PageCache->lookup(Object, 1, 1) (Line: 75)
Drupal\page_cache\StackMiddleware\PageCache->handle(Object, 1, 1) (Line: 47)
Drupal\Core\StackMiddleware\ReverseProxyMiddleware->handle(Object, 1, 1) (Line: 50)
Drupal\Core\StackMiddleware\NegotiationMiddleware->handle(Object, 1, 1) (Line: 23)
Stack\StackedHttpKernel->handle(Object, 1, 1) (Line: 656)
Drupal\Core\DrupalKernel->handle(Object) (Line: 19)
Notice: Trying to access array offset on value of type int in Drupal\Core\Render\Element::children() (line 81 of core/lib/Drupal/Core/Render/Element.php).
Drupal\Core\Render\Element::children(Array, 1) (Line: 406)
Drupal\Core\Render\Renderer->doRender(Array, ) (Line: 195)
Drupal\Core\Render\Renderer->render(Array) (Line: 490)
Drupal\Core\Template\TwigExtension->escapeFilter(Object, Array, 'html', NULL, 1) (Line: 45)
__TwigTemplate_37266baf5485116ef3160f817b4a540da0c081b046f218fc133066ab97d12696->doDisplay(Array, Array) (Line: 379)
Twig_Template->displayWithErrorHandling(Array, Array) (Line: 347)
Twig_Template->display(Array) (Line: 358)
Twig_Template->render(Array) (Line: 64)
twig_render_template('themes/custom/tele5/templates/Articles/node--article--teaser.html.twig', Array) (Line: 384)
Drupal\Core\Theme\ThemeManager->render('node', Array) (Line: 435)
Drupal\Core\Render\Renderer->doRender(Array, ) (Line: 195)
Drupal\Core\Render\Renderer->render(Array) (Line: 490)
Drupal\Core\Template\TwigExtension->escapeFilter(Object, Array, 'html', NULL, 1) (Line: 54)
__TwigTemplate_8e5c0a934541a003ea9bde911a6bad2d8f54421f8483abe8ecbaf146cb0006db->doDisplay(Array, Array) (Line: 379)
Twig_Template->displayWithErrorHandling(Array, Array) (Line: 347)
Twig_Template->display(Array) (Line: 358)
Twig_Template->render(Array) (Line: 64)
twig_render_template('themes/custom/tele5/templates/override/views-view-unformatted.html.twig', Array) (Line: 384)
Drupal\Core\Theme\ThemeManager->render('views_view_unformatted', Array) (Line: 435)
Drupal\Core\Render\Renderer->doRender(Array) (Line: 448)
Drupal\Core\Render\Renderer->doRender(Array, ) (Line: 195)
Drupal\Core\Render\Renderer->render(Array) (Line: 490)
Drupal\Core\Template\TwigExtension->escapeFilter(Object, Array, 'html', NULL, 1) (Line: 120)
__TwigTemplate_7ab7a5513b494865f6b55b1b013508d3d961e3455de3b7f7fa94fe39da1a5716->doDisplay(Array, Array) (Line: 379)
Twig_Template->displayWithErrorHandling(Array, Array) (Line: 347)
Twig_Template->display(Array) (Line: 358)
Twig_Template->render(Array) (Line: 64)
twig_render_template('themes/custom/tele5/templates/override/views-view.html.twig', Array) (Line: 384)
Drupal\Core\Theme\ThemeManager->render('views_view', Array) (Line: 435)
Drupal\Core\Render\Renderer->doRender(Array) (Line: 448)
Drupal\Core\Render\Renderer->doRender(Array, ) (Line: 195)
Drupal\Core\Render\Renderer->render(Array, ) (Line: 226)
Drupal\Core\Render\MainContent\HtmlRenderer->Drupal\Core\Render\MainContent\{closure}() (Line: 574)
Drupal\Core\Render\Renderer->executeInRenderContext(Object, Object) (Line: 227)
Drupal\Core\Render\MainContent\HtmlRenderer->prepare(Array, Object, Object) (Line: 117)
Drupal\Core\Render\MainContent\HtmlRenderer->renderResponse(Array, Object, Object) (Line: 90)
Drupal\Core\EventSubscriber\MainContentViewSubscriber->onViewRenderArray(Object, 'kernel.view', Object) (Line: 111)
Drupal\Component\EventDispatcher\ContainerAwareEventDispatcher->dispatch('kernel.view', Object) (Line: 149)
Symfony\Component\HttpKernel\HttpKernel->handleRaw(Object, 1) (Line: 64)
Symfony\Component\HttpKernel\HttpKernel->handle(Object, 1, 1) (Line: 57)
Drupal\Core\StackMiddleware\Session->handle(Object, 1, 1) (Line: 47)
Drupal\Core\StackMiddleware\KernelPreHandle->handle(Object, 1, 1) (Line: 207)
Drupal\page_cache\StackMiddleware\PageCache->fetch(Object, 1, 1) (Line: 121)
Drupal\page_cache\StackMiddleware\PageCache->lookup(Object, 1, 1) (Line: 75)
Drupal\page_cache\StackMiddleware\PageCache->handle(Object, 1, 1) (Line: 47)
Drupal\Core\StackMiddleware\ReverseProxyMiddleware->handle(Object, 1, 1) (Line: 50)
Drupal\Core\StackMiddleware\NegotiationMiddleware->handle(Object, 1, 1) (Line: 23)
Stack\StackedHttpKernel->handle(Object, 1, 1) (Line: 656)
Drupal\Core\DrupalKernel->handle(Object) (Line: 19)
Notice: Trying to access array offset on value of type int in Drupal\Core\Render\Element::children() (line 81 of core/lib/Drupal/Core/Render/Element.php).
Drupal\Core\Render\Element::children(Array, 1) (Line: 406)
Drupal\Core\Render\Renderer->doRender(Array, ) (Line: 195)
Drupal\Core\Render\Renderer->render(Array) (Line: 490)
Drupal\Core\Template\TwigExtension->escapeFilter(Object, Array, 'html', NULL, 1) (Line: 53)
__TwigTemplate_37266baf5485116ef3160f817b4a540da0c081b046f218fc133066ab97d12696->doDisplay(Array, Array) (Line: 379)
Twig_Template->displayWithErrorHandling(Array, Array) (Line: 347)
Twig_Template->display(Array) (Line: 358)
Twig_Template->render(Array) (Line: 64)
twig_render_template('themes/custom/tele5/templates/Articles/node--article--teaser.html.twig', Array) (Line: 384)
Drupal\Core\Theme\ThemeManager->render('node', Array) (Line: 435)
Drupal\Core\Render\Renderer->doRender(Array, ) (Line: 195)
Drupal\Core\Render\Renderer->render(Array) (Line: 490)
Drupal\Core\Template\TwigExtension->escapeFilter(Object, Array, 'html', NULL, 1) (Line: 54)
__TwigTemplate_8e5c0a934541a003ea9bde911a6bad2d8f54421f8483abe8ecbaf146cb0006db->doDisplay(Array, Array) (Line: 379)
Twig_Template->displayWithErrorHandling(Array, Array) (Line: 347)
Twig_Template->display(Array) (Line: 358)
Twig_Template->render(Array) (Line: 64)
twig_render_template('themes/custom/tele5/templates/override/views-view-unformatted.html.twig', Array) (Line: 384)
Drupal\Core\Theme\ThemeManager->render('views_view_unformatted', Array) (Line: 435)
Drupal\Core\Render\Renderer->doRender(Array) (Line: 448)
Drupal\Core\Render\Renderer->doRender(Array, ) (Line: 195)
Drupal\Core\Render\Renderer->render(Array) (Line: 490)
Drupal\Core\Template\TwigExtension->escapeFilter(Object, Array, 'html', NULL, 1) (Line: 120)
__TwigTemplate_7ab7a5513b494865f6b55b1b013508d3d961e3455de3b7f7fa94fe39da1a5716->doDisplay(Array, Array) (Line: 379)
Twig_Template->displayWithErrorHandling(Array, Array) (Line: 347)
Twig_Template->display(Array) (Line: 358)
Twig_Template->render(Array) (Line: 64)
twig_render_template('themes/custom/tele5/templates/override/views-view.html.twig', Array) (Line: 384)
Drupal\Core\Theme\ThemeManager->render('views_view', Array) (Line: 435)
Drupal\Core\Render\Renderer->doRender(Array) (Line: 448)
Drupal\Core\Render\Renderer->doRender(Array, ) (Line: 195)
Drupal\Core\Render\Renderer->render(Array, ) (Line: 226)
Drupal\Core\Render\MainContent\HtmlRenderer->Drupal\Core\Render\MainContent\{closure}() (Line: 574)
Drupal\Core\Render\Renderer->executeInRenderContext(Object, Object) (Line: 227)
Drupal\Core\Render\MainContent\HtmlRenderer->prepare(Array, Object, Object) (Line: 117)
Drupal\Core\Render\MainContent\HtmlRenderer->renderResponse(Array, Object, Object) (Line: 90)
Drupal\Core\EventSubscriber\MainContentViewSubscriber->onViewRenderArray(Object, 'kernel.view', Object) (Line: 111)
Drupal\Component\EventDispatcher\ContainerAwareEventDispatcher->dispatch('kernel.view', Object) (Line: 149)
Symfony\Component\HttpKernel\HttpKernel->handleRaw(Object, 1) (Line: 64)
Symfony\Component\HttpKernel\HttpKernel->handle(Object, 1, 1) (Line: 57)
Drupal\Core\StackMiddleware\Session->handle(Object, 1, 1) (Line: 47)
Drupal\Core\StackMiddleware\KernelPreHandle->handle(Object, 1, 1) (Line: 207)
Drupal\page_cache\StackMiddleware\PageCache->fetch(Object, 1, 1) (Line: 121)
Drupal\page_cache\StackMiddleware\PageCache->lookup(Object, 1, 1) (Line: 75)
Drupal\page_cache\StackMiddleware\PageCache->handle(Object, 1, 1) (Line: 47)
Drupal\Core\StackMiddleware\ReverseProxyMiddleware->handle(Object, 1, 1) (Line: 50)
Drupal\Core\StackMiddleware\NegotiationMiddleware->handle(Object, 1, 1) (Line: 23)
Stack\StackedHttpKernel->handle(Object, 1, 1) (Line: 656)
Drupal\Core\DrupalKernel->handle(Object) (Line: 19)
Notice: Trying to access array offset on value of type int in Drupal\Core\Render\Element::children() (line 81 of core/lib/Drupal/Core/Render/Element.php).
Drupal\Core\Render\Element::children(Array, 1) (Line: 406)
Drupal\Core\Render\Renderer->doRender(Array, ) (Line: 195)
Drupal\Core\Render\Renderer->render(Array) (Line: 490)
Drupal\Core\Template\TwigExtension->escapeFilter(Object, Array, 'html', NULL, 1) (Line: 57)
__TwigTemplate_37266baf5485116ef3160f817b4a540da0c081b046f218fc133066ab97d12696->doDisplay(Array, Array) (Line: 379)
Twig_Template->displayWithErrorHandling(Array, Array) (Line: 347)
Twig_Template->display(Array) (Line: 358)
Twig_Template->render(Array) (Line: 64)
twig_render_template('themes/custom/tele5/templates/Articles/node--article--teaser.html.twig', Array) (Line: 384)
Drupal\Core\Theme\ThemeManager->render('node', Array) (Line: 435)
Drupal\Core\Render\Renderer->doRender(Array, ) (Line: 195)
Drupal\Core\Render\Renderer->render(Array) (Line: 490)
Drupal\Core\Template\TwigExtension->escapeFilter(Object, Array, 'html', NULL, 1) (Line: 54)
__TwigTemplate_8e5c0a934541a003ea9bde911a6bad2d8f54421f8483abe8ecbaf146cb0006db->doDisplay(Array, Array) (Line: 379)
Twig_Template->displayWithErrorHandling(Array, Array) (Line: 347)
Twig_Template->display(Array) (Line: 358)
Twig_Template->render(Array) (Line: 64)
twig_render_template('themes/custom/tele5/templates/override/views-view-unformatted.html.twig', Array) (Line: 384)
Drupal\Core\Theme\ThemeManager->render('views_view_unformatted', Array) (Line: 435)
Drupal\Core\Render\Renderer->doRender(Array) (Line: 448)
Drupal\Core\Render\Renderer->doRender(Array, ) (Line: 195)
Drupal\Core\Render\Renderer->render(Array) (Line: 490)
Drupal\Core\Template\TwigExtension->escapeFilter(Object, Array, 'html', NULL, 1) (Line: 120)
__TwigTemplate_7ab7a5513b494865f6b55b1b013508d3d961e3455de3b7f7fa94fe39da1a5716->doDisplay(Array, Array) (Line: 379)
Twig_Template->displayWithErrorHandling(Array, Array) (Line: 347)
Twig_Template->display(Array) (Line: 358)
Twig_Template->render(Array) (Line: 64)
twig_render_template('themes/custom/tele5/templates/override/views-view.html.twig', Array) (Line: 384)
Drupal\Core\Theme\ThemeManager->render('views_view', Array) (Line: 435)
Drupal\Core\Render\Renderer->doRender(Array) (Line: 448)
Drupal\Core\Render\Renderer->doRender(Array, ) (Line: 195)
Drupal\Core\Render\Renderer->render(Array, ) (Line: 226)
Drupal\Core\Render\MainContent\HtmlRenderer->Drupal\Core\Render\MainContent\{closure}() (Line: 574)
Drupal\Core\Render\Renderer->executeInRenderContext(Object, Object) (Line: 227)
Drupal\Core\Render\MainContent\HtmlRenderer->prepare(Array, Object, Object) (Line: 117)
Drupal\Core\Render\MainContent\HtmlRenderer->renderResponse(Array, Object, Object) (Line: 90)
Drupal\Core\EventSubscriber\MainContentViewSubscriber->onViewRenderArray(Object, 'kernel.view', Object) (Line: 111)
Drupal\Component\EventDispatcher\ContainerAwareEventDispatcher->dispatch('kernel.view', Object) (Line: 149)
Symfony\Component\HttpKernel\HttpKernel->handleRaw(Object, 1) (Line: 64)
Symfony\Component\HttpKernel\HttpKernel->handle(Object, 1, 1) (Line: 57)
Drupal\Core\StackMiddleware\Session->handle(Object, 1, 1) (Line: 47)
Drupal\Core\StackMiddleware\KernelPreHandle->handle(Object, 1, 1) (Line: 207)
Drupal\page_cache\StackMiddleware\PageCache->fetch(Object, 1, 1) (Line: 121)
Drupal\page_cache\StackMiddleware\PageCache->lookup(Object, 1, 1) (Line: 75)
Drupal\page_cache\StackMiddleware\PageCache->handle(Object, 1, 1) (Line: 47)
Drupal\Core\StackMiddleware\ReverseProxyMiddleware->handle(Object, 1, 1) (Line: 50)
Drupal\Core\StackMiddleware\NegotiationMiddleware->handle(Object, 1, 1) (Line: 23)
Stack\StackedHttpKernel->handle(Object, 1, 1) (Line: 656)
Drupal\Core\DrupalKernel->handle(Object) (Line: 19)
Deprecated function: array_key_exists(): Using array_key_exists() on objects is deprecated. Use isset() or property_exists() instead in Drupal\Core\Controller\ControllerResolver->doGetArguments() (line 139 of core/lib/Drupal/Core/Controller/ControllerResolver.php).
Drupal\Core\Controller\ControllerResolver->doGetArguments(Object, Array, Array) (Line: 118)
Symfony\Component\HttpKernel\Controller\ControllerResolver->getArguments(Object, Array) (Line: 173)
Drupal\Core\Menu\LocalTaskManager->getTitle(Object) (Line: 323)
Drupal\Core\Menu\LocalTaskManager->getTasksBuild('entity.taxonomy_term.canonical', Object) (Line: 358)
Drupal\Core\Menu\LocalTaskManager->getLocalTasks('entity.taxonomy_term.canonical', 0) (Line: 94)
Drupal\Core\Menu\Plugin\Block\LocalTasksBlock->build() (Line: 203)
Drupal\block\BlockViewBuilder::preRender(Array)
call_user_func('Drupal\block\BlockViewBuilder::preRender', Array) (Line: 376)
Drupal\Core\Render\Renderer->doRender(Array) (Line: 448)
Drupal\Core\Render\Renderer->doRender(Array, ) (Line: 195)
Drupal\Core\Render\Renderer->render(Array) (Line: 490)
Drupal\Core\Template\TwigExtension->escapeFilter(Object, Array, 'html', NULL, 1) (Line: 94)
__TwigTemplate_11e849aaafc4e5dd193f6fb3d8649274f3eb3bf89e9c6e974ca2ebe6c44cf794->doDisplay(Array, Array) (Line: 379)
Twig_Template->displayWithErrorHandling(Array, Array) (Line: 347)
Twig_Template->display(Array) (Line: 358)
Twig_Template->render(Array) (Line: 64)
twig_render_template('themes/custom/tele5/templates/Core/page.html.twig', Array) (Line: 384)
Drupal\Core\Theme\ThemeManager->render('page', Array) (Line: 435)
Drupal\Core\Render\Renderer->doRender(Array, ) (Line: 195)
Drupal\Core\Render\Renderer->render(Array) (Line: 490)
Drupal\Core\Template\TwigExtension->escapeFilter(Object, Array, 'html', NULL, 1) (Line: 92)
__TwigTemplate_17282eb4c674b086746707d0ca77ca1c3a0641a6921d98b286bd4168d95c9ddf->doDisplay(Array, Array) (Line: 379)
Twig_Template->displayWithErrorHandling(Array, Array) (Line: 347)
Twig_Template->display(Array) (Line: 358)
Twig_Template->render(Array) (Line: 64)
twig_render_template('themes/custom/tele5/templates/Core/html.html.twig', Array) (Line: 384)
Drupal\Core\Theme\ThemeManager->render('html', Array) (Line: 435)
Drupal\Core\Render\Renderer->doRender(Array, ) (Line: 195)
Drupal\Core\Render\Renderer->render(Array) (Line: 147)
Drupal\Core\Render\MainContent\HtmlRenderer->Drupal\Core\Render\MainContent\{closure}() (Line: 574)
Drupal\Core\Render\Renderer->executeInRenderContext(Object, Object) (Line: 148)
Drupal\Core\Render\MainContent\HtmlRenderer->renderResponse(Array, Object, Object) (Line: 90)
Drupal\Core\EventSubscriber\MainContentViewSubscriber->onViewRenderArray(Object, 'kernel.view', Object) (Line: 111)
Drupal\Component\EventDispatcher\ContainerAwareEventDispatcher->dispatch('kernel.view', Object) (Line: 149)
Symfony\Component\HttpKernel\HttpKernel->handleRaw(Object, 1) (Line: 64)
Symfony\Component\HttpKernel\HttpKernel->handle(Object, 1, 1) (Line: 57)
Drupal\Core\StackMiddleware\Session->handle(Object, 1, 1) (Line: 47)
Drupal\Core\StackMiddleware\KernelPreHandle->handle(Object, 1, 1) (Line: 207)
Drupal\page_cache\StackMiddleware\PageCache->fetch(Object, 1, 1) (Line: 121)
Drupal\page_cache\StackMiddleware\PageCache->lookup(Object, 1, 1) (Line: 75)
Drupal\page_cache\StackMiddleware\PageCache->handle(Object, 1, 1) (Line: 47)
Drupal\Core\StackMiddleware\ReverseProxyMiddleware->handle(Object, 1, 1) (Line: 50)
Drupal\Core\StackMiddleware\NegotiationMiddleware->handle(Object, 1, 1) (Line: 23)
Stack\StackedHttpKernel->handle(Object, 1, 1) (Line: 656)
Drupal\Core\DrupalKernel->handle(Object) (Line: 19)
Deprecated function: array_key_exists(): Using array_key_exists() on objects is deprecated. Use isset() or property_exists() instead in Drupal\Core\Controller\ControllerResolver->doGetArguments() (line 139 of core/lib/Drupal/Core/Controller/ControllerResolver.php).
Drupal\Core\Controller\ControllerResolver->doGetArguments(Object, Array, Array) (Line: 118)
Symfony\Component\HttpKernel\Controller\ControllerResolver->getArguments(Object, Array) (Line: 173)
Drupal\Core\Menu\LocalTaskManager->getTitle(Object) (Line: 323)
Drupal\Core\Menu\LocalTaskManager->getTasksBuild('entity.taxonomy_term.canonical', Object) (Line: 358)
Drupal\Core\Menu\LocalTaskManager->getLocalTasks('entity.taxonomy_term.canonical', 0) (Line: 94)
Drupal\Core\Menu\Plugin\Block\LocalTasksBlock->build() (Line: 203)
Drupal\block\BlockViewBuilder::preRender(Array)
call_user_func('Drupal\block\BlockViewBuilder::preRender', Array) (Line: 376)
Drupal\Core\Render\Renderer->doRender(Array) (Line: 448)
Drupal\Core\Render\Renderer->doRender(Array, ) (Line: 195)
Drupal\Core\Render\Renderer->render(Array) (Line: 490)
Drupal\Core\Template\TwigExtension->escapeFilter(Object, Array, 'html', NULL, 1) (Line: 94)
__TwigTemplate_11e849aaafc4e5dd193f6fb3d8649274f3eb3bf89e9c6e974ca2ebe6c44cf794->doDisplay(Array, Array) (Line: 379)
Twig_Template->displayWithErrorHandling(Array, Array) (Line: 347)
Twig_Template->display(Array) (Line: 358)
Twig_Template->render(Array) (Line: 64)
twig_render_template('themes/custom/tele5/templates/Core/page.html.twig', Array) (Line: 384)
Drupal\Core\Theme\ThemeManager->render('page', Array) (Line: 435)
Drupal\Core\Render\Renderer->doRender(Array, ) (Line: 195)
Drupal\Core\Render\Renderer->render(Array) (Line: 490)
Drupal\Core\Template\TwigExtension->escapeFilter(Object, Array, 'html', NULL, 1) (Line: 92)
__TwigTemplate_17282eb4c674b086746707d0ca77ca1c3a0641a6921d98b286bd4168d95c9ddf->doDisplay(Array, Array) (Line: 379)
Twig_Template->displayWithErrorHandling(Array, Array) (Line: 347)
Twig_Template->display(Array) (Line: 358)
Twig_Template->render(Array) (Line: 64)
twig_render_template('themes/custom/tele5/templates/Core/html.html.twig', Array) (Line: 384)
Drupal\Core\Theme\ThemeManager->render('html', Array) (Line: 435)
Drupal\Core\Render\Renderer->doRender(Array, ) (Line: 195)
Drupal\Core\Render\Renderer->render(Array) (Line: 147)
Drupal\Core\Render\MainContent\HtmlRenderer->Drupal\Core\Render\MainContent\{closure}() (Line: 574)
Drupal\Core\Render\Renderer->executeInRenderContext(Object, Object) (Line: 148)
Drupal\Core\Render\MainContent\HtmlRenderer->renderResponse(Array, Object, Object) (Line: 90)
Drupal\Core\EventSubscriber\MainContentViewSubscriber->onViewRenderArray(Object, 'kernel.view', Object) (Line: 111)
Drupal\Component\EventDispatcher\ContainerAwareEventDispatcher->dispatch('kernel.view', Object) (Line: 149)
Symfony\Component\HttpKernel\HttpKernel->handleRaw(Object, 1) (Line: 64)
Symfony\Component\HttpKernel\HttpKernel->handle(Object, 1, 1) (Line: 57)
Drupal\Core\StackMiddleware\Session->handle(Object, 1, 1) (Line: 47)
Drupal\Core\StackMiddleware\KernelPreHandle->handle(Object, 1, 1) (Line: 207)
Drupal\page_cache\StackMiddleware\PageCache->fetch(Object, 1, 1) (Line: 121)
Drupal\page_cache\StackMiddleware\PageCache->lookup(Object, 1, 1) (Line: 75)
Drupal\page_cache\StackMiddleware\PageCache->handle(Object, 1, 1) (Line: 47)
Drupal\Core\StackMiddleware\ReverseProxyMiddleware->handle(Object, 1, 1) (Line: 50)
Drupal\Core\StackMiddleware\NegotiationMiddleware->handle(Object, 1, 1) (Line: 23)
Stack\StackedHttpKernel->handle(Object, 1, 1) (Line: 656)
Drupal\Core\DrupalKernel->handle(Object) (Line: 19)
Deprecated function: array_key_exists(): Using array_key_exists() on objects is deprecated. Use isset() or property_exists() instead in Drupal\Core\Controller\ControllerResolver->doGetArguments() (line 139 of core/lib/Drupal/Core/Controller/ControllerResolver.php).
Drupal\Core\Controller\ControllerResolver->doGetArguments(Object, Array, Array) (Line: 118)
Symfony\Component\HttpKernel\Controller\ControllerResolver->getArguments(Object, Array) (Line: 173)
Drupal\Core\Menu\LocalTaskManager->getTitle(Object) (Line: 323)
Drupal\Core\Menu\LocalTaskManager->getTasksBuild('entity.taxonomy_term.canonical', Object) (Line: 358)
Drupal\Core\Menu\LocalTaskManager->getLocalTasks('entity.taxonomy_term.canonical', 0) (Line: 94)
Drupal\Core\Menu\Plugin\Block\LocalTasksBlock->build() (Line: 203)
Drupal\block\BlockViewBuilder::preRender(Array)
call_user_func('Drupal\block\BlockViewBuilder::preRender', Array) (Line: 376)
Drupal\Core\Render\Renderer->doRender(Array) (Line: 448)
Drupal\Core\Render\Renderer->doRender(Array, ) (Line: 195)
Drupal\Core\Render\Renderer->render(Array) (Line: 490)
Drupal\Core\Template\TwigExtension->escapeFilter(Object, Array, 'html', NULL, 1) (Line: 94)
__TwigTemplate_11e849aaafc4e5dd193f6fb3d8649274f3eb3bf89e9c6e974ca2ebe6c44cf794->doDisplay(Array, Array) (Line: 379)
Twig_Template->displayWithErrorHandling(Array, Array) (Line: 347)
Twig_Template->display(Array) (Line: 358)
Twig_Template->render(Array) (Line: 64)
twig_render_template('themes/custom/tele5/templates/Core/page.html.twig', Array) (Line: 384)
Drupal\Core\Theme\ThemeManager->render('page', Array) (Line: 435)
Drupal\Core\Render\Renderer->doRender(Array, ) (Line: 195)
Drupal\Core\Render\Renderer->render(Array) (Line: 490)
Drupal\Core\Template\TwigExtension->escapeFilter(Object, Array, 'html', NULL, 1) (Line: 92)
__TwigTemplate_17282eb4c674b086746707d0ca77ca1c3a0641a6921d98b286bd4168d95c9ddf->doDisplay(Array, Array) (Line: 379)
Twig_Template->displayWithErrorHandling(Array, Array) (Line: 347)
Twig_Template->display(Array) (Line: 358)
Twig_Template->render(Array) (Line: 64)
twig_render_template('themes/custom/tele5/templates/Core/html.html.twig', Array) (Line: 384)
Drupal\Core\Theme\ThemeManager->render('html', Array) (Line: 435)
Drupal\Core\Render\Renderer->doRender(Array, ) (Line: 195)
Drupal\Core\Render\Renderer->render(Array) (Line: 147)
Drupal\Core\Render\MainContent\HtmlRenderer->Drupal\Core\Render\MainContent\{closure}() (Line: 574)
Drupal\Core\Render\Renderer->executeInRenderContext(Object, Object) (Line: 148)
Drupal\Core\Render\MainContent\HtmlRenderer->renderResponse(Array, Object, Object) (Line: 90)
Drupal\Core\EventSubscriber\MainContentViewSubscriber->onViewRenderArray(Object, 'kernel.view', Object) (Line: 111)
Drupal\Component\EventDispatcher\ContainerAwareEventDispatcher->dispatch('kernel.view', Object) (Line: 149)
Symfony\Component\HttpKernel\HttpKernel->handleRaw(Object, 1) (Line: 64)
Symfony\Component\HttpKernel\HttpKernel->handle(Object, 1, 1) (Line: 57)
Drupal\Core\StackMiddleware\Session->handle(Object, 1, 1) (Line: 47)
Drupal\Core\StackMiddleware\KernelPreHandle->handle(Object, 1, 1) (Line: 207)
Drupal\page_cache\StackMiddleware\PageCache->fetch(Object, 1, 1) (Line: 121)
Drupal\page_cache\StackMiddleware\PageCache->lookup(Object, 1, 1) (Line: 75)
Drupal\page_cache\StackMiddleware\PageCache->handle(Object, 1, 1) (Line: 47)
Drupal\Core\StackMiddleware\ReverseProxyMiddleware->handle(Object, 1, 1) (Line: 50)
Drupal\Core\StackMiddleware\NegotiationMiddleware->handle(Object, 1, 1) (Line: 23)
Stack\StackedHttpKernel->handle(Object, 1, 1) (Line: 656)
Drupal\Core\DrupalKernel->handle(Object) (Line: 19)
Jak oglądać
Reklama
Kontakt
© 2019 TELE5. Wszelkie prawa zastrzeżone","[""Sekrety zwierząt"", ""10.30 \n Komunikat o błędzie \n Deprecated function: array_key_exists(): Using array_key_exists() on objects is deprecated. Use isset() or property_exists() instead in Drupal\\Core\\Controller\\ControllerResolver->doGetArguments() (line 139 of core/lib/Drupal/Core/Controller/ControllerResolver.php). \n Drupal\\Core\\Controller\\ControllerResolver->doGetArguments(Object, Array, Array) (Line: 118) \n Symfony\\Component\\HttpKernel\\Controller\\ControllerResolver->getArguments(Object, Array) (Line: 94) \n Drupal\\Core\\EventSubscriber\\EarlyRenderingControllerWrapperSubscriber->onController(Object, 'kernel.controller', Object) (Line: 111) \n Drupal\\Component\\EventDispatcher\\ContainerAwareEventDispatcher->dispatch('kernel.controller', Object) (Line: 137) \n Symfony\\Component\\HttpKernel\\HttpKernel->handleRaw(Object, 1) (Line: 64) \nSymfony\\Component\\HttpKernel\\HttpKernel->handle(Object, 1, 1) (Line: 57)\nDrupal\\Core\\StackMiddleware\\Session->handle(Object, 1, 1) (Line: 47)\nDrupal\\Core\\StackMiddleware\\KernelPreHandle->handle(Object, 1, 1) (Line: 207)\nDrupal\\page_cache\\StackMiddleware\\PageCache->fetch(Object, 1, 1) (Line: 121)\nDrupal\\page_cache\\StackMiddleware\\PageCache->lookup(Object, 1, 1) (Line: 75)\nDrupal\\page_cache\\StackMiddleware\\PageCache->handle(Object, 1, 1) (Line: 47)\nDrupal\\Core\\StackMiddleware\\ReverseProxyMiddleware->handle(Object, 1, 1) (Line: 50)\nDrupal\\Core\\StackMiddleware\\NegotiationMiddleware->handle(Object, 1, 1) (Line: 23)\nStack\\StackedHttpKernel->handle(Object, 1, 1) (Line: 656)\nDrupal\\Core\\DrupalKernel->handle(Object) (Line: 19)\nDeprecated function: Unparenthesized `a ? b : c ? d : e` is deprecated. Use either `(a ? b : c) ? d : e` or `a ? b : (c ? d : e)` in include() (line 412 of vendor/composer/ClassLoader.php).\ninclude() (Line: 412)\nComposer\\Autoload\\includeFile('/home/tl5/domains/tele5.pl/public_html/vendor/composer/../twig/twig/lib/Twig/Node.php') (Line: 301)\nComposer\\Autoload\\ClassLoader->loadClass('Twig_Node')\nspl_autoload_call('Twig_Node') (Line: 18)\ninclude('/home/tl5/domains/tele5.pl/public_html/vendor/twig/twig/lib/Twig/Node/Expression.php') (Line: 412)\nComposer\\Autoload\\includeFile('/home/tl5/domains/tele5.pl/public_html/vendor/composer/../twig/twig/lib/Twig/Node/Expression.php') (Line: 301)\nComposer\\Autoload\\ClassLoader->loadClass('Twig_Node_Expression')\nspl_autoload_call('Twig_Node_Expression') (Line: 12)\ninclude('/home/tl5/domains/tele5.pl/public_html/vendor/twig/twig/lib/Twig/Node/Expression/Name.php') (Line: 412)\nComposer\\Autoload\\includeFile('/home/tl5/domains/tele5.pl/public_html/vendor/composer/../twig/twig/lib/Twig/Node/Expression/Name.php') (Line: 301)\nComposer\\Autoload\\ClassLoader->loadClass('Twig_Node_Expression_Name')\nspl_autoload_call('Twig_Node_Expression_Name') (Line: 146)\nTwig_ExpressionParser->parsePrimaryExpression() (Line: 84)\nTwig_ExpressionParser->getPrimary() (Line: 41)\nTwig_ExpressionParser->parseExpression() (Line: 144)\nTwig_Parser->subparse(NULL, ) (Line: 100)\nTwig_Parser->parse(Object) (Line: 636)\nTwig_Environment->parse(Object) (Line: 696)\nTwig_Environment->compileSource('{# inline_template_start #}{{ arguments.tid }}', '{# inline_template_start #}{{ arguments.tid }}') (Line: 397)\nTwig_Environment->loadTemplate('{# inline_template_start #}{{ arguments.tid }}', NULL) (Line: 143)\nDrupal\\Core\\Template\\TwigEnvironment->renderInline('{# inline_template_start #}{{ arguments.tid }}', Array) (Line: 52)\nDrupal\\Core\\Render\\Element\\InlineTemplate::preRenderInlineTemplate(Array)\ncall_user_func(Array, Array) (Line: 376)\nDrupal\\Core\\Render\\Renderer->doRender(Array, 1) (Line: 195)\nDrupal\\Core\\Render\\Renderer->render(Array, 1) (Line: 151)\nDrupal\\Core\\Render\\Renderer->Drupal\\Core\\Render\\{closure}() (Line: 574)\nDrupal\\Core\\Render\\Renderer->executeInRenderContext(Object, Object) (Line: 152)\nDrupal\\Core\\Render\\Renderer->renderPlain(Array) (Line: 407)\nDrupal\\views\\Plugin\\views\\PluginBase->viewsTokenReplace('{{ arguments.tid }}', Array) (Line: 238)\nDrupal\\views\\Plugin\\views\\style\\StylePluginBase->tokenizeValue('{{ arguments.tid }}', 0) (Line: 1829)\nDrupal\\views\\ViewExecutable->getTitle() (Line: 179)\nDrupal\\views\\Plugin\\views\\display\\Page->execute() (Line: 1616)\nDrupal\\views\\ViewExecutable->executeDisplay('page_1', Array) (Line: 78)\nDrupal\\views\\Element\\View::preRenderViewElement(Array)\ncall_user_func(Array, Array) (Line: 376)\nDrupal\\Core\\Render\\Renderer->doRender(Array, ) (Line: 195)\nDrupal\\Core\\Render\\Renderer->render(Array, ) (Line: 226)\nDrupal\\Core\\Render\\MainContent\\HtmlRenderer->Drupal\\Core\\Render\\MainContent\\{closure}() (Line: 574)\nDrupal\\Core\\Render\\Renderer->executeInRenderContext(Object, Object) (Line: 227)\nDrupal\\Core\\Render\\MainContent\\HtmlRenderer->prepare(Array, Object, Object) (Line: 117)\nDrupal\\Core\\Render\\MainContent\\HtmlRenderer->renderResponse(Array, Object, Object) (Line: 90)\nDrupal\\Core\\EventSubscriber\\MainContentViewSubscriber->onViewRenderArray(Object, 'kernel.view', Object) (Line: 111)\nDrupal\\Component\\EventDispatcher\\ContainerAwareEventDispatcher->dispatch('kernel.view', Object) (Line: 149)\nSymfony\\Component\\HttpKernel\\HttpKernel->handleRaw(Object, 1) (Line: 64)\nSymfony\\Component\\HttpKernel\\HttpKernel->handle(Object, 1, 1) (Line: 57)\nDrupal\\Core\\StackMiddleware\\Session->handle(Object, 1, 1) (Line: 47)\nDrupal\\Core\\StackMiddleware\\KernelPreHandle->handle(Object, 1, 1) (Line: 207)\nDrupal\\page_cache\\StackMiddleware\\PageCache->fetch(Object, 1, 1) (Line: 121)\nDrupal\\page_cache\\StackMiddleware\\PageCache->lookup(Object, 1, 1) (Line: 75)\nDrupal\\page_cache\\StackMiddleware\\PageCache->handle(Object, 1, 1) (Line: 47)\nDrupal\\Core\\StackMiddleware\\ReverseProxyMiddleware->handle(Object, 1, 1) (Line: 50)\nDrupal\\Core\\StackMiddleware\\NegotiationMiddleware->handle(Object, 1, 1) (Line: 23)\nStack\\StackedHttpKernel->handle(Object, 1, 1) (Line: 656)\nDrupal\\Core\\DrupalKernel->handle(Object) (Line: 19)\nNotice: Trying to access array offset on value of type int in Drupal\\Core\\Render\\Element::children() (line 81 of core/lib/Drupal/Core/Render/Element.php).\nDrupal\\Core\\Render\\Element::children(Array) (Line: 250)\nDrupal\\Core\\Entity\\EntityViewBuilder->buildMultiple(Array) (Line: 220)\nDrupal\\Core\\Entity\\EntityViewBuilder->build(Array)\ncall_user_func(Array, Array) (Line: 376)\nDrupal\\Core\\Render\\Renderer->doRender(Array) (Line: 448)\nDrupal\\Core\\Render\\Renderer->doRender(Array, ) (Line: 195)\nDrupal\\Core\\Render\\Renderer->render(Array) (Line: 490)\nDrupal\\Core\\Template\\TwigExtension->escapeFilter(Object, Array, 'html', NULL, 1) (Line: 56)\n__TwigTemplate_7ab7a5513b494865f6b55b1b013508d3d961e3455de3b7f7fa94fe39da1a5716->doDisplay(Array, Array) (Line: 379)\nTwig_Template->displayWithErrorHandling(Array, Array) (Line: 347)\nTwig_Template->display(Array) (Line: 358)\nTwig_Template->render(Array) (Line: 64)\ntwig_render_template('themes/custom/tele5/templates/override/views-view.html.twig', Array) (Line: 384)\nDrupal\\Core\\Theme\\ThemeManager->render('views_view', Array) (Line: 435)\nDrupal\\Core\\Render\\Renderer->doRender(Array) (Line: 448)\nDrupal\\Core\\Render\\Renderer->doRender(Array, ) (Line: 195)\nDrupal\\Core\\Render\\Renderer->render(Array, ) (Line: 226)\nDrupal\\Core\\Render\\MainContent\\HtmlRenderer->Drupal\\Core\\Render\\MainContent\\{closure}() (Line: 574)\nDrupal\\Core\\Render\\Renderer->executeInRenderContext(Object, Object) (Line: 227)\nDrupal\\Core\\Render\\MainContent\\HtmlRenderer->prepare(Array, Object, Object) (Line: 117)\nDrupal\\Core\\Render\\MainContent\\HtmlRenderer->renderResponse(Array, Object, Object) (Line: 90)\nDrupal\\Core\\EventSubscriber\\MainContentViewSubscriber->onViewRenderArray(Object, 'kernel.view', Object) (Line: 111)\nDrupal\\Component\\EventDispatcher\\ContainerAwareEventDispatcher->dispatch('kernel.view', Object) (Line: 149)\nSymfony\\Component\\HttpKernel\\HttpKernel->handleRaw(Object, 1) (Line: 64)\nSymfony\\Component\\HttpKernel\\HttpKernel->handle(Object, 1, 1) (Line: 57)\nDrupal\\Core\\StackMiddleware\\Session->handle(Object, 1, 1) (Line: 47)\nDrupal\\Core\\StackMiddleware\\KernelPreHandle->handle(Object, 1, 1) (Line: 207)\nDrupal\\page_cache\\StackMiddleware\\PageCache->fetch(Object, 1, 1) (Line: 121)\nDrupal\\page_cache\\StackMiddleware\\PageCache->lookup(Object, 1, 1) (Line: 75)\nDrupal\\page_cache\\StackMiddleware\\PageCache->handle(Object, 1, 1) (Line: 47)\nDrupal\\Core\\StackMiddleware\\ReverseProxyMiddleware->handle(Object, 1, 1) (Line: 50)\nDrupal\\Core\\StackMiddleware\\NegotiationMiddleware->handle(Object, 1, 1) (Line: 23)\nStack\\StackedHttpKernel->handle(Object, 1, 1) (Line: 656)\nDrupal\\Core\\DrupalKernel->handle(Object) (Line: 19)\nNotice: Trying to access array offset on value of type int in Drupal\\Core\\Render\\Element::children() (line 81 of core/lib/Drupal/Core/Render/Element.php).\nDrupal\\Core\\Render\\Element::children(Array) (Line: 84)\nDrupal\\Core\\Field\\FormatterBase->view(Object, 'pl') (Line: 259)\nDrupal\\Core\\Entity\\Entity\\EntityViewDisplay->buildMultiple(Array) (Line: 320)\nDrupal\\Core\\Entity\\EntityViewBuilder->buildComponents(Array, Array, Array, 'full') (Line: 263)\nDrupal\\Core\\Entity\\EntityViewBuilder->buildMultiple(Array) (Line: 220)\nDrupal\\Core\\Entity\\EntityViewBuilder->build(Array)\ncall_user_func(Array, Array) (Line: 376)\nDrupal\\Core\\Render\\Renderer->doRender(Array) (Line: 448)\nDrupal\\Core\\Render\\Renderer->doRender(Array, ) (Line: 195)\nDrupal\\Core\\Render\\Renderer->render(Array) (Line: 490)\nDrupal\\Core\\Template\\TwigExtension->escapeFilter(Object, Array, 'html', NULL, 1) (Line: 56)\n__TwigTemplate_7ab7a5513b494865f6b55b1b013508d3d961e3455de3b7f7fa94fe39da1a5716->doDisplay(Array, Array) (Line: 379)\nTwig_Template->displayWithErrorHandling(Array, Array) (Line: 347)\nTwig_Template->display(Array) (Line: 358)\nTwig_Template->render(Array) (Line: 64)\ntwig_render_template('themes/custom/tele5/templates/override/views-view.html.twig', Array) (Line: 384)\nDrupal\\Core\\Theme\\ThemeManager->render('views_view', Array) (Line: 435)\nDrupal\\Core\\Render\\Renderer->doRender(Array) (Line: 448)\nDrupal\\Core\\Render\\Renderer->doRender(Array, ) (Line: 195)\nDrupal\\Core\\Render\\Renderer->render(Array, ) (Line: 226)\nDrupal\\Core\\Render\\MainContent\\HtmlRenderer->Drupal\\Core\\Render\\MainContent\\{closure}() (Line: 574)\nDrupal\\Core\\Render\\Renderer->executeInRenderContext(Object, Object) (Line: 227)\nDrupal\\Core\\Render\\MainContent\\HtmlRenderer->prepare(Array, Object, Object) (Line: 117)\nDrupal\\Core\\Render\\MainContent\\HtmlRenderer->renderResponse(Array, Object, Object) (Line: 90)\nDrupal\\Core\\EventSubscriber\\MainContentViewSubscriber->onViewRenderArray(Object, 'kernel.view', Object) (Line: 111)\nDrupal\\Component\\EventDispatcher\\ContainerAwareEventDispatcher->dispatch('kernel.view', Object) (Line: 149)\nSymfony\\Component\\HttpKernel\\HttpKernel->handleRaw(Object, 1) (Line: 64)\nSymfony\\Component\\HttpKernel\\HttpKernel->handle(Object, 1, 1) (Line: 57)\nDrupal\\Core\\StackMiddleware\\Session->handle(Object, 1, 1) (Line: 47)\nDrupal\\Core\\StackMiddleware\\KernelPreHandle->handle(Object, 1, 1) (Line: 207)\nDrupal\\page_cache\\StackMiddleware\\PageCache->fetch(Object, 1, 1) (Line: 121)\nDrupal\\page_cache\\StackMiddleware\\PageCache->lookup(Object, 1, 1) (Line: 75)\nDrupal\\page_cache\\StackMiddleware\\PageCache->handle(Object, 1, 1) (Line: 47)\nDrupal\\Core\\StackMiddleware\\ReverseProxyMiddleware->handle(Object, 1, 1) (Line: 50)\nDrupal\\Core\\StackMiddleware\\NegotiationMiddleware->handle(Object, 1, 1) (Line: 23)\nStack\\StackedHttpKernel->handle(Object, 1, 1) (Line: 656)\nDrupal\\Core\\DrupalKernel->handle(Object) (Line: 19)\nNotice: Trying to access array offset on value of type int in Drupal\\Core\\Render\\Element::children() (line 81 of core/lib/Drupal/Core/Render/Element.php).\nDrupal\\Core\\Render\\Element::children(Array, 1) (Line: 406)\nDrupal\\Core\\Render\\Renderer->doRender(Array, ) (Line: 195)\nDrupal\\Core\\Render\\Renderer->render(Array) (Line: 490)\nDrupal\\Core\\Template\\TwigExtension->escapeFilter(Object, Array, 'html', NULL, 1) (Line: 120)\n__TwigTemplate_7ab7a5513b494865f6b55b1b013508d3d961e3455de3b7f7fa94fe39da1a5716->doDisplay(Array, Array) (Line: 379)\nTwig_Template->displayWithErrorHandling(Array, Array) (Line: 347)\nTwig_Template->display(Array) (Line: 358)\nTwig_Template->render(Array) (Line: 64)\ntwig_render_template('themes/custom/tele5/templates/override/views-view.html.twig', Array) (Line: 384)\nDrupal\\Core\\Theme\\ThemeManager->render('views_view', Array) (Line: 435)\nDrupal\\Core\\Render\\Renderer->doRender(Array) (Line: 448)\nDrupal\\Core\\Render\\Renderer->doRender(Array, ) (Line: 195)\nDrupal\\Core\\Render\\Renderer->render(Array, ) (Line: 226)\nDrupal\\Core\\Render\\MainContent\\HtmlRenderer->Drupal\\Core\\Render\\MainContent\\{closure}() (Line: 574)\nDrupal\\Core\\Render\\Renderer->executeInRenderContext(Object, Object) (Line: 227)\nDrupal\\Core\\Render\\MainContent\\HtmlRenderer->prepare(Array, Object, Object) (Line: 117)\nDrupal\\Core\\Render\\MainContent\\HtmlRenderer->renderResponse(Array, Object, Object) (Line: 90)\nDrupal\\Core\\EventSubscriber\\MainContentViewSubscriber->onViewRenderArray(Object, 'kernel.view', Object) (Line: 111)\nDrupal\\Component\\EventDispatcher\\ContainerAwareEventDispatcher->dispatch('kernel.view', Object) (Line: 149)\nSymfony\\Component\\HttpKernel\\HttpKernel->handleRaw(Object, 1) (Line: 64)\nSymfony\\Component\\HttpKernel\\HttpKernel->handle(Object, 1, 1) (Line: 57)\nDrupal\\Core\\StackMiddleware\\Session->handle(Object, 1, 1) (Line: 47)\nDrupal\\Core\\StackMiddleware\\KernelPreHandle->handle(Object, 1, 1) (Line: 207)\nDrupal\\page_cache\\StackMiddleware\\PageCache->fetch(Object, 1, 1) (Line: 121)\nDrupal\\page_cache\\StackMiddleware\\PageCache->lookup(Object, 1, 1) (Line: 75)\nDrupal\\page_cache\\StackMiddleware\\PageCache->handle(Object, 1, 1) (Line: 47)\nDrupal\\Core\\StackMiddleware\\ReverseProxyMiddleware->handle(Object, 1, 1) (Line: 50)\nDrupal\\Core\\StackMiddleware\\NegotiationMiddleware->handle(Object, 1, 1) (Line: 23)\nStack\\StackedHttpKernel->handle(Object, 1, 1) (Line: 656)\nDrupal\\Core\\DrupalKernel->handle(Object) (Line: 19)\nNotice: Trying to access array offset on value of type int in Drupal\\Core\\Render\\Element::children() (line 81 of core/lib/Drupal/Core/Render/Element.php).\nDrupal\\Core\\Render\\Element::children(Array) (Line: 250)\nDrupal\\Core\\Entity\\EntityViewBuilder->buildMultiple(Array) (Line: 220)\nDrupal\\Core\\Entity\\EntityViewBuilder->build(Array)\ncall_user_func(Array, Array) (Line: 376)\nDrupal\\Core\\Render\\Renderer->doRender(Array, ) (Line: 195)\nDrupal\\Core\\Render\\Renderer->render(Array) (Line: 490)\nDrupal\\Core\\Template\\TwigExtension->escapeFilter(Object, Array, 'html', NULL, 1) (Line: 54)\n__TwigTemplate_8e5c0a934541a003ea9bde911a6bad2d8f54421f8483abe8ecbaf146cb0006db->doDisplay(Array, Array) (Line: 379)\nTwig_Template->displayWithErrorHandling(Array, Array) (Line: 347)\nTwig_Template->display(Array) (Line: 358)\nTwig_Template->render(Array) (Line: 64)\ntwig_render_template('themes/custom/tele5/templates/override/views-view-unformatted.html.twig', Array) (Line: 384)\nDrupal\\Core\\Theme\\ThemeManager->render('views_view_unformatted', Array) (Line: 435)\nDrupal\\Core\\Render\\Renderer->doRender(Array) (Line: 448)\nDrupal\\Core\\Render\\Renderer->doRender(Array, ) (Line: 195)\nDrupal\\Core\\Render\\Renderer->render(Array) (Line: 490)\nDrupal\\Core\\Template\\TwigExtension->escapeFilter(Object, Array, 'html', NULL, 1) (Line: 120)\n__TwigTemplate_7ab7a5513b494865f6b55b1b013508d3d961e3455de3b7f7fa94fe39da1a5716->doDisplay(Array, Array) (Line: 379)\nTwig_Template->displayWithErrorHandling(Array, Array) (Line: 347)\nTwig_Template->display(Array) (Line: 358)\nTwig_Template->render(Array) (Line: 64)\ntwig_render_template('themes/custom/tele5/templates/override/views-view.html.twig', Array) (Line: 384)\nDrupal\\Core\\Theme\\ThemeManager->render('views_view', Array) (Line: 435)\nDrupal\\Core\\Render\\Renderer->doRender(Array) (Line: 448)\nDrupal\\Core\\Render\\Renderer->doRender(Array, ) (Line: 195)\nDrupal\\Core\\Render\\Renderer->render(Array, ) (Line: 226)\nDrupal\\Core\\Render\\MainContent\\HtmlRenderer->Drupal\\Core\\Render\\MainContent\\{closure}() (Line: 574)\nDrupal\\Core\\Render\\Renderer->executeInRenderContext(Object, Object) (Line: 227)\nDrupal\\Core\\Render\\MainContent\\HtmlRenderer->prepare(Array, Object, Object) (Line: 117)\nDrupal\\Core\\Render\\MainContent\\HtmlRenderer->renderResponse(Array, Object, Object) (Line: 90)\nDrupal\\Core\\EventSubscriber\\MainContentViewSubscriber->onViewRenderArray(Object, 'kernel.view', Object) (Line: 111)\nDrupal\\Component\\EventDispatcher\\ContainerAwareEventDispatcher->dispatch('kernel.view', Object) (Line: 149)\nSymfony\\Component\\HttpKernel\\HttpKernel->handleRaw(Object, 1) (Line: 64)\nSymfony\\Component\\HttpKernel\\HttpKernel->handle(Object, 1, 1) (Line: 57)\nDrupal\\Core\\StackMiddleware\\Session->handle(Object, 1, 1) (Line: 47)\nDrupal\\Core\\StackMiddleware\\KernelPreHandle->handle(Object, 1, 1) (Line: 207)\nDrupal\\page_cache\\StackMiddleware\\PageCache->fetch(Object, 1, 1) (Line: 121)\nDrupal\\page_cache\\StackMiddleware\\PageCache->lookup(Object, 1, 1) (Line: 75)\nDrupal\\page_cache\\StackMiddleware\\PageCache->handle(Object, 1, 1) (Line: 47)\nDrupal\\Core\\StackMiddleware\\ReverseProxyMiddleware->handle(Object, 1, 1) (Line: 50)\nDrupal\\Core\\StackMiddleware\\NegotiationMiddleware->handle(Object, 1, 1) (Line: 23)\nStack\\StackedHttpKernel->handle(Object, 1, 1) (Line: 656)\nDrupal\\Core\\DrupalKernel->handle(Object) (Line: 19)\nNotice: Trying to access array offset on value of type int in Drupal\\Core\\Render\\Element::children() (line 81 of core/lib/Drupal/Core/Render/Element.php).\nDrupal\\Core\\Render\\Element::children(Array) (Line: 84)\nDrupal\\Core\\Field\\FormatterBase->view(Object, 'pl') (Line: 259)\nDrupal\\Core\\Entity\\Entity\\EntityViewDisplay->buildMultiple(Array) (Line: 320)\nDrupal\\Core\\Entity\\EntityViewBuilder->buildComponents(Array, Array, Array, 'teaser') (Line: 24)\nDrupal\\node\\NodeViewBuilder->buildComponents(Array, Array, Array, 'teaser') (Line: 263)\nDrupal\\Core\\Entity\\EntityViewBuilder->buildMultiple(Array) (Line: 220)\nDrupal\\Core\\Entity\\EntityViewBuilder->build(Array)\ncall_user_func(Array, Array) (Line: 376)\nDrupal\\Core\\Render\\Renderer->doRender(Array, ) (Line: 195)\nDrupal\\Core\\Render\\Renderer->render(Array) (Line: 490)\nDrupal\\Core\\Template\\TwigExtension->escapeFilter(Object, Array, 'html', NULL, 1) (Line: 54)\n__TwigTemplate_8e5c0a934541a003ea9bde911a6bad2d8f54421f8483abe8ecbaf146cb0006db->doDisplay(Array, Array) (Line: 379)\nTwig_Template->displayWithErrorHandling(Array, Array) (Line: 347)\nTwig_Template->display(Array) (Line: 358)\nTwig_Template->render(Array) (Line: 64)\ntwig_render_template('themes/custom/tele5/templates/override/views-view-unformatted.html.twig', Array) (Line: 384)\nDrupal\\Core\\Theme\\ThemeManager->render('views_view_unformatted', Array) (Line: 435)\nDrupal\\Core\\Render\\Renderer->doRender(Array) (Line: 448)\nDrupal\\Core\\Render\\Renderer->doRender(Array, ) (Line: 195)\nDrupal\\Core\\Render\\Renderer->render(Array) (Line: 490)\nDrupal\\Core\\Template\\TwigExtension->escapeFilter(Object, Array, 'html', NULL, 1) (Line: 120)\n__TwigTemplate_7ab7a5513b494865f6b55b1b013508d3d961e3455de3b7f7fa94fe39da1a5716->doDisplay(Array, Array) (Line: 379)\nTwig_Template->displayWithErrorHandling(Array, Array) (Line: 347)\nTwig_Template->display(Array) (Line: 358)\nTwig_Template->render(Array) (Line: 64)\ntwig_render_template('themes/custom/tele5/templates/override/views-view.html.twig', Array) (Line: 384)\nDrupal\\Core\\Theme\\ThemeManager->render('views_view', Array) (Line: 435)\nDrupal\\Core\\Render\\Renderer->doRender(Array) (Line: 448)\nDrupal\\Core\\Render\\Renderer->doRender(Array, ) (Line: 195)\nDrupal\\Core\\Render\\Renderer->render(Array, ) (Line: 226)\nDrupal\\Core\\Render\\MainContent\\HtmlRenderer->Drupal\\Core\\Render\\MainContent\\{closure}() (Line: 574)\nDrupal\\Core\\Render\\Renderer->executeInRenderContext(Object, Object) (Line: 227)\nDrupal\\Core\\Render\\MainContent\\HtmlRenderer->prepare(Array, Object, Object) (Line: 117)\nDrupal\\Core\\Render\\MainContent\\HtmlRenderer->renderResponse(Array, Object, Object) (Line: 90)\nDrupal\\Core\\EventSubscriber\\MainContentViewSubscriber->onViewRenderArray(Object, 'kernel.view', Object) (Line: 111)\nDrupal\\Component\\EventDispatcher\\ContainerAwareEventDispatcher->dispatch('kernel.view', Object) (Line: 149)\nSymfony\\Component\\HttpKernel\\HttpKernel->handleRaw(Object, 1) (Line: 64)\nSymfony\\Component\\HttpKernel\\HttpKernel->handle(Object, 1, 1) (Line: 57)\nDrupal\\Core\\StackMiddleware\\Session->handle(Object, 1, 1) (Line: 47)\nDrupal\\Core\\StackMiddleware\\KernelPreHandle->handle(Object, 1, 1) (Line: 207)\nDrupal\\page_cache\\StackMiddleware\\PageCache->fetch(Object, 1, 1) (Line: 121)\nDrupal\\page_cache\\StackMiddleware\\PageCache->lookup(Object, 1, 1) (Line: 75)\nDrupal\\page_cache\\StackMiddleware\\PageCache->handle(Object, 1, 1) (Line: 47)\nDrupal\\Core\\StackMiddleware\\ReverseProxyMiddleware->handle(Object, 1, 1) (Line: 50)\nDrupal\\Core\\StackMiddleware\\NegotiationMiddleware->handle(Object, 1, 1) (Line: 23)\nStack\\StackedHttpKernel->handle(Object, 1, 1) (Line: 656)\nDrupal\\Core\\DrupalKernel->handle(Object) (Line: 19)\nNotice: Trying to access array offset on value of type int in Drupal\\Core\\Render\\Element::children() (line 81 of core/lib/Drupal/Core/Render/Element.php).\nDrupal\\Core\\Render\\Element::children(Array) (Line: 84)\nDrupal\\Core\\Field\\FormatterBase->view(Object, 'pl') (Line: 259)\nDrupal\\Core\\Entity\\Entity\\EntityViewDisplay->buildMultiple(Array) (Line: 320)\nDrupal\\Core\\Entity\\EntityViewBuilder->buildComponents(Array, Array, Array, 'teaser') (Line: 24)\nDrupal\\node\\NodeViewBuilder->buildComponents(Array, Array, Array, 'teaser') (Line: 263)\nDrupal\\Core\\Entity\\EntityViewBuilder->buildMultiple(Array) (Line: 220)\nDrupal\\Core\\Entity\\EntityViewBuilder->build(Array)\ncall_user_func(Array, Array) (Line: 376)\nDrupal\\Core\\Render\\Renderer->doRender(Array, ) (Line: 195)\nDrupal\\Core\\Render\\Renderer->render(Array) (Line: 490)\nDrupal\\Core\\Template\\TwigExtension->escapeFilter(Object, Array, 'html', NULL, 1) (Line: 54)\n__TwigTemplate_8e5c0a934541a003ea9bde911a6bad2d8f54421f8483abe8ecbaf146cb0006db->doDisplay(Array, Array) (Line: 379)\nTwig_Template->displayWithErrorHandling(Array, Array) (Line: 347)\nTwig_Template->display(Array) (Line: 358)\nTwig_Template->render(Array) (Line: 64)\ntwig_render_template('themes/custom/tele5/templates/override/views-view-unformatted.html.twig', Array) (Line: 384)\nDrupal\\Core\\Theme\\ThemeManager->render('views_view_unformatted', Array) (Line: 435)\nDrupal\\Core\\Render\\Renderer->doRender(Array) (Line: 448)\nDrupal\\Core\\Render\\Renderer->doRender(Array, ) (Line: 195)\nDrupal\\Core\\Render\\Renderer->render(Array) (Line: 490)\nDrupal\\Core\\Template\\TwigExtension->escapeFilter(Object, Array, 'html', NULL, 1) (Line: 120)\n__TwigTemplate_7ab7a5513b494865f6b55b1b013508d3d961e3455de3b7f7fa94fe39da1a5716->doDisplay(Array, Array) (Line: 379)\nTwig_Template->displayWithErrorHandling(Array, Array) (Line: 347)\nTwig_Template->display(Array) (Line: 358)\nTwig_Template->render(Array) (Line: 64)\ntwig_render_template('themes/custom/tele5/templates/override/views-view.html.twig', Array) (Line: 384)\nDrupal\\Core\\Theme\\ThemeManager->render('views_view', Array) (Line: 435)\nDrupal\\Core\\Render\\Renderer->doRender(Array) (Line: 448)\nDrupal\\Core\\Render\\Renderer->doRender(Array, ) (Line: 195)\nDrupal\\Core\\Render\\Renderer->render(Array, ) (Line: 226)\nDrupal\\Core\\Render\\MainContent\\HtmlRenderer->Drupal\\Core\\Render\\MainContent\\{closure}() (Line: 574)\nDrupal\\Core\\Render\\Renderer->executeInRenderContext(Object, Object) (Line: 227)\nDrupal\\Core\\Render\\MainContent\\HtmlRenderer->prepare(Array, Object, Object) (Line: 117)\nDrupal\\Core\\Render\\MainContent\\HtmlRenderer->renderResponse(Array, Object, Object) (Line: 90)\nDrupal\\Core\\EventSubscriber\\MainContentViewSubscriber->onViewRenderArray(Object, 'kernel.view', Object) (Line: 111)\nDrupal\\Component\\EventDispatcher\\ContainerAwareEventDispatcher->dispatch('kernel.view', Object) (Line: 149)\nSymfony\\Component\\HttpKernel\\HttpKernel->handleRaw(Object, 1) (Line: 64)\nSymfony\\Component\\HttpKernel\\HttpKernel->handle(Object, 1, 1) (Line: 57)\nDrupal\\Core\\StackMiddleware\\Session->handle(Object, 1, 1) (Line: 47)\nDrupal\\Core\\StackMiddleware\\KernelPreHandle->handle(Object, 1, 1) (Line: 207)\nDrupal\\page_cache\\StackMiddleware\\PageCache->fetch(Object, 1, 1) (Line: 121)\nDrupal\\page_cache\\StackMiddleware\\PageCache->lookup(Object, 1, 1) (Line: 75)\nDrupal\\page_cache\\StackMiddleware\\PageCache->handle(Object, 1, 1) (Line: 47)\nDrupal\\Core\\StackMiddleware\\ReverseProxyMiddleware->handle(Object, 1, 1) (Line: 50)\nDrupal\\Core\\StackMiddleware\\NegotiationMiddleware->handle(Object, 1, 1) (Line: 23)\nStack\\StackedHttpKernel->handle(Object, 1, 1) (Line: 656)\nDrupal\\Core\\DrupalKernel->handle(Object) (Line: 19)\nNotice: Trying to access array offset on value of type int in Drupal\\Core\\Render\\Element::children() (line 81 of core/lib/Drupal/Core/Render/Element.php).\nDrupal\\Core\\Render\\Element::children(Array) (Line: 84)\nDrupal\\Core\\Field\\FormatterBase->view(Object, 'pl') (Line: 76)\nDrupal\\Core\\Field\\Plugin\\Field\\FieldFormatter\\EntityReferenceFormatterBase->view(Object, NULL) (Line: 259)\nDrupal\\Core\\Entity\\Entity\\EntityViewDisplay->buildMultiple(Array) (Line: 320)\nDrupal\\Core\\Entity\\EntityViewBuilder->buildComponents(Array, Array, Array, 'teaser') (Line: 24)\nDrupal\\node\\NodeViewBuilder->buildComponents(Array, Array, Array, 'teaser') (Line: 263)\nDrupal\\Core\\Entity\\EntityViewBuilder->buildMultiple(Array) (Line: 220)\nDrupal\\Core\\Entity\\EntityViewBuilder->build(Array)\ncall_user_func(Array, Array) (Line: 376)\nDrupal\\Core\\Render\\Renderer->doRender(Array, ) (Line: 195)\nDrupal\\Core\\Render\\Renderer->render(Array) (Line: 490)\nDrupal\\Core\\Template\\TwigExtension->escapeFilter(Object, Array, 'html', NULL, 1) (Line: 54)\n__TwigTemplate_8e5c0a934541a003ea9bde911a6bad2d8f54421f8483abe8ecbaf146cb0006db->doDisplay(Array, Array) (Line: 379)\nTwig_Template->displayWithErrorHandling(Array, Array) (Line: 347)\nTwig_Template->display(Array) (Line: 358)\nTwig_Template->render(Array) (Line: 64)\ntwig_render_template('themes/custom/tele5/templates/override/views-view-unformatted.html.twig', Array) (Line: 384)\nDrupal\\Core\\Theme\\ThemeManager->render('views_view_unformatted', Array) (Line: 435)\nDrupal\\Core\\Render\\Renderer->doRender(Array) (Line: 448)\nDrupal\\Core\\Render\\Renderer->doRender(Array, ) (Line: 195)\nDrupal\\Core\\Render\\Renderer->render(Array) (Line: 490)\nDrupal\\Core\\Template\\TwigExtension->escapeFilter(Object, Array, 'html', NULL, 1) (Line: 120)\n__TwigTemplate_7ab7a5513b494865f6b55b1b013508d3d961e3455de3b7f7fa94fe39da1a5716->doDisplay(Array, Array) (Line: 379)\nTwig_Template->displayWithErrorHandling(Array, Array) (Line: 347)\nTwig_Template->display(Array) (Line: 358)\nTwig_Template->render(Array) (Line: 64)\ntwig_render_template('themes/custom/tele5/templates/override/views-view.html.twig', Array) (Line: 384)\nDrupal\\Core\\Theme\\ThemeManager->render('views_view', Array) (Line: 435)\nDrupal\\Core\\Render\\Renderer->doRender(Array) (Line: 448)\nDrupal\\Core\\Render\\Renderer->doRender(Array, ) (Line: 195)\nDrupal\\Core\\Render\\Renderer->render(Array, ) (Line: 226)\nDrupal\\Core\\Render\\MainContent\\HtmlRenderer->Drupal\\Core\\Render\\MainContent\\{closure}() (Line: 574)\nDrupal\\Core\\Render\\Renderer->executeInRenderContext(Object, Object) (Line: 227)\nDrupal\\Core\\Render\\MainContent\\HtmlRenderer->prepare(Array, Object, Object) (Line: 117)\nDrupal\\Core\\Render\\MainContent\\HtmlRenderer->renderResponse(Array, Object, Object) (Line: 90)\nDrupal\\Core\\EventSubscriber\\MainContentViewSubscriber->onViewRenderArray(Object, 'kernel.view', Object) (Line: 111)\nDrupal\\Component\\EventDispatcher\\ContainerAwareEventDispatcher->dispatch('kernel.view', Object) (Line: 149)\nSymfony\\Component\\HttpKernel\\HttpKernel->handleRaw(Object, 1) (Line: 64)\nSymfony\\Component\\HttpKernel\\HttpKernel->handle(Object, 1, 1) (Line: 57)\nDrupal\\Core\\StackMiddleware\\Session->handle(Object, 1, 1) (Line: 47)\nDrupal\\Core\\StackMiddleware\\KernelPreHandle->handle(Object, 1, 1) (Line: 207)\nDrupal\\page_cache\\StackMiddleware\\PageCache->fetch(Object, 1, 1) (Line: 121)\nDrupal\\page_cache\\StackMiddleware\\PageCache->lookup(Object, 1, 1) (Line: 75)\nDrupal\\page_cache\\StackMiddleware\\PageCache->handle(Object, 1, 1) (Line: 47)\nDrupal\\Core\\StackMiddleware\\ReverseProxyMiddleware->handle(Object, 1, 1) (Line: 50)\nDrupal\\Core\\StackMiddleware\\NegotiationMiddleware->handle(Object, 1, 1) (Line: 23)\nStack\\StackedHttpKernel->handle(Object, 1, 1) (Line: 656)\nDrupal\\Core\\DrupalKernel->handle(Object) (Line: 19)\nNotice: Trying to access array offset on value of type int in Drupal\\Core\\Render\\Element::children() (line 81 of core/lib/Drupal/Core/Render/Element.php).\nDrupal\\Core\\Render\\Element::children(Array) (Line: 84)\nDrupal\\Core\\Field\\FormatterBase->view(Object, 'pl') (Line: 259)\nDrupal\\Core\\Entity\\Entity\\EntityViewDisplay->buildMultiple(Array) (Line: 320)\nDrupal\\Core\\Entity\\EntityViewBuilder->buildComponents(Array, Array, Array, 'teaser') (Line: 24)\nDrupal\\node\\NodeViewBuilder->buildComponents(Array, Array, Array, 'teaser') (Line: 263)\nDrupal\\Core\\Entity\\EntityViewBuilder->buildMultiple(Array) (Line: 220)\nDrupal\\Core\\Entity\\EntityViewBuilder->build(Array)\ncall_user_func(Array, Array) (Line: 376)\nDrupal\\Core\\Render\\Renderer->doRender(Array, ) (Line: 195)\nDrupal\\Core\\Render\\Renderer->render(Array) (Line: 490)\nDrupal\\Core\\Template\\TwigExtension->escapeFilter(Object, Array, 'html', NULL, 1) (Line: 54)\n__TwigTemplate_8e5c0a934541a003ea9bde911a6bad2d8f54421f8483abe8ecbaf146cb0006db->doDisplay(Array, Array) (Line: 379)\nTwig_Template->displayWithErrorHandling(Array, Array) (Line: 347)\nTwig_Template->display(Array) (Line: 358)\nTwig_Template->render(Array) (Line: 64)\ntwig_render_template('themes/custom/tele5/templates/override/views-view-unformatted.html.twig', Array) (Line: 384)\nDrupal\\Core\\Theme\\ThemeManager->render('views_view_unformatted', Array) (Line: 435)\nDrupal\\Core\\Render\\Renderer->doRender(Array) (Line: 448)\nDrupal\\Core\\Render\\Renderer->doRender(Array, ) (Line: 195)\nDrupal\\Core\\Render\\Renderer->render(Array) (Line: 490)\nDrupal\\Core\\Template\\TwigExtension->escapeFilter(Object, Array, 'html', NULL, 1) (Line: 120)\n__TwigTemplate_7ab7a5513b494865f6b55b1b013508d3d961e3455de3b7f7fa94fe39da1a5716->doDisplay(Array, Array) (Line: 379)\nTwig_Template->displayWithErrorHandling(Array, Array) (Line: 347)\nTwig_Template->display(Array) (Line: 358)\nTwig_Template->render(Array) (Line: 64)\ntwig_render_template('themes/custom/tele5/templates/override/views-view.html.twig', Array) (Line: 384)\nDrupal\\Core\\Theme\\ThemeManager->render('views_view', Array) (Line: 435)\nDrupal\\Core\\Render\\Renderer->doRender(Array) (Line: 448)\nDrupal\\Core\\Render\\Renderer->doRender(Array, ) (Line: 195)\nDrupal\\Core\\Render\\Renderer->render(Array, ) (Line: 226)\nDrupal\\Core\\Render\\MainContent\\HtmlRenderer->Drupal\\Core\\Render\\MainContent\\{closure}() (Line: 574)\nDrupal\\Core\\Render\\Renderer->executeInRenderContext(Object, Object) (Line: 227)\nDrupal\\Core\\Render\\MainContent\\HtmlRenderer->prepare(Array, Object, Object) (Line: 117)\nDrupal\\Core\\Render\\MainContent\\HtmlRenderer->renderResponse(Array, Object, Object) (Line: 90)\nDrupal\\Core\\EventSubscriber\\MainContentViewSubscriber->onViewRenderArray(Object, 'kernel.view', Object) (Line: 111)\nDrupal\\Component\\EventDispatcher\\ContainerAwareEventDispatcher->dispatch('kernel.view', Object) (Line: 149)\nSymfony\\Component\\HttpKernel\\HttpKernel->handleRaw(Object, 1) (Line: 64)\nSymfony\\Component\\HttpKernel\\HttpKernel->handle(Object, 1, 1) (Line: 57)\nDrupal\\Core\\StackMiddleware\\Session->handle(Object, 1, 1) (Line: 47)\nDrupal\\Core\\StackMiddleware\\KernelPreHandle->handle(Object, 1, 1) (Line: 207)\nDrupal\\page_cache\\StackMiddleware\\PageCache->fetch(Object, 1, 1) (Line: 121)\nDrupal\\page_cache\\StackMiddleware\\PageCache->lookup(Object, 1, 1) (Line: 75)\nDrupal\\page_cache\\StackMiddleware\\PageCache->handle(Object, 1, 1) (Line: 47)\nDrupal\\Core\\StackMiddleware\\ReverseProxyMiddleware->handle(Object, 1, 1) (Line: 50)\nDrupal\\Core\\StackMiddleware\\NegotiationMiddleware->handle(Object, 1, 1) (Line: 23)\nStack\\StackedHttpKernel->handle(Object, 1, 1) (Line: 656)\nDrupal\\Core\\DrupalKernel->handle(Object) (Line: 19)\nNotice: Trying to access array offset on value of type int in Drupal\\Core\\Render\\Element::children() (line 81 of core/lib/Drupal/Core/Render/Element.php).\nDrupal\\Core\\Render\\Element::children(Array) (Line: 84)\nDrupal\\Core\\Field\\FormatterBase->view(Object, 'pl') (Line: 76)\nDrupal\\Core\\Field\\Plugin\\Field\\FieldFormatter\\EntityReferenceFormatterBase->view(Object, NULL) (Line: 259)\nDrupal\\Core\\Entity\\Entity\\EntityViewDisplay->buildMultiple(Array) (Line: 320)\nDrupal\\Core\\Entity\\EntityViewBuilder->buildComponents(Array, Array, Array, 'teaser') (Line: 24)\nDrupal\\node\\NodeViewBuilder->buildComponents(Array, Array, Array, 'teaser') (Line: 263)\nDrupal\\Core\\Entity\\EntityViewBuilder->buildMultiple(Array) (Line: 220)\nDrupal\\Core\\Entity\\EntityViewBuilder->build(Array)\ncall_user_func(Array, Array) (Line: 376)\nDrupal\\Core\\Render\\Renderer->doRender(Array, ) (Line: 195)\nDrupal\\Core\\Render\\Renderer->render(Array) (Line: 490)\nDrupal\\Core\\Template\\TwigExtension->escapeFilter(Object, Array, 'html', NULL, 1) (Line: 54)\n__TwigTemplate_8e5c0a934541a003ea9bde911a6bad2d8f54421f8483abe8ecbaf146cb0006db->doDisplay(Array, Array) (Line: 379)\nTwig_Template->displayWithErrorHandling(Array, Array) (Line: 347)\nTwig_Template->display(Array) (Line: 358)\nTwig_Template->render(Array) (Line: 64)\ntwig_render_template('themes/custom/tele5/templates/override/views-view-unformatted.html.twig', Array) (Line: 384)\nDrupal\\Core\\Theme\\ThemeManager->render('views_view_unformatted', Array) (Line: 435)\nDrupal\\Core\\Render\\Renderer->doRender(Array) (Line: 448)\nDrupal\\Core\\Render\\Renderer->doRender(Array, ) (Line: 195)\nDrupal\\Core\\Render\\Renderer->render(Array) (Line: 490)\nDrupal\\Core\\Template\\TwigExtension->escapeFilter(Object, Array, 'html', NULL, 1) (Line: 120)\n__TwigTemplate_7ab7a5513b494865f6b55b1b013508d3d961e3455de3b7f7fa94fe39da1a5716->doDisplay(Array, Array) (Line: 379)\nTwig_Template->displayWithErrorHandling(Array, Array) (Line: 347)\nTwig_Template->display(Array) (Line: 358)\nTwig_Template->render(Array) (Line: 64)\ntwig_render_template('themes/custom/tele5/templates/override/views-view.html.twig', Array) (Line: 384)\nDrupal\\Core\\Theme\\ThemeManager->render('views_view', Array) (Line: 435)\nDrupal\\Core\\Render\\Renderer->doRender(Array) (Line: 448)\nDrupal\\Core\\Render\\Renderer->doRender(Array, ) (Line: 195)\nDrupal\\Core\\Render\\Renderer->render(Array, ) (Line: 226)\nDrupal\\Core\\Render\\MainContent\\HtmlRenderer->Drupal\\Core\\Render\\MainContent\\{closure}() (Line: 574)\nDrupal\\Core\\Render\\Renderer->executeInRenderContext(Object, Object) (Line: 227)\nDrupal\\Core\\Render\\MainContent\\HtmlRenderer->prepare(Array, Object, Object) (Line: 117)\nDrupal\\Core\\Render\\MainContent\\HtmlRenderer->renderResponse(Array, Object, Object) (Line: 90)\nDrupal\\Core\\EventSubscriber\\MainContentViewSubscriber->onViewRenderArray(Object, 'kernel.view', Object) (Line: 111)\nDrupal\\Component\\EventDispatcher\\ContainerAwareEventDispatcher->dispatch('kernel.view', Object) (Line: 149)\nSymfony\\Component\\HttpKernel\\HttpKernel->handleRaw(Object, 1) (Line: 64)\nSymfony\\Component\\HttpKernel\\HttpKernel->handle(Object, 1, 1) (Line: 57)\nDrupal\\Core\\StackMiddleware\\Session->handle(Object, 1, 1) (Line: 47)\nDrupal\\Core\\StackMiddleware\\KernelPreHandle->handle(Object, 1, 1) (Line: 207)\nDrupal\\page_cache\\StackMiddleware\\PageCache->fetch(Object, 1, 1) (Line: 121)\nDrupal\\page_cache\\StackMiddleware\\PageCache->lookup(Object, 1, 1) (Line: 75)\nDrupal\\page_cache\\StackMiddleware\\PageCache->handle(Object, 1, 1) (Line: 47)\nDrupal\\Core\\StackMiddleware\\ReverseProxyMiddleware->handle(Object, 1, 1) (Line: 50)\nDrupal\\Core\\StackMiddleware\\NegotiationMiddleware->handle(Object, 1, 1) (Line: 23)\nStack\\StackedHttpKernel->handle(Object, 1, 1) (Line: 656)\nDrupal\\Core\\DrupalKernel->handle(Object) (Line: 19)\nNotice: Trying to access array offset on value of type int in Drupal\\Core\\Render\\Element::children() (line 81 of core/lib/Drupal/Core/Render/Element.php).\nDrupal\\Core\\Render\\Element::children(Array) (Line: 84)\nDrupal\\Core\\Field\\FormatterBase->view(Object, 'pl') (Line: 259)\nDrupal\\Core\\Entity\\Entity\\EntityViewDisplay->buildMultiple(Array) (Line: 320)\nDrupal\\Core\\Entity\\EntityViewBuilder->buildComponents(Array, Array, Array, 'teaser') (Line: 24)\nDrupal\\node\\NodeViewBuilder->buildComponents(Array, Array, Array, 'teaser') (Line: 263)\nDrupal\\Core\\Entity\\EntityViewBuilder->buildMultiple(Array) (Line: 220)\nDrupal\\Core\\Entity\\EntityViewBuilder->build(Array)\ncall_user_func(Array, Array) (Line: 376)\nDrupal\\Core\\Render\\Renderer->doRender(Array, ) (Line: 195)\nDrupal\\Core\\Render\\Renderer->render(Array) (Line: 490)\nDrupal\\Core\\Template\\TwigExtension->escapeFilter(Object, Array, 'html', NULL, 1) (Line: 54)\n__TwigTemplate_8e5c0a934541a003ea9bde911a6bad2d8f54421f8483abe8ecbaf146cb0006db->doDisplay(Array, Array) (Line: 379)\nTwig_Template->displayWithErrorHandling(Array, Array) (Line: 347)\nTwig_Template->display(Array) (Line: 358)\nTwig_Template->render(Array) (Line: 64)\ntwig_render_template('themes/custom/tele5/templates/override/views-view-unformatted.html.twig', Array) (Line: 384)\nDrupal\\Core\\Theme\\ThemeManager->render('views_view_unformatted', Array) (Line: 435)\nDrupal\\Core\\Render\\Renderer->doRender(Array) (Line: 448)\nDrupal\\Core\\Render\\Renderer->doRender(Array, ) (Line: 195)\nDrupal\\Core\\Render\\Renderer->render(Array) (Line: 490)\nDrupal\\Core\\Template\\TwigExtension->escapeFilter(Object, Array, 'html', NULL, 1) (Line: 120)\n__TwigTemplate_7ab7a5513b494865f6b55b1b013508d3d961e3455de3b7f7fa94fe39da1a5716->doDisplay(Array, Array) (Line: 379)\nTwig_Template->displayWithErrorHandling(Array, Array) (Line: 347)\nTwig_Template->display(Array) (Line: 358)\nTwig_Template->render(Array) (Line: 64)\ntwig_render_template('themes/custom/tele5/templates/override/views-view.html.twig', Array) (Line: 384)\nDrupal\\Core\\Theme\\ThemeManager->render('views_view', Array) (Line: 435)\nDrupal\\Core\\Render\\Renderer->doRender(Array) (Line: 448)\nDrupal\\Core\\Render\\Renderer->doRender(Array, ) (Line: 195)\nDrupal\\Core\\Render\\Renderer->render(Array, ) (Line: 226)\nDrupal\\Core\\Render\\MainContent\\HtmlRenderer->Drupal\\Core\\Render\\MainContent\\{closure}() (Line: 574)\nDrupal\\Core\\Render\\Renderer->executeInRenderContext(Object, Object) (Line: 227)\nDrupal\\Core\\Render\\MainContent\\HtmlRenderer->prepare(Array, Object, Object) (Line: 117)\nDrupal\\Core\\Render\\MainContent\\HtmlRenderer->renderResponse(Array, Object, Object) (Line: 90)\nDrupal\\Core\\EventSubscriber\\MainContentViewSubscriber->onViewRenderArray(Object, 'kernel.view', Object) (Line: 111)\nDrupal\\Component\\EventDispatcher\\ContainerAwareEventDispatcher->dispatch('kernel.view', Object) (Line: 149)\nSymfony\\Component\\HttpKernel\\HttpKernel->handleRaw(Object, 1) (Line: 64)\nSymfony\\Component\\HttpKernel\\HttpKernel->handle(Object, 1, 1) (Line: 57)\nDrupal\\Core\\StackMiddleware\\Session->handle(Object, 1, 1) (Line: 47)\nDrupal\\Core\\StackMiddleware\\KernelPreHandle->handle(Object, 1, 1) (Line: 207)\nDrupal\\page_cache\\StackMiddleware\\PageCache->fetch(Object, 1, 1) (Line: 121)\nDrupal\\page_cache\\StackMiddleware\\PageCache->lookup(Object, 1, 1) (Line: 75)\nDrupal\\page_cache\\StackMiddleware\\PageCache->handle(Object, 1, 1) (Line: 47)\nDrupal\\Core\\StackMiddleware\\ReverseProxyMiddleware->handle(Object, 1, 1) (Line: 50)\nDrupal\\Core\\StackMiddleware\\NegotiationMiddleware->handle(Object, 1, 1) (Line: 23)\nStack\\StackedHttpKernel->handle(Object, 1, 1) (Line: 656)\nDrupal\\Core\\DrupalKernel->handle(Object) (Line: 19)\nNotice: Trying to access array offset on value of type int in Drupal\\Core\\Render\\Element::children() (line 81 of core/lib/Drupal/Core/Render/Element.php).\nDrupal\\Core\\Render\\Element::children(Array, 1) (Line: 406)\nDrupal\\Core\\Render\\Renderer->doRender(Array, ) (Line: 195)\nDrupal\\Core\\Render\\Renderer->render(Array, ) (Line: 870)\ndrupal_render(Array) (Line: 596)\ntemplate_preprocess_node(Array, 'node', Array) (Line: 287)\nDrupal\\Core\\Theme\\ThemeManager->render('node', Array) (Line: 435)\nDrupal\\Core\\Render\\Renderer->doRender(Array, ) (Line: 195)\nDrupal\\Core\\Render\\Renderer->render(Array) (Line: 490)\nDrupal\\Core\\Template\\TwigExtension->escapeFilter(Object, Array, 'html', NULL, 1) (Line: 54)\n__TwigTemplate_8e5c0a934541a003ea9bde911a6bad2d8f54421f8483abe8ecbaf146cb0006db->doDisplay(Array, Array) (Line: 379)\nTwig_Template->displayWithErrorHandling(Array, Array) (Line: 347)\nTwig_Template->display(Array) (Line: 358)\nTwig_Template->render(Array) (Line: 64)\ntwig_render_template('themes/custom/tele5/templates/override/views-view-unformatted.html.twig', Array) (Line: 384)\nDrupal\\Core\\Theme\\ThemeManager->render('views_view_unformatted', Array) (Line: 435)\nDrupal\\Core\\Render\\Renderer->doRender(Array) (Line: 448)\nDrupal\\Core\\Render\\Renderer->doRender(Array, ) (Line: 195)\nDrupal\\Core\\Render\\Renderer->render(Array) (Line: 490)\nDrupal\\Core\\Template\\TwigExtension->escapeFilter(Object, Array, 'html', NULL, 1) (Line: 120)\n__TwigTemplate_7ab7a5513b494865f6b55b1b013508d3d961e3455de3b7f7fa94fe39da1a5716->doDisplay(Array, Array) (Line: 379)\nTwig_Template->displayWithErrorHandling(Array, Array) (Line: 347)\nTwig_Template->display(Array) (Line: 358)\nTwig_Template->render(Array) (Line: 64)\ntwig_render_template('themes/custom/tele5/templates/override/views-view.html.twig', Array) (Line: 384)\nDrupal\\Core\\Theme\\ThemeManager->render('views_view', Array) (Line: 435)\nDrupal\\Core\\Render\\Renderer->doRender(Array) (Line: 448)\nDrupal\\Core\\Render\\Renderer->doRender(Array, ) (Line: 195)\nDrupal\\Core\\Render\\Renderer->render(Array, ) (Line: 226)\nDrupal\\Core\\Render\\MainContent\\HtmlRenderer->Drupal\\Core\\Render\\MainContent\\{closure}() (Line: 574)\nDrupal\\Core\\Render\\Renderer->executeInRenderContext(Object, Object) (Line: 227)\nDrupal\\Core\\Render\\MainContent\\HtmlRenderer->prepare(Array, Object, Object) (Line: 117)\nDrupal\\Core\\Render\\MainContent\\HtmlRenderer->renderResponse(Array, Object, Object) (Line: 90)\nDrupal\\Core\\EventSubscriber\\MainContentViewSubscriber->onViewRenderArray(Object, 'kernel.view', Object) (Line: 111)\nDrupal\\Component\\EventDispatcher\\ContainerAwareEventDispatcher->dispatch('kernel.view', Object) (Line: 149)\nSymfony\\Component\\HttpKernel\\HttpKernel->handleRaw(Object, 1) (Line: 64)\nSymfony\\Component\\HttpKernel\\HttpKernel->handle(Object, 1, 1) (Line: 57)\nDrupal\\Core\\StackMiddleware\\Session->handle(Object, 1, 1) (Line: 47)\nDrupal\\Core\\StackMiddleware\\KernelPreHandle->handle(Object, 1, 1) (Line: 207)\nDrupal\\page_cache\\StackMiddleware\\PageCache->fetch(Object, 1, 1) (Line: 121)\nDrupal\\page_cache\\StackMiddleware\\PageCache->lookup(Object, 1, 1) (Line: 75)\nDrupal\\page_cache\\StackMiddleware\\PageCache->handle(Object, 1, 1) (Line: 47)\nDrupal\\Core\\StackMiddleware\\ReverseProxyMiddleware->handle(Object, 1, 1) (Line: 50)\nDrupal\\Core\\StackMiddleware\\NegotiationMiddleware->handle(Object, 1, 1) (Line: 23)\nStack\\StackedHttpKernel->handle(Object, 1, 1) (Line: 656)\nDrupal\\Core\\DrupalKernel->handle(Object) (Line: 19)\nNotice: Trying to access array offset on value of type int in Drupal\\Core\\Render\\Element::children() (line 81 of core/lib/Drupal/Core/Render/Element.php).\nDrupal\\Core\\Render\\Element::children(Array, 1) (Line: 406)\nDrupal\\Core\\Render\\Renderer->doRender(Array, ) (Line: 195)\nDrupal\\Core\\Render\\Renderer->render(Array, ) (Line: 870)\ndrupal_render(Array) (Line: 598)\ntemplate_preprocess_node(Array, 'node', Array) (Line: 287)\nDrupal\\Core\\Theme\\ThemeManager->render('node', Array) (Line: 435)\nDrupal\\Core\\Render\\Renderer->doRender(Array, ) (Line: 195)\nDrupal\\Core\\Render\\Renderer->render(Array) (Line: 490)\nDrupal\\Core\\Template\\TwigExtension->escapeFilter(Object, Array, 'html', NULL, 1) (Line: 54)\n__TwigTemplate_8e5c0a934541a003ea9bde911a6bad2d8f54421f8483abe8ecbaf146cb0006db->doDisplay(Array, Array) (Line: 379)\nTwig_Template->displayWithErrorHandling(Array, Array) (Line: 347)\nTwig_Template->display(Array) (Line: 358)\nTwig_Template->render(Array) (Line: 64)\ntwig_render_template('themes/custom/tele5/templates/override/views-view-unformatted.html.twig', Array) (Line: 384)\nDrupal\\Core\\Theme\\ThemeManager->render('views_view_unformatted', Array) (Line: 435)\nDrupal\\Core\\Render\\Renderer->doRender(Array) (Line: 448)\nDrupal\\Core\\Render\\Renderer->doRender(Array, ) (Line: 195)\nDrupal\\Core\\Render\\Renderer->render(Array) (Line: 490)\nDrupal\\Core\\Template\\TwigExtension->escapeFilter(Object, Array, 'html', NULL, 1) (Line: 120)\n__TwigTemplate_7ab7a5513b494865f6b55b1b013508d3d961e3455de3b7f7fa94fe39da1a5716->doDisplay(Array, Array) (Line: 379)\nTwig_Template->displayWithErrorHandling(Array, Array) (Line: 347)\nTwig_Template->display(Array) (Line: 358)\nTwig_Template->render(Array) (Line: 64)\ntwig_render_template('themes/custom/tele5/templates/override/views-view.html.twig', Array) (Line: 384)\nDrupal\\Core\\Theme\\ThemeManager->render('views_view', Array) (Line: 435)\nDrupal\\Core\\Render\\Renderer->doRender(Array) (Line: 448)\nDrupal\\Core\\Render\\Renderer->doRender(Array, ) (Line: 195)\nDrupal\\Core\\Render\\Renderer->render(Array, ) (Line: 226)\nDrupal\\Core\\Render\\MainContent\\HtmlRenderer->Drupal\\Core\\Render\\MainContent\\{closure}() (Line: 574)\nDrupal\\Core\\Render\\Renderer->executeInRenderContext(Object, Object) (Line: 227)\nDrupal\\Core\\Render\\MainContent\\HtmlRenderer->prepare(Array, Object, Object) (Line: 117)\nDrupal\\Core\\Render\\MainContent\\HtmlRenderer->renderResponse(Array, Object, Object) (Line: 90)\nDrupal\\Core\\EventSubscriber\\MainContentViewSubscriber->onViewRenderArray(Object, 'kernel.view', Object) (Line: 111)\nDrupal\\Component\\EventDispatcher\\ContainerAwareEventDispatcher->dispatch('kernel.view', Object) (Line: 149)\nSymfony\\Component\\HttpKernel\\HttpKernel->handleRaw(Object, 1) (Line: 64)\nSymfony\\Component\\HttpKernel\\HttpKernel->handle(Object, 1, 1) (Line: 57)\nDrupal\\Core\\StackMiddleware\\Session->handle(Object, 1, 1) (Line: 47)\nDrupal\\Core\\StackMiddleware\\KernelPreHandle->handle(Object, 1, 1) (Line: 207)\nDrupal\\page_cache\\StackMiddleware\\PageCache->fetch(Object, 1, 1) (Line: 121)\nDrupal\\page_cache\\StackMiddleware\\PageCache->lookup(Object, 1, 1) (Line: 75)\nDrupal\\page_cache\\StackMiddleware\\PageCache->handle(Object, 1, 1) (Line: 47)\nDrupal\\Core\\StackMiddleware\\ReverseProxyMiddleware->handle(Object, 1, 1) (Line: 50)\nDrupal\\Core\\StackMiddleware\\NegotiationMiddleware->handle(Object, 1, 1) (Line: 23)\nStack\\StackedHttpKernel->handle(Object, 1, 1) (Line: 656)\nDrupal\\Core\\DrupalKernel->handle(Object) (Line: 19)\nNotice: Trying to access array offset on value of type int in Drupal\\Core\\Render\\Element::children() (line 81 of core/lib/Drupal/Core/Render/Element.php).\nDrupal\\Core\\Render\\Element::children(Array, 1) (Line: 406)\nDrupal\\Core\\Render\\Renderer->doRender(Array, ) (Line: 195)\nDrupal\\Core\\Render\\Renderer->render(Array) (Line: 490)\nDrupal\\Core\\Template\\TwigExtension->escapeFilter(Object, Array, 'html', NULL, 1) (Line: 45)\n__TwigTemplate_37266baf5485116ef3160f817b4a540da0c081b046f218fc133066ab97d12696->doDisplay(Array, Array) (Line: 379)\nTwig_Template->displayWithErrorHandling(Array, Array) (Line: 347)\nTwig_Template->display(Array) (Line: 358)\nTwig_Template->render(Array) (Line: 64)\ntwig_render_template('themes/custom/tele5/templates/Articles/node--article--teaser.html.twig', Array) (Line: 384)\nDrupal\\Core\\Theme\\ThemeManager->render('node', Array) (Line: 435)\nDrupal\\Core\\Render\\Renderer->doRender(Array, ) (Line: 195)\nDrupal\\Core\\Render\\Renderer->render(Array) (Line: 490)\nDrupal\\Core\\Template\\TwigExtension->escapeFilter(Object, Array, 'html', NULL, 1) (Line: 54)\n__TwigTemplate_8e5c0a934541a003ea9bde911a6bad2d8f54421f8483abe8ecbaf146cb0006db->doDisplay(Array, Array) (Line: 379)\nTwig_Template->displayWithErrorHandling(Array, Array) (Line: 347)\nTwig_Template->display(Array) (Line: 358)\nTwig_Template->render(Array) (Line: 64)\ntwig_render_template('themes/custom/tele5/templates/override/views-view-unformatted.html.twig', Array) (Line: 384)\nDrupal\\Core\\Theme\\ThemeManager->render('views_view_unformatted', Array) (Line: 435)\nDrupal\\Core\\Render\\Renderer->doRender(Array) (Line: 448)\nDrupal\\Core\\Render\\Renderer->doRender(Array, ) (Line: 195)\nDrupal\\Core\\Render\\Renderer->render(Array) (Line: 490)\nDrupal\\Core\\Template\\TwigExtension->escapeFilter(Object, Array, 'html', NULL, 1) (Line: 120)\n__TwigTemplate_7ab7a5513b494865f6b55b1b013508d3d961e3455de3b7f7fa94fe39da1a5716->doDisplay(Array, Array) (Line: 379)\nTwig_Template->displayWithErrorHandling(Array, Array) (Line: 347)\nTwig_Template->display(Array) (Line: 358)\nTwig_Template->render(Array) (Line: 64)\ntwig_render_template('themes/custom/tele5/templates/override/views-view.html.twig', Array) (Line: 384)\nDrupal\\Core\\Theme\\ThemeManager->render('views_view', Array) (Line: 435)\nDrupal\\Core\\Render\\Renderer->doRender(Array) (Line: 448)\nDrupal\\Core\\Render\\Renderer->doRender(Array, ) (Line: 195)\nDrupal\\Core\\Render\\Renderer->render(Array, ) (Line: 226)\nDrupal\\Core\\Render\\MainContent\\HtmlRenderer->Drupal\\Core\\Render\\MainContent\\{closure}() (Line: 574)\nDrupal\\Core\\Render\\Renderer->executeInRenderContext(Object, Object) (Line: 227)\nDrupal\\Core\\Render\\MainContent\\HtmlRenderer->prepare(Array, Object, Object) (Line: 117)\nDrupal\\Core\\Render\\MainContent\\HtmlRenderer->renderResponse(Array, Object, Object) (Line: 90)\nDrupal\\Core\\EventSubscriber\\MainContentViewSubscriber->onViewRenderArray(Object, 'kernel.view', Object) (Line: 111)\nDrupal\\Component\\EventDispatcher\\ContainerAwareEventDispatcher->dispatch('kernel.view', Object) (Line: 149)\nSymfony\\Component\\HttpKernel\\HttpKernel->handleRaw(Object, 1) (Line: 64)\nSymfony\\Component\\HttpKernel\\HttpKernel->handle(Object, 1, 1) (Line: 57)\nDrupal\\Core\\StackMiddleware\\Session->handle(Object, 1, 1) (Line: 47)\nDrupal\\Core\\StackMiddleware\\KernelPreHandle->handle(Object, 1, 1) (Line: 207)\nDrupal\\page_cache\\StackMiddleware\\PageCache->fetch(Object, 1, 1) (Line: 121)\nDrupal\\page_cache\\StackMiddleware\\PageCache->lookup(Object, 1, 1) (Line: 75)\nDrupal\\page_cache\\StackMiddleware\\PageCache->handle(Object, 1, 1) (Line: 47)\nDrupal\\Core\\StackMiddleware\\ReverseProxyMiddleware->handle(Object, 1, 1) (Line: 50)\nDrupal\\Core\\StackMiddleware\\NegotiationMiddleware->handle(Object, 1, 1) (Line: 23)\nStack\\StackedHttpKernel->handle(Object, 1, 1) (Line: 656)\nDrupal\\Core\\DrupalKernel->handle(Object) (Line: 19)\nNotice: Trying to access array offset on value of type int in Drupal\\Core\\Render\\Element::children() (line 81 of core/lib/Drupal/Core/Render/Element.php).\nDrupal\\Core\\Render\\Element::children(Array, 1) (Line: 406)\nDrupal\\Core\\Render\\Renderer->doRender(Array, ) (Line: 195)\nDrupal\\Core\\Render\\Renderer->render(Array) (Line: 490)\nDrupal\\Core\\Template\\TwigExtension->escapeFilter(Object, Array, 'html', NULL, 1) (Line: 53)\n__TwigTemplate_37266baf5485116ef3160f817b4a540da0c081b046f218fc133066ab97d12696->doDisplay(Array, Array) (Line: 379)\nTwig_Template->displayWithErrorHandling(Array, Array) (Line: 347)\nTwig_Template->display(Array) (Line: 358)\nTwig_Template->render(Array) (Line: 64)\ntwig_render_template('themes/custom/tele5/templates/Articles/node--article--teaser.html.twig', Array) (Line: 384)\nDrupal\\Core\\Theme\\ThemeManager->render('node', Array) (Line: 435)\nDrupal\\Core\\Render\\Renderer->doRender(Array, ) (Line: 195)\nDrupal\\Core\\Render\\Renderer->render(Array) (Line: 490)\nDrupal\\Core\\Template\\TwigExtension->escapeFilter(Object, Array, 'html', NULL, 1) (Line: 54)\n__TwigTemplate_8e5c0a934541a003ea9bde911a6bad2d8f54421f8483abe8ecbaf146cb0006db->doDisplay(Array, Array) (Line: 379)\nTwig_Template->displayWithErrorHandling(Array, Array) (Line: 347)\nTwig_Template->display(Array) (Line: 358)\nTwig_Template->render(Array) (Line: 64)\ntwig_render_template('themes/custom/tele5/templates/override/views-view-unformatted.html.twig', Array) (Line: 384)\nDrupal\\Core\\Theme\\ThemeManager->render('views_view_unformatted', Array) (Line: 435)\nDrupal\\Core\\Render\\Renderer->doRender(Array) (Line: 448)\nDrupal\\Core\\Render\\Renderer->doRender(Array, ) (Line: 195)\nDrupal\\Core\\Render\\Renderer->render(Array) (Line: 490)\nDrupal\\Core\\Template\\TwigExtension->escapeFilter(Object, Array, 'html', NULL, 1) (Line: 120)\n__TwigTemplate_7ab7a5513b494865f6b55b1b013508d3d961e3455de3b7f7fa94fe39da1a5716->doDisplay(Array, Array) (Line: 379)\nTwig_Template->displayWithErrorHandling(Array, Array) (Line: 347)\nTwig_Template->display(Array) (Line: 358)\nTwig_Template->render(Array) (Line: 64)\ntwig_render_template('themes/custom/tele5/templates/override/views-view.html.twig', Array) (Line: 384)\nDrupal\\Core\\Theme\\ThemeManager->render('views_view', Array) (Line: 435)\nDrupal\\Core\\Render\\Renderer->doRender(Array) (Line: 448)\nDrupal\\Core\\Render\\Renderer->doRender(Array, ) (Line: 195)\nDrupal\\Core\\Render\\Renderer->render(Array, ) (Line: 226)\nDrupal\\Core\\Render\\MainContent\\HtmlRenderer->Drupal\\Core\\Render\\MainContent\\{closure}() (Line: 574)\nDrupal\\Core\\Render\\Renderer->executeInRenderContext(Object, Object) (Line: 227)\nDrupal\\Core\\Render\\MainContent\\HtmlRenderer->prepare(Array, Object, Object) (Line: 117)\nDrupal\\Core\\Render\\MainContent\\HtmlRenderer->renderResponse(Array, Object, Object) (Line: 90)\nDrupal\\Core\\EventSubscriber\\MainContentViewSubscriber->onViewRenderArray(Object, 'kernel.view', Object) (Line: 111)\nDrupal\\Component\\EventDispatcher\\ContainerAwareEventDispatcher->dispatch('kernel.view', Object) (Line: 149)\nSymfony\\Component\\HttpKernel\\HttpKernel->handleRaw(Object, 1) (Line: 64)\nSymfony\\Component\\HttpKernel\\HttpKernel->handle(Object, 1, 1) (Line: 57)\nDrupal\\Core\\StackMiddleware\\Session->handle(Object, 1, 1) (Line: 47)\nDrupal\\Core\\StackMiddleware\\KernelPreHandle->handle(Object, 1, 1) (Line: 207)\nDrupal\\page_cache\\StackMiddleware\\PageCache->fetch(Object, 1, 1) (Line: 121)\nDrupal\\page_cache\\StackMiddleware\\PageCache->lookup(Object, 1, 1) (Line: 75)\nDrupal\\page_cache\\StackMiddleware\\PageCache->handle(Object, 1, 1) (Line: 47)\nDrupal\\Core\\StackMiddleware\\ReverseProxyMiddleware->handle(Object, 1, 1) (Line: 50)\nDrupal\\Core\\StackMiddleware\\NegotiationMiddleware->handle(Object, 1, 1) (Line: 23)\nStack\\StackedHttpKernel->handle(Object, 1, 1) (Line: 656)\nDrupal\\Core\\DrupalKernel->handle(Object) (Line: 19)\nNotice: Trying to access array offset on value of type int in Drupal\\Core\\Render\\Element::children() (line 81 of core/lib/Drupal/Core/Render/Element.php).\nDrupal\\Core\\Render\\Element::children(Array, 1) (Line: 406)\nDrupal\\Core\\Render\\Renderer->doRender(Array, ) (Line: 195)\nDrupal\\Core\\Render\\Renderer->render(Array) (Line: 490)\nDrupal\\Core\\Template\\TwigExtension->escapeFilter(Object, Array, 'html', NULL, 1) (Line: 57)\n__TwigTemplate_37266baf5485116ef3160f817b4a540da0c081b046f218fc133066ab97d12696->doDisplay(Array, Array) (Line: 379)\nTwig_Template->displayWithErrorHandling(Array, Array) (Line: 347)\nTwig_Template->display(Array) (Line: 358)\nTwig_Template->render(Array) (Line: 64)\ntwig_render_template('themes/custom/tele5/templates/Articles/node--article--teaser.html.twig', Array) (Line: 384)\nDrupal\\Core\\Theme\\ThemeManager->render('node', Array) (Line: 435)\nDrupal\\Core\\Render\\Renderer->doRender(Array, ) (Line: 195)\nDrupal\\Core\\Render\\Renderer->render(Array) (Line: 490)\nDrupal\\Core\\Template\\TwigExtension->escapeFilter(Object, Array, 'html', NULL, 1) (Line: 54)\n__TwigTemplate_8e5c0a934541a003ea9bde911a6bad2d8f54421f8483abe8ecbaf146cb0006db->doDisplay(Array, Array) (Line: 379)\nTwig_Template->displayWithErrorHandling(Array, Array) (Line: 347)\nTwig_Template->display(Array) (Line: 358)\nTwig_Template->render(Array) (Line: 64)\ntwig_render_template('themes/custom/tele5/templates/override/views-view-unformatted.html.twig', Array) (Line: 384)\nDrupal\\Core\\Theme\\ThemeManager->render('views_view_unformatted', Array) (Line: 435)\nDrupal\\Core\\Render\\Renderer->doRender(Array) (Line: 448)\nDrupal\\Core\\Render\\Renderer->doRender(Array, ) (Line: 195)\nDrupal\\Core\\Render\\Renderer->render(Array) (Line: 490)\nDrupal\\Core\\Template\\TwigExtension->escapeFilter(Object, Array, 'html', NULL, 1) (Line: 120)\n__TwigTemplate_7ab7a5513b494865f6b55b1b013508d3d961e3455de3b7f7fa94fe39da1a5716->doDisplay(Array, Array) (Line: 379)\nTwig_Template->displayWithErrorHandling(Array, Array) (Line: 347)\nTwig_Template->display(Array) (Line: 358)\nTwig_Template->render(Array) (Line: 64)\ntwig_render_template('themes/custom/tele5/templates/override/views-view.html.twig', Array) (Line: 384)\nDrupal\\Core\\Theme\\ThemeManager->render('views_view', Array) (Line: 435)\nDrupal\\Core\\Render\\Renderer->doRender(Array) (Line: 448)\nDrupal\\Core\\Render\\Renderer->doRender(Array, ) (Line: 195)\nDrupal\\Core\\Render\\Renderer->render(Array, ) (Line: 226)\nDrupal\\Core\\Render\\MainContent\\HtmlRenderer->Drupal\\Core\\Render\\MainContent\\{closure}() (Line: 574)\nDrupal\\Core\\Render\\Renderer->executeInRenderContext(Object, Object) (Line: 227)\nDrupal\\Core\\Render\\MainContent\\HtmlRenderer->prepare(Array, Object, Object) (Line: 117)\nDrupal\\Core\\Render\\MainContent\\HtmlRenderer->renderResponse(Array, Object, Object) (Line: 90)\nDrupal\\Core\\EventSubscriber\\MainContentViewSubscriber->onViewRenderArray(Object, 'kernel.view', Object) (Line: 111)\nDrupal\\Component\\EventDispatcher\\ContainerAwareEventDispatcher->dispatch('kernel.view', Object) (Line: 149)\nSymfony\\Component\\HttpKernel\\HttpKernel->handleRaw(Object, 1) (Line: 64)\nSymfony\\Component\\HttpKernel\\HttpKernel->handle(Object, 1, 1) (Line: 57)\nDrupal\\Core\\StackMiddleware\\Session->handle(Object, 1, 1) (Line: 47)\nDrupal\\Core\\StackMiddleware\\KernelPreHandle->handle(Object, 1, 1) (Line: 207)\nDrupal\\page_cache\\StackMiddleware\\PageCache->fetch(Object, 1, 1) (Line: 121)\nDrupal\\page_cache\\StackMiddleware\\PageCache->lookup(Object, 1, 1) (Line: 75)\nDrupal\\page_cache\\StackMiddleware\\PageCache->handle(Object, 1, 1) (Line: 47)\nDrupal\\Core\\StackMiddleware\\ReverseProxyMiddleware->handle(Object, 1, 1) (Line: 50)\nDrupal\\Core\\StackMiddleware\\NegotiationMiddleware->handle(Object, 1, 1) (Line: 23)\nStack\\StackedHttpKernel->handle(Object, 1, 1) (Line: 656)\nDrupal\\Core\\DrupalKernel->handle(Object) (Line: 19)\nDeprecated function: array_key_exists(): Using array_key_exists() on objects is deprecated. Use isset() or property_exists() instead in Drupal\\Core\\Controller\\ControllerResolver->doGetArguments() (line 139 of core/lib/Drupal/Core/Controller/ControllerResolver.php).\nDrupal\\Core\\Controller\\ControllerResolver->doGetArguments(Object, Array, Array) (Line: 118)\nSymfony\\Component\\HttpKernel\\Controller\\ControllerResolver->getArguments(Object, Array) (Line: 173)\nDrupal\\Core\\Menu\\LocalTaskManager->getTitle(Object) (Line: 323)\nDrupal\\Core\\Menu\\LocalTaskManager->getTasksBuild('entity.taxonomy_term.canonical', Object) (Line: 358)\nDrupal\\Core\\Menu\\LocalTaskManager->getLocalTasks('entity.taxonomy_term.canonical', 0) (Line: 94)\nDrupal\\Core\\Menu\\Plugin\\Block\\LocalTasksBlock->build() (Line: 203)\nDrupal\\block\\BlockViewBuilder::preRender(Array)\ncall_user_func('Drupal\\block\\BlockViewBuilder::preRender', Array) (Line: 376)\nDrupal\\Core\\Render\\Renderer->doRender(Array) (Line: 448)\nDrupal\\Core\\Render\\Renderer->doRender(Array, ) (Line: 195)\nDrupal\\Core\\Render\\Renderer->render(Array) (Line: 490)\nDrupal\\Core\\Template\\TwigExtension->escapeFilter(Object, Array, 'html', NULL, 1) (Line: 94)\n__TwigTemplate_11e849aaafc4e5dd193f6fb3d8649274f3eb3bf89e9c6e974ca2ebe6c44cf794->doDisplay(Array, Array) (Line: 379)\nTwig_Template->displayWithErrorHandling(Array, Array) (Line: 347)\nTwig_Template->display(Array) (Line: 358)\nTwig_Template->render(Array) (Line: 64)\ntwig_render_template('themes/custom/tele5/templates/Core/page.html.twig', Array) (Line: 384)\nDrupal\\Core\\Theme\\ThemeManager->render('page', Array) (Line: 435)\nDrupal\\Core\\Render\\Renderer->doRender(Array, ) (Line: 195)\nDrupal\\Core\\Render\\Renderer->render(Array) (Line: 490)\nDrupal\\Core\\Template\\TwigExtension->escapeFilter(Object, Array, 'html', NULL, 1) (Line: 92)\n__TwigTemplate_17282eb4c674b086746707d0ca77ca1c3a0641a6921d98b286bd4168d95c9ddf->doDisplay(Array, Array) (Line: 379)\nTwig_Template->displayWithErrorHandling(Array, Array) (Line: 347)\nTwig_Template->display(Array) (Line: 358)\nTwig_Template->render(Array) (Line: 64)\ntwig_render_template('themes/custom/tele5/templates/Core/html.html.twig', Array) (Line: 384)\nDrupal\\Core\\Theme\\ThemeManager->render('html', Array) (Line: 435)\nDrupal\\Core\\Render\\Renderer->doRender(Array, ) (Line: 195)\nDrupal\\Core\\Render\\Renderer->render(Array) (Line: 147)\nDrupal\\Core\\Render\\MainContent\\HtmlRenderer->Drupal\\Core\\Render\\MainContent\\{closure}() (Line: 574)\nDrupal\\Core\\Render\\Renderer->executeInRenderContext(Object, Object) (Line: 148)\nDrupal\\Core\\Render\\MainContent\\HtmlRenderer->renderResponse(Array, Object, Object) (Line: 90)\nDrupal\\Core\\EventSubscriber\\MainContentViewSubscriber->onViewRenderArray(Object, 'kernel.view', Object) (Line: 111)\nDrupal\\Component\\EventDispatcher\\ContainerAwareEventDispatcher->dispatch('kernel.view', Object) (Line: 149)\nSymfony\\Component\\HttpKernel\\HttpKernel->handleRaw(Object, 1) (Line: 64)\nSymfony\\Component\\HttpKernel\\HttpKernel->handle(Object, 1, 1) (Line: 57)\nDrupal\\Core\\StackMiddleware\\Session->handle(Object, 1, 1) (Line: 47)\nDrupal\\Core\\StackMiddleware\\KernelPreHandle->handle(Object, 1, 1) (Line: 207)\nDrupal\\page_cache\\StackMiddleware\\PageCache->fetch(Object, 1, 1) (Line: 121)\nDrupal\\page_cache\\StackMiddleware\\PageCache->lookup(Object, 1, 1) (Line: 75)\nDrupal\\page_cache\\StackMiddleware\\PageCache->handle(Object, 1, 1) (Line: 47)\nDrupal\\Core\\StackMiddleware\\ReverseProxyMiddleware->handle(Object, 1, 1) (Line: 50)\nDrupal\\Core\\StackMiddleware\\NegotiationMiddleware->handle(Object, 1, 1) (Line: 23)\nStack\\StackedHttpKernel->handle(Object, 1, 1) (Line: 656)\nDrupal\\Core\\DrupalKernel->handle(Object) (Line: 19)\nDeprecated function: array_key_exists(): Using array_key_exists() on objects is deprecated. Use isset() or property_exists() instead in Drupal\\Core\\Controller\\ControllerResolver->doGetArguments() (line 139 of core/lib/Drupal/Core/Controller/ControllerResolver.php).\nDrupal\\Core\\Controller\\ControllerResolver->doGetArguments(Object, Array, Array) (Line: 118)\nSymfony\\Component\\HttpKernel\\Controller\\ControllerResolver->getArguments(Object, Array) (Line: 173)\nDrupal\\Core\\Menu\\LocalTaskManager->getTitle(Object) (Line: 323)\nDrupal\\Core\\Menu\\LocalTaskManager->getTasksBuild('entity.taxonomy_term.canonical', Object) (Line: 358)\nDrupal\\Core\\Menu\\LocalTaskManager->getLocalTasks('entity.taxonomy_term.canonical', 0) (Line: 94)\nDrupal\\Core\\Menu\\Plugin\\Block\\LocalTasksBlock->build() (Line: 203)\nDrupal\\block\\BlockViewBuilder::preRender(Array)\ncall_user_func('Drupal\\block\\BlockViewBuilder::preRender', Array) (Line: 376)\nDrupal\\Core\\Render\\Renderer->doRender(Array) (Line: 448)\nDrupal\\Core\\Render\\Renderer->doRender(Array, ) (Line: 195)\nDrupal\\Core\\Render\\Renderer->render(Array) (Line: 490)\nDrupal\\Core\\Template\\TwigExtension->escapeFilter(Object, Array, 'html', NULL, 1) (Line: 94)\n__TwigTemplate_11e849aaafc4e5dd193f6fb3d8649274f3eb3bf89e9c6e974ca2ebe6c44cf794->doDisplay(Array, Array) (Line: 379)\nTwig_Template->displayWithErrorHandling(Array, Array) (Line: 347)\nTwig_Template->display(Array) (Line: 358)\nTwig_Template->render(Array) (Line: 64)\ntwig_render_template('themes/custom/tele5/templates/Core/page.html.twig', Array) (Line: 384)\nDrupal\\Core\\Theme\\ThemeManager->render('page', Array) (Line: 435)\nDrupal\\Core\\Render\\Renderer->doRender(Array, ) (Line: 195)\nDrupal\\Core\\Render\\Renderer->render(Array) (Line: 490)\nDrupal\\Core\\Template\\TwigExtension->escapeFilter(Object, Array, 'html', NULL, 1) (Line: 92)\n__TwigTemplate_17282eb4c674b086746707d0ca77ca1c3a0641a6921d98b286bd4168d95c9ddf->doDisplay(Array, Array) (Line: 379)\nTwig_Template->displayWithErrorHandling(Array, Array) (Line: 347)\nTwig_Template->display(Array) (Line: 358)\nTwig_Template->render(Array) (Line: 64)\ntwig_render_template('themes/custom/tele5/templates/Core/html.html.twig', Array) (Line: 384)\nDrupal\\Core\\Theme\\ThemeManager->render('html', Array) (Line: 435)\nDrupal\\Core\\Render\\Renderer->doRender(Array, ) (Line: 195)\nDrupal\\Core\\Render\\Renderer->render(Array) (Line: 147)\nDrupal\\Core\\Render\\MainContent\\HtmlRenderer->Drupal\\Core\\Render\\MainContent\\{closure}() (Line: 574)\nDrupal\\Core\\Render\\Renderer->executeInRenderContext(Object, Object) (Line: 148)\nDrupal\\Core\\Render\\MainContent\\HtmlRenderer->renderResponse(Array, Object, Object) (Line: 90)\nDrupal\\Core\\EventSubscriber\\MainContentViewSubscriber->onViewRenderArray(Object, 'kernel.view', Object) (Line: 111)\nDrupal\\Component\\EventDispatcher\\ContainerAwareEventDispatcher->dispatch('kernel.view', Object) (Line: 149)\nSymfony\\Component\\HttpKernel\\HttpKernel->handleRaw(Object, 1) (Line: 64)\nSymfony\\Component\\HttpKernel\\HttpKernel->handle(Object, 1, 1) (Line: 57)\nDrupal\\Core\\StackMiddleware\\Session->handle(Object, 1, 1) (Line: 47)\nDrupal\\Core\\StackMiddleware\\KernelPreHandle->handle(Object, 1, 1) (Line: 207)\nDrupal\\page_cache\\StackMiddleware\\PageCache->fetch(Object, 1, 1) (Line: 121)\nDrupal\\page_cache\\StackMiddleware\\PageCache->lookup(Object, 1, 1) (Line: 75)\nDrupal\\page_cache\\StackMiddleware\\PageCache->handle(Object, 1, 1) (Line: 47)\nDrupal\\Core\\StackMiddleware\\ReverseProxyMiddleware->handle(Object, 1, 1) (Line: 50)\nDrupal\\Core\\StackMiddleware\\NegotiationMiddleware->handle(Object, 1, 1) (Line: 23)\nStack\\StackedHttpKernel->handle(Object, 1, 1) (Line: 656)\nDrupal\\Core\\DrupalKernel->handle(Object) (Line: 19)\nDeprecated function: array_key_exists(): Using array_key_exists() on objects is deprecated. Use isset() or property_exists() instead in Drupal\\Core\\Controller\\ControllerResolver->doGetArguments() (line 139 of core/lib/Drupal/Core/Controller/ControllerResolver.php).\nDrupal\\Core\\Controller\\ControllerResolver->doGetArguments(Object, Array, Array) (Line: 118)\nSymfony\\Component\\HttpKernel\\Controller\\ControllerResolver->getArguments(Object, Array) (Line: 173)\nDrupal\\Core\\Menu\\LocalTaskManager->getTitle(Object) (Line: 323)\nDrupal\\Core\\Menu\\LocalTaskManager->getTasksBuild('entity.taxonomy_term.canonical', Object) (Line: 358)\nDrupal\\Core\\Menu\\LocalTaskManager->getLocalTasks('entity.taxonomy_term.canonical', 0) (Line: 94)\nDrupal\\Core\\Menu\\Plugin\\Block\\LocalTasksBlock->build() (Line: 203)\nDrupal\\block\\BlockViewBuilder::preRender(Array)\ncall_user_func('Drupal\\block\\BlockViewBuilder::preRender', Array) (Line: 376)\nDrupal\\Core\\Render\\Renderer->doRender(Array) (Line: 448)\nDrupal\\Core\\Render\\Renderer->doRender(Array, ) (Line: 195)\nDrupal\\Core\\Render\\Renderer->render(Array) (Line: 490)\nDrupal\\Core\\Template\\TwigExtension->escapeFilter(Object, Array, 'html', NULL, 1) (Line: 94)\n__TwigTemplate_11e849aaafc4e5dd193f6fb3d8649274f3eb3bf89e9c6e974ca2ebe6c44cf794->doDisplay(Array, Array) (Line: 379)\nTwig_Template->displayWithErrorHandling(Array, Array) (Line: 347)\nTwig_Template->display(Array) (Line: 358)\nTwig_Template->render(Array) (Line: 64)\ntwig_render_template('themes/custom/tele5/templates/Core/page.html.twig', Array) (Line: 384)\nDrupal\\Core\\Theme\\ThemeManager->render('page', Array) (Line: 435)\nDrupal\\Core\\Render\\Renderer->doRender(Array, ) (Line: 195)\nDrupal\\Core\\Render\\Renderer->render(Array) (Line: 490)\nDrupal\\Core\\Template\\TwigExtension->escapeFilter(Object, Array, 'html', NULL, 1) (Line: 92)\n__TwigTemplate_17282eb4c674b086746707d0ca77ca1c3a0641a6921d98b286bd4168d95c9ddf->doDisplay(Array, Array) (Line: 379)\nTwig_Template->displayWithErrorHandling(Array, Array) (Line: 347)\nTwig_Template->display(Array) (Line: 358)\nTwig_Template->render(Array) (Line: 64)\ntwig_render_template('themes/custom/tele5/templates/Core/html.html.twig', Array) (Line: 384)\nDrupal\\Core\\Theme\\ThemeManager->render('html', Array) (Line: 435)\nDrupal\\Core\\Render\\Renderer->doRender(Array, ) (Line: 195)\nDrupal\\Core\\Render\\Renderer->render(Array) (Line: 147)\nDrupal\\Core\\Render\\MainContent\\HtmlRenderer->Drupal\\Core\\Render\\MainContent\\{closure}() (Line: 574)\nDrupal\\Core\\Render\\Renderer->executeInRenderContext(Object, Object) (Line: 148)\nDrupal\\Core\\Render\\MainContent\\HtmlRenderer->renderResponse(Array, Object, Object) (Line: 90)\nDrupal\\Core\\EventSubscriber\\MainContentViewSubscriber->onViewRenderArray(Object, 'kernel.view', Object) (Line: 111)\nDrupal\\Component\\EventDispatcher\\ContainerAwareEventDispatcher->dispatch('kernel.view', Object) (Line: 149)\nSymfony\\Component\\HttpKernel\\HttpKernel->handleRaw(Object, 1) (Line: 64)\nSymfony\\Component\\HttpKernel\\HttpKernel->handle(Object, 1, 1) (Line: 57)\nDrupal\\Core\\StackMiddleware\\Session->handle(Object, 1, 1) (Line: 47)\nDrupal\\Core\\StackMiddleware\\KernelPreHandle->handle(Object, 1, 1) (Line: 207)\nDrupal\\page_cache\\StackMiddleware\\PageCache->fetch(Object, 1, 1) (Line: 121)\nDrupal\\page_cache\\StackMiddleware\\PageCache->lookup(Object, 1, 1) (Line: 75)\nDrupal\\page_cache\\StackMiddleware\\PageCache->handle(Object, 1, 1) (Line: 47)\nDrupal\\Core\\StackMiddleware\\ReverseProxyMiddleware->handle(Object, 1, 1) (Line: 50)\nDrupal\\Core\\StackMiddleware\\NegotiationMiddleware->handle(Object, 1, 1) (Line: 23)\nStack\\StackedHttpKernel->handle(Object, 1, 1) (Line: 656)\nDrupal\\Core\\DrupalKernel->handle(Object) (Line: 19)\nJak oglądać\nReklama\nKontakt\n© 2019 TELE5. Wszelkie prawa zastrzeżone""]","Miguel Somoza | Tele5
Skip to main content
o Tele5
centrum prasowe
Kontakt
oglądaj online
Filmy super filmy
Seriale kultowe seriale
Rozrywka najlepsza rozrywka
Reklama reklamuj się z Tele5
Miguel Somoza
Sekrety zwierząt
codziennie od pon.- pt. godz. 10.30
Komunikat o błędzie
Deprecated function: array_key_exists(): Using array_key_exists() on objects is deprecated. Use isset() or property_exists() instead in Drupal\Core\Controller\ControllerResolver->doGetArguments() (line 139 of core/lib/Drupal/Core/Controller/ControllerResolver.php).
Drupal\Core\Controller\ControllerResolver->doGetArguments(Object, Array, Array) (Line: 118)
Symfony\Component\HttpKernel\Controller\ControllerResolver->getArguments(Object, Array) (Line: 94)
Drupal\Core\EventSubscriber\EarlyRenderingControllerWrapperSubscriber->onController(Object, 'kernel.controller', Object) (Line: 111)
Drupal\Component\EventDispatcher\ContainerAwareEventDispatcher->dispatch('kernel.controller', Object) (Line: 137)
Symfony\Component\HttpKernel\HttpKernel->handleRaw(Object, 1) (Line: 64)
Symfony\Component\HttpKernel\HttpKernel->handle(Object, 1, 1) (Line: 57)
Drupal\Core\StackMiddleware\Session->handle(Object, 1, 1) (Line: 47)
Drupal\Core\StackMiddleware\KernelPreHandle->handle(Object, 1, 1) (Line: 207)
Drupal\page_cache\StackMiddleware\PageCache->fetch(Object, 1, 1) (Line: 121)
Drupal\page_cache\StackMiddleware\PageCache->lookup(Object, 1, 1) (Line: 75)
Drupal\page_cache\StackMiddleware\PageCache->handle(Object, 1, 1) (Line: 47)
Drupal\Core\StackMiddleware\ReverseProxyMiddleware->handle(Object, 1, 1) (Line: 50)
Drupal\Core\StackMiddleware\NegotiationMiddleware->handle(Object, 1, 1) (Line: 23)
Stack\StackedHttpKernel->handle(Object, 1, 1) (Line: 656)
Drupal\Core\DrupalKernel->handle(Object) (Line: 19)
Deprecated function: Unparenthesized `a ? b : c ? d : e` is deprecated. Use either `(a ? b : c) ? d : e` or `a ? b : (c ? d : e)` in include() (line 412 of vendor/composer/ClassLoader.php).
include() (Line: 412)
Composer\Autoload\includeFile('/home/tl5/domains/tele5.pl/public_html/vendor/composer/../twig/twig/lib/Twig/Node.php') (Line: 301)
Composer\Autoload\ClassLoader->loadClass('Twig_Node')
spl_autoload_call('Twig_Node') (Line: 18)
include('/home/tl5/domains/tele5.pl/public_html/vendor/twig/twig/lib/Twig/Node/Expression.php') (Line: 412)
Composer\Autoload\includeFile('/home/tl5/domains/tele5.pl/public_html/vendor/composer/../twig/twig/lib/Twig/Node/Expression.php') (Line: 301)
Composer\Autoload\ClassLoader->loadClass('Twig_Node_Expression')
spl_autoload_call('Twig_Node_Expression') (Line: 12)
include('/home/tl5/domains/tele5.pl/public_html/vendor/twig/twig/lib/Twig/Node/Expression/Name.php') (Line: 412)
Composer\Autoload\includeFile('/home/tl5/domains/tele5.pl/public_html/vendor/composer/../twig/twig/lib/Twig/Node/Expression/Name.php') (Line: 301)
Composer\Autoload\ClassLoader->loadClass('Twig_Node_Expression_Name')
spl_autoload_call('Twig_Node_Expression_Name') (Line: 146)
Twig_ExpressionParser->parsePrimaryExpression() (Line: 84)
Twig_ExpressionParser->getPrimary() (Line: 41)
Twig_ExpressionParser->parseExpression() (Line: 144)
Twig_Parser->subparse(NULL, ) (Line: 100)
Twig_Parser->parse(Object) (Line: 636)
Twig_Environment->parse(Object) (Line: 696)
Twig_Environment->compileSource('{# inline_template_start #}{{ arguments.tid }}', '{# inline_template_start #}{{ arguments.tid }}') (Line: 397)
Twig_Environment->loadTemplate('{# inline_template_start #}{{ arguments.tid }}', NULL) (Line: 143)
Drupal\Core\Template\TwigEnvironment->renderInline('{# inline_template_start #}{{ arguments.tid }}', Array) (Line: 52)
Drupal\Core\Render\Element\InlineTemplate::preRenderInlineTemplate(Array)
call_user_func(Array, Array) (Line: 376)
Drupal\Core\Render\Renderer->doRender(Array, 1) (Line: 195)
Drupal\Core\Render\Renderer->render(Array, 1) (Line: 151)
Drupal\Core\Render\Renderer->Drupal\Core\Render\{closure}() (Line: 574)
Drupal\Core\Render\Renderer->executeInRenderContext(Object, Object) (Line: 152)
Drupal\Core\Render\Renderer->renderPlain(Array) (Line: 407)
Drupal\views\Plugin\views\PluginBase->viewsTokenReplace('{{ arguments.tid }}', Array) (Line: 238)
Drupal\views\Plugin\views\style\StylePluginBase->tokenizeValue('{{ arguments.tid }}', 0) (Line: 1829)
Drupal\views\ViewExecutable->getTitle() (Line: 179)
Drupal\views\Plugin\views\display\Page->execute() (Line: 1616)
Drupal\views\ViewExecutable->executeDisplay('page_1', Array) (Line: 78)
Drupal\views\Element\View::preRenderViewElement(Array)
call_user_func(Array, Array) (Line: 376)
Drupal\Core\Render\Renderer->doRender(Array, ) (Line: 195)
Drupal\Core\Render\Renderer->render(Array, ) (Line: 226)
Drupal\Core\Render\MainContent\HtmlRenderer->Drupal\Core\Render\MainContent\{closure}() (Line: 574)
Drupal\Core\Render\Renderer->executeInRenderContext(Object, Object) (Line: 227)
Drupal\Core\Render\MainContent\HtmlRenderer->prepare(Array, Object, Object) (Line: 117)
Drupal\Core\Render\MainContent\HtmlRenderer->renderResponse(Array, Object, Object) (Line: 90)
Drupal\Core\EventSubscriber\MainContentViewSubscriber->onViewRenderArray(Object, 'kernel.view', Object) (Line: 111)
Drupal\Component\EventDispatcher\ContainerAwareEventDispatcher->dispatch('kernel.view', Object) (Line: 149)
Symfony\Component\HttpKernel\HttpKernel->handleRaw(Object, 1) (Line: 64)
Symfony\Component\HttpKernel\HttpKernel->handle(Object, 1, 1) (Line: 57)
Drupal\Core\StackMiddleware\Session->handle(Object, 1, 1) (Line: 47)
Drupal\Core\StackMiddleware\KernelPreHandle->handle(Object, 1, 1) (Line: 207)
Drupal\page_cache\StackMiddleware\PageCache->fetch(Object, 1, 1) (Line: 121)
Drupal\page_cache\StackMiddleware\PageCache->lookup(Object, 1, 1) (Line: 75)
Drupal\page_cache\StackMiddleware\PageCache->handle(Object, 1, 1) (Line: 47)
Drupal\Core\StackMiddleware\ReverseProxyMiddleware->handle(Object, 1, 1) (Line: 50)
Drupal\Core\StackMiddleware\NegotiationMiddleware->handle(Object, 1, 1) (Line: 23)
Stack\StackedHttpKernel->handle(Object, 1, 1) (Line: 656)
Drupal\Core\DrupalKernel->handle(Object) (Line: 19)
Notice: Trying to access array offset on value of type int in Drupal\Core\Render\Element::children() (line 81 of core/lib/Drupal/Core/Render/Element.php).
Drupal\Core\Render\Element::children(Array) (Line: 250)
Drupal\Core\Entity\EntityViewBuilder->buildMultiple(Array) (Line: 220)
Drupal\Core\Entity\EntityViewBuilder->build(Array)
call_user_func(Array, Array) (Line: 376)
Drupal\Core\Render\Renderer->doRender(Array) (Line: 448)
Drupal\Core\Render\Renderer->doRender(Array, ) (Line: 195)
Drupal\Core\Render\Renderer->render(Array) (Line: 490)
Drupal\Core\Template\TwigExtension->escapeFilter(Object, Array, 'html', NULL, 1) (Line: 56)
__TwigTemplate_7ab7a5513b494865f6b55b1b013508d3d961e3455de3b7f7fa94fe39da1a5716->doDisplay(Array, Array) (Line: 379)
Twig_Template->displayWithErrorHandling(Array, Array) (Line: 347)
Twig_Template->display(Array) (Line: 358)
Twig_Template->render(Array) (Line: 64)
twig_render_template('themes/custom/tele5/templates/override/views-view.html.twig', Array) (Line: 384)
Drupal\Core\Theme\ThemeManager->render('views_view', Array) (Line: 435)
Drupal\Core\Render\Renderer->doRender(Array) (Line: 448)
Drupal\Core\Render\Renderer->doRender(Array, ) (Line: 195)
Drupal\Core\Render\Renderer->render(Array, ) (Line: 226)
Drupal\Core\Render\MainContent\HtmlRenderer->Drupal\Core\Render\MainContent\{closure}() (Line: 574)
Drupal\Core\Render\Renderer->executeInRenderContext(Object, Object) (Line: 227)
Drupal\Core\Render\MainContent\HtmlRenderer->prepare(Array, Object, Object) (Line: 117)
Drupal\Core\Render\MainContent\HtmlRenderer->renderResponse(Array, Object, Object) (Line: 90)
Drupal\Core\EventSubscriber\MainContentViewSubscriber->onViewRenderArray(Object, 'kernel.view', Object) (Line: 111)
Drupal\Component\EventDispatcher\ContainerAwareEventDispatcher->dispatch('kernel.view', Object) (Line: 149)
Symfony\Component\HttpKernel\HttpKernel->handleRaw(Object, 1) (Line: 64)
Symfony\Component\HttpKernel\HttpKernel->handle(Object, 1, 1) (Line: 57)
Drupal\Core\StackMiddleware\Session->handle(Object, 1, 1) (Line: 47)
Drupal\Core\StackMiddleware\KernelPreHandle->handle(Object, 1, 1) (Line: 207)
Drupal\page_cache\StackMiddleware\PageCache->fetch(Object, 1, 1) (Line: 121)
Drupal\page_cache\StackMiddleware\PageCache->lookup(Object, 1, 1) (Line: 75)
Drupal\page_cache\StackMiddleware\PageCache->handle(Object, 1, 1) (Line: 47)
Drupal\Core\StackMiddleware\ReverseProxyMiddleware->handle(Object, 1, 1) (Line: 50)
Drupal\Core\StackMiddleware\NegotiationMiddleware->handle(Object, 1, 1) (Line: 23)
Stack\StackedHttpKernel->handle(Object, 1, 1) (Line: 656)
Drupal\Core\DrupalKernel->handle(Object) (Line: 19)
Notice: Trying to access array offset on value of type int in Drupal\Core\Render\Element::children() (line 81 of core/lib/Drupal/Core/Render/Element.php).
Drupal\Core\Render\Element::children(Array) (Line: 84)
Drupal\Core\Field\FormatterBase->view(Object, 'pl') (Line: 259)
Drupal\Core\Entity\Entity\EntityViewDisplay->buildMultiple(Array) (Line: 320)
Drupal\Core\Entity\EntityViewBuilder->buildComponents(Array, Array, Array, 'full') (Line: 263)
Drupal\Core\Entity\EntityViewBuilder->buildMultiple(Array) (Line: 220)
Drupal\Core\Entity\EntityViewBuilder->build(Array)
call_user_func(Array, Array) (Line: 376)
Drupal\Core\Render\Renderer->doRender(Array) (Line: 448)
Drupal\Core\Render\Renderer->doRender(Array, ) (Line: 195)
Drupal\Core\Render\Renderer->render(Array) (Line: 490)
Drupal\Core\Template\TwigExtension->escapeFilter(Object, Array, 'html', NULL, 1) (Line: 56)
__TwigTemplate_7ab7a5513b494865f6b55b1b013508d3d961e3455de3b7f7fa94fe39da1a5716->doDisplay(Array, Array) (Line: 379)
Twig_Template->displayWithErrorHandling(Array, Array) (Line: 347)
Twig_Template->display(Array) (Line: 358)
Twig_Template->render(Array) (Line: 64)
twig_render_template('themes/custom/tele5/templates/override/views-view.html.twig', Array) (Line: 384)
Drupal\Core\Theme\ThemeManager->render('views_view', Array) (Line: 435)
Drupal\Core\Render\Renderer->doRender(Array) (Line: 448)
Drupal\Core\Render\Renderer->doRender(Array, ) (Line: 195)
Drupal\Core\Render\Renderer->render(Array, ) (Line: 226)
Drupal\Core\Render\MainContent\HtmlRenderer->Drupal\Core\Render\MainContent\{closure}() (Line: 574)
Drupal\Core\Render\Renderer->executeInRenderContext(Object, Object) (Line: 227)
Drupal\Core\Render\MainContent\HtmlRenderer->prepare(Array, Object, Object) (Line: 117)
Drupal\Core\Render\MainContent\HtmlRenderer->renderResponse(Array, Object, Object) (Line: 90)
Drupal\Core\EventSubscriber\MainContentViewSubscriber->onViewRenderArray(Object, 'kernel.view', Object) (Line: 111)
Drupal\Component\EventDispatcher\ContainerAwareEventDispatcher->dispatch('kernel.view', Object) (Line: 149)
Symfony\Component\HttpKernel\HttpKernel->handleRaw(Object, 1) (Line: 64)
Symfony\Component\HttpKernel\HttpKernel->handle(Object, 1, 1) (Line: 57)
Drupal\Core\StackMiddleware\Session->handle(Object, 1, 1) (Line: 47)
Drupal\Core\StackMiddleware\KernelPreHandle->handle(Object, 1, 1) (Line: 207)
Drupal\page_cache\StackMiddleware\PageCache->fetch(Object, 1, 1) (Line: 121)
Drupal\page_cache\StackMiddleware\PageCache->lookup(Object, 1, 1) (Line: 75)
Drupal\page_cache\StackMiddleware\PageCache->handle(Object, 1, 1) (Line: 47)
Drupal\Core\StackMiddleware\ReverseProxyMiddleware->handle(Object, 1, 1) (Line: 50)
Drupal\Core\StackMiddleware\NegotiationMiddleware->handle(Object, 1, 1) (Line: 23)
Stack\StackedHttpKernel->handle(Object, 1, 1) (Line: 656)
Drupal\Core\DrupalKernel->handle(Object) (Line: 19)
Notice: Trying to access array offset on value of type int in Drupal\Core\Render\Element::children() (line 81 of core/lib/Drupal/Core/Render/Element.php).
Drupal\Core\Render\Element::children(Array, 1) (Line: 406)
Drupal\Core\Render\Renderer->doRender(Array, ) (Line: 195)
Drupal\Core\Render\Renderer->render(Array) (Line: 490)
Drupal\Core\Template\TwigExtension->escapeFilter(Object, Array, 'html', NULL, 1) (Line: 120)
__TwigTemplate_7ab7a5513b494865f6b55b1b013508d3d961e3455de3b7f7fa94fe39da1a5716->doDisplay(Array, Array) (Line: 379)
Twig_Template->displayWithErrorHandling(Array, Array) (Line: 347)
Twig_Template->display(Array) (Line: 358)
Twig_Template->render(Array) (Line: 64)
twig_render_template('themes/custom/tele5/templates/override/views-view.html.twig', Array) (Line: 384)
Drupal\Core\Theme\ThemeManager->render('views_view', Array) (Line: 435)
Drupal\Core\Render\Renderer->doRender(Array) (Line: 448)
Drupal\Core\Render\Renderer->doRender(Array, ) (Line: 195)
Drupal\Core\Render\Renderer->render(Array, ) (Line: 226)
Drupal\Core\Render\MainContent\HtmlRenderer->Drupal\Core\Render\MainContent\{closure}() (Line: 574)
Drupal\Core\Render\Renderer->executeInRenderContext(Object, Object) (Line: 227)
Drupal\Core\Render\MainContent\HtmlRenderer->prepare(Array, Object, Object) (Line: 117)
Drupal\Core\Render\MainContent\HtmlRenderer->renderResponse(Array, Object, Object) (Line: 90)
Drupal\Core\EventSubscriber\MainContentViewSubscriber->onViewRenderArray(Object, 'kernel.view', Object) (Line: 111)
Drupal\Component\EventDispatcher\ContainerAwareEventDispatcher->dispatch('kernel.view', Object) (Line: 149)
Symfony\Component\HttpKernel\HttpKernel->handleRaw(Object, 1) (Line: 64)
Symfony\Component\HttpKernel\HttpKernel->handle(Object, 1, 1) (Line: 57)
Drupal\Core\StackMiddleware\Session->handle(Object, 1, 1) (Line: 47)
Drupal\Core\StackMiddleware\KernelPreHandle->handle(Object, 1, 1) (Line: 207)
Drupal\page_cache\StackMiddleware\PageCache->fetch(Object, 1, 1) (Line: 121)
Drupal\page_cache\StackMiddleware\PageCache->lookup(Object, 1, 1) (Line: 75)
Drupal\page_cache\StackMiddleware\PageCache->handle(Object, 1, 1) (Line: 47)
Drupal\Core\StackMiddleware\ReverseProxyMiddleware->handle(Object, 1, 1) (Line: 50)
Drupal\Core\StackMiddleware\NegotiationMiddleware->handle(Object, 1, 1) (Line: 23)
Stack\StackedHttpKernel->handle(Object, 1, 1) (Line: 656)
Drupal\Core\DrupalKernel->handle(Object) (Line: 19)
Notice: Trying to access array offset on value of type int in Drupal\Core\Render\Element::children() (line 81 of core/lib/Drupal/Core/Render/Element.php).
Drupal\Core\Render\Element::children(Array) (Line: 250)
Drupal\Core\Entity\EntityViewBuilder->buildMultiple(Array) (Line: 220)
Drupal\Core\Entity\EntityViewBuilder->build(Array)
call_user_func(Array, Array) (Line: 376)
Drupal\Core\Render\Renderer->doRender(Array, ) (Line: 195)
Drupal\Core\Render\Renderer->render(Array) (Line: 490)
Drupal\Core\Template\TwigExtension->escapeFilter(Object, Array, 'html', NULL, 1) (Line: 54)
__TwigTemplate_8e5c0a934541a003ea9bde911a6bad2d8f54421f8483abe8ecbaf146cb0006db->doDisplay(Array, Array) (Line: 379)
Twig_Template->displayWithErrorHandling(Array, Array) (Line: 347)
Twig_Template->display(Array) (Line: 358)
Twig_Template->render(Array) (Line: 64)
twig_render_template('themes/custom/tele5/templates/override/views-view-unformatted.html.twig', Array) (Line: 384)
Drupal\Core\Theme\ThemeManager->render('views_view_unformatted', Array) (Line: 435)
Drupal\Core\Render\Renderer->doRender(Array) (Line: 448)
Drupal\Core\Render\Renderer->doRender(Array, ) (Line: 195)
Drupal\Core\Render\Renderer->render(Array) (Line: 490)
Drupal\Core\Template\TwigExtension->escapeFilter(Object, Array, 'html', NULL, 1) (Line: 120)
__TwigTemplate_7ab7a5513b494865f6b55b1b013508d3d961e3455de3b7f7fa94fe39da1a5716->doDisplay(Array, Array) (Line: 379)
Twig_Template->displayWithErrorHandling(Array, Array) (Line: 347)
Twig_Template->display(Array) (Line: 358)
Twig_Template->render(Array) (Line: 64)
twig_render_template('themes/custom/tele5/templates/override/views-view.html.twig', Array) (Line: 384)
Drupal\Core\Theme\ThemeManager->render('views_view', Array) (Line: 435)
Drupal\Core\Render\Renderer->doRender(Array) (Line: 448)
Drupal\Core\Render\Renderer->doRender(Array, ) (Line: 195)
Drupal\Core\Render\Renderer->render(Array, ) (Line: 226)
Drupal\Core\Render\MainContent\HtmlRenderer->Drupal\Core\Render\MainContent\{closure}() (Line: 574)
Drupal\Core\Render\Renderer->executeInRenderContext(Object, Object) (Line: 227)
Drupal\Core\Render\MainContent\HtmlRenderer->prepare(Array, Object, Object) (Line: 117)
Drupal\Core\Render\MainContent\HtmlRenderer->renderResponse(Array, Object, Object) (Line: 90)
Drupal\Core\EventSubscriber\MainContentViewSubscriber->onViewRenderArray(Object, 'kernel.view', Object) (Line: 111)
Drupal\Component\EventDispatcher\ContainerAwareEventDispatcher->dispatch('kernel.view', Object) (Line: 149)
Symfony\Component\HttpKernel\HttpKernel->handleRaw(Object, 1) (Line: 64)
Symfony\Component\HttpKernel\HttpKernel->handle(Object, 1, 1) (Line: 57)
Drupal\Core\StackMiddleware\Session->handle(Object, 1, 1) (Line: 47)
Drupal\Core\StackMiddleware\KernelPreHandle->handle(Object, 1, 1) (Line: 207)
Drupal\page_cache\StackMiddleware\PageCache->fetch(Object, 1, 1) (Line: 121)
Drupal\page_cache\StackMiddleware\PageCache->lookup(Object, 1, 1) (Line: 75)
Drupal\page_cache\StackMiddleware\PageCache->handle(Object, 1, 1) (Line: 47)
Drupal\Core\StackMiddleware\ReverseProxyMiddleware->handle(Object, 1, 1) (Line: 50)
Drupal\Core\StackMiddleware\NegotiationMiddleware->handle(Object, 1, 1) (Line: 23)
Stack\StackedHttpKernel->handle(Object, 1, 1) (Line: 656)
Drupal\Core\DrupalKernel->handle(Object) (Line: 19)
Notice: Trying to access array offset on value of type int in Drupal\Core\Render\Element::children() (line 81 of core/lib/Drupal/Core/Render/Element.php).
Drupal\Core\Render\Element::children(Array) (Line: 84)
Drupal\Core\Field\FormatterBase->view(Object, 'pl') (Line: 259)
Drupal\Core\Entity\Entity\EntityViewDisplay->buildMultiple(Array) (Line: 320)
Drupal\Core\Entity\EntityViewBuilder->buildComponents(Array, Array, Array, 'teaser') (Line: 24)
Drupal\node\NodeViewBuilder->buildComponents(Array, Array, Array, 'teaser') (Line: 263)
Drupal\Core\Entity\EntityViewBuilder->buildMultiple(Array) (Line: 220)
Drupal\Core\Entity\EntityViewBuilder->build(Array)
call_user_func(Array, Array) (Line: 376)
Drupal\Core\Render\Renderer->doRender(Array, ) (Line: 195)
Drupal\Core\Render\Renderer->render(Array) (Line: 490)
Drupal\Core\Template\TwigExtension->escapeFilter(Object, Array, 'html', NULL, 1) (Line: 54)
__TwigTemplate_8e5c0a934541a003ea9bde911a6bad2d8f54421f8483abe8ecbaf146cb0006db->doDisplay(Array, Array) (Line: 379)
Twig_Template->displayWithErrorHandling(Array, Array) (Line: 347)
Twig_Template->display(Array) (Line: 358)
Twig_Template->render(Array) (Line: 64)
twig_render_template('themes/custom/tele5/templates/override/views-view-unformatted.html.twig', Array) (Line: 384)
Drupal\Core\Theme\ThemeManager->render('views_view_unformatted', Array) (Line: 435)
Drupal\Core\Render\Renderer->doRender(Array) (Line: 448)
Drupal\Core\Render\Renderer->doRender(Array, ) (Line: 195)
Drupal\Core\Render\Renderer->render(Array) (Line: 490)
Drupal\Core\Template\TwigExtension->escapeFilter(Object, Array, 'html', NULL, 1) (Line: 120)
__TwigTemplate_7ab7a5513b494865f6b55b1b013508d3d961e3455de3b7f7fa94fe39da1a5716->doDisplay(Array, Array) (Line: 379)
Twig_Template->displayWithErrorHandling(Array, Array) (Line: 347)
Twig_Template->display(Array) (Line: 358)
Twig_Template->render(Array) (Line: 64)
twig_render_template('themes/custom/tele5/templates/override/views-view.html.twig', Array) (Line: 384)
Drupal\Core\Theme\ThemeManager->render('views_view', Array) (Line: 435)
Drupal\Core\Render\Renderer->doRender(Array) (Line: 448)
Drupal\Core\Render\Renderer->doRender(Array, ) (Line: 195)
Drupal\Core\Render\Renderer->render(Array, ) (Line: 226)
Drupal\Core\Render\MainContent\HtmlRenderer->Drupal\Core\Render\MainContent\{closure}() (Line: 574)
Drupal\Core\Render\Renderer->executeInRenderContext(Object, Object) (Line: 227)
Drupal\Core\Render\MainContent\HtmlRenderer->prepare(Array, Object, Object) (Line: 117)
Drupal\Core\Render\MainContent\HtmlRenderer->renderResponse(Array, Object, Object) (Line: 90)
Drupal\Core\EventSubscriber\MainContentViewSubscriber->onViewRenderArray(Object, 'kernel.view', Object) (Line: 111)
Drupal\Component\EventDispatcher\ContainerAwareEventDispatcher->dispatch('kernel.view', Object) (Line: 149)
Symfony\Component\HttpKernel\HttpKernel->handleRaw(Object, 1) (Line: 64)
Symfony\Component\HttpKernel\HttpKernel->handle(Object, 1, 1) (Line: 57)
Drupal\Core\StackMiddleware\Session->handle(Object, 1, 1) (Line: 47)
Drupal\Core\StackMiddleware\KernelPreHandle->handle(Object, 1, 1) (Line: 207)
Drupal\page_cache\StackMiddleware\PageCache->fetch(Object, 1, 1) (Line: 121)
Drupal\page_cache\StackMiddleware\PageCache->lookup(Object, 1, 1) (Line: 75)
Drupal\page_cache\StackMiddleware\PageCache->handle(Object, 1, 1) (Line: 47)
Drupal\Core\StackMiddleware\ReverseProxyMiddleware->handle(Object, 1, 1) (Line: 50)
Drupal\Core\StackMiddleware\NegotiationMiddleware->handle(Object, 1, 1) (Line: 23)
Stack\StackedHttpKernel->handle(Object, 1, 1) (Line: 656)
Drupal\Core\DrupalKernel->handle(Object) (Line: 19)
Notice: Trying to access array offset on value of type int in Drupal\Core\Render\Element::children() (line 81 of core/lib/Drupal/Core/Render/Element.php).
Drupal\Core\Render\Element::children(Array) (Line: 84)
Drupal\Core\Field\FormatterBase->view(Object, 'pl') (Line: 259)
Drupal\Core\Entity\Entity\EntityViewDisplay->buildMultiple(Array) (Line: 320)
Drupal\Core\Entity\EntityViewBuilder->buildComponents(Array, Array, Array, 'teaser') (Line: 24)
Drupal\node\NodeViewBuilder->buildComponents(Array, Array, Array, 'teaser') (Line: 263)
Drupal\Core\Entity\EntityViewBuilder->buildMultiple(Array) (Line: 220)
Drupal\Core\Entity\EntityViewBuilder->build(Array)
call_user_func(Array, Array) (Line: 376)
Drupal\Core\Render\Renderer->doRender(Array, ) (Line: 195)
Drupal\Core\Render\Renderer->render(Array) (Line: 490)
Drupal\Core\Template\TwigExtension->escapeFilter(Object, Array, 'html', NULL, 1) (Line: 54)
__TwigTemplate_8e5c0a934541a003ea9bde911a6bad2d8f54421f8483abe8ecbaf146cb0006db->doDisplay(Array, Array) (Line: 379)
Twig_Template->displayWithErrorHandling(Array, Array) (Line: 347)
Twig_Template->display(Array) (Line: 358)
Twig_Template->render(Array) (Line: 64)
twig_render_template('themes/custom/tele5/templates/override/views-view-unformatted.html.twig', Array) (Line: 384)
Drupal\Core\Theme\ThemeManager->render('views_view_unformatted', Array) (Line: 435)
Drupal\Core\Render\Renderer->doRender(Array) (Line: 448)
Drupal\Core\Render\Renderer->doRender(Array, ) (Line: 195)
Drupal\Core\Render\Renderer->render(Array) (Line: 490)
Drupal\Core\Template\TwigExtension->escapeFilter(Object, Array, 'html', NULL, 1) (Line: 120)
__TwigTemplate_7ab7a5513b494865f6b55b1b013508d3d961e3455de3b7f7fa94fe39da1a5716->doDisplay(Array, Array) (Line: 379)
Twig_Template->displayWithErrorHandling(Array, Array) (Line: 347)
Twig_Template->display(Array) (Line: 358)
Twig_Template->render(Array) (Line: 64)
twig_render_template('themes/custom/tele5/templates/override/views-view.html.twig', Array) (Line: 384)
Drupal\Core\Theme\ThemeManager->render('views_view', Array) (Line: 435)
Drupal\Core\Render\Renderer->doRender(Array) (Line: 448)
Drupal\Core\Render\Renderer->doRender(Array, ) (Line: 195)
Drupal\Core\Render\Renderer->render(Array, ) (Line: 226)
Drupal\Core\Render\MainContent\HtmlRenderer->Drupal\Core\Render\MainContent\{closure}() (Line: 574)
Drupal\Core\Render\Renderer->executeInRenderContext(Object, Object) (Line: 227)
Drupal\Core\Render\MainContent\HtmlRenderer->prepare(Array, Object, Object) (Line: 117)
Drupal\Core\Render\MainContent\HtmlRenderer->renderResponse(Array, Object, Object) (Line: 90)
Drupal\Core\EventSubscriber\MainContentViewSubscriber->onViewRenderArray(Object, 'kernel.view', Object) (Line: 111)
Drupal\Component\EventDispatcher\ContainerAwareEventDispatcher->dispatch('kernel.view', Object) (Line: 149)
Symfony\Component\HttpKernel\HttpKernel->handleRaw(Object, 1) (Line: 64)
Symfony\Component\HttpKernel\HttpKernel->handle(Object, 1, 1) (Line: 57)
Drupal\Core\StackMiddleware\Session->handle(Object, 1, 1) (Line: 47)
Drupal\Core\StackMiddleware\KernelPreHandle->handle(Object, 1, 1) (Line: 207)
Drupal\page_cache\StackMiddleware\PageCache->fetch(Object, 1, 1) (Line: 121)
Drupal\page_cache\StackMiddleware\PageCache->lookup(Object, 1, 1) (Line: 75)
Drupal\page_cache\StackMiddleware\PageCache->handle(Object, 1, 1) (Line: 47)
Drupal\Core\StackMiddleware\ReverseProxyMiddleware->handle(Object, 1, 1) (Line: 50)
Drupal\Core\StackMiddleware\NegotiationMiddleware->handle(Object, 1, 1) (Line: 23)
Stack\StackedHttpKernel->handle(Object, 1, 1) (Line: 656)
Drupal\Core\DrupalKernel->handle(Object) (Line: 19)
Notice: Trying to access array offset on value of type int in Drupal\Core\Render\Element::children() (line 81 of core/lib/Drupal/Core/Render/Element.php).
Drupal\Core\Render\Element::children(Array) (Line: 84)
Drupal\Core\Field\FormatterBase->view(Object, 'pl') (Line: 76)
Drupal\Core\Field\Plugin\Field\FieldFormatter\EntityReferenceFormatterBase->view(Object, NULL) (Line: 259)
Drupal\Core\Entity\Entity\EntityViewDisplay->buildMultiple(Array) (Line: 320)
Drupal\Core\Entity\EntityViewBuilder->buildComponents(Array, Array, Array, 'teaser') (Line: 24)
Drupal\node\NodeViewBuilder->buildComponents(Array, Array, Array, 'teaser') (Line: 263)
Drupal\Core\Entity\EntityViewBuilder->buildMultiple(Array) (Line: 220)
Drupal\Core\Entity\EntityViewBuilder->build(Array)
call_user_func(Array, Array) (Line: 376)
Drupal\Core\Render\Renderer->doRender(Array, ) (Line: 195)
Drupal\Core\Render\Renderer->render(Array) (Line: 490)
Drupal\Core\Template\TwigExtension->escapeFilter(Object, Array, 'html', NULL, 1) (Line: 54)
__TwigTemplate_8e5c0a934541a003ea9bde911a6bad2d8f54421f8483abe8ecbaf146cb0006db->doDisplay(Array, Array) (Line: 379)
Twig_Template->displayWithErrorHandling(Array, Array) (Line: 347)
Twig_Template->display(Array) (Line: 358)
Twig_Template->render(Array) (Line: 64)
twig_render_template('themes/custom/tele5/templates/override/views-view-unformatted.html.twig', Array) (Line: 384)
Drupal\Core\Theme\ThemeManager->render('views_view_unformatted', Array) (Line: 435)
Drupal\Core\Render\Renderer->doRender(Array) (Line: 448)
Drupal\Core\Render\Renderer->doRender(Array, ) (Line: 195)
Drupal\Core\Render\Renderer->render(Array) (Line: 490)
Drupal\Core\Template\TwigExtension->escapeFilter(Object, Array, 'html', NULL, 1) (Line: 120)
__TwigTemplate_7ab7a5513b494865f6b55b1b013508d3d961e3455de3b7f7fa94fe39da1a5716->doDisplay(Array, Array) (Line: 379)
Twig_Template->displayWithErrorHandling(Array, Array) (Line: 347)
Twig_Template->display(Array) (Line: 358)
Twig_Template->render(Array) (Line: 64)
twig_render_template('themes/custom/tele5/templates/override/views-view.html.twig', Array) (Line: 384)
Drupal\Core\Theme\ThemeManager->render('views_view', Array) (Line: 435)
Drupal\Core\Render\Renderer->doRender(Array) (Line: 448)
Drupal\Core\Render\Renderer->doRender(Array, ) (Line: 195)
Drupal\Core\Render\Renderer->render(Array, ) (Line: 226)
Drupal\Core\Render\MainContent\HtmlRenderer->Drupal\Core\Render\MainContent\{closure}() (Line: 574)
Drupal\Core\Render\Renderer->executeInRenderContext(Object, Object) (Line: 227)
Drupal\Core\Render\MainContent\HtmlRenderer->prepare(Array, Object, Object) (Line: 117)
Drupal\Core\Render\MainContent\HtmlRenderer->renderResponse(Array, Object, Object) (Line: 90)
Drupal\Core\EventSubscriber\MainContentViewSubscriber->onViewRenderArray(Object, 'kernel.view', Object) (Line: 111)
Drupal\Component\EventDispatcher\ContainerAwareEventDispatcher->dispatch('kernel.view', Object) (Line: 149)
Symfony\Component\HttpKernel\HttpKernel->handleRaw(Object, 1) (Line: 64)
Symfony\Component\HttpKernel\HttpKernel->handle(Object, 1, 1) (Line: 57)
Drupal\Core\StackMiddleware\Session->handle(Object, 1, 1) (Line: 47)
Drupal\Core\StackMiddleware\KernelPreHandle->handle(Object, 1, 1) (Line: 207)
Drupal\page_cache\StackMiddleware\PageCache->fetch(Object, 1, 1) (Line: 121)
Drupal\page_cache\StackMiddleware\PageCache->lookup(Object, 1, 1) (Line: 75)
Drupal\page_cache\StackMiddleware\PageCache->handle(Object, 1, 1) (Line: 47)
Drupal\Core\StackMiddleware\ReverseProxyMiddleware->handle(Object, 1, 1) (Line: 50)
Drupal\Core\StackMiddleware\NegotiationMiddleware->handle(Object, 1, 1) (Line: 23)
Stack\StackedHttpKernel->handle(Object, 1, 1) (Line: 656)
Drupal\Core\DrupalKernel->handle(Object) (Line: 19)
Notice: Trying to access array offset on value of type int in Drupal\Core\Render\Element::children() (line 81 of core/lib/Drupal/Core/Render/Element.php).
Drupal\Core\Render\Element::children(Array) (Line: 84)
Drupal\Core\Field\FormatterBase->view(Object, 'pl') (Line: 259)
Drupal\Core\Entity\Entity\EntityViewDisplay->buildMultiple(Array) (Line: 320)
Drupal\Core\Entity\EntityViewBuilder->buildComponents(Array, Array, Array, 'teaser') (Line: 24)
Drupal\node\NodeViewBuilder->buildComponents(Array, Array, Array, 'teaser') (Line: 263)
Drupal\Core\Entity\EntityViewBuilder->buildMultiple(Array) (Line: 220)
Drupal\Core\Entity\EntityViewBuilder->build(Array)
call_user_func(Array, Array) (Line: 376)
Drupal\Core\Render\Renderer->doRender(Array, ) (Line: 195)
Drupal\Core\Render\Renderer->render(Array) (Line: 490)
Drupal\Core\Template\TwigExtension->escapeFilter(Object, Array, 'html', NULL, 1) (Line: 54)
__TwigTemplate_8e5c0a934541a003ea9bde911a6bad2d8f54421f8483abe8ecbaf146cb0006db->doDisplay(Array, Array) (Line: 379)
Twig_Template->displayWithErrorHandling(Array, Array) (Line: 347)
Twig_Template->display(Array) (Line: 358)
Twig_Template->render(Array) (Line: 64)
twig_render_template('themes/custom/tele5/templates/override/views-view-unformatted.html.twig', Array) (Line: 384)
Drupal\Core\Theme\ThemeManager->render('views_view_unformatted', Array) (Line: 435)
Drupal\Core\Render\Renderer->doRender(Array) (Line: 448)
Drupal\Core\Render\Renderer->doRender(Array, ) (Line: 195)
Drupal\Core\Render\Renderer->render(Array) (Line: 490)
Drupal\Core\Template\TwigExtension->escapeFilter(Object, Array, 'html', NULL, 1) (Line: 120)
__TwigTemplate_7ab7a5513b494865f6b55b1b013508d3d961e3455de3b7f7fa94fe39da1a5716->doDisplay(Array, Array) (Line: 379)
Twig_Template->displayWithErrorHandling(Array, Array) (Line: 347)
Twig_Template->display(Array) (Line: 358)
Twig_Template->render(Array) (Line: 64)
twig_render_template('themes/custom/tele5/templates/override/views-view.html.twig', Array) (Line: 384)
Drupal\Core\Theme\ThemeManager->render('views_view', Array) (Line: 435)
Drupal\Core\Render\Renderer->doRender(Array) (Line: 448)
Drupal\Core\Render\Renderer->doRender(Array, ) (Line: 195)
Drupal\Core\Render\Renderer->render(Array, ) (Line: 226)
Drupal\Core\Render\MainContent\HtmlRenderer->Drupal\Core\Render\MainContent\{closure}() (Line: 574)
Drupal\Core\Render\Renderer->executeInRenderContext(Object, Object) (Line: 227)
Drupal\Core\Render\MainContent\HtmlRenderer->prepare(Array, Object, Object) (Line: 117)
Drupal\Core\Render\MainContent\HtmlRenderer->renderResponse(Array, Object, Object) (Line: 90)
Drupal\Core\EventSubscriber\MainContentViewSubscriber->onViewRenderArray(Object, 'kernel.view', Object) (Line: 111)
Drupal\Component\EventDispatcher\ContainerAwareEventDispatcher->dispatch('kernel.view', Object) (Line: 149)
Symfony\Component\HttpKernel\HttpKernel->handleRaw(Object, 1) (Line: 64)
Symfony\Component\HttpKernel\HttpKernel->handle(Object, 1, 1) (Line: 57)
Drupal\Core\StackMiddleware\Session->handle(Object, 1, 1) (Line: 47)
Drupal\Core\StackMiddleware\KernelPreHandle->handle(Object, 1, 1) (Line: 207)
Drupal\page_cache\StackMiddleware\PageCache->fetch(Object, 1, 1) (Line: 121)
Drupal\page_cache\StackMiddleware\PageCache->lookup(Object, 1, 1) (Line: 75)
Drupal\page_cache\StackMiddleware\PageCache->handle(Object, 1, 1) (Line: 47)
Drupal\Core\StackMiddleware\ReverseProxyMiddleware->handle(Object, 1, 1) (Line: 50)
Drupal\Core\StackMiddleware\NegotiationMiddleware->handle(Object, 1, 1) (Line: 23)
Stack\StackedHttpKernel->handle(Object, 1, 1) (Line: 656)
Drupal\Core\DrupalKernel->handle(Object) (Line: 19)
Notice: Trying to access array offset on value of type int in Drupal\Core\Render\Element::children() (line 81 of core/lib/Drupal/Core/Render/Element.php).
Drupal\Core\Render\Element::children(Array) (Line: 84)
Drupal\Core\Field\FormatterBase->view(Object, 'pl') (Line: 76)
Drupal\Core\Field\Plugin\Field\FieldFormatter\EntityReferenceFormatterBase->view(Object, NULL) (Line: 259)
Drupal\Core\Entity\Entity\EntityViewDisplay->buildMultiple(Array) (Line: 320)
Drupal\Core\Entity\EntityViewBuilder->buildComponents(Array, Array, Array, 'teaser') (Line: 24)
Drupal\node\NodeViewBuilder->buildComponents(Array, Array, Array, 'teaser') (Line: 263)
Drupal\Core\Entity\EntityViewBuilder->buildMultiple(Array) (Line: 220)
Drupal\Core\Entity\EntityViewBuilder->build(Array)
call_user_func(Array, Array) (Line: 376)
Drupal\Core\Render\Renderer->doRender(Array, ) (Line: 195)
Drupal\Core\Render\Renderer->render(Array) (Line: 490)
Drupal\Core\Template\TwigExtension->escapeFilter(Object, Array, 'html', NULL, 1) (Line: 54)
__TwigTemplate_8e5c0a934541a003ea9bde911a6bad2d8f54421f8483abe8ecbaf146cb0006db->doDisplay(Array, Array) (Line: 379)
Twig_Template->displayWithErrorHandling(Array, Array) (Line: 347)
Twig_Template->display(Array) (Line: 358)
Twig_Template->render(Array) (Line: 64)
twig_render_template('themes/custom/tele5/templates/override/views-view-unformatted.html.twig', Array) (Line: 384)
Drupal\Core\Theme\ThemeManager->render('views_view_unformatted', Array) (Line: 435)
Drupal\Core\Render\Renderer->doRender(Array) (Line: 448)
Drupal\Core\Render\Renderer->doRender(Array, ) (Line: 195)
Drupal\Core\Render\Renderer->render(Array) (Line: 490)
Drupal\Core\Template\TwigExtension->escapeFilter(Object, Array, 'html', NULL, 1) (Line: 120)
__TwigTemplate_7ab7a5513b494865f6b55b1b013508d3d961e3455de3b7f7fa94fe39da1a5716->doDisplay(Array, Array) (Line: 379)
Twig_Template->displayWithErrorHandling(Array, Array) (Line: 347)
Twig_Template->display(Array) (Line: 358)
Twig_Template->render(Array) (Line: 64)
twig_render_template('themes/custom/tele5/templates/override/views-view.html.twig', Array) (Line: 384)
Drupal\Core\Theme\ThemeManager->render('views_view', Array) (Line: 435)
Drupal\Core\Render\Renderer->doRender(Array) (Line: 448)
Drupal\Core\Render\Renderer->doRender(Array, ) (Line: 195)
Drupal\Core\Render\Renderer->render(Array, ) (Line: 226)
Drupal\Core\Render\MainContent\HtmlRenderer->Drupal\Core\Render\MainContent\{closure}() (Line: 574)
Drupal\Core\Render\Renderer->executeInRenderContext(Object, Object) (Line: 227)
Drupal\Core\Render\MainContent\HtmlRenderer->prepare(Array, Object, Object) (Line: 117)
Drupal\Core\Render\MainContent\HtmlRenderer->renderResponse(Array, Object, Object) (Line: 90)
Drupal\Core\EventSubscriber\MainContentViewSubscriber->onViewRenderArray(Object, 'kernel.view', Object) (Line: 111)
Drupal\Component\EventDispatcher\ContainerAwareEventDispatcher->dispatch('kernel.view', Object) (Line: 149)
Symfony\Component\HttpKernel\HttpKernel->handleRaw(Object, 1) (Line: 64)
Symfony\Component\HttpKernel\HttpKernel->handle(Object, 1, 1) (Line: 57)
Drupal\Core\StackMiddleware\Session->handle(Object, 1, 1) (Line: 47)
Drupal\Core\StackMiddleware\KernelPreHandle->handle(Object, 1, 1) (Line: 207)
Drupal\page_cache\StackMiddleware\PageCache->fetch(Object, 1, 1) (Line: 121)
Drupal\page_cache\StackMiddleware\PageCache->lookup(Object, 1, 1) (Line: 75)
Drupal\page_cache\StackMiddleware\PageCache->handle(Object, 1, 1) (Line: 47)
Drupal\Core\StackMiddleware\ReverseProxyMiddleware->handle(Object, 1, 1) (Line: 50)
Drupal\Core\StackMiddleware\NegotiationMiddleware->handle(Object, 1, 1) (Line: 23)
Stack\StackedHttpKernel->handle(Object, 1, 1) (Line: 656)
Drupal\Core\DrupalKernel->handle(Object) (Line: 19)
Notice: Trying to access array offset on value of type int in Drupal\Core\Render\Element::children() (line 81 of core/lib/Drupal/Core/Render/Element.php).
Drupal\Core\Render\Element::children(Array) (Line: 84)
Drupal\Core\Field\FormatterBase->view(Object, 'pl') (Line: 259)
Drupal\Core\Entity\Entity\EntityViewDisplay->buildMultiple(Array) (Line: 320)
Drupal\Core\Entity\EntityViewBuilder->buildComponents(Array, Array, Array, 'teaser') (Line: 24)
Drupal\node\NodeViewBuilder->buildComponents(Array, Array, Array, 'teaser') (Line: 263)
Drupal\Core\Entity\EntityViewBuilder->buildMultiple(Array) (Line: 220)
Drupal\Core\Entity\EntityViewBuilder->build(Array)
call_user_func(Array, Array) (Line: 376)
Drupal\Core\Render\Renderer->doRender(Array, ) (Line: 195)
Drupal\Core\Render\Renderer->render(Array) (Line: 490)
Drupal\Core\Template\TwigExtension->escapeFilter(Object, Array, 'html', NULL, 1) (Line: 54)
__TwigTemplate_8e5c0a934541a003ea9bde911a6bad2d8f54421f8483abe8ecbaf146cb0006db->doDisplay(Array, Array) (Line: 379)
Twig_Template->displayWithErrorHandling(Array, Array) (Line: 347)
Twig_Template->display(Array) (Line: 358)
Twig_Template->render(Array) (Line: 64)
twig_render_template('themes/custom/tele5/templates/override/views-view-unformatted.html.twig', Array) (Line: 384)
Drupal\Core\Theme\ThemeManager->render('views_view_unformatted', Array) (Line: 435)
Drupal\Core\Render\Renderer->doRender(Array) (Line: 448)
Drupal\Core\Render\Renderer->doRender(Array, ) (Line: 195)
Drupal\Core\Render\Renderer->render(Array) (Line: 490)
Drupal\Core\Template\TwigExtension->escapeFilter(Object, Array, 'html', NULL, 1) (Line: 120)
__TwigTemplate_7ab7a5513b494865f6b55b1b013508d3d961e3455de3b7f7fa94fe39da1a5716->doDisplay(Array, Array) (Line: 379)
Twig_Template->displayWithErrorHandling(Array, Array) (Line: 347)
Twig_Template->display(Array) (Line: 358)
Twig_Template->render(Array) (Line: 64)
twig_render_template('themes/custom/tele5/templates/override/views-view.html.twig', Array) (Line: 384)
Drupal\Core\Theme\ThemeManager->render('views_view', Array) (Line: 435)
Drupal\Core\Render\Renderer->doRender(Array) (Line: 448)
Drupal\Core\Render\Renderer->doRender(Array, ) (Line: 195)
Drupal\Core\Render\Renderer->render(Array, ) (Line: 226)
Drupal\Core\Render\MainContent\HtmlRenderer->Drupal\Core\Render\MainContent\{closure}() (Line: 574)
Drupal\Core\Render\Renderer->executeInRenderContext(Object, Object) (Line: 227)
Drupal\Core\Render\MainContent\HtmlRenderer->prepare(Array, Object, Object) (Line: 117)
Drupal\Core\Render\MainContent\HtmlRenderer->renderResponse(Array, Object, Object) (Line: 90)
Drupal\Core\EventSubscriber\MainContentViewSubscriber->onViewRenderArray(Object, 'kernel.view', Object) (Line: 111)
Drupal\Component\EventDispatcher\ContainerAwareEventDispatcher->dispatch('kernel.view', Object) (Line: 149)
Symfony\Component\HttpKernel\HttpKernel->handleRaw(Object, 1) (Line: 64)
Symfony\Component\HttpKernel\HttpKernel->handle(Object, 1, 1) (Line: 57)
Drupal\Core\StackMiddleware\Session->handle(Object, 1, 1) (Line: 47)
Drupal\Core\StackMiddleware\KernelPreHandle->handle(Object, 1, 1) (Line: 207)
Drupal\page_cache\StackMiddleware\PageCache->fetch(Object, 1, 1) (Line: 121)
Drupal\page_cache\StackMiddleware\PageCache->lookup(Object, 1, 1) (Line: 75)
Drupal\page_cache\StackMiddleware\PageCache->handle(Object, 1, 1) (Line: 47)
Drupal\Core\StackMiddleware\ReverseProxyMiddleware->handle(Object, 1, 1) (Line: 50)
Drupal\Core\StackMiddleware\NegotiationMiddleware->handle(Object, 1, 1) (Line: 23)
Stack\StackedHttpKernel->handle(Object, 1, 1) (Line: 656)
Drupal\Core\DrupalKernel->handle(Object) (Line: 19)
Notice: Trying to access array offset on value of type int in Drupal\Core\Render\Element::children() (line 81 of core/lib/Drupal/Core/Render/Element.php).
Drupal\Core\Render\Element::children(Array, 1) (Line: 406)
Drupal\Core\Render\Renderer->doRender(Array, ) (Line: 195)
Drupal\Core\Render\Renderer->render(Array, ) (Line: 870)
drupal_render(Array) (Line: 596)
template_preprocess_node(Array, 'node', Array) (Line: 287)
Drupal\Core\Theme\ThemeManager->render('node', Array) (Line: 435)
Drupal\Core\Render\Renderer->doRender(Array, ) (Line: 195)
Drupal\Core\Render\Renderer->render(Array) (Line: 490)
Drupal\Core\Template\TwigExtension->escapeFilter(Object, Array, 'html', NULL, 1) (Line: 54)
__TwigTemplate_8e5c0a934541a003ea9bde911a6bad2d8f54421f8483abe8ecbaf146cb0006db->doDisplay(Array, Array) (Line: 379)
Twig_Template->displayWithErrorHandling(Array, Array) (Line: 347)
Twig_Template->display(Array) (Line: 358)
Twig_Template->render(Array) (Line: 64)
twig_render_template('themes/custom/tele5/templates/override/views-view-unformatted.html.twig', Array) (Line: 384)
Drupal\Core\Theme\ThemeManager->render('views_view_unformatted', Array) (Line: 435)
Drupal\Core\Render\Renderer->doRender(Array) (Line: 448)
Drupal\Core\Render\Renderer->doRender(Array, ) (Line: 195)
Drupal\Core\Render\Renderer->render(Array) (Line: 490)
Drupal\Core\Template\TwigExtension->escapeFilter(Object, Array, 'html', NULL, 1) (Line: 120)
__TwigTemplate_7ab7a5513b494865f6b55b1b013508d3d961e3455de3b7f7fa94fe39da1a5716->doDisplay(Array, Array) (Line: 379)
Twig_Template->displayWithErrorHandling(Array, Array) (Line: 347)
Twig_Template->display(Array) (Line: 358)
Twig_Template->render(Array) (Line: 64)
twig_render_template('themes/custom/tele5/templates/override/views-view.html.twig', Array) (Line: 384)
Drupal\Core\Theme\ThemeManager->render('views_view', Array) (Line: 435)
Drupal\Core\Render\Renderer->doRender(Array) (Line: 448)
Drupal\Core\Render\Renderer->doRender(Array, ) (Line: 195)
Drupal\Core\Render\Renderer->render(Array, ) (Line: 226)
Drupal\Core\Render\MainContent\HtmlRenderer->Drupal\Core\Render\MainContent\{closure}() (Line: 574)
Drupal\Core\Render\Renderer->executeInRenderContext(Object, Object) (Line: 227)
Drupal\Core\Render\MainContent\HtmlRenderer->prepare(Array, Object, Object) (Line: 117)
Drupal\Core\Render\MainContent\HtmlRenderer->renderResponse(Array, Object, Object) (Line: 90)
Drupal\Core\EventSubscriber\MainContentViewSubscriber->onViewRenderArray(Object, 'kernel.view', Object) (Line: 111)
Drupal\Component\EventDispatcher\ContainerAwareEventDispatcher->dispatch('kernel.view', Object) (Line: 149)
Symfony\Component\HttpKernel\HttpKernel->handleRaw(Object, 1) (Line: 64)
Symfony\Component\HttpKernel\HttpKernel->handle(Object, 1, 1) (Line: 57)
Drupal\Core\StackMiddleware\Session->handle(Object, 1, 1) (Line: 47)
Drupal\Core\StackMiddleware\KernelPreHandle->handle(Object, 1, 1) (Line: 207)
Drupal\page_cache\StackMiddleware\PageCache->fetch(Object, 1, 1) (Line: 121)
Drupal\page_cache\StackMiddleware\PageCache->lookup(Object, 1, 1) (Line: 75)
Drupal\page_cache\StackMiddleware\PageCache->handle(Object, 1, 1) (Line: 47)
Drupal\Core\StackMiddleware\ReverseProxyMiddleware->handle(Object, 1, 1) (Line: 50)
Drupal\Core\StackMiddleware\NegotiationMiddleware->handle(Object, 1, 1) (Line: 23)
Stack\StackedHttpKernel->handle(Object, 1, 1) (Line: 656)
Drupal\Core\DrupalKernel->handle(Object) (Line: 19)
Notice: Trying to access array offset on value of type int in Drupal\Core\Render\Element::children() (line 81 of core/lib/Drupal/Core/Render/Element.php).
Drupal\Core\Render\Element::children(Array, 1) (Line: 406)
Drupal\Core\Render\Renderer->doRender(Array, ) (Line: 195)
Drupal\Core\Render\Renderer->render(Array, ) (Line: 870)
drupal_render(Array) (Line: 598)
template_preprocess_node(Array, 'node', Array) (Line: 287)
Drupal\Core\Theme\ThemeManager->render('node', Array) (Line: 435)
Drupal\Core\Render\Renderer->doRender(Array, ) (Line: 195)
Drupal\Core\Render\Renderer->render(Array) (Line: 490)
Drupal\Core\Template\TwigExtension->escapeFilter(Object, Array, 'html', NULL, 1) (Line: 54)
__TwigTemplate_8e5c0a934541a003ea9bde911a6bad2d8f54421f8483abe8ecbaf146cb0006db->doDisplay(Array, Array) (Line: 379)
Twig_Template->displayWithErrorHandling(Array, Array) (Line: 347)
Twig_Template->display(Array) (Line: 358)
Twig_Template->render(Array) (Line: 64)
twig_render_template('themes/custom/tele5/templates/override/views-view-unformatted.html.twig', Array) (Line: 384)
Drupal\Core\Theme\ThemeManager->render('views_view_unformatted', Array) (Line: 435)
Drupal\Core\Render\Renderer->doRender(Array) (Line: 448)
Drupal\Core\Render\Renderer->doRender(Array, ) (Line: 195)
Drupal\Core\Render\Renderer->render(Array) (Line: 490)
Drupal\Core\Template\TwigExtension->escapeFilter(Object, Array, 'html', NULL, 1) (Line: 120)
__TwigTemplate_7ab7a5513b494865f6b55b1b013508d3d961e3455de3b7f7fa94fe39da1a5716->doDisplay(Array, Array) (Line: 379)
Twig_Template->displayWithErrorHandling(Array, Array) (Line: 347)
Twig_Template->display(Array) (Line: 358)
Twig_Template->render(Array) (Line: 64)
twig_render_template('themes/custom/tele5/templates/override/views-view.html.twig', Array) (Line: 384)
Drupal\Core\Theme\ThemeManager->render('views_view', Array) (Line: 435)
Drupal\Core\Render\Renderer->doRender(Array) (Line: 448)
Drupal\Core\Render\Renderer->doRender(Array, ) (Line: 195)
Drupal\Core\Render\Renderer->render(Array, ) (Line: 226)
Drupal\Core\Render\MainContent\HtmlRenderer->Drupal\Core\Render\MainContent\{closure}() (Line: 574)
Drupal\Core\Render\Renderer->executeInRenderContext(Object, Object) (Line: 227)
Drupal\Core\Render\MainContent\HtmlRenderer->prepare(Array, Object, Object) (Line: 117)
Drupal\Core\Render\MainContent\HtmlRenderer->renderResponse(Array, Object, Object) (Line: 90)
Drupal\Core\EventSubscriber\MainContentViewSubscriber->onViewRenderArray(Object, 'kernel.view', Object) (Line: 111)
Drupal\Component\EventDispatcher\ContainerAwareEventDispatcher->dispatch('kernel.view', Object) (Line: 149)
Symfony\Component\HttpKernel\HttpKernel->handleRaw(Object, 1) (Line: 64)
Symfony\Component\HttpKernel\HttpKernel->handle(Object, 1, 1) (Line: 57)
Drupal\Core\StackMiddleware\Session->handle(Object, 1, 1) (Line: 47)
Drupal\Core\StackMiddleware\KernelPreHandle->handle(Object, 1, 1) (Line: 207)
Drupal\page_cache\StackMiddleware\PageCache->fetch(Object, 1, 1) (Line: 121)
Drupal\page_cache\StackMiddleware\PageCache->lookup(Object, 1, 1) (Line: 75)
Drupal\page_cache\StackMiddleware\PageCache->handle(Object, 1, 1) (Line: 47)
Drupal\Core\StackMiddleware\ReverseProxyMiddleware->handle(Object, 1, 1) (Line: 50)
Drupal\Core\StackMiddleware\NegotiationMiddleware->handle(Object, 1, 1) (Line: 23)
Stack\StackedHttpKernel->handle(Object, 1, 1) (Line: 656)
Drupal\Core\DrupalKernel->handle(Object) (Line: 19)
Notice: Trying to access array offset on value of type int in Drupal\Core\Render\Element::children() (line 81 of core/lib/Drupal/Core/Render/Element.php).
Drupal\Core\Render\Element::children(Array, 1) (Line: 406)
Drupal\Core\Render\Renderer->doRender(Array, ) (Line: 195)
Drupal\Core\Render\Renderer->render(Array) (Line: 490)
Drupal\Core\Template\TwigExtension->escapeFilter(Object, Array, 'html', NULL, 1) (Line: 45)
__TwigTemplate_37266baf5485116ef3160f817b4a540da0c081b046f218fc133066ab97d12696->doDisplay(Array, Array) (Line: 379)
Twig_Template->displayWithErrorHandling(Array, Array) (Line: 347)
Twig_Template->display(Array) (Line: 358)
Twig_Template->render(Array) (Line: 64)
twig_render_template('themes/custom/tele5/templates/Articles/node--article--teaser.html.twig', Array) (Line: 384)
Drupal\Core\Theme\ThemeManager->render('node', Array) (Line: 435)
Drupal\Core\Render\Renderer->doRender(Array, ) (Line: 195)
Drupal\Core\Render\Renderer->render(Array) (Line: 490)
Drupal\Core\Template\TwigExtension->escapeFilter(Object, Array, 'html', NULL, 1) (Line: 54)
__TwigTemplate_8e5c0a934541a003ea9bde911a6bad2d8f54421f8483abe8ecbaf146cb0006db->doDisplay(Array, Array) (Line: 379)
Twig_Template->displayWithErrorHandling(Array, Array) (Line: 347)
Twig_Template->display(Array) (Line: 358)
Twig_Template->render(Array) (Line: 64)
twig_render_template('themes/custom/tele5/templates/override/views-view-unformatted.html.twig', Array) (Line: 384)
Drupal\Core\Theme\ThemeManager->render('views_view_unformatted', Array) (Line: 435)
Drupal\Core\Render\Renderer->doRender(Array) (Line: 448)
Drupal\Core\Render\Renderer->doRender(Array, ) (Line: 195)
Drupal\Core\Render\Renderer->render(Array) (Line: 490)
Drupal\Core\Template\TwigExtension->escapeFilter(Object, Array, 'html', NULL, 1) (Line: 120)
__TwigTemplate_7ab7a5513b494865f6b55b1b013508d3d961e3455de3b7f7fa94fe39da1a5716->doDisplay(Array, Array) (Line: 379)
Twig_Template->displayWithErrorHandling(Array, Array) (Line: 347)
Twig_Template->display(Array) (Line: 358)
Twig_Template->render(Array) (Line: 64)
twig_render_template('themes/custom/tele5/templates/override/views-view.html.twig', Array) (Line: 384)
Drupal\Core\Theme\ThemeManager->render('views_view', Array) (Line: 435)
Drupal\Core\Render\Renderer->doRender(Array) (Line: 448)
Drupal\Core\Render\Renderer->doRender(Array, ) (Line: 195)
Drupal\Core\Render\Renderer->render(Array, ) (Line: 226)
Drupal\Core\Render\MainContent\HtmlRenderer->Drupal\Core\Render\MainContent\{closure}() (Line: 574)
Drupal\Core\Render\Renderer->executeInRenderContext(Object, Object) (Line: 227)
Drupal\Core\Render\MainContent\HtmlRenderer->prepare(Array, Object, Object) (Line: 117)
Drupal\Core\Render\MainContent\HtmlRenderer->renderResponse(Array, Object, Object) (Line: 90)
Drupal\Core\EventSubscriber\MainContentViewSubscriber->onViewRenderArray(Object, 'kernel.view', Object) (Line: 111)
Drupal\Component\EventDispatcher\ContainerAwareEventDispatcher->dispatch('kernel.view', Object) (Line: 149)
Symfony\Component\HttpKernel\HttpKernel->handleRaw(Object, 1) (Line: 64)
Symfony\Component\HttpKernel\HttpKernel->handle(Object, 1, 1) (Line: 57)
Drupal\Core\StackMiddleware\Session->handle(Object, 1, 1) (Line: 47)
Drupal\Core\StackMiddleware\KernelPreHandle->handle(Object, 1, 1) (Line: 207)
Drupal\page_cache\StackMiddleware\PageCache->fetch(Object, 1, 1) (Line: 121)
Drupal\page_cache\StackMiddleware\PageCache->lookup(Object, 1, 1) (Line: 75)
Drupal\page_cache\StackMiddleware\PageCache->handle(Object, 1, 1) (Line: 47)
Drupal\Core\StackMiddleware\ReverseProxyMiddleware->handle(Object, 1, 1) (Line: 50)
Drupal\Core\StackMiddleware\NegotiationMiddleware->handle(Object, 1, 1) (Line: 23)
Stack\StackedHttpKernel->handle(Object, 1, 1) (Line: 656)
Drupal\Core\DrupalKernel->handle(Object) (Line: 19)
Notice: Trying to access array offset on value of type int in Drupal\Core\Render\Element::children() (line 81 of core/lib/Drupal/Core/Render/Element.php).
Drupal\Core\Render\Element::children(Array, 1) (Line: 406)
Drupal\Core\Render\Renderer->doRender(Array, ) (Line: 195)
Drupal\Core\Render\Renderer->render(Array) (Line: 490)
Drupal\Core\Template\TwigExtension->escapeFilter(Object, Array, 'html', NULL, 1) (Line: 53)
__TwigTemplate_37266baf5485116ef3160f817b4a540da0c081b046f218fc133066ab97d12696->doDisplay(Array, Array) (Line: 379)
Twig_Template->displayWithErrorHandling(Array, Array) (Line: 347)
Twig_Template->display(Array) (Line: 358)
Twig_Template->render(Array) (Line: 64)
twig_render_template('themes/custom/tele5/templates/Articles/node--article--teaser.html.twig', Array) (Line: 384)
Drupal\Core\Theme\ThemeManager->render('node', Array) (Line: 435)
Drupal\Core\Render\Renderer->doRender(Array, ) (Line: 195)
Drupal\Core\Render\Renderer->render(Array) (Line: 490)
Drupal\Core\Template\TwigExtension->escapeFilter(Object, Array, 'html', NULL, 1) (Line: 54)
__TwigTemplate_8e5c0a934541a003ea9bde911a6bad2d8f54421f8483abe8ecbaf146cb0006db->doDisplay(Array, Array) (Line: 379)
Twig_Template->displayWithErrorHandling(Array, Array) (Line: 347)
Twig_Template->display(Array) (Line: 358)
Twig_Template->render(Array) (Line: 64)
twig_render_template('themes/custom/tele5/templates/override/views-view-unformatted.html.twig', Array) (Line: 384)
Drupal\Core\Theme\ThemeManager->render('views_view_unformatted', Array) (Line: 435)
Drupal\Core\Render\Renderer->doRender(Array) (Line: 448)
Drupal\Core\Render\Renderer->doRender(Array, ) (Line: 195)
Drupal\Core\Render\Renderer->render(Array) (Line: 490)
Drupal\Core\Template\TwigExtension->escapeFilter(Object, Array, 'html', NULL, 1) (Line: 120)
__TwigTemplate_7ab7a5513b494865f6b55b1b013508d3d961e3455de3b7f7fa94fe39da1a5716->doDisplay(Array, Array) (Line: 379)
Twig_Template->displayWithErrorHandling(Array, Array) (Line: 347)
Twig_Template->display(Array) (Line: 358)
Twig_Template->render(Array) (Line: 64)
twig_render_template('themes/custom/tele5/templates/override/views-view.html.twig', Array) (Line: 384)
Drupal\Core\Theme\ThemeManager->render('views_view', Array) (Line: 435)
Drupal\Core\Render\Renderer->doRender(Array) (Line: 448)
Drupal\Core\Render\Renderer->doRender(Array, ) (Line: 195)
Drupal\Core\Render\Renderer->render(Array, ) (Line: 226)
Drupal\Core\Render\MainContent\HtmlRenderer->Drupal\Core\Render\MainContent\{closure}() (Line: 574)
Drupal\Core\Render\Renderer->executeInRenderContext(Object, Object) (Line: 227)
Drupal\Core\Render\MainContent\HtmlRenderer->prepare(Array, Object, Object) (Line: 117)
Drupal\Core\Render\MainContent\HtmlRenderer->renderResponse(Array, Object, Object) (Line: 90)
Drupal\Core\EventSubscriber\MainContentViewSubscriber->onViewRenderArray(Object, 'kernel.view', Object) (Line: 111)
Drupal\Component\EventDispatcher\ContainerAwareEventDispatcher->dispatch('kernel.view', Object) (Line: 149)
Symfony\Component\HttpKernel\HttpKernel->handleRaw(Object, 1) (Line: 64)
Symfony\Component\HttpKernel\HttpKernel->handle(Object, 1, 1) (Line: 57)
Drupal\Core\StackMiddleware\Session->handle(Object, 1, 1) (Line: 47)
Drupal\Core\StackMiddleware\KernelPreHandle->handle(Object, 1, 1) (Line: 207)
Drupal\page_cache\StackMiddleware\PageCache->fetch(Object, 1, 1) (Line: 121)
Drupal\page_cache\StackMiddleware\PageCache->lookup(Object, 1, 1) (Line: 75)
Drupal\page_cache\StackMiddleware\PageCache->handle(Object, 1, 1) (Line: 47)
Drupal\Core\StackMiddleware\ReverseProxyMiddleware->handle(Object, 1, 1) (Line: 50)
Drupal\Core\StackMiddleware\NegotiationMiddleware->handle(Object, 1, 1) (Line: 23)
Stack\StackedHttpKernel->handle(Object, 1, 1) (Line: 656)
Drupal\Core\DrupalKernel->handle(Object) (Line: 19)
Notice: Trying to access array offset on value of type int in Drupal\Core\Render\Element::children() (line 81 of core/lib/Drupal/Core/Render/Element.php).
Drupal\Core\Render\Element::children(Array, 1) (Line: 406)
Drupal\Core\Render\Renderer->doRender(Array, ) (Line: 195)
Drupal\Core\Render\Renderer->render(Array) (Line: 490)
Drupal\Core\Template\TwigExtension->escapeFilter(Object, Array, 'html', NULL, 1) (Line: 57)
__TwigTemplate_37266baf5485116ef3160f817b4a540da0c081b046f218fc133066ab97d12696->doDisplay(Array, Array) (Line: 379)
Twig_Template->displayWithErrorHandling(Array, Array) (Line: 347)
Twig_Template->display(Array) (Line: 358)
Twig_Template->render(Array) (Line: 64)
twig_render_template('themes/custom/tele5/templates/Articles/node--article--teaser.html.twig', Array) (Line: 384)
Drupal\Core\Theme\ThemeManager->render('node', Array) (Line: 435)
Drupal\Core\Render\Renderer->doRender(Array, ) (Line: 195)
Drupal\Core\Render\Renderer->render(Array) (Line: 490)
Drupal\Core\Template\TwigExtension->escapeFilter(Object, Array, 'html', NULL, 1) (Line: 54)
__TwigTemplate_8e5c0a934541a003ea9bde911a6bad2d8f54421f8483abe8ecbaf146cb0006db->doDisplay(Array, Array) (Line: 379)
Twig_Template->displayWithErrorHandling(Array, Array) (Line: 347)
Twig_Template->display(Array) (Line: 358)
Twig_Template->render(Array) (Line: 64)
twig_render_template('themes/custom/tele5/templates/override/views-view-unformatted.html.twig', Array) (Line: 384)
Drupal\Core\Theme\ThemeManager->render('views_view_unformatted', Array) (Line: 435)
Drupal\Core\Render\Renderer->doRender(Array) (Line: 448)
Drupal\Core\Render\Renderer->doRender(Array, ) (Line: 195)
Drupal\Core\Render\Renderer->render(Array) (Line: 490)
Drupal\Core\Template\TwigExtension->escapeFilter(Object, Array, 'html', NULL, 1) (Line: 120)
__TwigTemplate_7ab7a5513b494865f6b55b1b013508d3d961e3455de3b7f7fa94fe39da1a5716->doDisplay(Array, Array) (Line: 379)
Twig_Template->displayWithErrorHandling(Array, Array) (Line: 347)
Twig_Template->display(Array) (Line: 358)
Twig_Template->render(Array) (Line: 64)
twig_render_template('themes/custom/tele5/templates/override/views-view.html.twig', Array) (Line: 384)
Drupal\Core\Theme\ThemeManager->render('views_view', Array) (Line: 435)
Drupal\Core\Render\Renderer->doRender(Array) (Line: 448)
Drupal\Core\Render\Renderer->doRender(Array, ) (Line: 195)
Drupal\Core\Render\Renderer->render(Array, ) (Line: 226)
Drupal\Core\Render\MainContent\HtmlRenderer->Drupal\Core\Render\MainContent\{closure}() (Line: 574)
Drupal\Core\Render\Renderer->executeInRenderContext(Object, Object) (Line: 227)
Drupal\Core\Render\MainContent\HtmlRenderer->prepare(Array, Object, Object) (Line: 117)
Drupal\Core\Render\MainContent\HtmlRenderer->renderResponse(Array, Object, Object) (Line: 90)
Drupal\Core\EventSubscriber\MainContentViewSubscriber->onViewRenderArray(Object, 'kernel.view', Object) (Line: 111)
Drupal\Component\EventDispatcher\ContainerAwareEventDispatcher->dispatch('kernel.view', Object) (Line: 149)
Symfony\Component\HttpKernel\HttpKernel->handleRaw(Object, 1) (Line: 64)
Symfony\Component\HttpKernel\HttpKernel->handle(Object, 1, 1) (Line: 57)
Drupal\Core\StackMiddleware\Session->handle(Object, 1, 1) (Line: 47)
Drupal\Core\StackMiddleware\KernelPreHandle->handle(Object, 1, 1) (Line: 207)
Drupal\page_cache\StackMiddleware\PageCache->fetch(Object, 1, 1) (Line: 121)
Drupal\page_cache\StackMiddleware\PageCache->lookup(Object, 1, 1) (Line: 75)
Drupal\page_cache\StackMiddleware\PageCache->handle(Object, 1, 1) (Line: 47)
Drupal\Core\StackMiddleware\ReverseProxyMiddleware->handle(Object, 1, 1) (Line: 50)
Drupal\Core\StackMiddleware\NegotiationMiddleware->handle(Object, 1, 1) (Line: 23)
Stack\StackedHttpKernel->handle(Object, 1, 1) (Line: 656)
Drupal\Core\DrupalKernel->handle(Object) (Line: 19)
Deprecated function: array_key_exists(): Using array_key_exists() on objects is deprecated. Use isset() or property_exists() instead in Drupal\Core\Controller\ControllerResolver->doGetArguments() (line 139 of core/lib/Drupal/Core/Controller/ControllerResolver.php).
Drupal\Core\Controller\ControllerResolver->doGetArguments(Object, Array, Array) (Line: 118)
Symfony\Component\HttpKernel\Controller\ControllerResolver->getArguments(Object, Array) (Line: 173)
Drupal\Core\Menu\LocalTaskManager->getTitle(Object) (Line: 323)
Drupal\Core\Menu\LocalTaskManager->getTasksBuild('entity.taxonomy_term.canonical', Object) (Line: 358)
Drupal\Core\Menu\LocalTaskManager->getLocalTasks('entity.taxonomy_term.canonical', 0) (Line: 94)
Drupal\Core\Menu\Plugin\Block\LocalTasksBlock->build() (Line: 203)
Drupal\block\BlockViewBuilder::preRender(Array)
call_user_func('Drupal\block\BlockViewBuilder::preRender', Array) (Line: 376)
Drupal\Core\Render\Renderer->doRender(Array) (Line: 448)
Drupal\Core\Render\Renderer->doRender(Array, ) (Line: 195)
Drupal\Core\Render\Renderer->render(Array) (Line: 490)
Drupal\Core\Template\TwigExtension->escapeFilter(Object, Array, 'html', NULL, 1) (Line: 94)
__TwigTemplate_11e849aaafc4e5dd193f6fb3d8649274f3eb3bf89e9c6e974ca2ebe6c44cf794->doDisplay(Array, Array) (Line: 379)
Twig_Template->displayWithErrorHandling(Array, Array) (Line: 347)
Twig_Template->display(Array) (Line: 358)
Twig_Template->render(Array) (Line: 64)
twig_render_template('themes/custom/tele5/templates/Core/page.html.twig', Array) (Line: 384)
Drupal\Core\Theme\ThemeManager->render('page', Array) (Line: 435)
Drupal\Core\Render\Renderer->doRender(Array, ) (Line: 195)
Drupal\Core\Render\Renderer->render(Array) (Line: 490)
Drupal\Core\Template\TwigExtension->escapeFilter(Object, Array, 'html', NULL, 1) (Line: 92)
__TwigTemplate_17282eb4c674b086746707d0ca77ca1c3a0641a6921d98b286bd4168d95c9ddf->doDisplay(Array, Array) (Line: 379)
Twig_Template->displayWithErrorHandling(Array, Array) (Line: 347)
Twig_Template->display(Array) (Line: 358)
Twig_Template->render(Array) (Line: 64)
twig_render_template('themes/custom/tele5/templates/Core/html.html.twig', Array) (Line: 384)
Drupal\Core\Theme\ThemeManager->render('html', Array) (Line: 435)
Drupal\Core\Render\Renderer->doRender(Array, ) (Line: 195)
Drupal\Core\Render\Renderer->render(Array) (Line: 147)
Drupal\Core\Render\MainContent\HtmlRenderer->Drupal\Core\Render\MainContent\{closure}() (Line: 574)
Drupal\Core\Render\Renderer->executeInRenderContext(Object, Object) (Line: 148)
Drupal\Core\Render\MainContent\HtmlRenderer->renderResponse(Array, Object, Object) (Line: 90)
Drupal\Core\EventSubscriber\MainContentViewSubscriber->onViewRenderArray(Object, 'kernel.view', Object) (Line: 111)
Drupal\Component\EventDispatcher\ContainerAwareEventDispatcher->dispatch('kernel.view', Object) (Line: 149)
Symfony\Component\HttpKernel\HttpKernel->handleRaw(Object, 1) (Line: 64)
Symfony\Component\HttpKernel\HttpKernel->handle(Object, 1, 1) (Line: 57)
Drupal\Core\StackMiddleware\Session->handle(Object, 1, 1) (Line: 47)
Drupal\Core\StackMiddleware\KernelPreHandle->handle(Object, 1, 1) (Line: 207)
Drupal\page_cache\StackMiddleware\PageCache->fetch(Object, 1, 1) (Line: 121)
Drupal\page_cache\StackMiddleware\PageCache->lookup(Object, 1, 1) (Line: 75)
Drupal\page_cache\StackMiddleware\PageCache->handle(Object, 1, 1) (Line: 47)
Drupal\Core\StackMiddleware\ReverseProxyMiddleware->handle(Object, 1, 1) (Line: 50)
Drupal\Core\StackMiddleware\NegotiationMiddleware->handle(Object, 1, 1) (Line: 23)
Stack\StackedHttpKernel->handle(Object, 1, 1) (Line: 656)
Drupal\Core\DrupalKernel->handle(Object) (Line: 19)
Deprecated function: array_key_exists(): Using array_key_exists() on objects is deprecated. Use isset() or property_exists() instead in Drupal\Core\Controller\ControllerResolver->doGetArguments() (line 139 of core/lib/Drupal/Core/Controller/ControllerResolver.php).
Drupal\Core\Controller\ControllerResolver->doGetArguments(Object, Array, Array) (Line: 118)
Symfony\Component\HttpKernel\Controller\ControllerResolver->getArguments(Object, Array) (Line: 173)
Drupal\Core\Menu\LocalTaskManager->getTitle(Object) (Line: 323)
Drupal\Core\Menu\LocalTaskManager->getTasksBuild('entity.taxonomy_term.canonical', Object) (Line: 358)
Drupal\Core\Menu\LocalTaskManager->getLocalTasks('entity.taxonomy_term.canonical', 0) (Line: 94)
Drupal\Core\Menu\Plugin\Block\LocalTasksBlock->build() (Line: 203)
Drupal\block\BlockViewBuilder::preRender(Array)
call_user_func('Drupal\block\BlockViewBuilder::preRender', Array) (Line: 376)
Drupal\Core\Render\Renderer->doRender(Array) (Line: 448)
Drupal\Core\Render\Renderer->doRender(Array, ) (Line: 195)
Drupal\Core\Render\Renderer->render(Array) (Line: 490)
Drupal\Core\Template\TwigExtension->escapeFilter(Object, Array, 'html', NULL, 1) (Line: 94)
__TwigTemplate_11e849aaafc4e5dd193f6fb3d8649274f3eb3bf89e9c6e974ca2ebe6c44cf794->doDisplay(Array, Array) (Line: 379)
Twig_Template->displayWithErrorHandling(Array, Array) (Line: 347)
Twig_Template->display(Array) (Line: 358)
Twig_Template->render(Array) (Line: 64)
twig_render_template('themes/custom/tele5/templates/Core/page.html.twig', Array) (Line: 384)
Drupal\Core\Theme\ThemeManager->render('page', Array) (Line: 435)
Drupal\Core\Render\Renderer->doRender(Array, ) (Line: 195)
Drupal\Core\Render\Renderer->render(Array) (Line: 490)
Drupal\Core\Template\TwigExtension->escapeFilter(Object, Array, 'html', NULL, 1) (Line: 92)
__TwigTemplate_17282eb4c674b086746707d0ca77ca1c3a0641a6921d98b286bd4168d95c9ddf->doDisplay(Array, Array) (Line: 379)
Twig_Template->displayWithErrorHandling(Array, Array) (Line: 347)
Twig_Template->display(Array) (Line: 358)
Twig_Template->render(Array) (Line: 64)
twig_render_template('themes/custom/tele5/templates/Core/html.html.twig', Array) (Line: 384)
Drupal\Core\Theme\ThemeManager->render('html', Array) (Line: 435)
Drupal\Core\Render\Renderer->doRender(Array, ) (Line: 195)
Drupal\Core\Render\Renderer->render(Array) (Line: 147)
Drupal\Core\Render\MainContent\HtmlRenderer->Drupal\Core\Render\MainContent\{closure}() (Line: 574)
Drupal\Core\Render\Renderer->executeInRenderContext(Object, Object) (Line: 148)
Drupal\Core\Render\MainContent\HtmlRenderer->renderResponse(Array, Object, Object) (Line: 90)
Drupal\Core\EventSubscriber\MainContentViewSubscriber->onViewRenderArray(Object, 'kernel.view', Object) (Line: 111)
Drupal\Component\EventDispatcher\ContainerAwareEventDispatcher->dispatch('kernel.view', Object) (Line: 149)
Symfony\Component\HttpKernel\HttpKernel->handleRaw(Object, 1) (Line: 64)
Symfony\Component\HttpKernel\HttpKernel->handle(Object, 1, 1) (Line: 57)
Drupal\Core\StackMiddleware\Session->handle(Object, 1, 1) (Line: 47)
Drupal\Core\StackMiddleware\KernelPreHandle->handle(Object, 1, 1) (Line: 207)
Drupal\page_cache\StackMiddleware\PageCache->fetch(Object, 1, 1) (Line: 121)
Drupal\page_cache\StackMiddleware\PageCache->lookup(Object, 1, 1) (Line: 75)
Drupal\page_cache\StackMiddleware\PageCache->handle(Object, 1, 1) (Line: 47)
Drupal\Core\StackMiddleware\ReverseProxyMiddleware->handle(Object, 1, 1) (Line: 50)
Drupal\Core\StackMiddleware\NegotiationMiddleware->handle(Object, 1, 1) (Line: 23)
Stack\StackedHttpKernel->handle(Object, 1, 1) (Line: 656)
Drupal\Core\DrupalKernel->handle(Object) (Line: 19)
Deprecated function: array_key_exists(): Using array_key_exists() on objects is deprecated. Use isset() or property_exists() instead in Drupal\Core\Controller\ControllerResolver->doGetArguments() (line 139 of core/lib/Drupal/Core/Controller/ControllerResolver.php).
Drupal\Core\Controller\ControllerResolver->doGetArguments(Object, Array, Array) (Line: 118)
Symfony\Component\HttpKernel\Controller\ControllerResolver->getArguments(Object, Array) (Line: 173)
Drupal\Core\Menu\LocalTaskManager->getTitle(Object) (Line: 323)
Drupal\Core\Menu\LocalTaskManager->getTasksBuild('entity.taxonomy_term.canonical', Object) (Line: 358)
Drupal\Core\Menu\LocalTaskManager->getLocalTasks('entity.taxonomy_term.canonical', 0) (Line: 94)
Drupal\Core\Menu\Plugin\Block\LocalTasksBlock->build() (Line: 203)
Drupal\block\BlockViewBuilder::preRender(Array)
call_user_func('Drupal\block\BlockViewBuilder::preRender', Array) (Line: 376)
Drupal\Core\Render\Renderer->doRender(Array) (Line: 448)
Drupal\Core\Render\Renderer->doRender(Array, ) (Line: 195)
Drupal\Core\Render\Renderer->render(Array) (Line: 490)
Drupal\Core\Template\TwigExtension->escapeFilter(Object, Array, 'html', NULL, 1) (Line: 94)
__TwigTemplate_11e849aaafc4e5dd193f6fb3d8649274f3eb3bf89e9c6e974ca2ebe6c44cf794->doDisplay(Array, Array) (Line: 379)
Twig_Template->displayWithErrorHandling(Array, Array) (Line: 347)
Twig_Template->display(Array) (Line: 358)
Twig_Template->render(Array) (Line: 64)
twig_render_template('themes/custom/tele5/templates/Core/page.html.twig', Array) (Line: 384)
Drupal\Core\Theme\ThemeManager->render('page', Array) (Line: 435)
Drupal\Core\Render\Renderer->doRender(Array, ) (Line: 195)
Drupal\Core\Render\Renderer->render(Array) (Line: 490)
Drupal\Core\Template\TwigExtension->escapeFilter(Object, Array, 'html', NULL, 1) (Line: 92)
__TwigTemplate_17282eb4c674b086746707d0ca77ca1c3a0641a6921d98b286bd4168d95c9ddf->doDisplay(Array, Array) (Line: 379)
Twig_Template->displayWithErrorHandling(Array, Array) (Line: 347)
Twig_Template->display(Array) (Line: 358)
Twig_Template->render(Array) (Line: 64)
twig_render_template('themes/custom/tele5/templates/Core/html.html.twig', Array) (Line: 384)
Drupal\Core\Theme\ThemeManager->render('html', Array) (Line: 435)
Drupal\Core\Render\Renderer->doRender(Array, ) (Line: 195)
Drupal\Core\Render\Renderer->render(Array) (Line: 147)
Drupal\Core\Render\MainContent\HtmlRenderer->Drupal\Core\Render\MainContent\{closure}() (Line: 574)
Drupal\Core\Render\Renderer->executeInRenderContext(Object, Object) (Line: 148)
Drupal\Core\Render\MainContent\HtmlRenderer->renderResponse(Array, Object, Object) (Line: 90)
Drupal\Core\EventSubscriber\MainContentViewSubscriber->onViewRenderArray(Object, 'kernel.view', Object) (Line: 111)
Drupal\Component\EventDispatcher\ContainerAwareEventDispatcher->dispatch('kernel.view', Object) (Line: 149)
Symfony\Component\HttpKernel\HttpKernel->handleRaw(Object, 1) (Line: 64)
Symfony\Component\HttpKernel\HttpKernel->handle(Object, 1, 1) (Line: 57)
Drupal\Core\StackMiddleware\Session->handle(Object, 1, 1) (Line: 47)
Drupal\Core\StackMiddleware\KernelPreHandle->handle(Object, 1, 1) (Line: 207)
Drupal\page_cache\StackMiddleware\PageCache->fetch(Object, 1, 1) (Line: 121)
Drupal\page_cache\StackMiddleware\PageCache->lookup(Object, 1, 1) (Line: 75)
Drupal\page_cache\StackMiddleware\PageCache->handle(Object, 1, 1) (Line: 47)
Drupal\Core\StackMiddleware\ReverseProxyMiddleware->handle(Object, 1, 1) (Line: 50)
Drupal\Core\StackMiddleware\NegotiationMiddleware->handle(Object, 1, 1) (Line: 23)
Stack\StackedHttpKernel->handle(Object, 1, 1) (Line: 656)
Drupal\Core\DrupalKernel->handle(Object) (Line: 19)
Jak oglądać
Reklama
Kontakt
© 2019 TELE5. Wszelkie prawa zastrzeżone",CC-MAIN-2025-43,2026-02-22T00:29:45.416539+00:00
common_crawl_positive_doc_0098,Common Crawl,positive_doc,ef2635a30fecbabd533e16ab35024e76b29f5e440e9bba6c785a6e91614b3d87,"https://staging.seer.cancer.gov/tnm/table/1.5/combined_t/?path_t_in=tmp_path_t&combined_t_in=tmp_combined_t&clin_t_in=tmp_clin_t&source_t_out=Source%20T&combined_t_out=tmp_combined_t&breadcrumbs=(~schema_list~),(~view_schema~,~pancreas_body_tail~)",2025-10-06T04:14:04Z,0.62451171875,True,"<Any value> <Any value> <Any value> <Any value> <Any value> 0, A, IS, ISPU, ISPD, 1, 1MI, 1A, 1A1, 1A2, 1B, 1B1, 1B2, 1C, 1D, 2, 2A, 2A1, 2A2, 2B, 2C, 2D, 3, 3A, 3B, 3C, 3D, 4, 4A, 4B, 4C, 4D, 4E, X, 88 {{combined_t_in}} MATCH
<Any value> <Any value> <Any value> 88 88 <BLANK> 88 9
<Any value> <Any value> <Any value> 88 <Any value> <BLANK> {{path_t_in}} 2
<Any value> <Any value> <Any value> <Any value> 88 <BLANK> {{clin_t_in}} 1
3 <Any value> <Any value> X X, 0 <BLANK> {{clin_t_in}} 1
3 <Any value> <Any value> 0 0 <BLANK> {{clin_t_in}} 1
3 2, 4 <Any value> 0 X <BLANK> {{clin_t_in}} 1
3 <Any value> 2, 4 0 X <BLANK> {{clin_t_in}} 1
3 0, 3, 5, 6, 7, 9 0, 3, 5, 6, 7, 9 0 X <BLANK> {{path_t_in}} 2
3 <Any value> <Any value> A, IS, ISPU, ISPD A, IS, ISPU, ISPD <BLANK> ERROR: Must have value other than Ta, Tis, Tispu, Tispd <BLANK>
2 <Any value> 2, 4 0, 1, 1MI, 1A, 1A1, 1A2, 1B, 1B1, 1B2, 1C, 1D, 2, 2A, 2A1, 2A2, 2B, 2C, 2D, 3, 3A, 3B, 3C, 3D, 4, 4A, 4B, 4C, 4D, 4E, X 0, A, IS, ISPU, ISPD, 1, 1MI, 1A, 1A1, 1A2, 1B, 1B1, 1B2, 1C, 1D, 2, 2A, 2A1, 2A2, 2B, 2C, 2D, 3, 3A, 3B, 3C, 3D, 4, 4A, 4B, 4C, 4D, 4E, X <BLANK> ERROR: Clin T must be Ta, Tis, Tispu, Tispd <BLANK>
2 <Any value> 2, 4 A, IS, ISPU, ISPD 0, 1, 1MI, 1A, 1A1, 1A2, 1B, 1B1, 1B2, 1C, 1D, 2, 2A, 2A1, 2A2, 2B, 2C, 2D, 3, 3A, 3B, 3C, 3D, 4, 4A, 4B, 4C, 4D, 4E, X, A <BLANK> {{clin_t_in}} 1
2 <Any value> 2, 4 A IS <BLANK> {{path_t_in}} 2
2 <Any value> 2, 4 IS, ISPU, ISPD IS <BLANK> {{clin_t_in}} 1
2 <Any value> 2, 4 A, IS ISPU <BLANK> {{path_t_in}} 2
2 <Any value> 2, 4 ISPU, ISPD ISPU <BLANK> {{clin_t_in}} 1
2 <Any value> 2, 4 A, IS, ISPU ISPD <BLANK> {{path_t_in}} 2
2 <Any value> 2, 4 ISPD ISPD <BLANK> {{clin_t_in}} 1
2 0, 3, 5, 6, 7, 9 0, 3, 5, 6, 7, 9 0, 1, 1MI, 1A, 1A1, 1A2, 1B, 1B1, 1B2, 1C, 1D, 2, 2A, 2A1, 2A2, 2B, 2C, 2D, 3, 3A, 3B, 3C, 3D, 4, 4A, 4B, 4C, 4D, 4E, X 0, 1, 1MI, 1A, 1A1, 1A2, 1B, 1B1, 1B2, 1C, 1D, 2, 2A, 2A1, 2A2, 2B, 2C, 2D, 3, 3A, 3B, 3C, 3D, 4, 4A, 4B, 4C, 4D, 4E, X <BLANK> ERROR: Must have Ta, Tis, Tispu, Tispd value <BLANK>
2 0, 3, 5, 6, 7, 9 0, 3, 5, 6, 7, 9 A, IS, ISPU, ISPD X, 0 <BLANK> {{clin_t_in}} 1
3 2, 4 <Any value> 0 X <BLANK> {{clin_t_in}} 1
3 <Any value> 2, 4 0 X <BLANK> {{clin_t_in}} 1
3 0, 3, 5, 6, 7, 9 0, 3, 5, 6, 7, 9 0 X <BLANK> {{path_t_in}} 2
3 <Any value> <Any value> A, IS, ISPU, ISPD A, IS, ISPU, ISPD <BLANK> ERROR: Must have value other than Ta, Tis, Tispu, Tispd <BLANK>
3 <Any value> <Any value> A, IS, ISPU, ISPD 0, 1, 1MI, 1A, 1A1, 1A2, 1B, 1B1, 1B2, 1C, 1D, 2, 2A, 2A1, 2A2, 2B, 2C, 2D, 3, 3A, 3B, 3C, 3D, 4, 4A, 4B, 4C, 4D, 4E, X <BLANK> {{path_t_in}} 2
3 <Any value> <Any value> 0, 1, 1MI, 1A, 1A1, 1A2, 1B, 1B1, 1B2, 1C, 1D, 2, 2A, 2A1, 2A2, 2B, 2C, 2D, 3, 3A, 3B, 3C, 3D, 4, 4A, 4B, 4C, 4D, 4E, X A, IS, ISPU, ISPD <BLANK> {{clin_t_in}} 1
2 2, 4 <Any value> 0, 1, 1MI, 1A, 1A1, 1A2, 1B, 1B1, 1B2, 1C, 1D, 2, 2A, 2A1, 2A2, 2B, 2C, 2D, 3, 3A, 3B, 3C, 3D, 4, 4A, 4B, 4C, 4D, 4E, X 0, A, IS, ISPU, ISPD, 1, 1MI, 1A, 1A1, 1A2, 1B, 1B1, 1B2, 1C, 1D, 2, 2A, 2A1, 2A2, 2B, 2C, 2D, 3, 3A, 3B, 3C, 3D, 4, 4A, 4B, 4C, 4D, 4E, X <BLANK> ERROR: Clin T must be Ta, Tis, Tispu, Tispd <BLANK>
2 2, 4 <Any value> A, IS, ISPU, ISPD 0, 1, 1MI, 1A, 1A1, 1A2, 1B, 1B1, 1B2, 1C, 1D, 2, 2A, 2A1, 2A2, 2B, 2C, 2D, 3, 3A, 3B, 3C, 3D, 4, 4A, 4B, 4C, 4D, 4E, X <BLANK> {{clin_t_in}} 1
2 2, 4 <Any value> A, IS, ISPU, ISPD A <BLANK> {{clin_t_in}} 1
2 2, 4 <Any value> A IS <BLANK> {{path_t_in}} 2
2 2, 4 <Any value> IS, ISPU, ISPD IS <BLANK> {{clin_t_in}} 1
2 2, 4 <Any value> A, IS ISPU <BLANK> {{path_t_in}} 2
2 2, 4 <Any value> ISPU, ISPD ISPU <BLANK> {{clin_t_in}} 1
2 2, 4 <Any value> A, IS, ISPU ISPD <BLANK> {{path_t_in}} 2
2 2, 4 <Any value> ISPD ISPD <BLANK> {{clin_t_in}} 1
2 <Any value> 2, 4 0, 1, 1MI, 1A, 1A1, 1A2, 1B, 1B1, 1B2, 1C, 1D, 2, 2A, 2A1, 2A2, 2B, 2C, 2D, 3, 3A, 3B, 3C, 3D, 4, 4A, 4B, 4C, 4D, 4E, X 0, A, IS, ISPU, ISPD, 1, 1MI, 1A, 1A1, 1A2, 1B, 1B1, 1B2, 1C, 1D, 2, 2A, 2A1, 2A2, 2B, 2C, 2D, 3, 3A, 3B, 3C, 3D, 4, 4A, 4B, 4C, 4D, 4E, X <BLANK> ERROR: Clin T must be Ta, Tis, Tispu, Tispd <BLANK>
2 <Any value> 2, 4 A, IS, ISPU, ISPD 0, 1, 1MI, 1A, 1A1, 1A2, 1B, 1B1, 1B2, 1C, 1D, 2, 2A, 2A1, 2A2, 2B, 2C, 2D, 3, 3A, 3B, 3C, 3D, 4, 4A, 4B, 4C, 4D, 4E, X <BLANK> {{clin_t_in}} 1
2 <Any value> 2, 4 A, IS, ISPU, ISPD A <BLANK> {{clin_t_in}} 1
2 <Any value> 2, 4 A IS <BLANK> {{path_t_in}} 2
2 <Any value> 2, 4 IS, ISPU, ISPD IS <BLANK> {{clin_t_in}} 1
2 <Any value> 2, 4 A, IS ISPU <BLANK> {{path_t_in}} 2
2 <Any value> 2, 4 ISPU, ISPD ISPU <BLANK> {{clin_t_in}} 1
2 <Any value> 2, 4 A, IS, ISPU ISPD <BLANK> {{path_t_in}} 2
2 <Any value> 2, 4 ISPD ISPD <BLANK> {{clin_t_in}} 1
2 0, 3, 5, 6, 7, 9 0, 3, 5, 6, 7, 9 0, 1, 1MI, 1A, 1A1, 1A2, 1B, 1B1, 1B2, 1C, 1D, 2, 2A, 2A1, 2A2, 2B, 2C, 2D, 3, 3A, 3B, 3C, 3D, 4, 4A, 4B, 4C, 4D, 4E, X 0, 1, 1MI, 1A, 1A1, 1A2, 1B, 1B1, 1B2, 1C, 1D, 2, 2A, 2A1, 2A2, 2B, 2C, 2D, 3, 3A, 3B, 3C, 3D, 4, 4A, 4B, 4C, 4D, 4E, X <BLANK> ERROR: Must have Ta, Tis, Tispu, Tispd value <BLANK>
2 0, 3, 5, 6, 7, 9 0, 3, 5, 6, 7, 9 A, IS, ISPU, ISPD X, 0 <BLANK> {{clin_t_in}} 1
2 0, 3, 5, 6, 7, 9 0, 3, 5, 6, 7, 9 X, 0 A, IS, ISPU, ISPD <BLANK> {{path_t_in}} 2
2 0, 3, 5, 6, 7, 9 0, 3, 5, 6, 7, 9 A, IS, ISPU, ISPD 1, 1MI, 1A, 1A1, 1A2, 1B, 1B1, 1B2, 1C, 1D, 2, 2A, 2A1, 2A2, 2B, 2C, 2D, 3, 3A, 3B, 3C, 3D, 4, 4A, 4B, 4C, 4D, 4E <BLANK> {{path_t_in}} 2
2 0, 3, 5, 6, 7, 9 0, 3, 5, 6, 7, 9 1, 1MI, 1A, 1A1, 1A2, 1B, 1B1, 1B2, 1C, 1D, 2, 2A, 2A1, 2A2, 2B, 2C, 2D, 3, 3A, 3B, 3C, 3D, 4, 4A, 4B, 4C, 4D, 4E A, IS, ISPU, ISPD <BLANK> {{path_t_in}} 2
2 0, 3, 5, 6, 7, 9 0, 3, 5, 6, 7, 9 A, IS, ISPU, ISPD A, ISPU, ISPD <BLANK> {{path_t_in}} 2","[""<Any value> <Any value> <Any value> <Any value> <Any value> 0, A, IS, ISPU, ISPD, 1, 1MI, 1A, 1A1, 1A2, 1B, 1B1, 1B2, 1C, 1D, 2, 2A, 2A1, 2A2, 2B, 2C, 2D, 3, 3A, 3B, 3C, 3D, 4, 4A, 4B, 4C, 4D, 4E, X, 88 {{combined_t_in}} MATCH\n<Any value> <Any value> <Any value> 88 88 <BLANK> 88 9\n<Any value> <Any value> <Any value> 88 <Any value> <BLANK> {{path_t_in}} 2\n<Any value> <Any value> <Any value> <Any value> 88 <BLANK> {{clin_t_in}} 1\n3 <Any value> <Any value> X X, 0 <BLANK> {{clin_t_in}} 1\n3 <Any value> <Any value> 0 0 <BLANK> {{clin_t_in}} 1\n3 2, 4 <Any value> 0 X <BLANK> {{clin_t_in}} 1\n3 <Any value> 2, 4 0 X <BLANK> {{clin_t_in}} 1\n3 0, 3, 5, 6, 7, 9 0, 3, 5, 6, 7, 9 0 X <BLANK> {{path_t_in}} 2\n3 <Any value> <Any value> A, IS, ISPU, ISPD A, IS, ISPU, ISPD <BLANK> ERROR: Must have value other than Ta, Tis, Tispu, Tispd <BLANK>\n2 <Any value> 2, 4 0, 1, 1MI, 1A, 1A1, 1A2, 1B, 1B1, 1B2, 1C, 1D, 2, 2A, 2A1, 2A2, 2B, 2C, 2D, 3, 3A, 3B, 3C, 3D, 4, 4A, 4B, 4C, 4D, 4E, X 0, A, IS, ISPU, ISPD, 1, 1MI, 1A, 1A1, 1A2, 1B, 1B1, 1B2, 1C, 1D, 2, 2A, 2A1, 2A2, 2B, 2C, 2D, 3, 3A, 3B, 3C, 3D, 4, 4A, 4B, 4C, 4D, 4E, X <BLANK> ERROR: Clin T must be Ta, Tis, Tispu, Tispd <BLANK>\n2 <Any value> 2, 4 A, IS, ISPU, ISPD 0, 1, 1MI, 1A, 1A1, 1A2, 1B, 1B1, 1B2, 1C, 1D, 2, 2A, 2A1, 2A2, 2B, 2C, 2D, 3, 3A, 3B, 3C, 3D, 4, 4A, 4B, 4C, 4D, 4E, X, A <BLANK> {{clin_t_in}} 1\n2 <Any value> 2, 4 A IS <BLANK> {{path_t_in}} 2\n2 <Any value> 2, 4 IS, ISPU, ISPD IS <BLANK> {{clin_t_in}} 1\n2 <Any value> 2, 4 A, IS ISPU <BLANK> {{path_t_in}} 2\n2 <Any value> 2, 4 ISPU, ISPD ISPU <BLANK> {{clin_t_in}} 1\n2 <Any value> 2, 4 A, IS, ISPU ISPD <BLANK> {{path_t_in}} 2\n2 <Any value> 2, 4 ISPD ISPD <BLANK> {{clin_t_in}} 1\n2 0, 3, 5, 6, 7, 9 0, 3, 5, 6, 7, 9 0, 1, 1MI, 1A, 1A1, 1A2, 1B, 1B1, 1B2, 1C, 1D, 2, 2A, 2A1, 2A2, 2B, 2C, 2D, 3, 3A, 3B, 3C, 3D, 4, 4A, 4B, 4C, 4D, 4E, X 0, 1, 1MI, 1A, 1A1, 1A2, 1B, 1B1, 1B2, 1C, 1D, 2, 2A, 2A1, 2A2, 2B, 2C, 2D, 3, 3A, 3B, 3C, 3D, 4, 4A, 4B, 4C, 4D, 4E, X <BLANK> ERROR: Must have Ta, Tis, Tispu, Tispd value <BLANK>\n2 0, 3, 5, 6, 7, 9 0, 3, 5, 6, 7, 9 A, IS, ISPU, ISPD X, 0 <BLANK> {{clin_t_in}} 1\n3 2, 4 <Any value> 0 X <BLANK> {{clin_t_in}} 1\n3 <Any value> 2, 4 0 X <BLANK> {{clin_t_in}} 1\n3 0, 3, 5, 6, 7, 9 0, 3, 5, 6, 7, 9 0 X <BLANK> {{path_t_in}} 2\n3 <Any value> <Any value> A, IS, ISPU, ISPD A, IS, ISPU, ISPD <BLANK> ERROR: Must have value other than Ta, Tis, Tispu, Tispd <BLANK>\n3 <Any value> <Any value> A, IS, ISPU, ISPD 0, 1, 1MI, 1A, 1A1, 1A2, 1B, 1B1, 1B2, 1C, 1D, 2, 2A, 2A1, 2A2, 2B, 2C, 2D, 3, 3A, 3B, 3C, 3D, 4, 4A, 4B, 4C, 4D, 4E, X <BLANK> {{path_t_in}} 2\n3 <Any value> <Any value> 0, 1, 1MI, 1A, 1A1, 1A2, 1B, 1B1, 1B2, 1C, 1D, 2, 2A, 2A1, 2A2, 2B, 2C, 2D, 3, 3A, 3B, 3C, 3D, 4, 4A, 4B, 4C, 4D, 4E, X A, IS, ISPU, ISPD <BLANK> {{clin_t_in}} 1\n2 2, 4 <Any value> 0, 1, 1MI, 1A, 1A1, 1A2, 1B, 1B1, 1B2, 1C, 1D, 2, 2A, 2A1, 2A2, 2B, 2C, 2D, 3, 3A, 3B, 3C, 3D, 4, 4A, 4B, 4C, 4D, 4E, X 0, A, IS, ISPU, ISPD, 1, 1MI, 1A, 1A1, 1A2, 1B, 1B1, 1B2, 1C, 1D, 2, 2A, 2A1, 2A2, 2B, 2C, 2D, 3, 3A, 3B, 3C, 3D, 4, 4A, 4B, 4C, 4D, 4E, X <BLANK> ERROR: Clin T must be Ta, Tis, Tispu, Tispd <BLANK>\n2 2, 4 <Any value> A, IS, ISPU, ISPD 0, 1, 1MI, 1A, 1A1, 1A2, 1B, 1B1, 1B2, 1C, 1D, 2, 2A, 2A1, 2A2, 2B, 2C, 2D, 3, 3A, 3B, 3C, 3D, 4, 4A, 4B, 4C, 4D, 4E, X <BLANK> {{clin_t_in}} 1\n2 2, 4 <Any value> A, IS, ISPU, ISPD A <BLANK> {{clin_t_in}} 1\n2 2, 4 <Any value> A IS <BLANK> {{path_t_in}} 2\n2 2, 4 <Any value> IS, ISPU, ISPD IS <BLANK> {{clin_t_in}} 1\n2 2, 4 <Any value> A, IS ISPU <BLANK> {{path_t_in}} 2\n2 2, 4 <Any value> ISPU, ISPD ISPU <BLANK> {{clin_t_in}} 1\n2 2, 4 <Any value> A, IS, ISPU ISPD <BLANK> {{path_t_in}} 2\n2 2, 4 <Any value> ISPD ISPD <BLANK> {{clin_t_in}} 1\n2 <Any value> 2, 4 0, 1, 1MI, 1A, 1A1, 1A2, 1B, 1B1, 1B2, 1C, 1D, 2, 2A, 2A1, 2A2, 2B, 2C, 2D, 3, 3A, 3B, 3C, 3D, 4, 4A, 4B, 4C, 4D, 4E, X 0, A, IS, ISPU, ISPD, 1, 1MI, 1A, 1A1, 1A2, 1B, 1B1, 1B2, 1C, 1D, 2, 2A, 2A1, 2A2, 2B, 2C, 2D, 3, 3A, 3B, 3C, 3D, 4, 4A, 4B, 4C, 4D, 4E, X <BLANK> ERROR: Clin T must be Ta, Tis, Tispu, Tispd <BLANK>\n2 <Any value> 2, 4 A, IS, ISPU, ISPD 0, 1, 1MI, 1A, 1A1, 1A2, 1B, 1B1, 1B2, 1C, 1D, 2, 2A, 2A1, 2A2, 2B, 2C, 2D, 3, 3A, 3B, 3C, 3D, 4, 4A, 4B, 4C, 4D, 4E, X <BLANK> {{clin_t_in}} 1\n2 <Any value> 2, 4 A, IS, ISPU, ISPD A <BLANK> {{clin_t_in}} 1\n2 <Any value> 2, 4 A IS <BLANK> {{path_t_in}} 2\n2 <Any value> 2, 4 IS, ISPU, ISPD IS <BLANK> {{clin_t_in}} 1\n2 <Any value> 2, 4 A, IS ISPU <BLANK> {{path_t_in}} 2\n2 <Any value> 2, 4 ISPU, ISPD ISPU <BLANK> {{clin_t_in}} 1\n2 <Any value> 2, 4 A, IS, ISPU ISPD <BLANK> {{path_t_in}} 2\n2 <Any value> 2, 4 ISPD ISPD <BLANK> {{clin_t_in}} 1\n2 0, 3, 5, 6, 7, 9 0, 3, 5, 6, 7, 9 0, 1, 1MI, 1A, 1A1, 1A2, 1B, 1B1, 1B2, 1C, 1D, 2, 2A, 2A1, 2A2, 2B, 2C, 2D, 3, 3A, 3B, 3C, 3D, 4, 4A, 4B, 4C, 4D, 4E, X 0, 1, 1MI, 1A, 1A1, 1A2, 1B, 1B1, 1B2, 1C, 1D, 2, 2A, 2A1, 2A2, 2B, 2C, 2D, 3, 3A, 3B, 3C, 3D, 4, 4A, 4B, 4C, 4D, 4E, X <BLANK> ERROR: Must have Ta, Tis, Tispu, Tispd value <BLANK>\n2 0, 3, 5, 6, 7, 9 0, 3, 5, 6, 7, 9 A, IS, ISPU, ISPD X, 0 <BLANK> {{clin_t_in}} 1\n2 0, 3, 5, 6, 7, 9 0, 3, 5, 6, 7, 9 X, 0 A, IS, ISPU, ISPD <BLANK> {{path_t_in}} 2\n2 0, 3, 5, 6, 7, 9 0, 3, 5, 6, 7, 9 A, IS, ISPU, ISPD 1, 1MI, 1A, 1A1, 1A2, 1B, 1B1, 1B2, 1C, 1D, 2, 2A, 2A1, 2A2, 2B, 2C, 2D, 3, 3A, 3B, 3C, 3D, 4, 4A, 4B, 4C, 4D, 4E <BLANK> {{path_t_in}} 2\n2 0, 3, 5, 6, 7, 9 0, 3, 5, 6, 7, 9 1, 1MI, 1A, 1A1, 1A2, 1B, 1B1, 1B2, 1C, 1D, 2, 2A, 2A1, 2A2, 2B, 2C, 2D, 3, 3A, 3B, 3C, 3D, 4, 4A, 4B, 4C, 4D, 4E A, IS, ISPU, ISPD <BLANK> {{path_t_in}} 2\n2 0, 3, 5, 6, 7, 9 0, 3, 5, 6, 7, 9 A, IS, ISPU, ISPD A, ISPU, ISPD <BLANK> {{path_t_in}} 2""]","Combined T | TNM Data SEER*RSA
Skip to Main Content
Government Funding Lapse
Because of a lapse in government funding, the information on this website may not be up to date, transactions submitted via the website may not be processed, and the agency may not be able to respond to inquiries until appropriations are enacted. The NIH Clinical Center (the research hospital of NIH) is open. For more details about its operating status, please visit  cc.nih.gov. Updates regarding government operating status and resumption of normal operations can be found at OPM.gov.
Database Version: CS v02.05.50 } } } EOD_PUBLIC v1.0 } } } EOD_PUBLIC v1.1 } } } EOD_PUBLIC v1.2 } } } EOD_PUBLIC v1.3 } } } EOD_PUBLIC v1.4 } } } EOD_PUBLIC v1.5 } } } EOD_PUBLIC v1.6 } } } EOD_PUBLIC v1.7 } } } EOD_PUBLIC v2.0 } } } EOD_PUBLIC v2.1 (NAACCR 2022) } } } EOD_PUBLIC v3.0 (NAACCR 2023) } } } EOD_PUBLIC v3.1 (NAACCR 2024) } } } EOD_PUBLIC v3.2 (NAACCR 2025) } } } EOD_PUBLIC v3.3 (NAACCR 2026) (Beta) } } } PEDIATRIC v1.0 } } } PEDIATRIC v1.1 } } } PEDIATRIC v1.2 (NAACCR 2025) } } } PEDIATRIC v1.3 (NAACCR 2026) (Beta) } } } TNM v1.0 } } } TNM v1.1 } } } TNM v1.2 } } } TNM v1.3 } } } TNM v1.4 } } } TNM v1.5 } } } TNM v1.6 } } } TNM v1.7 } } } TNM v1.8 } } } TNM v1.9 } } } TNM v2.0 } } } TORONTO (now PEDIATRIC) v0.5 } } }
This information is for an older version of TNM. View the latest version
TNM Home Schema List Pancreas Body Tail Combined T
Combined T
Notes
Using clinical and pathologic T, calculate Combined T and Summary Stage T.
<Any value> <Any value> <Any value> <Any value> <Any value> 0, A, IS, ISPU, ISPD, 1, 1MI, 1A, 1A1, 1A2, 1B, 1B1, 1B2, 1C, 1D, 2, 2A, 2A1, 2A2, 2B, 2C, 2D, 3, 3A, 3B, 3C, 3D, 4, 4A, 4B, 4C, 4D, 4E, X, 88 {{combined_t_in}} MATCH
<Any value> <Any value> <Any value> 88 88 <BLANK> 88 9
<Any value> <Any value> <Any value> 88 <Any value> <BLANK> {{path_t_in}} 2
<Any value> <Any value> <Any value> <Any value> 88 <BLANK> {{clin_t_in}} 1
3 <Any value> <Any value> X X, 0 <BLANK> {{clin_t_in}} 1
3 <Any value> <Any value> 0 0 <BLANK> {{clin_t_in}} 1
3 2, 4 <Any value> 0 X <BLANK> {{clin_t_in}} 1
3 <Any value> 2, 4 0 X <BLANK> {{clin_t_in}} 1
3 0, 3, 5, 6, 7, 9 0, 3, 5, 6, 7, 9 0 X <BLANK> {{path_t_in}} 2
3 <Any value> <Any value> A, IS, ISPU, ISPD A, IS, ISPU, ISPD <BLANK> ERROR: Must have value other than Ta, Tis, Tispu, Tispd <BLANK>
3 <Any value> <Any value> A, IS, ISPU, ISPD 0, 1, 1MI, 1A, 1A1, 1A2, 1B, 1B1, 1B2, 1C, 1D, 2, 2A, 2A1, 2A2, 2B, 2C, 2D, 3, 3A, 3B, 3C, 3D, 4, 4A, 4B, 4C, 4D, 4E, X <BLANK> {{path_t_in}} 2
3 <Any value> <Any value> 0, 1, 1MI, 1A, 1A1, 1A2, 1B, 1B1, 1B2, 1C, 1D, 2, 2A, 2A1, 2A2, 2B, 2C, 2D, 3, 3A, 3B, 3C, 3D, 4, 4A, 4B, 4C, 4D, 4E, X A, IS, ISPU, ISPD <BLANK> {{clin_t_in}} 1
2 2, 4 <Any value> 0, 1, 1MI, 1A, 1A1, 1A2, 1B, 1B1, 1B2, 1C, 1D, 2, 2A, 2A1, 2A2, 2B, 2C, 2D, 3, 3A, 3B, 3C, 3D, 4, 4A, 4B, 4C, 4D, 4E, X 0, A, IS, ISPU, ISPD, 1, 1MI, 1A, 1A1, 1A2, 1B, 1B1, 1B2, 1C, 1D, 2, 2A, 2A1, 2A2, 2B, 2C, 2D, 3, 3A, 3B, 3C, 3D, 4, 4A, 4B, 4C, 4D, 4E, X <BLANK> ERROR: Clin T must be Ta, Tis, Tispu, Tispd <BLANK>
2 2, 4 <Any value> A, IS, ISPU, ISPD 0, 1, 1MI, 1A, 1A1, 1A2, 1B, 1B1, 1B2, 1C, 1D, 2, 2A, 2A1, 2A2, 2B, 2C, 2D, 3, 3A, 3B, 3C, 3D, 4, 4A, 4B, 4C, 4D, 4E, X, A <BLANK> {{clin_t_in}} 1
2 2, 4 <Any value> A IS <BLANK> {{path_t_in}} 2
2 2, 4 <Any value> IS, ISPU, ISPD IS <BLANK> {{clin_t_in}} 1
2 2, 4 <Any value> A, IS ISPU <BLANK> {{path_t_in}} 2
2 2, 4 <Any value> ISPU, ISPD ISPU <BLANK> {{clin_t_in}} 1
2 2, 4 <Any value> A, IS, ISPU ISPD <BLANK> {{path_t_in}} 2
2 2, 4 <Any value> ISPD ISPD <BLANK> {{clin_t_in}} 1
2 <Any value> 2, 4 0, 1, 1MI, 1A, 1A1, 1A2, 1B, 1B1, 1B2, 1C, 1D, 2, 2A, 2A1, 2A2, 2B, 2C, 2D, 3, 3A, 3B, 3C, 3D, 4, 4A, 4B, 4C, 4D, 4E, X 0, A, IS, ISPU, ISPD, 1, 1MI, 1A, 1A1, 1A2, 1B, 1B1, 1B2, 1C, 1D, 2, 2A, 2A1, 2A2, 2B, 2C, 2D, 3, 3A, 3B, 3C, 3D, 4, 4A, 4B, 4C, 4D, 4E, X <BLANK> ERROR: Clin T must be Ta, Tis, Tispu, Tispd <BLANK>
2 <Any value> 2, 4 A, IS, ISPU, ISPD 0, 1, 1MI, 1A, 1A1, 1A2, 1B, 1B1, 1B2, 1C, 1D, 2, 2A, 2A1, 2A2, 2B, 2C, 2D, 3, 3A, 3B, 3C, 3D, 4, 4A, 4B, 4C, 4D, 4E, X, A <BLANK> {{clin_t_in}} 1
2 <Any value> 2, 4 A IS <BLANK> {{path_t_in}} 2
2 <Any value> 2, 4 IS, ISPU, ISPD IS <BLANK> {{clin_t_in}} 1
2 <Any value> 2, 4 A, IS ISPU <BLANK> {{path_t_in}} 2
2 <Any value> 2, 4 ISPU, ISPD ISPU <BLANK> {{clin_t_in}} 1
2 <Any value> 2, 4 A, IS, ISPU ISPD <BLANK> {{path_t_in}} 2
2 <Any value> 2, 4 ISPD ISPD <BLANK> {{clin_t_in}} 1
2 0, 3, 5, 6, 7, 9 0, 3, 5, 6, 7, 9 0, 1, 1MI, 1A, 1A1, 1A2, 1B, 1B1, 1B2, 1C, 1D, 2, 2A, 2A1, 2A2, 2B, 2C, 2D, 3, 3A, 3B, 3C, 3D, 4, 4A, 4B, 4C, 4D, 4E, X 0, 1, 1MI, 1A, 1A1, 1A2, 1B, 1B1, 1B2, 1C, 1D, 2, 2A, 2A1, 2A2, 2B, 2C, 2D, 3, 3A, 3B, 3C, 3D, 4, 4A, 4B, 4C, 4D, 4E, X <BLANK> ERROR: Must have Ta, Tis, Tispu, Tispd value <BLANK>
2 0, 3, 5, 6, 7, 9 0, 3, 5, 6, 7, 9 A, IS, ISPU, ISPD X, 0 <BLANK> {{clin_t_in}} 1
2 0, 3, 5, 6, 7, 9 0, 3, 5, 6, 7, 9 X, 0, 1, 1MI, 1A, 1A1, 1A2, 1B, 1B1, 1B2, 1C, 1D, 2, 2A, 2A1, 2A2, 2B, 2C, 2D, 3, 3A, 3B, 3C, 3D, 4, 4A, 4B, 4C, 4D, 4E A, IS, ISPU, ISPD <BLANK> {{path_t_in}} 2
2 0, 3, 5, 6, 7, 9 0, 3, 5, 6, 7, 9 A, IS, ISPU, ISPD 1, 1MI, 1A, 1A1, 1A2, 1B, 1B1, 1B2, 1C, 1D, 2, 2A, 2A1, 2A2, 2B, 2C, 2D, 3, 3A, 3B, 3C, 3D, 4, 4A, 4B, 4C, 4D, 4E, A, ISPU, ISPD <BLANK> {{path_t_in}} 2
2 0, 3, 5, 6, 7, 9 0, 3, 5, 6, 7, 9 A, IS IS <BLANK> {{path_t_in}} 2
2 0, 3, 5, 6, 7, 9 0, 3, 5, 6, 7, 9 ISPU, ISPD IS <BLANK> {{clin_t_in}} 1
3 2, 4 <Any value> X, 0 1, 1MI, 1A, 1A1, 1A2, 1B, 1B1, 1B2, 1C, 1D, 2, 2A, 2A1, 2A2, 2B, 2C, 2D, 3, 3A, 3B, 3C, 3D, 4, 4A, 4B, 4C, 4D, 4E <BLANK> {{clin_t_in}} 1
3 2, 4 <Any value> 1, 1MI, 1A, 1A1, 1A2, 1B, 1B1, 1B2, 1C, 1D, 2, 2A, 2A1, 2A2, 2B, 2C, 2D, 3, 3A, 3B, 3C, 3D, 4, 4A, 4B, 4C, 4D, 4E X, 0, 1 <BLANK> {{clin_t_in}} 1
3 2, 4 <Any value> 1 1MI <BLANK> {{path_t_in}} 2
3 2, 4 <Any value> 1MI, 1A, 1A1, 1A2, 1B, 1B1, 1B2, 1C, 1D, 2, 2A, 2A1, 2A2, 2B, 2C, 2D, 3, 3A, 3B, 3C, 3D, 4, 4A, 4B, 4C, 4D, 4E 1MI <BLANK> {{clin_t_in}} 1
3 2, 4 <Any value> 1, 1MI 1A <BLANK> {{path_t_in}} 2
3 2, 4 <Any value> 1A, 1A1, 1A2, 1B, 1B1, 1B2, 1C, 1D, 2, 2A, 2A1, 2A2, 2B, 2C, 2D, 3, 3A, 3B, 3C, 3D, 4, 4A, 4B, 4C, 4D, 4E 1A <BLANK> {{clin_t_in}} 1
3 2, 4 <Any value> 1, 1MI, 1A 1A1 <BLANK> {{path_t_in}} 2
3 2, 4 <Any value> 1A1, 1A2, 1B, 1B1, 1B2, 1C, 1D, 2, 2A, 2A1, 2A2, 2B, 2C, 2D, 3, 3A, 3B, 3C, 3D, 4, 4A, 4B, 4C, 4D, 4E 1A1 <BLANK> {{clin_t_in}} 1
3 2, 4 <Any value> 1, 1MI, 1A, 1A1 1A2 <BLANK> {{path_t_in}} 2
3 2, 4 <Any value> 1A2, 1B, 1B1, 1B2, 1C, 1D, 2, 2A, 2A1, 2A2, 2B, 2C, 2D, 3, 3A, 3B, 3C, 3D, 4, 4A, 4B, 4C, 4D, 4E 1A2 <BLANK> {{clin_t_in}} 1
3 2, 4 <Any value> 1, 1MI, 1A, 1A1, 1A2 1B <BLANK> {{path_t_in}} 2
3 2, 4 <Any value> 1B, 1B1, 1B2, 1C, 1D, 2, 2A, 2A1, 2A2, 2B, 2C, 2D, 3, 3A, 3B, 3C, 3D, 4, 4A, 4B, 4C, 4D, 4E 1B <BLANK> {{clin_t_in}} 1
3 2, 4 <Any value> 1, 1MI, 1A, 1A1, 1A2, 1B 1B1 <BLANK> {{path_t_in}} 2
3 2, 4 <Any value> 1B1, 1B2, 1C, 1D, 2, 2A, 2A1, 2A2, 2B, 2C, 2D, 3, 3A, 3B, 3C, 3D, 4, 4A, 4B, 4C, 4D, 4E 1B1 <BLANK> {{clin_t_in}} 1
3 2, 4 <Any value> 1, 1MI, 1A, 1A1, 1A2, 1B, 1B1 1B2 <BLANK> {{path_t_in}} 2
3 2, 4 <Any value> 1B2, 1C, 1D, 2, 2A, 2A1, 2A2, 2B, 2C, 2D, 3, 3A, 3B, 3C, 3D, 4, 4A, 4B, 4C, 4D, 4E 1B2 <BLANK> {{clin_t_in}} 1
3 2, 4 <Any value> 1, 1MI, 1A, 1A1, 1A2, 1B, 1B1, 1B2 1C <BLANK> {{path_t_in}} 2
3 2, 4 <Any value> 1C, 1D, 2, 2A, 2A1, 2A2, 2B, 2C, 2D, 3, 3A, 3B, 3C, 3D, 4, 4A, 4B, 4C, 4D, 4E 1C <BLANK> {{clin_t_in}} 1
3 2, 4 <Any value> 1, 1MI, 1A, 1A1, 1A2, 1B, 1B1, 1B2, 1C 1D <BLANK> {{path_t_in}} 2
3 2, 4 <Any value> 1D, 2, 2A, 2A1, 2A2, 2B, 2C, 2D, 3, 3A, 3B, 3C, 3D, 4, 4A, 4B, 4C, 4D, 4E 1D <BLANK> {{clin_t_in}} 1
3 2, 4 <Any value> 1, 1MI, 1A, 1A1, 1A2, 1B, 1B1, 1B2, 1C, 1D 2 <BLANK> {{path_t_in}} 2
3 2, 4 <Any value> 2, 2A, 2A1, 2A2, 2B, 2C, 2D, 3, 3A, 3B, 3C, 3D, 4, 4A, 4B, 4C, 4D, 4E 2 <BLANK> {{clin_t_in}} 1
3 2, 4 <Any value> 1, 1MI, 1A, 1A1, 1A2, 1B, 1B1, 1B2, 1C, 1D, 2 2A <BLANK> {{path_t_in}} 2
3 2, 4 <Any value> 2A, 2A1, 2A2, 2B, 2C, 2D, 3, 3A, 3B, 3C, 3D, 4, 4A, 4B, 4C, 4D, 4E 2A <BLANK> {{clin_t_in}} 1
3 2, 4 <Any value> 1, 1MI, 1A, 1A1, 1A2, 1B, 1B1, 1B2, 1C, 1D, 2, 2A 2A1 <BLANK> {{path_t_in}} 2
3 2, 4 <Any value> 2A1, 2A2, 2B, 2C, 2D, 3, 3A, 3B, 3C, 3D, 4, 4A, 4B, 4C, 4D, 4E 2A1 <BLANK> {{clin_t_in}} 1
3 2, 4 <Any value> 1, 1MI, 1A, 1A1, 1A2, 1B, 1B1, 1B2, 1C, 1D, 2, 2A, 2A1 2A2 <BLANK> {{path_t_in}} 2
3 2, 4 <Any value> 2A2, 2B, 2C, 2D, 3, 3A, 3B, 3C, 3D, 4, 4A, 4B, 4C, 4D, 4E 2A2 <BLANK> {{clin_t_in}} 1
3 2, 4 <Any value> 1, 1MI, 1A, 1A1, 1A2, 1B, 1B1, 1B2, 1C, 1D, 2, 2A, 2A1, 2A2 2B <BLANK> {{path_t_in}} 2
3 2, 4 <Any value> 2B, 2C, 2D, 3, 3A, 3B, 3C, 3D, 4, 4A, 4B, 4C, 4D, 4E 2B <BLANK> {{clin_t_in}} 1
3 2, 4 <Any value> 1, 1MI, 1A, 1A1, 1A2, 1B, 1B1, 1B2, 1C, 1D, 2, 2A, 2A1, 2A2, 2B 2C <BLANK> {{path_t_in}} 2
3 2, 4 <Any value> 2C, 2D, 3, 3A, 3B, 3C, 3D, 4, 4A, 4B, 4C, 4D, 4E 2C <BLANK> {{clin_t_in}} 1
3 2, 4 <Any value> 1, 1MI, 1A, 1A1, 1A2, 1B, 1B1, 1B2, 1C, 1D, 2, 2A, 2A1, 2A2, 2B, 2C 2D <BLANK> {{path_t_in}} 2
3 2, 4 <Any value> 2D, 3, 3A, 3B, 3C, 3D, 4, 4A, 4B, 4C, 4D, 4E 2D <BLANK> {{clin_t_in}} 1
3 2, 4 <Any value> 1, 1MI, 1A, 1A1, 1A2, 1B, 1B1, 1B2, 1C, 1D, 2, 2A, 2A1, 2A2, 2B, 2C, 2D 3 <BLANK> {{path_t_in}} 2
3 2, 4 <Any value> 3, 3A, 3B, 3C, 3D, 4, 4A, 4B, 4C, 4D, 4E 3 <BLANK> {{clin_t_in}} 1
3 2, 4 <Any value> 1, 1MI, 1A, 1A1, 1A2, 1B, 1B1, 1B2, 1C, 1D, 2, 2A, 2A1, 2A2, 2B, 2C, 2D, 3 3A <BLANK> {{path_t_in}} 2
3 2, 4 <Any value> 3A, 3B, 3C, 3D, 4, 4A, 4B, 4C, 4D, 4E 3A <BLANK> {{clin_t_in}} 1
3 2, 4 <Any value> 1, 1MI, 1A, 1A1, 1A2, 1B, 1B1, 1B2, 1C, 1D, 2, 2A, 2A1, 2A2, 2B, 2C, 2D, 3, 3A 3B <BLANK> {{path_t_in}} 2
3 2, 4 <Any value> 3B, 3C, 3D, 4, 4A, 4B, 4C, 4D, 4E 3B <BLANK> {{clin_t_in}} 1
3 2, 4 <Any value> 1, 1MI, 1A, 1A1, 1A2, 1B, 1B1, 1B2, 1C, 1D, 2, 2A, 2A1, 2A2, 2B, 2C, 2D, 3, 3A, 3B 3C <BLANK> {{path_t_in}} 2
3 2, 4 <Any value> 3C, 3D, 4, 4A, 4B, 4C, 4D, 4E 3C <BLANK> {{clin_t_in}} 1
3 2, 4 <Any value> 1, 1MI, 1A, 1A1, 1A2, 1B, 1B1, 1B2, 1C, 1D, 2, 2A, 2A1, 2A2, 2B, 2C, 2D, 3, 3A, 3B, 3C 3D <BLANK> {{path_t_in}} 2
3 2, 4 <Any value> 3D, 4, 4A, 4B, 4C, 4D, 4E 3D <BLANK> {{clin_t_in}} 1
3 2, 4 <Any value> 1, 1MI, 1A, 1A1, 1A2, 1B, 1B1, 1B2, 1C, 1D, 2, 2A, 2A1, 2A2, 2B, 2C, 2D, 3, 3A, 3B, 3C, 3D 4 <BLANK> {{path_t_in}} 2
3 2, 4 <Any value> 4, 4A, 4B, 4C, 4D, 4E 4 <BLANK> {{clin_t_in}} 1
3 2, 4 <Any value> 1, 1MI, 1A, 1A1, 1A2, 1B, 1B1, 1B2, 1C, 1D, 2, 2A, 2A1, 2A2, 2B, 2C, 2D, 3, 3A, 3B, 3C, 3D, 4 4A <BLANK> {{path_t_in}} 2
3 2, 4 <Any value> 4A, 4B, 4C, 4D, 4E 4A <BLANK> {{clin_t_in}} 1
3 2, 4 <Any value> 1, 1MI, 1A, 1A1, 1A2, 1B, 1B1, 1B2, 1C, 1D, 2, 2A, 2A1, 2A2, 2B, 2C, 2D, 3, 3A, 3B, 3C, 3D, 4, 4A 4B <BLANK> {{path_t_in}} 2
3 2, 4 <Any value> 4B, 4C, 4D, 4E 4B <BLANK> {{clin_t_in}} 1
3 2, 4 <Any value> 1, 1MI, 1A, 1A1, 1A2, 1B, 1B1, 1B2, 1C, 1D, 2, 2A, 2A1, 2A2, 2B, 2C, 2D, 3, 3A, 3B, 3C, 3D, 4, 4A, 4B 4C <BLANK> {{path_t_in}} 2
3 2, 4 <Any value> 4C, 4D, 4E 4C <BLANK> {{clin_t_in}} 1
3 2, 4 <Any value> 1, 1MI, 1A, 1A1, 1A2, 1B, 1B1, 1B2, 1C, 1D, 2, 2A, 2A1, 2A2, 2B, 2C, 2D, 3, 3A, 3B, 3C, 3D, 4, 4A, 4B, 4C 4D <BLANK> {{path_t_in}} 2
3 2, 4 <Any value> 4D, 4E 4D <BLANK> {{clin_t_in}} 1
3 2, 4 <Any value> 1, 1MI, 1A, 1A1, 1A2, 1B, 1B1, 1B2, 1C, 1D, 2, 2A, 2A1, 2A2, 2B, 2C, 2D, 3, 3A, 3B, 3C, 3D, 4, 4A, 4B, 4C, 4D 4E <BLANK> {{path_t_in}} 2
3 2, 4 <Any value> 4E 4E <BLANK> {{clin_t_in}} 1
3 <Any value> 2, 4 X, 0 1, 1MI, 1A, 1A1, 1A2, 1B, 1B1, 1B2, 1C, 1D, 2, 2A, 2A1, 2A2, 2B, 2C, 2D, 3, 3A, 3B, 3C, 3D, 4, 4A, 4B, 4C, 4D, 4E <BLANK> {{clin_t_in}} 1
3 <Any value> 2, 4 1, 1MI, 1A, 1A1, 1A2, 1B, 1B1, 1B2, 1C, 1D, 2, 2A, 2A1, 2A2, 2B, 2C, 2D, 3, 3A, 3B, 3C, 3D, 4, 4A, 4B, 4C, 4D, 4E X, 0, 1 <BLANK> {{clin_t_in}} 1
3 <Any value> 2, 4 1 1MI <BLANK> {{path_t_in}} 2
3 <Any value> 2, 4 1MI, 1A, 1A1, 1A2, 1B, 1B1, 1B2, 1C, 1D, 2, 2A, 2A1, 2A2, 2B, 2C, 2D, 3, 3A, 3B, 3C, 3D, 4, 4A, 4B, 4C, 4D, 4E 1MI <BLANK> {{clin_t_in}} 1
3 <Any value> 2, 4 1, 1MI 1A <BLANK> {{path_t_in}} 2
3 <Any value> 2, 4 1A, 1A1, 1A2, 1B, 1B1, 1B2, 1C, 1D, 2, 2A, 2A1, 2A2, 2B, 2C, 2D, 3, 3A, 3B, 3C, 3D, 4, 4A, 4B, 4C, 4D, 4E 1A <BLANK> {{clin_t_in}} 1
3 <Any value> 2, 4 1, 1MI, 1A 1A1 <BLANK> {{path_t_in}} 2
3 <Any value> 2, 4 1A1, 1A2, 1B, 1B1, 1B2, 1C, 1D, 2, 2A, 2A1, 2A2, 2B, 2C, 2D, 3, 3A, 3B, 3C, 3D, 4, 4A, 4B, 4C, 4D, 4E 1A1 <BLANK> {{clin_t_in}} 1
3 <Any value> 2, 4 1, 1MI, 1A, 1A1 1A2 <BLANK> {{path_t_in}} 2
3 <Any value> 2, 4 1A2, 1B, 1B1, 1B2, 1C, 1D, 2, 2A, 2A1, 2A2, 2B, 2C, 2D, 3, 3A, 3B, 3C, 3D, 4, 4A, 4B, 4C, 4D, 4E 1A2 <BLANK> {{clin_t_in}} 1
3 <Any value> 2, 4 1, 1MI, 1A, 1A1, 1A2 1B <BLANK> {{path_t_in}} 2
3 <Any value> 2, 4 1B, 1B1, 1B2, 1C, 1D, 2, 2A, 2A1, 2A2, 2B, 2C, 2D, 3, 3A, 3B, 3C, 3D, 4, 4A, 4B, 4C, 4D, 4E 1B <BLANK> {{clin_t_in}} 1
3 <Any value> 2, 4 1, 1MI, 1A, 1A1, 1A2, 1B 1B1 <BLANK> {{path_t_in}} 2
3 <Any value> 2, 4 1B1, 1B2, 1C, 1D, 2, 2A, 2A1, 2A2, 2B, 2C, 2D, 3, 3A, 3B, 3C, 3D, 4, 4A, 4B, 4C, 4D, 4E 1B1 <BLANK> {{clin_t_in}} 1
3 <Any value> 2, 4 1, 1MI, 1A, 1A1, 1A2, 1B, 1B1 1B2 <BLANK> {{path_t_in}} 2
3 <Any value> 2, 4 1B2, 1C, 1D, 2, 2A, 2A1, 2A2, 2B, 2C, 2D, 3, 3A, 3B, 3C, 3D, 4, 4A, 4B, 4C, 4D, 4E 1B2 <BLANK> {{clin_t_in}} 1
3 <Any value> 2, 4 1, 1MI, 1A, 1A1, 1A2, 1B, 1B1, 1B2 1C <BLANK> {{path_t_in}} 2
3 <Any value> 2, 4 1C, 1D, 2, 2A, 2A1, 2A2, 2B, 2C, 2D, 3, 3A, 3B, 3C, 3D, 4, 4A, 4B, 4C, 4D, 4E 1C <BLANK> {{clin_t_in}} 1
3 <Any value> 2, 4 1, 1MI, 1A, 1A1, 1A2, 1B, 1B1, 1B2, 1C 1D <BLANK> {{path_t_in}} 2
3 <Any value> 2, 4 1D, 2, 2A, 2A1, 2A2, 2B, 2C, 2D, 3, 3A, 3B, 3C, 3D, 4, 4A, 4B, 4C, 4D, 4E 1D <BLANK> {{clin_t_in}} 1
3 <Any value> 2, 4 1, 1MI, 1A, 1A1, 1A2, 1B, 1B1, 1B2, 1C, 1D 2 <BLANK> {{path_t_in}} 2
3 <Any value> 2, 4 2, 2A, 2A1, 2A2, 2B, 2C, 2D, 3, 3A, 3B, 3C, 3D, 4, 4A, 4B, 4C, 4D, 4E 2 <BLANK> {{clin_t_in}} 1
3 <Any value> 2, 4 1, 1MI, 1A, 1A1, 1A2, 1B, 1B1, 1B2, 1C, 1D, 2 2A <BLANK> {{path_t_in}} 2
3 <Any value> 2, 4 2A, 2A1, 2A2, 2B, 2C, 2D, 3, 3A, 3B, 3C, 3D, 4, 4A, 4B, 4C, 4D, 4E 2A <BLANK> {{clin_t_in}} 1
3 <Any value> 2, 4 1, 1MI, 1A, 1A1, 1A2, 1B, 1B1, 1B2, 1C, 1D, 2, 2A 2A1 <BLANK> {{path_t_in}} 2
3 <Any value> 2, 4 2A1, 2A2, 2B, 2C, 2D, 3, 3A, 3B, 3C, 3D, 4, 4A, 4B, 4C, 4D, 4E 2A1 <BLANK> {{clin_t_in}} 1
3 <Any value> 2, 4 1, 1MI, 1A, 1A1, 1A2, 1B, 1B1, 1B2, 1C, 1D, 2, 2A, 2A1 2A2 <BLANK> {{path_t_in}} 2
3 <Any value> 2, 4 2A2, 2B, 2C, 2D, 3, 3A, 3B, 3C, 3D, 4, 4A, 4B, 4C, 4D, 4E 2A2 <BLANK> {{clin_t_in}} 1
3 <Any value> 2, 4 1, 1MI, 1A, 1A1, 1A2, 1B, 1B1, 1B2, 1C, 1D, 2, 2A, 2A1, 2A2 2B <BLANK> {{path_t_in}} 2
3 <Any value> 2, 4 2B, 2C, 2D, 3, 3A, 3B, 3C, 3D, 4, 4A, 4B, 4C, 4D, 4E 2B <BLANK> {{clin_t_in}} 1
3 <Any value> 2, 4 1, 1MI, 1A, 1A1, 1A2, 1B, 1B1, 1B2, 1C, 1D, 2, 2A, 2A1, 2A2, 2B 2C <BLANK> {{path_t_in}} 2
3 <Any value> 2, 4 2C, 2D, 3, 3A, 3B, 3C, 3D, 4, 4A, 4B, 4C, 4D, 4E 2C <BLANK> {{clin_t_in}} 1
3 <Any value> 2, 4 1, 1MI, 1A, 1A1, 1A2, 1B, 1B1, 1B2, 1C, 1D, 2, 2A, 2A1, 2A2, 2B, 2C 2D <BLANK> {{path_t_in}} 2
3 <Any value> 2, 4 2D, 3, 3A, 3B, 3C, 3D, 4, 4A, 4B, 4C, 4D, 4E 2D <BLANK> {{clin_t_in}} 1
3 <Any value> 2, 4 1, 1MI, 1A, 1A1, 1A2, 1B, 1B1, 1B2, 1C, 1D, 2, 2A, 2A1, 2A2, 2B, 2C, 2D 3 <BLANK> {{path_t_in}} 2
3 <Any value> 2, 4 3, 3A, 3B, 3C, 3D, 4, 4A, 4B, 4C, 4D, 4E 3 <BLANK> {{clin_t_in}} 1
3 <Any value> 2, 4 1, 1MI, 1A, 1A1, 1A2, 1B, 1B1, 1B2, 1C, 1D, 2, 2A, 2A1, 2A2, 2B, 2C, 2D, 3 3A <BLANK> {{path_t_in}} 2
3 <Any value> 2, 4 3A, 3B, 3C, 3D, 4, 4A, 4B, 4C, 4D, 4E 3A <BLANK> {{clin_t_in}} 1
3 <Any value> 2, 4 1, 1MI, 1A, 1A1, 1A2, 1B, 1B1, 1B2, 1C, 1D, 2, 2A, 2A1, 2A2, 2B, 2C, 2D, 3, 3A 3B <BLANK> {{path_t_in}} 2
3 <Any value> 2, 4 3B, 3C, 3D, 4, 4A, 4B, 4C, 4D, 4E 3B <BLANK> {{clin_t_in}} 1
3 <Any value> 2, 4 1, 1MI, 1A, 1A1, 1A2, 1B, 1B1, 1B2, 1C, 1D, 2, 2A, 2A1, 2A2, 2B, 2C, 2D, 3, 3A, 3B 3C <BLANK> {{path_t_in}} 2
3 <Any value> 2, 4 3C, 3D, 4, 4A, 4B, 4C, 4D, 4E 3C <BLANK> {{clin_t_in}} 1
3 <Any value> 2, 4 1, 1MI, 1A, 1A1, 1A2, 1B, 1B1, 1B2, 1C, 1D, 2, 2A, 2A1, 2A2, 2B, 2C, 2D, 3, 3A, 3B, 3C 3D <BLANK> {{path_t_in}} 2
3 <Any value> 2, 4 3D, 4, 4A, 4B, 4C, 4D, 4E 3D <BLANK> {{clin_t_in}} 1
3 <Any value> 2, 4 1, 1MI, 1A, 1A1, 1A2, 1B, 1B1, 1B2, 1C, 1D, 2, 2A, 2A1, 2A2, 2B, 2C, 2D, 3, 3A, 3B, 3C, 3D 4 <BLANK> {{path_t_in}} 2
3 <Any value> 2, 4 4, 4A, 4B, 4C, 4D, 4E 4 <BLANK> {{clin_t_in}} 1
3 <Any value> 2, 4 1, 1MI, 1A, 1A1, 1A2, 1B, 1B1, 1B2, 1C, 1D, 2, 2A, 2A1, 2A2, 2B, 2C, 2D, 3, 3A, 3B, 3C, 3D, 4 4A <BLANK> {{path_t_in}} 2
3 <Any value> 2, 4 4A, 4B, 4C, 4D, 4E 4A <BLANK> {{clin_t_in}} 1
3 <Any value> 2, 4 1, 1MI, 1A, 1A1, 1A2, 1B, 1B1, 1B2, 1C, 1D, 2, 2A, 2A1, 2A2, 2B, 2C, 2D, 3, 3A, 3B, 3C, 3D, 4, 4A 4B <BLANK> {{path_t_in}} 2
3 <Any value> 2, 4 4B, 4C, 4D, 4E 4B <BLANK> {{clin_t_in}} 1
3 <Any value> 2, 4 1, 1MI, 1A, 1A1, 1A2, 1B, 1B1, 1B2, 1C, 1D, 2, 2A, 2A1, 2A2, 2B, 2C, 2D, 3, 3A, 3B, 3C, 3D, 4, 4A, 4B 4C <BLANK> {{path_t_in}} 2
3 <Any value> 2, 4 4C, 4D, 4E 4C <BLANK> {{clin_t_in}} 1
3 <Any value> 2, 4 1, 1MI, 1A, 1A1, 1A2, 1B, 1B1, 1B2, 1C, 1D, 2, 2A, 2A1, 2A2, 2B, 2C, 2D, 3, 3A, 3B, 3C, 3D, 4, 4A, 4B, 4C 4D <BLANK> {{path_t_in}} 2
3 <Any value> 2, 4 4D, 4E 4D <BLANK> {{clin_t_in}} 1
3 <Any value> 2, 4 1, 1MI, 1A, 1A1, 1A2, 1B, 1B1, 1B2, 1C, 1D, 2, 2A, 2A1, 2A2, 2B, 2C, 2D, 3, 3A, 3B, 3C, 3D, 4, 4A, 4B, 4C, 4D 4E <BLANK> {{path_t_in}} 2
3 <Any value> 2, 4 4E 4E <BLANK> {{clin_t_in}} 1
3 0, 3, 5, 6, 7, 9 0, 3, 5, 6, 7, 9 1, 1MI, 1A, 1A1, 1A2, 1B, 1B1, 1B2, 1C, 1D, 2, 2A, 2A1, 2A2, 2B, 2C, 2D, 3, 3A, 3B, 3C, 3D, 4, 4A, 4B, 4C, 4D, 4E X, 0 <BLANK> {{clin_t_in}} 1
3 0, 3, 5, 6, 7, 9 0, 3, 5, 6, 7, 9 X, 0 1, 1MI, 1A, 1A1, 1A2, 1B, 1B1, 1B2, 1C, 1D, 2, 2A, 2A1, 2A2, 2B, 2C, 2D, 3, 3A, 3B, 3C, 3D, 4, 4A, 4B, 4C, 4D, 4E <BLANK> {{path_t_in}} 2
3 0, 3, 5, 6, 7, 9 0, 3, 5, 6, 7, 9 1MI, 1A, 1A1, 1A2, 1B, 1B1, 1B2, 1C, 1D 1 <BLANK> {{clin_t_in}} 1
3 0, 3, 5, 6, 7, 9 0, 3, 5, 6, 7, 9 1, 2, 2A, 2A1, 2A2, 2B, 2C, 2D, 3, 3A, 3B, 3C, 3D, 4, 4A, 4B, 4C, 4D, 4E 1 <BLANK> {{path_t_in}} 2
3 0, 3, 5, 6, 7, 9 0, 3, 5, 6, 7, 9 1, 1MI, 1A, 1A1, 1A2, 1B, 1B1, 1B2, 1C, 1D, 2, 2A, 2A1, 2A2, 2B, 2C, 2D, 3, 3A, 3B, 3C, 3D, 4, 4A, 4B, 4C, 4D, 4E 1MI, 1A1, 1A2, 1B1, 1B2, 1C, 1D, 2A1, 2A2, 2B, 2C, 2D, 3A, 3B, 3C, 3D, 4A, 4B, 4C, 4D, 4E <BLANK> {{path_t_in}} 2
3 0, 3, 5, 6, 7, 9 0, 3, 5, 6, 7, 9 1A1, 1A2 1A <BLANK> {{clin_t_in}} 1
3 0, 3, 5, 6, 7, 9 0, 3, 5, 6, 7, 9 1, 1MI, 1A, 1B, 1B1, 1B2, 1C, 1D, 2, 2A, 2A1, 2A2, 2B, 2C, 2D, 3, 3A, 3B, 3C, 3D, 4, 4A, 4B, 4C, 4D, 4E 1A <BLANK> {{path_t_in}} 2
3 0, 3, 5, 6, 7, 9 0, 3, 5, 6, 7, 9 1B1, 1B2 1B <BLANK> {{clin_t_in}} 1
3 0, 3, 5, 6, 7, 9 0, 3, 5, 6, 7, 9 1, 1MI, 1A, 1A1, 1A2, 1B, 1C, 1D, 2, 2A, 2A1, 2A2, 2B, 2C, 2D, 3, 3A, 3B, 3C, 3D, 4, 4A, 4B, 4C, 4D, 4E 1B <BLANK> {{path_t_in}} 2
3 0, 3, 5, 6, 7, 9 0, 3, 5, 6, 7, 9 2A, 2A1, 2A2, 2B, 2C, 2D 2 <BLANK> {{clin_t_in}} 1
3 0, 3, 5, 6, 7, 9 0, 3, 5, 6, 7, 9 1, 1MI, 1A, 1A1, 1A2, 1B, 1B1, 1B2, 1C, 1D, 2, 3, 3A, 3B, 3C, 3D, 4, 4A, 4B, 4C, 4D, 4E 2 <BLANK> {{path_t_in}} 2
3 0, 3, 5, 6, 7, 9 0, 3, 5, 6, 7, 9 2A1, 2A2 2A <BLANK> {{clin_t_in}} 1
3 0, 3, 5, 6, 7, 9 0, 3, 5, 6, 7, 9 1, 1MI, 1A, 1A1, 1A2, 1B, 1B1, 1B2, 1C, 1D, 2, 2A, 2B, 2C, 2D, 3, 3A, 3B, 3C, 3D, 4, 4A, 4B, 4C, 4D, 4E 2A <BLANK> {{path_t_in}} 2
3 0, 3, 5, 6, 7, 9 0, 3, 5, 6, 7, 9 3A, 3B, 3C, 3D 3 <BLANK> {{clin_t_in}} 1
3 0, 3, 5, 6, 7, 9 0, 3, 5, 6, 7, 9 1, 1MI, 1A, 1A1, 1A2, 1B, 1B1, 1B2, 1C, 1D, 2, 2A, 2A1, 2A2, 2B, 2C, 2D, 3, 4, 4A, 4B, 4C, 4D, 4E 3 <BLANK> {{path_t_in}} 2
3 0, 3, 5, 6, 7, 9 0, 3, 5, 6, 7, 9 4A, 4B, 4C, 4D, 4E 4 <BLANK> {{clin_t_in}} 1
3 0, 3, 5, 6, 7, 9 0, 3, 5, 6, 7, 9 1, 1MI, 1A, 1A1, 1A2, 1B, 1B1, 1B2, 1C, 1D, 2, 2A, 2A1, 2A2, 2B, 2C, 2D, 3, 3A, 3B, 3C, 3D, 4 4 <BLANK> {{path_t_in}} 2
<Any value> <Any value> <Any value> <Any value> <Any value> 0, A, IS, ISPU, ISPD, 1, 1MI, 1A, 1A1, 1A2, 1B, 1B1, 1B2, 1C, 1D, 2, 2A, 2A1, 2A2, 2B, 2C, 2D, 3, 3A, 3B, 3C, 3D, 4, 4A, 4B, 4C, 4D, 4E, X, 88 {{combined_t_in}} MATCH
<Any value> <Any value> <Any value> 88 88 <BLANK> 88 9
<Any value> <Any value> <Any value> 88 <Any value> <BLANK> {{path_t_in}} 2
<Any value> <Any value> <Any value> <Any value> 88 <BLANK> {{clin_t_in}} 1
3 <Any value> <Any value> X X <BLANK> {{clin_t_in}} 1
3 <Any value> <Any value> 0 0 <BLANK> {{clin_t_in}} 1
3 <Any value> <Any value> X 0 <BLANK> {{clin_t_in}} 1
3 2, 4 <Any value> 0 X <BLANK> {{clin_t_in}} 1
3 <Any value> 2, 4 0 X <BLANK> {{clin_t_in}} 1
3 0, 3, 5, 6, 7, 9 0, 3, 5, 6, 7, 9 0 X <BLANK> {{path_t_in}} 2
3 <Any value> <Any value> A, IS, ISPU, ISPD A, IS, ISPU, ISPD <BLANK> ERROR: Must have value other than Ta, Tis, Tispu, Tispd <BLANK>
3 <Any value> <Any value> A, IS, ISPU, ISPD 0, 1, 1MI, 1A, 1A1, 1A2, 1B, 1B1, 1B2, 1C, 1D, 2, 2A, 2A1, 2A2, 2B, 2C, 2D, 3, 3A, 3B, 3C, 3D, 4, 4A, 4B, 4C, 4D, 4E, X <BLANK> {{path_t_in}} 2
3 <Any value> <Any value> 0, 1, 1MI, 1A, 1A1, 1A2, 1B, 1B1, 1B2, 1C, 1D, 2, 2A, 2A1, 2A2, 2B, 2C, 2D, 3, 3A, 3B, 3C, 3D, 4, 4A, 4B, 4C, 4D, 4E, X A, IS, ISPU, ISPD <BLANK> {{clin_t_in}} 1
2 2, 4 <Any value> 0, 1, 1MI, 1A, 1A1, 1A2, 1B, 1B1, 1B2, 1C, 1D, 2, 2A, 2A1, 2A2, 2B, 2C, 2D, 3, 3A, 3B, 3C, 3D, 4, 4A, 4B, 4C, 4D, 4E, X 0, A, IS, ISPU, ISPD, 1, 1MI, 1A, 1A1, 1A2, 1B, 1B1, 1B2, 1C, 1D, 2, 2A, 2A1, 2A2, 2B, 2C, 2D, 3, 3A, 3B, 3C, 3D, 4, 4A, 4B, 4C, 4D, 4E, X <BLANK> ERROR: Clin T must be Ta, Tis, Tispu, Tispd <BLANK>
2 2, 4 <Any value> A, IS, ISPU, ISPD 0, 1, 1MI, 1A, 1A1, 1A2, 1B, 1B1, 1B2, 1C, 1D, 2, 2A, 2A1, 2A2, 2B, 2C, 2D, 3, 3A, 3B, 3C, 3D, 4, 4A, 4B, 4C, 4D, 4E, X <BLANK> {{clin_t_in}} 1
2 2, 4 <Any value> A, IS, ISPU, ISPD A <BLANK> {{clin_t_in}} 1
2 2, 4 <Any value> A IS <BLANK> {{path_t_in}} 2
2 2, 4 <Any value> IS, ISPU, ISPD IS <BLANK> {{clin_t_in}} 1
2 2, 4 <Any value> A, IS ISPU <BLANK> {{path_t_in}} 2
2 2, 4 <Any value> ISPU, ISPD ISPU <BLANK> {{clin_t_in}} 1
2 2, 4 <Any value> A, IS, ISPU ISPD <BLANK> {{path_t_in}} 2
2 2, 4 <Any value> ISPD ISPD <BLANK> {{clin_t_in}} 1
2 <Any value> 2, 4 0, 1, 1MI, 1A, 1A1, 1A2, 1B, 1B1, 1B2, 1C, 1D, 2, 2A, 2A1, 2A2, 2B, 2C, 2D, 3, 3A, 3B, 3C, 3D, 4, 4A, 4B, 4C, 4D, 4E, X 0, A, IS, ISPU, ISPD, 1, 1MI, 1A, 1A1, 1A2, 1B, 1B1, 1B2, 1C, 1D, 2, 2A, 2A1, 2A2, 2B, 2C, 2D, 3, 3A, 3B, 3C, 3D, 4, 4A, 4B, 4C, 4D, 4E, X <BLANK> ERROR: Clin T must be Ta, Tis, Tispu, Tispd <BLANK>
2 <Any value> 2, 4 A, IS, ISPU, ISPD 0, 1, 1MI, 1A, 1A1, 1A2, 1B, 1B1, 1B2, 1C, 1D, 2, 2A, 2A1, 2A2, 2B, 2C, 2D, 3, 3A, 3B, 3C, 3D, 4, 4A, 4B, 4C, 4D, 4E, X <BLANK> {{clin_t_in}} 1
2 <Any value> 2, 4 A, IS, ISPU, ISPD A <BLANK> {{clin_t_in}} 1
2 <Any value> 2, 4 A IS <BLANK> {{path_t_in}} 2
2 <Any value> 2, 4 IS, ISPU, ISPD IS <BLANK> {{clin_t_in}} 1
2 <Any value> 2, 4 A, IS ISPU <BLANK> {{path_t_in}} 2
2 <Any value> 2, 4 ISPU, ISPD ISPU <BLANK> {{clin_t_in}} 1
2 <Any value> 2, 4 A, IS, ISPU ISPD <BLANK> {{path_t_in}} 2
2 <Any value> 2, 4 ISPD ISPD <BLANK> {{clin_t_in}} 1
2 0, 3, 5, 6, 7, 9 0, 3, 5, 6, 7, 9 0, 1, 1MI, 1A, 1A1, 1A2, 1B, 1B1, 1B2, 1C, 1D, 2, 2A, 2A1, 2A2, 2B, 2C, 2D, 3, 3A, 3B, 3C, 3D, 4, 4A, 4B, 4C, 4D, 4E, X 0, 1, 1MI, 1A, 1A1, 1A2, 1B, 1B1, 1B2, 1C, 1D, 2, 2A, 2A1, 2A2, 2B, 2C, 2D, 3, 3A, 3B, 3C, 3D, 4, 4A, 4B, 4C, 4D, 4E, X <BLANK> ERROR: Must have Ta, Tis, Tispu, Tispd value <BLANK>
2 0, 3, 5, 6, 7, 9 0, 3, 5, 6, 7, 9 A, IS, ISPU, ISPD X, 0 <BLANK> {{clin_t_in}} 1
2 0, 3, 5, 6, 7, 9 0, 3, 5, 6, 7, 9 X, 0 A, IS, ISPU, ISPD <BLANK> {{path_t_in}} 2
2 0, 3, 5, 6, 7, 9 0, 3, 5, 6, 7, 9 A, IS, ISPU, ISPD 1, 1MI, 1A, 1A1, 1A2, 1B, 1B1, 1B2, 1C, 1D, 2, 2A, 2A1, 2A2, 2B, 2C, 2D, 3, 3A, 3B, 3C, 3D, 4, 4A, 4B, 4C, 4D, 4E <BLANK> {{path_t_in}} 2
2 0, 3, 5, 6, 7, 9 0, 3, 5, 6, 7, 9 1, 1MI, 1A, 1A1, 1A2, 1B, 1B1, 1B2, 1C, 1D, 2, 2A, 2A1, 2A2, 2B, 2C, 2D, 3, 3A, 3B, 3C, 3D, 4, 4A, 4B, 4C, 4D, 4E A, IS, ISPU, ISPD <BLANK> {{path_t_in}} 2
2 0, 3, 5, 6, 7, 9 0, 3, 5, 6, 7, 9 A, IS, ISPU, ISPD A, ISPU, ISPD <BLANK> {{path_t_in}} 2
2 0, 3, 5, 6, 7, 9 0, 3, 5, 6, 7, 9 A, IS IS <BLANK> {{path_t_in}} 2
2 0, 3, 5, 6, 7, 9 0, 3, 5, 6, 7, 9 ISPU, ISPD IS <BLANK> {{clin_t_in}} 1
3 2, 4 <Any value> X, 0 1, 1MI, 1A, 1A1, 1A2, 1B, 1B1, 1B2, 1C, 1D, 2, 2A, 2A1, 2A2, 2B, 2C, 2D, 3, 3A, 3B, 3C, 3D, 4, 4A, 4B, 4C, 4D, 4E <BLANK> {{clin_t_in}} 1
3 2, 4 <Any value> 1, 1MI, 1A, 1A1, 1A2, 1B, 1B1, 1B2, 1C, 1D, 2, 2A, 2A1, 2A2, 2B, 2C, 2D, 3, 3A, 3B, 3C, 3D, 4, 4A, 4B, 4C, 4D, 4E X, 0 <BLANK> {{clin_t_in}} 1
3 2, 4 <Any value> 1, 1MI, 1A, 1A1, 1A2, 1B, 1B1, 1B2, 1C, 1D, 2, 2A, 2A1, 2A2, 2B, 2C, 2D, 3, 3A, 3B, 3C, 3D, 4, 4A, 4B, 4C, 4D, 4E 1 <BLANK> {{clin_t_in}} 1
3 2, 4 <Any value> 1 1MI <BLANK> {{path_t_in}} 2
3 2, 4 <Any value> 1MI, 1A, 1A1, 1A2, 1B, 1B1, 1B2, 1C, 1D, 2, 2A, 2A1, 2A2, 2B, 2C, 2D, 3, 3A, 3B, 3C, 3D, 4, 4A, 4B, 4C, 4D, 4E 1MI <BLANK> {{clin_t_in}} 1
3 2, 4 <Any value> 1, 1MI 1A <BLANK> {{path_t_in}} 2
3 2, 4 <Any value> 1A, 1A1, 1A2, 1B, 1B1, 1B2, 1C, 1D, 2, 2A, 2A1, 2A2, 2B, 2C, 2D, 3, 3A, 3B, 3C, 3D, 4, 4A, 4B, 4C, 4D, 4E 1A <BLANK> {{clin_t_in}} 1
3 2, 4 <Any value> 1, 1MI, 1A 1A1 <BLANK> {{path_t_in}} 2
3 2, 4 <Any value> 1A1, 1A2, 1B, 1B1, 1B2, 1C, 1D, 2, 2A, 2A1, 2A2, 2B, 2C, 2D, 3, 3A, 3B, 3C, 3D, 4, 4A, 4B, 4C, 4D, 4E 1A1 <BLANK> {{clin_t_in}} 1
3 2, 4 <Any value> 1, 1MI, 1A, 1A1 1A2 <BLANK> {{path_t_in}} 2
3 2, 4 <Any value> 1A2, 1B, 1B1, 1B2, 1C, 1D, 2, 2A, 2A1, 2A2, 2B, 2C, 2D, 3, 3A, 3B, 3C, 3D, 4, 4A, 4B, 4C, 4D, 4E 1A2 <BLANK> {{clin_t_in}} 1
3 2, 4 <Any value> 1, 1MI, 1A, 1A1, 1A2 1B <BLANK> {{path_t_in}} 2
3 2, 4 <Any value> 1B, 1B1, 1B2, 1C, 1D, 2, 2A, 2A1, 2A2, 2B, 2C, 2D, 3, 3A, 3B, 3C, 3D, 4, 4A, 4B, 4C, 4D, 4E 1B <BLANK> {{clin_t_in}} 1
3 2, 4 <Any value> 1, 1MI, 1A, 1A1, 1A2, 1B 1B1 <BLANK> {{path_t_in}} 2
3 2, 4 <Any value> 1B1, 1B2, 1C, 1D, 2, 2A, 2A1, 2A2, 2B, 2C, 2D, 3, 3A, 3B, 3C, 3D, 4, 4A, 4B, 4C, 4D, 4E 1B1 <BLANK> {{clin_t_in}} 1
3 2, 4 <Any value> 1, 1MI, 1A, 1A1, 1A2, 1B, 1B1 1B2 <BLANK> {{path_t_in}} 2
3 2, 4 <Any value> 1B2, 1C, 1D, 2, 2A, 2A1, 2A2, 2B, 2C, 2D, 3, 3A, 3B, 3C, 3D, 4, 4A, 4B, 4C, 4D, 4E 1B2 <BLANK> {{clin_t_in}} 1
3 2, 4 <Any value> 1, 1MI, 1A, 1A1, 1A2, 1B, 1B1, 1B2 1C <BLANK> {{path_t_in}} 2
3 2, 4 <Any value> 1C, 1D, 2, 2A, 2A1, 2A2, 2B, 2C, 2D, 3, 3A, 3B, 3C, 3D, 4, 4A, 4B, 4C, 4D, 4E 1C <BLANK> {{clin_t_in}} 1
3 2, 4 <Any value> 1, 1MI, 1A, 1A1, 1A2, 1B, 1B1, 1B2, 1C 1D <BLANK> {{path_t_in}} 2
3 2, 4 <Any value> 1D, 2, 2A, 2A1, 2A2, 2B, 2C, 2D, 3, 3A, 3B, 3C, 3D, 4, 4A, 4B, 4C, 4D, 4E 1D <BLANK> {{clin_t_in}} 1
3 2, 4 <Any value> 1, 1MI, 1A, 1A1, 1A2, 1B, 1B1, 1B2, 1C, 1D 2 <BLANK> {{path_t_in}} 2
3 2, 4 <Any value> 2, 2A, 2A1, 2A2, 2B, 2C, 2D, 3, 3A, 3B, 3C, 3D, 4, 4A, 4B, 4C, 4D, 4E 2 <BLANK> {{clin_t_in}} 1
3 2, 4 <Any value> 1, 1MI, 1A, 1A1, 1A2, 1B, 1B1, 1B2, 1C, 1D, 2 2A <BLANK> {{path_t_in}} 2
3 2, 4 <Any value> 2A, 2A1, 2A2, 2B, 2C, 2D, 3, 3A, 3B, 3C, 3D, 4, 4A, 4B, 4C, 4D, 4E 2A <BLANK> {{clin_t_in}} 1
3 2, 4 <Any value> 1, 1MI, 1A, 1A1, 1A2, 1B, 1B1, 1B2, 1C, 1D, 2, 2A 2A1 <BLANK> {{path_t_in}} 2
3 2, 4 <Any value> 2A1, 2A2, 2B, 2C, 2D, 3, 3A, 3B, 3C, 3D, 4, 4A, 4B, 4C, 4D, 4E 2A1 <BLANK> {{clin_t_in}} 1
3 2, 4 <Any value> 1, 1MI, 1A, 1A1, 1A2, 1B, 1B1, 1B2, 1C, 1D, 2, 2A, 2A1 2A2 <BLANK> {{path_t_in}} 2
3 2, 4 <Any value> 2A2, 2B, 2C, 2D, 3, 3A, 3B, 3C, 3D, 4, 4A, 4B, 4C, 4D, 4E 2A2 <BLANK> {{clin_t_in}} 1
3 2, 4 <Any value> 1, 1MI, 1A, 1A1, 1A2, 1B, 1B1, 1B2, 1C, 1D, 2, 2A, 2A1, 2A2 2B <BLANK> {{path_t_in}} 2
3 2, 4 <Any value> 2B, 2C, 2D, 3, 3A, 3B, 3C, 3D, 4, 4A, 4B, 4C, 4D, 4E 2B <BLANK> {{clin_t_in}} 1
3 2, 4 <Any value> 1, 1MI, 1A, 1A1, 1A2, 1B, 1B1, 1B2, 1C, 1D, 2, 2A, 2A1, 2A2, 2B 2C <BLANK> {{path_t_in}} 2
3 2, 4 <Any value> 2C, 2D, 3, 3A, 3B, 3C, 3D, 4, 4A, 4B, 4C, 4D, 4E 2C <BLANK> {{clin_t_in}} 1
3 2, 4 <Any value> 1, 1MI, 1A, 1A1, 1A2, 1B, 1B1, 1B2, 1C, 1D, 2, 2A, 2A1, 2A2, 2B, 2C 2D <BLANK> {{path_t_in}} 2
3 2, 4 <Any value> 2D, 3, 3A, 3B, 3C, 3D, 4, 4A, 4B, 4C, 4D, 4E 2D <BLANK> {{clin_t_in}} 1
3 2, 4 <Any value> 1, 1MI, 1A, 1A1, 1A2, 1B, 1B1, 1B2, 1C, 1D, 2, 2A, 2A1, 2A2, 2B, 2C, 2D 3 <BLANK> {{path_t_in}} 2
3 2, 4 <Any value> 3, 3A, 3B, 3C, 3D, 4, 4A, 4B, 4C, 4D, 4E 3 <BLANK> {{clin_t_in}} 1
3 2, 4 <Any value> 1, 1MI, 1A, 1A1, 1A2, 1B, 1B1, 1B2, 1C, 1D, 2, 2A, 2A1, 2A2, 2B, 2C, 2D, 3 3A <BLANK> {{path_t_in}} 2
3 2, 4 <Any value> 3A, 3B, 3C, 3D, 4, 4A, 4B, 4C, 4D, 4E 3A <BLANK> {{clin_t_in}} 1
3 2, 4 <Any value> 1, 1MI, 1A, 1A1, 1A2, 1B, 1B1, 1B2, 1C, 1D, 2, 2A, 2A1, 2A2, 2B, 2C, 2D, 3, 3A 3B <BLANK> {{path_t_in}} 2
3 2, 4 <Any value> 3B, 3C, 3D, 4, 4A, 4B, 4C, 4D, 4E 3B <BLANK> {{clin_t_in}} 1
3 2, 4 <Any value> 1, 1MI, 1A, 1A1, 1A2, 1B, 1B1, 1B2, 1C, 1D, 2, 2A, 2A1, 2A2, 2B, 2C, 2D, 3, 3A, 3B 3C <BLANK> {{path_t_in}} 2
3 2, 4 <Any value> 3C, 3D, 4, 4A, 4B, 4C, 4D, 4E 3C <BLANK> {{clin_t_in}} 1
3 2, 4 <Any value> 1, 1MI, 1A, 1A1, 1A2, 1B, 1B1, 1B2, 1C, 1D, 2, 2A, 2A1, 2A2, 2B, 2C, 2D, 3, 3A, 3B, 3C 3D <BLANK> {{path_t_in}} 2
3 2, 4 <Any value> 3D, 4, 4A, 4B, 4C, 4D, 4E 3D <BLANK> {{clin_t_in}} 1
3 2, 4 <Any value> 1, 1MI, 1A, 1A1, 1A2, 1B, 1B1, 1B2, 1C, 1D, 2, 2A, 2A1, 2A2, 2B, 2C, 2D, 3, 3A, 3B, 3C, 3D 4 <BLANK> {{path_t_in}} 2
3 2, 4 <Any value> 4, 4A, 4B, 4C, 4D, 4E 4 <BLANK> {{clin_t_in}} 1
3 2, 4 <Any value> 1, 1MI, 1A, 1A1, 1A2, 1B, 1B1, 1B2, 1C, 1D, 2, 2A, 2A1, 2A2, 2B, 2C, 2D, 3, 3A, 3B, 3C, 3D, 4 4A <BLANK> {{path_t_in}} 2
3 2, 4 <Any value> 4A, 4B, 4C, 4D, 4E 4A <BLANK> {{clin_t_in}} 1
3 2, 4 <Any value> 1, 1MI, 1A, 1A1, 1A2, 1B, 1B1, 1B2, 1C, 1D, 2, 2A, 2A1, 2A2, 2B, 2C, 2D, 3, 3A, 3B, 3C, 3D, 4, 4A 4B <BLANK> {{path_t_in}} 2
3 2, 4 <Any value> 4B, 4C, 4D, 4E 4B <BLANK> {{clin_t_in}} 1
3 2, 4 <Any value> 1, 1MI, 1A, 1A1, 1A2, 1B, 1B1, 1B2, 1C, 1D, 2, 2A, 2A1, 2A2, 2B, 2C, 2D, 3, 3A, 3B, 3C, 3D, 4, 4A, 4B 4C <BLANK> {{path_t_in}} 2
3 2, 4 <Any value> 4C, 4D, 4E 4C <BLANK> {{clin_t_in}} 1
3 2, 4 <Any value> 1, 1MI, 1A, 1A1, 1A2, 1B, 1B1, 1B2, 1C, 1D, 2, 2A, 2A1, 2A2, 2B, 2C, 2D, 3, 3A, 3B, 3C, 3D, 4, 4A, 4B, 4C 4D <BLANK> {{path_t_in}} 2
3 2, 4 <Any value> 4D, 4E 4D <BLANK> {{clin_t_in}} 1
3 2, 4 <Any value> 1, 1MI, 1A, 1A1, 1A2, 1B, 1B1, 1B2, 1C, 1D, 2, 2A, 2A1, 2A2, 2B, 2C, 2D, 3, 3A, 3B, 3C, 3D, 4, 4A, 4B, 4C, 4D 4E <BLANK> {{path_t_in}} 2
3 2, 4 <Any value> 4E 4E <BLANK> {{clin_t_in}} 1
3 <Any value> 2, 4 X, 0 1, 1MI, 1A, 1A1, 1A2, 1B, 1B1, 1B2, 1C, 1D, 2, 2A, 2A1, 2A2, 2B, 2C, 2D, 3, 3A, 3B, 3C, 3D, 4, 4A, 4B, 4C, 4D, 4E <BLANK> {{clin_t_in}} 1
3 <Any value> 2, 4 1, 1MI, 1A, 1A1, 1A2, 1B, 1B1, 1B2, 1C, 1D, 2, 2A, 2A1, 2A2, 2B, 2C, 2D, 3, 3A, 3B, 3C, 3D, 4, 4A, 4B, 4C, 4D, 4E X, 0 <BLANK> {{clin_t_in}} 1
3 <Any value> 2, 4 1, 1MI, 1A, 1A1, 1A2, 1B, 1B1, 1B2, 1C, 1D, 2, 2A, 2A1, 2A2, 2B, 2C, 2D, 3, 3A, 3B, 3C, 3D, 4, 4A, 4B, 4C, 4D, 4E 1 <BLANK> {{clin_t_in}} 1
3 <Any value> 2, 4 1 1MI <BLANK> {{path_t_in}} 2
3 <Any value> 2, 4 1MI, 1A, 1A1, 1A2, 1B, 1B1, 1B2, 1C, 1D, 2, 2A, 2A1, 2A2, 2B, 2C, 2D, 3, 3A, 3B, 3C, 3D, 4, 4A, 4B, 4C, 4D, 4E 1MI <BLANK> {{clin_t_in}} 1
3 <Any value> 2, 4 1, 1MI 1A <BLANK> {{path_t_in}} 2
3 <Any value> 2, 4 1A, 1A1, 1A2, 1B, 1B1, 1B2, 1C, 1D, 2, 2A, 2A1, 2A2, 2B, 2C, 2D, 3, 3A, 3B, 3C, 3D, 4, 4A, 4B, 4C, 4D, 4E 1A <BLANK> {{clin_t_in}} 1
3 <Any value> 2, 4 1, 1MI, 1A 1A1 <BLANK> {{path_t_in}} 2
3 <Any value> 2, 4 1A1, 1A2, 1B, 1B1, 1B2, 1C, 1D, 2, 2A, 2A1, 2A2, 2B, 2C, 2D, 3, 3A, 3B, 3C, 3D, 4, 4A, 4B, 4C, 4D, 4E 1A1 <BLANK> {{clin_t_in}} 1
3 <Any value> 2, 4 1, 1MI, 1A, 1A1 1A2 <BLANK> {{path_t_in}} 2
3 <Any value> 2, 4 1A2, 1B, 1B1, 1B2, 1C, 1D, 2, 2A, 2A1, 2A2, 2B, 2C, 2D, 3, 3A, 3B, 3C, 3D, 4, 4A, 4B, 4C, 4D, 4E 1A2 <BLANK> {{clin_t_in}} 1
3 <Any value> 2, 4 1, 1MI, 1A, 1A1, 1A2 1B <BLANK> {{path_t_in}} 2
3 <Any value> 2, 4 1B, 1B1, 1B2, 1C, 1D, 2, 2A, 2A1, 2A2, 2B, 2C, 2D, 3, 3A, 3B, 3C, 3D, 4, 4A, 4B, 4C, 4D, 4E 1B <BLANK> {{clin_t_in}} 1
3 <Any value> 2, 4 1, 1MI, 1A, 1A1, 1A2, 1B 1B1 <BLANK> {{path_t_in}} 2
3 <Any value> 2, 4 1B1, 1B2, 1C, 1D, 2, 2A, 2A1, 2A2, 2B, 2C, 2D, 3, 3A, 3B, 3C, 3D, 4, 4A, 4B, 4C, 4D, 4E 1B1 <BLANK> {{clin_t_in}} 1
3 <Any value> 2, 4 1, 1MI, 1A, 1A1, 1A2, 1B, 1B1 1B2 <BLANK> {{path_t_in}} 2
3 <Any value> 2, 4 1B2, 1C, 1D, 2, 2A, 2A1, 2A2, 2B, 2C, 2D, 3, 3A, 3B, 3C, 3D, 4, 4A, 4B, 4C, 4D, 4E 1B2 <BLANK> {{clin_t_in}} 1
3 <Any value> 2, 4 1, 1MI, 1A, 1A1, 1A2, 1B, 1B1, 1B2 1C <BLANK> {{path_t_in}} 2
3 <Any value> 2, 4 1C, 1D, 2, 2A, 2A1, 2A2, 2B, 2C, 2D, 3, 3A, 3B, 3C, 3D, 4, 4A, 4B, 4C, 4D, 4E 1C <BLANK> {{clin_t_in}} 1
3 <Any value> 2, 4 1, 1MI, 1A, 1A1, 1A2, 1B, 1B1, 1B2, 1C 1D <BLANK> {{path_t_in}} 2
3 <Any value> 2, 4 1D, 2, 2A, 2A1, 2A2, 2B, 2C, 2D, 3, 3A, 3B, 3C, 3D, 4, 4A, 4B, 4C, 4D, 4E 1D <BLANK> {{clin_t_in}} 1
3 <Any value> 2, 4 1, 1MI, 1A, 1A1, 1A2, 1B, 1B1, 1B2, 1C, 1D 2 <BLANK> {{path_t_in}} 2
3 <Any value> 2, 4 2, 2A, 2A1, 2A2, 2B, 2C, 2D, 3, 3A, 3B, 3C, 3D, 4, 4A, 4B, 4C, 4D, 4E 2 <BLANK> {{clin_t_in}} 1
3 <Any value> 2, 4 1, 1MI, 1A, 1A1, 1A2, 1B, 1B1, 1B2, 1C, 1D, 2 2A <BLANK> {{path_t_in}} 2
3 <Any value> 2, 4 2A, 2A1, 2A2, 2B, 2C, 2D, 3, 3A, 3B, 3C, 3D, 4, 4A, 4B, 4C, 4D, 4E 2A <BLANK> {{clin_t_in}} 1
3 <Any value> 2, 4 1, 1MI, 1A, 1A1, 1A2, 1B, 1B1, 1B2, 1C, 1D, 2, 2A 2A1 <BLANK> {{path_t_in}} 2
3 <Any value> 2, 4 2A1, 2A2, 2B, 2C, 2D, 3, 3A, 3B, 3C, 3D, 4, 4A, 4B, 4C, 4D, 4E 2A1 <BLANK> {{clin_t_in}} 1
3 <Any value> 2, 4 1, 1MI, 1A, 1A1, 1A2, 1B, 1B1, 1B2, 1C, 1D, 2, 2A, 2A1 2A2 <BLANK> {{path_t_in}} 2
3 <Any value> 2, 4 2A2, 2B, 2C, 2D, 3, 3A, 3B, 3C, 3D, 4, 4A, 4B, 4C, 4D, 4E 2A2 <BLANK> {{clin_t_in}} 1
3 <Any value> 2, 4 1, 1MI, 1A, 1A1, 1A2, 1B, 1B1, 1B2, 1C, 1D, 2, 2A, 2A1, 2A2 2B <BLANK> {{path_t_in}} 2
3 <Any value> 2, 4 2B, 2C, 2D, 3, 3A, 3B, 3C, 3D, 4, 4A, 4B, 4C, 4D, 4E 2B <BLANK> {{clin_t_in}} 1
3 <Any value> 2, 4 1, 1MI, 1A, 1A1, 1A2, 1B, 1B1, 1B2, 1C, 1D, 2, 2A, 2A1, 2A2, 2B 2C <BLANK> {{path_t_in}} 2
3 <Any value> 2, 4 2C, 2D, 3, 3A, 3B, 3C, 3D, 4, 4A, 4B, 4C, 4D, 4E 2C <BLANK> {{clin_t_in}} 1
3 <Any value> 2, 4 1, 1MI, 1A, 1A1, 1A2, 1B, 1B1, 1B2, 1C, 1D, 2, 2A, 2A1, 2A2, 2B, 2C 2D <BLANK> {{path_t_in}} 2
3 <Any value> 2, 4 2D, 3, 3A, 3B, 3C, 3D, 4, 4A, 4B, 4C, 4D, 4E 2D <BLANK> {{clin_t_in}} 1
3 <Any value> 2, 4 1, 1MI, 1A, 1A1, 1A2, 1B, 1B1, 1B2, 1C, 1D, 2, 2A, 2A1, 2A2, 2B, 2C, 2D 3 <BLANK> {{path_t_in}} 2
3 <Any value> 2, 4 3, 3A, 3B, 3C, 3D, 4, 4A, 4B, 4C, 4D, 4E 3 <BLANK> {{clin_t_in}} 1
3 <Any value> 2, 4 1, 1MI, 1A, 1A1, 1A2, 1B, 1B1, 1B2, 1C, 1D, 2, 2A, 2A1, 2A2, 2B, 2C, 2D, 3 3A <BLANK> {{path_t_in}} 2
3 <Any value> 2, 4 3A, 3B, 3C, 3D, 4, 4A, 4B, 4C, 4D, 4E 3A <BLANK> {{clin_t_in}} 1
3 <Any value> 2, 4 1, 1MI, 1A, 1A1, 1A2, 1B, 1B1, 1B2, 1C, 1D, 2, 2A, 2A1, 2A2, 2B, 2C, 2D, 3, 3A 3B <BLANK> {{path_t_in}} 2
3 <Any value> 2, 4 3B, 3C, 3D, 4, 4A, 4B, 4C, 4D, 4E 3B <BLANK> {{clin_t_in}} 1
3 <Any value> 2, 4 1, 1MI, 1A, 1A1, 1A2, 1B, 1B1, 1B2, 1C, 1D, 2, 2A, 2A1, 2A2, 2B, 2C, 2D, 3, 3A, 3B 3C <BLANK> {{path_t_in}} 2
3 <Any value> 2, 4 3C, 3D, 4, 4A, 4B, 4C, 4D, 4E 3C <BLANK> {{clin_t_in}} 1
3 <Any value> 2, 4 1, 1MI, 1A, 1A1, 1A2, 1B, 1B1, 1B2, 1C, 1D, 2, 2A, 2A1, 2A2, 2B, 2C, 2D, 3, 3A, 3B, 3C 3D <BLANK> {{path_t_in}} 2
3 <Any value> 2, 4 3D, 4, 4A, 4B, 4C, 4D, 4E 3D <BLANK> {{clin_t_in}} 1
3 <Any value> 2, 4 1, 1MI, 1A, 1A1, 1A2, 1B, 1B1, 1B2, 1C, 1D, 2, 2A, 2A1, 2A2, 2B, 2C, 2D, 3, 3A, 3B, 3C, 3D 4 <BLANK> {{path_t_in}} 2
3 <Any value> 2, 4 4, 4A, 4B, 4C, 4D, 4E 4 <BLANK> {{clin_t_in}} 1
3 <Any value> 2, 4 1, 1MI, 1A, 1A1, 1A2, 1B, 1B1, 1B2, 1C, 1D, 2, 2A, 2A1, 2A2, 2B, 2C, 2D, 3, 3A, 3B, 3C, 3D, 4 4A <BLANK> {{path_t_in}} 2
3 <Any value> 2, 4 4A, 4B, 4C, 4D, 4E 4A <BLANK> {{clin_t_in}} 1
3 <Any value> 2, 4 1, 1MI, 1A, 1A1, 1A2, 1B, 1B1, 1B2, 1C, 1D, 2, 2A, 2A1, 2A2, 2B, 2C, 2D, 3, 3A, 3B, 3C, 3D, 4, 4A 4B <BLANK> {{path_t_in}} 2
3 <Any value> 2, 4 4B, 4C, 4D, 4E 4B <BLANK> {{clin_t_in}} 1
3 <Any value> 2, 4 1, 1MI, 1A, 1A1, 1A2, 1B, 1B1, 1B2, 1C, 1D, 2, 2A, 2A1, 2A2, 2B, 2C, 2D, 3, 3A, 3B, 3C, 3D, 4, 4A, 4B 4C <BLANK> {{path_t_in}} 2
3 <Any value> 2, 4 4C, 4D, 4E 4C <BLANK> {{clin_t_in}} 1
3 <Any value> 2, 4 1, 1MI, 1A, 1A1, 1A2, 1B, 1B1, 1B2, 1C, 1D, 2, 2A, 2A1, 2A2, 2B, 2C, 2D, 3, 3A, 3B, 3C, 3D, 4, 4A, 4B, 4C 4D <BLANK> {{path_t_in}} 2
3 <Any value> 2, 4 4D, 4E 4D <BLANK> {{clin_t_in}} 1
3 <Any value> 2, 4 1, 1MI, 1A, 1A1, 1A2, 1B, 1B1, 1B2, 1C, 1D, 2, 2A, 2A1, 2A2, 2B, 2C, 2D, 3, 3A, 3B, 3C, 3D, 4, 4A, 4B, 4C, 4D 4E <BLANK> {{path_t_in}} 2
3 <Any value> 2, 4 4E 4E <BLANK> {{clin_t_in}} 1
3 0, 3, 5, 6, 7, 9 0, 3, 5, 6, 7, 9 1, 1MI, 1A, 1A1, 1A2, 1B, 1B1, 1B2, 1C, 1D, 2, 2A, 2A1, 2A2, 2B, 2C, 2D, 3, 3A, 3B, 3C, 3D, 4, 4A, 4B, 4C, 4D, 4E X, 0 <BLANK> {{clin_t_in}} 1
3 0, 3, 5, 6, 7, 9 0, 3, 5, 6, 7, 9 X, 0 1, 1MI, 1A, 1A1, 1A2, 1B, 1B1, 1B2, 1C, 1D, 2, 2A, 2A1, 2A2, 2B, 2C, 2D, 3, 3A, 3B, 3C, 3D, 4, 4A, 4B, 4C, 4D, 4E <BLANK> {{path_t_in}} 2
3 0, 3, 5, 6, 7, 9 0, 3, 5, 6, 7, 9 1MI, 1A, 1A1, 1A2, 1B, 1B1, 1B2, 1C, 1D 1 <BLANK> {{clin_t_in}} 1
3 0, 3, 5, 6, 7, 9 0, 3, 5, 6, 7, 9 1, 2, 2A, 2A1, 2A2, 2B, 2C, 2D, 3, 3A, 3B, 3C, 3D, 4, 4A, 4B, 4C, 4D, 4E 1 <BLANK> {{path_t_in}} 2
3 0, 3, 5, 6, 7, 9 0, 3, 5, 6, 7, 9 1, 1MI, 1A, 1A1, 1A2, 1B, 1B1, 1B2, 1C, 1D, 2, 2A, 2A1, 2A2, 2B, 2C, 2D, 3, 3A, 3B, 3C, 3D, 4, 4A, 4B, 4C, 4D, 4E 1MI <BLANK> {{path_t_in}} 2
3 0, 3, 5, 6, 7, 9 0, 3, 5, 6, 7, 9 1A1, 1A2 1A <BLANK> {{clin_t_in}} 1
3 0, 3, 5, 6, 7, 9 0, 3, 5, 6, 7, 9 1, 1MI, 1A, 1B, 1B1, 1B2, 1C, 1D, 2, 2A, 2A1, 2A2, 2B, 2C, 2D, 3, 3A, 3B, 3C, 3D, 4, 4A, 4B, 4C, 4D, 4E 1A <BLANK> {{path_t_in}} 2
3 0, 3, 5, 6, 7, 9 0, 3, 5, 6, 7, 9 1, 1MI, 1A, 1A1, 1A2, 1B, 1B1, 1B2, 1C, 1D, 2, 2A, 2A1, 2A2, 2B, 2C, 2D, 3, 3A, 3B, 3C, 3D, 4, 4A, 4B, 4C, 4D, 4E 1A1, 1A2 <BLANK> {{path_t_in}} 2
3 0, 3, 5, 6, 7, 9 0, 3, 5, 6, 7, 9 1B1, 1B2 1B <BLANK> {{clin_t_in}} 1
3 0, 3, 5, 6, 7, 9 0, 3, 5, 6, 7, 9 1, 1MI, 1A, 1A1, 1A2, 1B, 1C, 1D, 2, 2A, 2A1, 2A2, 2B, 2C, 2D, 3, 3A, 3B, 3C, 3D, 4, 4A, 4B, 4C, 4D, 4E 1B <BLANK> {{path_t_in}} 2
3 0, 3, 5, 6, 7, 9 0, 3, 5, 6, 7, 9 1, 1MI, 1A, 1A1, 1A2, 1B, 1B1, 1B2, 1C, 1D, 2, 2A, 2A1, 2A2, 2B, 2C, 2D, 3, 3A, 3B, 3C, 3D, 4, 4A, 4B, 4C, 4D, 4E 1B1, 1B2 <BLANK> {{path_t_in}} 2
3 0, 3, 5, 6, 7, 9 0, 3, 5, 6, 7, 9 1, 1MI, 1A, 1A1, 1A2, 1B, 1B1, 1B2, 1C, 1D, 2, 2A, 2A1, 2A2, 2B, 2C, 2D, 3, 3A, 3B, 3C, 3D, 4, 4A, 4B, 4C, 4D, 4E 1C, 1D <BLANK> {{path_t_in}} 2
3 0, 3, 5, 6, 7, 9 0, 3, 5, 6, 7, 9 2A, 2A1, 2A2, 2B, 2C, 2D 2 <BLANK> {{clin_t_in}} 1
3 0, 3, 5, 6, 7, 9 0, 3, 5, 6, 7, 9 1, 1MI, 1A, 1A1, 1A2, 1B, 1B1, 1B2, 1C, 1D, 2, 3, 3A, 3B, 3C, 3D, 4, 4A, 4B, 4C, 4D, 4E 2 <BLANK> {{path_t_in}} 2
3 0, 3, 5, 6, 7, 9 0, 3, 5, 6, 7, 9 2A1, 2A2 2A <BLANK> {{clin_t_in}} 1
3 0, 3, 5, 6, 7, 9 0, 3, 5, 6, 7, 9 1, 1MI, 1A, 1A1, 1A2, 1B, 1B1, 1B2, 1C, 1D, 2, 2A, 2B, 2C, 2D, 3, 3A, 3B, 3C, 3D, 4, 4A, 4B, 4C, 4D, 4E 2A <BLANK> {{path_t_in}} 2
3 0, 3, 5, 6, 7, 9 0, 3, 5, 6, 7, 9 1, 1MI, 1A, 1A1, 1A2, 1B, 1B1, 1B2, 1C, 1D, 2, 2A, 2A1, 2A2, 2B, 2C, 2D, 3, 3A, 3B, 3C, 3D, 4, 4A, 4B, 4C, 4D, 4E 2A1, 2A2 <BLANK> {{path_t_in}} 2
3 0, 3, 5, 6, 7, 9 0, 3, 5, 6, 7, 9 1, 1MI, 1A, 1A1, 1A2, 1B, 1B1, 1B2, 1C, 1D, 2, 2A, 2A1, 2A2, 2B, 2C, 2D, 3, 3A, 3B, 3C, 3D, 4, 4A, 4B, 4C, 4D, 4E 2B, 2C, 2D <BLANK> {{path_t_in}} 2
3 0, 3, 5, 6, 7, 9 0, 3, 5, 6, 7, 9 3A, 3B, 3C, 3D 3 <BLANK> {{clin_t_in}} 1
3 0, 3, 5, 6, 7, 9 0, 3, 5, 6, 7, 9 1, 1MI, 1A, 1A1, 1A2, 1B, 1B1, 1B2, 1C, 1D, 2, 2A, 2A1, 2A2, 2B, 2C, 2D, 3, 4, 4A, 4B, 4C, 4D, 4E 3 <BLANK> {{path_t_in}} 2
3 0, 3, 5, 6, 7, 9 0, 3, 5, 6, 7, 9 1, 1MI, 1A, 1A1, 1A2, 1B, 1B1, 1B2, 1C, 1D, 2, 2A, 2A1, 2A2, 2B, 2C, 2D, 3, 3A, 3B, 3C, 3D, 4, 4A, 4B, 4C, 4D, 4E 3A, 3B, 3C, 3D <BLANK> {{path_t_in}} 2
3 0, 3, 5, 6, 7, 9 0, 3, 5, 6, 7, 9 4A, 4B, 4C, 4D, 4E 4 <BLANK> {{clin_t_in}} 1
3 0, 3, 5, 6, 7, 9 0, 3, 5, 6, 7, 9 1, 1MI, 1A, 1A1, 1A2, 1B, 1B1, 1B2, 1C, 1D, 2, 2A, 2A1, 2A2, 2B, 2C, 2D, 3, 3A, 3B, 3C, 3D, 4 4 <BLANK> {{path_t_in}} 2
3 0, 3, 5, 6, 7, 9 0, 3, 5, 6, 7, 9 1, 1MI, 1A, 1A1, 1A2, 1B, 1B1, 1B2, 1C, 1D, 2, 2A, 2A1, 2A2, 2B, 2C, 2D, 3, 3A, 3B, 3C, 3D, 4, 4A, 4B, 4C, 4D, 4E 4A, 4B, 4C, 4D, 4E <BLANK> {{path_t_in}} 2
This website is a service of the National Cancer Institute's Surveillance, Epidemiology, and End Results program and one of several resources for Cancer Registrars.
U.S. Department of Health and Human Services
National Institutes of Health
National Cancer Institute
USA.gov
NIH... Turning Discovery Into Health®",CC-MAIN-2025-43,2026-03-30T17:14:14.754873+00:00
common_crawl_positive_doc_0099,Common Crawl,positive_doc,8f1885fa9f2d74f2f36274c1cff973792bcb804883f3fa8f4daf994ca6ce05e2,https://beimkramer.de/danske-wetten-anf%C3%A4nger-tipps/,2025-10-06T16:45:57Z,0.005859375,True,Fatal error: Uncaught Error: Call to undefined function create_function() in /var/www/web26784866/html/wordpress/wp-content/plugins/photo-gallery-2/photo-gallery.php:658 Stack trace: #0 /var/www/web26784866/html/wordpress/wp-settings.php(526): include_once() #1 /var/www/web26784866/html/wordpress/wp-config.php(120): require_once('/var/www/web267...') #2 /var/www/web26784866/html/wordpress/wp-load.php(50): require_once('/var/www/web267...') #3 /var/www/web26784866/html/wordpress/wp-blog-header.php(13): require_once('/var/www/web267...') #4 /var/www/web26784866/html/wordpress/index.php(17): require('/var/www/web267...') #5 {main} thrown in /var/www/web26784866/html/wordpress/wp-content/plugins/photo-gallery-2/photo-gallery.php on line 658,"[""Fatal error: Uncaught Error: Call to undefined function create_function() in /var/www/web26784866/html/wordpress/wp-content/plugins/photo-gallery-2/photo-gallery.php:658 Stack trace: #0 /var/www/web26784866/html/wordpress/wp-settings.php(526): include_once() #1 /var/www/web26784866/html/wordpress/wp-config.php(120): require_once('/var/www/web267...') #2 /var/www/web26784866/html/wordpress/wp-load.php(50): require_once('/var/www/web267...') #3 /var/www/web26784866/html/wordpress/wp-blog-header.php(13): require_once('/var/www/web267...') #4 /var/www/web26784866/html/wordpress/index.php(17): require('/var/www/web267...') #5 {main} thrown in /var/www/web26784866/html/wordpress/wp-content/plugins/photo-gallery-2/photo-gallery.php on line 658""]",Fatal error: Uncaught Error: Call to undefined function create_function() in /var/www/web26784866/html/wordpress/wp-content/plugins/photo-gallery-2/photo-gallery.php:658 Stack trace: #0 /var/www/web26784866/html/wordpress/wp-settings.php(526): include_once() #1 /var/www/web26784866/html/wordpress/wp-config.php(120): require_once('/var/www/web267...') #2 /var/www/web26784866/html/wordpress/wp-load.php(50): require_once('/var/www/web267...') #3 /var/www/web26784866/html/wordpress/wp-blog-header.php(13): require_once('/var/www/web267...') #4 /var/www/web26784866/html/wordpress/index.php(17): require('/var/www/web267...') #5 {main} thrown in /var/www/web26784866/html/wordpress/wp-content/plugins/photo-gallery-2/photo-gallery.php on line 658,CC-MAIN-2025-43,2026-04-25T16:56:38.046862+00:00
common_crawl_positive_doc_0100,Common Crawl,positive_doc,d49d29258671ec0eba72ca512a508d7a3bac007da2a44e2d734b11449a5889ac,http://volitionmagazine.com/?o=9559292398001,2025-10-06T17:52:20Z,0.00146484375,True,"Warning: require(/home/saitouya/volitionmagazine.com/public_html/wp-includes/html-api/class-wp-html-doctype-info.php): failed to open stream: No such file or directory in /home/saitouya/volitionmagazine.com/public_html/wp-settings.php on line 258
Fatal error: require(): Failed opening required '/home/saitouya/volitionmagazine.com/public_html/wp-includes/html-api/class-wp-html-doctype-info.php' (include_path='.:/opt/php-7.4.33-2/data/pear') in /home/saitouya/volitionmagazine.com/public_html/wp-settings.php on line 258
Fatal error: Uncaught Error: Call to a member function set() on null in /home/saitouya/volitionmagazine.com/public_html/wp-includes/l10n.php:857 Stack trace: #0 /home/saitouya/volitionmagazine.com/public_html/wp-includes/l10n.php(960): load_textdomain('default', '/home/saitouya/...', 'ja') #1 /home/saitouya/volitionmagazine.com/public_html/wp-includes/class-wp-fatal-error-handler.php(49): load_default_textdomain() #2 [internal function]: WP_Fatal_Error_Handler->handle() #3 {main} thrown in /home/saitouya/volitionmagazine.com/public_html/wp-includes/l10n.php on line 857","[""Warning: require(/home/saitouya/volitionmagazine.com/public_html/wp-includes/html-api/class-wp-html-doctype-info.php): failed to open stream: No such file or directory in /home/saitouya/volitionmagazine.com/public_html/wp-settings.php on line 258\nFatal error: require(): Failed opening required '/home/saitouya/volitionmagazine.com/public_html/wp-includes/html-api/class-wp-html-doctype-info.php' (include_path='.:/opt/php-7.4.33-2/data/pear') in /home/saitouya/volitionmagazine.com/public_html/wp-settings.php on line 258\nFatal error: Uncaught Error: Call to a member function set() on null in /home/saitouya/volitionmagazine.com/public_html/wp-includes/l10n.php:857 Stack trace: #0 /home/saitouya/volitionmagazine.com/public_html/wp-includes/l10n.php(960): load_textdomain('default', '/home/saitouya/...', 'ja') #1 /home/saitouya/volitionmagazine.com/public_html/wp-includes/class-wp-fatal-error-handler.php(49): load_default_textdomain() #2 [internal function]: WP_Fatal_Error_Handler->handle() #3 {main} thrown in /home/saitouya/volitionmagazine.com/public_html/wp-includes/l10n.php on line 857""]","Warning: require(/home/saitouya/volitionmagazine.com/public_html/wp-includes/html-api/class-wp-html-doctype-info.php): failed to open stream: No such file or directory in /home/saitouya/volitionmagazine.com/public_html/wp-settings.php on line 258
Fatal error: require(): Failed opening required '/home/saitouya/volitionmagazine.com/public_html/wp-includes/html-api/class-wp-html-doctype-info.php' (include_path='.:/opt/php-7.4.33-2/data/pear') in /home/saitouya/volitionmagazine.com/public_html/wp-settings.php on line 258
Fatal error: Uncaught Error: Call to a member function set() on null in /home/saitouya/volitionmagazine.com/public_html/wp-includes/l10n.php:857 Stack trace: #0 /home/saitouya/volitionmagazine.com/public_html/wp-includes/l10n.php(960): load_textdomain('default', '/home/saitouya/...', 'ja') #1 /home/saitouya/volitionmagazine.com/public_html/wp-includes/class-wp-fatal-error-handler.php(49): load_default_textdomain() #2 [internal function]: WP_Fatal_Error_Handler->handle() #3 {main} thrown in /home/saitouya/volitionmagazine.com/public_html/wp-includes/l10n.php on line 857",CC-MAIN-2025-43,2026-04-26T01:30:03.913901+00:00
